solid sphere
  facet normal -5.46249634e-01 8.33679433e-01 8.11784483e-02
    outer loop
      vertex -5.257311120e-01 8.506508080e-01 0.00000000e+00
      vertex -6.156420213e-01 7.838430427e-01 8.108629347e-02
      vertex -4.844416427e-01 8.649293360e-01 1.312003788e-01
    endloop
  endfacet
  facet normal -6.30460816e-01 7.59246413e-01 1.61443621e-01
    outer loop
      vertex -6.937804773e-01 7.020464453e-01 1.606220360e-01
      vertex -5.712516587e-01 7.926492293e-01 2.130228653e-01
      vertex -6.156420213e-01 7.838430427e-01 8.108629347e-02
    endloop
  endfacet
  facet normal -5.00141955e-01 8.39787899e-01 2.11220996e-01
    outer loop
      vertex -4.338885640e-01 8.626684800e-01 2.598919133e-01
      vertex -4.844416427e-01 8.649293360e-01 1.312003788e-01
      vertex -5.712516587e-01 7.926492293e-01 2.130228653e-01
    endloop
  endfacet
  facet normal -5.57284142e-01 8.19634387e-01 1.32792529e-01
    outer loop
      vertex -6.156420213e-01 7.838430427e-01 8.108629347e-02
      vertex -5.712516587e-01 7.926492293e-01 2.130228653e-01
      vertex -4.844416427e-01 8.649293360e-01 1.312003788e-01
    endloop
  endfacet
  facet normal -7.59998894e-01 5.69357957e-01 3.13421759e-01
    outer loop
      vertex -8.090169947e-01 5.000000000e-01 3.090169947e-01
      vertex -7.071067813e-01 6.015009547e-01 3.717480347e-01
      vertex -7.586523000e-01 6.068251493e-01 2.370863253e-01
    endloop
  endfacet
  facet normal -6.49100841e-01 6.63682830e-01 3.71743458e-01
    outer loop
      vertex -5.877852520e-01 6.881909600e-01 4.253254040e-01
      vertex -6.474118933e-01 7.023098467e-01 2.960045920e-01
      vertex -7.071067813e-01 6.015009547e-01 3.717480347e-01
    endloop
  endfacet
  facet normal -7.02258401e-01 6.70527632e-01 2.39219216e-01
    outer loop
      vertex -6.937804773e-01 7.020464453e-01 1.606220360e-01
      vertex -7.586523000e-01 6.068251493e-01 2.370863253e-01
      vertex -6.474118933e-01 7.023098467e-01 2.960045920e-01
    endloop
  endfacet
  facet normal -7.07576229e-01 6.41557056e-01 2.96210100e-01
    outer loop
      vertex -7.071067813e-01 6.015009547e-01 3.717480347e-01
      vertex -6.474118933e-01 7.023098467e-01 2.960045920e-01
      vertex -7.586523000e-01 6.068251493e-01 2.370863253e-01
    endloop
  endfacet
  facet normal -3.82478568e-01 8.02678349e-01 4.57621692e-01
    outer loop
      vertex -3.090169947e-01 8.090169947e-01 5.000000000e-01
      vertex -3.750385680e-01 8.439114747e-01 3.836137333e-01
      vertex -4.539905000e-01 7.579354200e-01 4.684298507e-01
    endloop
  endfacet
  facet normal -4.45068077e-01 8.29479994e-01 3.37457178e-01
    outer loop
      vertex -4.338885640e-01 8.626684800e-01 2.598919133e-01
      vertex -5.161216200e-01 7.834516987e-01 3.461530147e-01
      vertex -3.750385680e-01 8.439114747e-01 3.836137333e-01
    endloop
  endfacet
  facet normal -5.22219227e-01 7.42099980e-01 4.20207922e-01
    outer loop
      vertex -5.877852520e-01 6.881909600e-01 4.253254040e-01
      vertex -4.539905000e-01 7.579354200e-01 4.684298507e-01
      vertex -5.161216200e-01 7.834516987e-01 3.461530147e-01
    endloop
  endfacet
  facet normal -4.48482532e-01 8.01685768e-01 3.95175087e-01
    outer loop
      vertex -3.750385680e-01 8.439114747e-01 3.836137333e-01
      vertex -5.161216200e-01 7.834516987e-01 3.461530147e-01
      vertex -4.539905000e-01 7.579354200e-01 4.684298507e-01
    endloop
  endfacet
  facet normal -6.38726558e-01 7.38103584e-01 2.17328056e-01
    outer loop
      vertex -6.937804773e-01 7.020464453e-01 1.606220360e-01
      vertex -6.474118933e-01 7.023098467e-01 2.960045920e-01
      vertex -5.712516587e-01 7.926492293e-01 2.130228653e-01
    endloop
  endfacet
  facet normal -5.85563456e-01 7.31257495e-01 3.49825549e-01
    outer loop
      vertex -5.877852520e-01 6.881909600e-01 4.253254040e-01
      vertex -5.161216200e-01 7.834516987e-01 3.461530147e-01
      vertex -6.474118933e-01 7.023098467e-01 2.960045920e-01
    endloop
  endfacet
  facet normal -5.08425010e-01 8.18634369e-01 2.67098819e-01
    outer loop
      vertex -4.338885640e-01 8.626684800e-01 2.598919133e-01
      vertex -5.712516587e-01 7.926492293e-01 2.130228653e-01
      vertex -5.161216200e-01 7.834516987e-01 3.461530147e-01
    endloop
  endfacet
  facet normal -5.81153824e-01 7.59175643e-01 2.93108471e-01
    outer loop
      vertex -6.474118933e-01 7.023098467e-01 2.960045920e-01
      vertex -5.161216200e-01 7.834516987e-01 3.461530147e-01
      vertex -5.712516587e-01 7.926492293e-01 2.130228653e-01
    endloop
  endfacet
  facet normal -8.33679433e-01 8.11784483e-02 5.46249634e-01
    outer loop
      vertex -8.506508080e-01 0.00000000e+00 5.257311120e-01
      vertex -7.838430427e-01 8.108629347e-02 6.156420213e-01
      vertex -8.649293360e-01 1.312003788e-01 4.844416427e-01
    endloop
  endfacet
  facet normal -7.59246413e-01 1.61443621e-01 6.30460816e-01
    outer loop
      vertex -7.020464453e-01 1.606220360e-01 6.937804773e-01
      vertex -7.926492293e-01 2.130228653e-01 5.712516587e-01
      vertex -7.838430427e-01 8.108629347e-02 6.156420213e-01
    endloop
  endfacet
  facet normal -8.39787899e-01 2.11220996e-01 5.00141955e-01
    outer loop
      vertex -8.626684800e-01 2.598919133e-01 4.338885640e-01
      vertex -8.649293360e-01 1.312003788e-01 4.844416427e-01
      vertex -7.926492293e-01 2.130228653e-01 5.712516587e-01
    endloop
  endfacet
  facet normal -8.19634387e-01 1.32792529e-01 5.57284142e-01
    outer loop
      vertex -7.838430427e-01 8.108629347e-02 6.156420213e-01
      vertex -7.926492293e-01 2.130228653e-01 5.712516587e-01
      vertex -8.649293360e-01 1.312003788e-01 4.844416427e-01
    endloop
  endfacet
  facet normal -5.69357957e-01 3.13421759e-01 7.59998894e-01
    outer loop
      vertex -5.000000000e-01 3.090169947e-01 8.090169947e-01
      vertex -6.015009547e-01 3.717480347e-01 7.071067813e-01
      vertex -6.068251493e-01 2.370863253e-01 7.586523000e-01
    endloop
  endfacet
  facet normal -6.63682830e-01 3.71743458e-01 6.49100841e-01
    outer loop
      vertex -6.881909600e-01 4.253254040e-01 5.877852520e-01
      vertex -7.023098467e-01 2.960045920e-01 6.474118933e-01
      vertex -6.015009547e-01 3.717480347e-01 7.071067813e-01
    endloop
  endfacet
  facet normal -6.70527632e-01 2.39219216e-01 7.02258401e-01
    outer loop
      vertex -7.020464453e-01 1.606220360e-01 6.937804773e-01
      vertex -6.068251493e-01 2.370863253e-01 7.586523000e-01
      vertex -7.023098467e-01 2.960045920e-01 6.474118933e-01
    endloop
  endfacet
  facet normal -6.41557056e-01 2.96210100e-01 7.07576229e-01
    outer loop
      vertex -6.015009547e-01 3.717480347e-01 7.071067813e-01
      vertex -7.023098467e-01 2.960045920e-01 6.474118933e-01
      vertex -6.068251493e-01 2.370863253e-01 7.586523000e-01
    endloop
  endfacet
  facet normal -8.02678349e-01 4.57621692e-01 3.82478568e-01
    outer loop
      vertex -8.090169947e-01 5.000000000e-01 3.090169947e-01
      vertex -8.439114747e-01 3.836137333e-01 3.750385680e-01
      vertex -7.579354200e-01 4.684298507e-01 4.539905000e-01
    endloop
  endfacet
  facet normal -8.29479994e-01 3.37457178e-01 4.45068077e-01
    outer loop
      vertex -8.626684800e-01 2.598919133e-01 4.338885640e-01
      vertex -7.834516987e-01 3.461530147e-01 5.161216200e-01
      vertex -8.439114747e-01 3.836137333e-01 3.750385680e-01
    endloop
  endfacet
  facet normal -7.42099980e-01 4.20207922e-01 5.22219227e-01
    outer loop
      vertex -6.881909600e-01 4.253254040e-01 5.877852520e-01
      vertex -7.579354200e-01 4.684298507e-01 4.539905000e-01
      vertex -7.834516987e-01 3.461530147e-01 5.161216200e-01
    endloop
  endfacet
  facet normal -8.01685768e-01 3.95175087e-01 4.48482532e-01
    outer loop
      vertex -8.439114747e-01 3.836137333e-01 3.750385680e-01
      vertex -7.834516987e-01 3.461530147e-01 5.161216200e-01
      vertex -7.579354200e-01 4.684298507e-01 4.539905000e-01
    endloop
  endfacet
  facet normal -7.38103584e-01 2.17328056e-01 6.38726558e-01
    outer loop
      vertex -7.020464453e-01 1.606220360e-01 6.937804773e-01
      vertex -7.023098467e-01 2.960045920e-01 6.474118933e-01
      vertex -7.926492293e-01 2.130228653e-01 5.712516587e-01
    endloop
  endfacet
  facet normal -7.31257495e-01 3.49825549e-01 5.85563456e-01
    outer loop
      vertex -6.881909600e-01 4.253254040e-01 5.877852520e-01
      vertex -7.834516987e-01 3.461530147e-01 5.161216200e-01
      vertex -7.023098467e-01 2.960045920e-01 6.474118933e-01
    endloop
  endfacet
  facet normal -8.18634369e-01 2.67098819e-01 5.08425010e-01
    outer loop
      vertex -8.626684800e-01 2.598919133e-01 4.338885640e-01
      vertex -7.926492293e-01 2.130228653e-01 5.712516587e-01
      vertex -7.834516987e-01 3.461530147e-01 5.161216200e-01
    endloop
  endfacet
  facet normal -7.59175643e-01 2.93108471e-01 5.81153824e-01
    outer loop
      vertex -7.023098467e-01 2.960045920e-01 6.474118933e-01
      vertex -7.834516987e-01 3.461530147e-01 5.161216200e-01
      vertex -7.926492293e-01 2.130228653e-01 5.712516587e-01
    endloop
  endfacet
  facet normal -8.11784483e-02 5.46249634e-01 8.33679433e-01
    outer loop
      vertex 0.00000000e+00 5.257311120e-01 8.506508080e-01
      vertex -8.108629347e-02 6.156420213e-01 7.838430427e-01
      vertex -1.312003788e-01 4.844416427e-01 8.649293360e-01
    endloop
  endfacet
  facet normal -1.61443621e-01 6.30460816e-01 7.59246413e-01
    outer loop
      vertex -1.606220360e-01 6.937804773e-01 7.020464453e-01
      vertex -2.130228653e-01 5.712516587e-01 7.926492293e-01
      vertex -8.108629347e-02 6.156420213e-01 7.838430427e-01
    endloop
  endfacet
  facet normal -2.11220996e-01 5.00141955e-01 8.39787899e-01
    outer loop
      vertex -2.598919133e-01 4.338885640e-01 8.626684800e-01
      vertex -1.312003788e-01 4.844416427e-01 8.649293360e-01
      vertex -2.130228653e-01 5.712516587e-01 7.926492293e-01
    endloop
  endfacet
  facet normal -1.32792529e-01 5.57284142e-01 8.19634387e-01
    outer loop
      vertex -8.108629347e-02 6.156420213e-01 7.838430427e-01
      vertex -2.130228653e-01 5.712516587e-01 7.926492293e-01
      vertex -1.312003788e-01 4.844416427e-01 8.649293360e-01
    endloop
  endfacet
  facet normal -3.13421759e-01 7.59998894e-01 5.69357957e-01
    outer loop
      vertex -3.090169947e-01 8.090169947e-01 5.000000000e-01
      vertex -3.717480347e-01 7.071067813e-01 6.015009547e-01
      vertex -2.370863253e-01 7.586523000e-01 6.068251493e-01
    endloop
  endfacet
  facet normal -3.71743458e-01 6.49100841e-01 6.63682830e-01
    outer loop
      vertex -4.253254040e-01 5.877852520e-01 6.881909600e-01
      vertex -2.960045920e-01 6.474118933e-01 7.023098467e-01
      vertex -3.717480347e-01 7.071067813e-01 6.015009547e-01
    endloop
  endfacet
  facet normal -2.39219216e-01 7.02258401e-01 6.70527632e-01
    outer loop
      vertex -1.606220360e-01 6.937804773e-01 7.020464453e-01
      vertex -2.370863253e-01 7.586523000e-01 6.068251493e-01
      vertex -2.960045920e-01 6.474118933e-01 7.023098467e-01
    endloop
  endfacet
  facet normal -2.96210100e-01 7.07576229e-01 6.41557056e-01
    outer loop
      vertex -3.717480347e-01 7.071067813e-01 6.015009547e-01
      vertex -2.960045920e-01 6.474118933e-01 7.023098467e-01
      vertex -2.370863253e-01 7.586523000e-01 6.068251493e-01
    endloop
  endfacet
  facet normal -4.57621692e-01 3.82478568e-01 8.02678349e-01
    outer loop
      vertex -5.000000000e-01 3.090169947e-01 8.090169947e-01
      vertex -3.836137333e-01 3.750385680e-01 8.439114747e-01
      vertex -4.684298507e-01 4.539905000e-01 7.579354200e-01
    endloop
  endfacet
  facet normal -3.37457178e-01 4.45068077e-01 8.29479994e-01
    outer loop
      vertex -2.598919133e-01 4.338885640e-01 8.626684800e-01
      vertex -3.461530147e-01 5.161216200e-01 7.834516987e-01
      vertex -3.836137333e-01 3.750385680e-01 8.439114747e-01
    endloop
  endfacet
  facet normal -4.20207922e-01 5.22219227e-01 7.42099980e-01
    outer loop
      vertex -4.253254040e-01 5.877852520e-01 6.881909600e-01
      vertex -4.684298507e-01 4.539905000e-01 7.579354200e-01
      vertex -3.461530147e-01 5.161216200e-01 7.834516987e-01
    endloop
  endfacet
  facet normal -3.95175087e-01 4.48482532e-01 8.01685768e-01
    outer loop
      vertex -3.836137333e-01 3.750385680e-01 8.439114747e-01
      vertex -3.461530147e-01 5.161216200e-01 7.834516987e-01
      vertex -4.684298507e-01 4.539905000e-01 7.579354200e-01
    endloop
  endfacet
  facet normal -2.17328056e-01 6.38726558e-01 7.38103584e-01
    outer loop
      vertex -1.606220360e-01 6.937804773e-01 7.020464453e-01
      vertex -2.960045920e-01 6.474118933e-01 7.023098467e-01
      vertex -2.130228653e-01 5.712516587e-01 7.926492293e-01
    endloop
  endfacet
  facet normal -3.49825549e-01 5.85563456e-01 7.31257495e-01
    outer loop
      vertex -4.253254040e-01 5.877852520e-01 6.881909600e-01
      vertex -3.461530147e-01 5.161216200e-01 7.834516987e-01
      vertex -2.960045920e-01 6.474118933e-01 7.023098467e-01
    endloop
  endfacet
  facet normal -2.67098819e-01 5.08425010e-01 8.18634369e-01
    outer loop
      vertex -2.598919133e-01 4.338885640e-01 8.626684800e-01
      vertex -2.130228653e-01 5.712516587e-01 7.926492293e-01
      vertex -3.461530147e-01 5.161216200e-01 7.834516987e-01
    endloop
  endfacet
  facet normal -2.93108471e-01 5.81153824e-01 7.59175643e-01
    outer loop
      vertex -2.960045920e-01 6.474118933e-01 7.023098467e-01
      vertex -3.461530147e-01 5.161216200e-01 7.834516987e-01
      vertex -2.130228653e-01 5.712516587e-01 7.926492293e-01
    endloop
  endfacet
  facet normal -7.59513561e-01 5.26342166e-01 3.82234319e-01
    outer loop
      vertex -8.090169947e-01 5.000000000e-01 3.090169947e-01
      vertex -7.579354200e-01 4.684298507e-01 4.539905000e-01
      vertex -7.071067813e-01 6.015009547e-01 3.717480347e-01
    endloop
  endfacet
  facet normal -6.99011079e-01 4.88894611e-01 5.21886550e-01
    outer loop
      vertex -6.881909600e-01 4.253254040e-01 5.877852520e-01
      vertex -6.465777920e-01 5.642542120e-01 5.133754413e-01
      vertex -7.579354200e-01 4.684298507e-01 4.539905000e-01
    endloop
  endfacet
  facet normal -6.48687335e-01 6.20643884e-01 4.40461021e-01
    outer loop
      vertex -5.877852520e-01 6.881909600e-01 4.253254040e-01
      vertex -7.071067813e-01 6.015009547e-01 3.717480347e-01
      vertex -6.465777920e-01 5.642542120e-01 5.133754413e-01
    endloop
  endfacet
  facet normal -7.08442591e-01 5.46563600e-01 4.46516882e-01
    outer loop
      vertex -7.579354200e-01 4.684298507e-01 4.539905000e-01
      vertex -6.465777920e-01 5.642542120e-01 5.133754413e-01
      vertex -7.071067813e-01 6.015009547e-01 3.717480347e-01
    endloop
  endfacet
  facet normal -5.26342166e-01 3.82234319e-01 7.59513561e-01
    outer loop
      vertex -5.000000000e-01 3.090169947e-01 8.090169947e-01
      vertex -4.684298507e-01 4.539905000e-01 7.579354200e-01
      vertex -6.015009547e-01 3.717480347e-01 7.071067813e-01
    endloop
  endfacet
  facet normal -4.88894611e-01 5.21886550e-01 6.99011079e-01
    outer loop
      vertex -4.253254040e-01 5.877852520e-01 6.881909600e-01
      vertex -5.642542120e-01 5.133754413e-01 6.465777920e-01
      vertex -4.684298507e-01 4.539905000e-01 7.579354200e-01
    endloop
  endfacet
  facet normal -6.20643884e-01 4.40461021e-01 6.48687335e-01
    outer loop
      vertex -6.881909600e-01 4.253254040e-01 5.877852520e-01
      vertex -6.015009547e-01 3.717480347e-01 7.071067813e-01
      vertex -5.642542120e-01 5.133754413e-01 6.465777920e-01
    endloop
  endfacet
  facet normal -5.46563600e-01 4.46516882e-01 7.08442591e-01
    outer loop
      vertex -4.684298507e-01 4.539905000e-01 7.579354200e-01
      vertex -5.642542120e-01 5.133754413e-01 6.465777920e-01
      vertex -6.015009547e-01 3.717480347e-01 7.071067813e-01
    endloop
  endfacet
  facet normal -3.82234319e-01 7.59513561e-01 5.26342166e-01
    outer loop
      vertex -3.090169947e-01 8.090169947e-01 5.000000000e-01
      vertex -4.539905000e-01 7.579354200e-01 4.684298507e-01
      vertex -3.717480347e-01 7.071067813e-01 6.015009547e-01
    endloop
  endfacet
  facet normal -5.21886550e-01 6.99011079e-01 4.88894611e-01
    outer loop
      vertex -5.877852520e-01 6.881909600e-01 4.253254040e-01
      vertex -5.133754413e-01 6.465777920e-01 5.642542120e-01
      vertex -4.539905000e-01 7.579354200e-01 4.684298507e-01
    endloop
  endfacet
  facet normal -4.40461021e-01 6.48687335e-01 6.20643884e-01
    outer loop
      vertex -4.253254040e-01 5.877852520e-01 6.881909600e-01
      vertex -3.717480347e-01 7.071067813e-01 6.015009547e-01
      vertex -5.133754413e-01 6.465777920e-01 5.642542120e-01
    endloop
  endfacet
  facet normal -4.46516882e-01 7.08442591e-01 5.46563600e-01
    outer loop
      vertex -4.539905000e-01 7.579354200e-01 4.684298507e-01
      vertex -5.133754413e-01 6.465777920e-01 5.642542120e-01
      vertex -3.717480347e-01 7.071067813e-01 6.015009547e-01
    endloop
  endfacet
  facet normal -6.35471510e-01 5.03751085e-01 5.85158785e-01
    outer loop
      vertex -6.881909600e-01 4.253254040e-01 5.877852520e-01
      vertex -5.642542120e-01 5.133754413e-01 6.465777920e-01
      vertex -6.465777920e-01 5.642542120e-01 5.133754413e-01
    endloop
  endfacet
  facet normal -5.03751085e-01 5.85158785e-01 6.35471510e-01
    outer loop
      vertex -4.253254040e-01 5.877852520e-01 6.881909600e-01
      vertex -5.133754413e-01 6.465777920e-01 5.642542120e-01
      vertex -5.642542120e-01 5.133754413e-01 6.465777920e-01
    endloop
  endfacet
  facet normal -5.85158785e-01 6.35471510e-01 5.03751085e-01
    outer loop
      vertex -5.877852520e-01 6.881909600e-01 4.253254040e-01
      vertex -6.465777920e-01 5.642542120e-01 5.133754413e-01
      vertex -5.133754413e-01 6.465777920e-01 5.642542120e-01
    endloop
  endfacet
  facet normal -5.77350269e-01 5.77350269e-01 5.77350269e-01
    outer loop
      vertex -5.642542120e-01 5.133754413e-01 6.465777920e-01
      vertex -5.133754413e-01 6.465777920e-01 5.642542120e-01
      vertex -6.465777920e-01 5.642542120e-01 5.133754413e-01
    endloop
  endfacet
  facet normal -4.65071185e-01 8.83850473e-01 5.01710402e-02
    outer loop
      vertex -5.257311120e-01 8.506508080e-01 0.00000000e+00
      vertex -4.844416427e-01 8.649293360e-01 1.312003788e-01
      vertex -4.033553480e-01 9.150434213e-01 0.00000000e+00
    endloop
  endfacet
  facet normal -4.19239820e-01 8.89788168e-01 1.80319130e-01
    outer loop
      vertex -4.338885640e-01 8.626684800e-01 2.598919133e-01
      vertex -3.582287933e-01 9.243046000e-01 1.316553713e-01
      vertex -4.844416427e-01 8.649293360e-01 1.312003788e-01
    endloop
  endfacet
  facet normal -3.38698334e-01 9.39565544e-01 5.00002693e-02
    outer loop
      vertex -2.732665293e-01 9.619383573e-01 0.00000000e+00
      vertex -4.033553480e-01 9.150434213e-01 0.00000000e+00
      vertex -3.582287933e-01 9.243046000e-01 1.316553713e-01
    endloop
  endfacet
  facet normal -4.24491613e-01 9.01704684e-01 8.20702965e-02
    outer loop
      vertex -4.844416427e-01 8.649293360e-01 1.312003788e-01
      vertex -3.582287933e-01 9.243046000e-01 1.316553713e-01
      vertex -4.033553480e-01 9.150434213e-01 0.00000000e+00
    endloop
  endfacet
  facet normal -3.02377202e-01 8.52183716e-01 4.27025692e-01
    outer loop
      vertex -3.090169947e-01 8.090169947e-01 5.000000000e-01
      vertex -2.386769307e-01 8.910065240e-01 3.861873853e-01
      vertex -3.750385680e-01 8.439114747e-01 3.836137333e-01
    endloop
  endfacet
  facet normal -2.28892918e-01 9.23385609e-01 3.08167242e-01
    outer loop
      vertex -1.624598480e-01 9.510565160e-01 2.628655560e-01
      vertex -3.012588787e-01 9.162441747e-01 2.640827507e-01
      vertex -2.386769307e-01 8.910065240e-01 3.861873853e-01
    endloop
  endfacet
  facet normal -3.64801223e-01 8.79087638e-01 3.06797967e-01
    outer loop
      vertex -4.338885640e-01 8.626684800e-01 2.598919133e-01
      vertex -3.750385680e-01 8.439114747e-01 3.836137333e-01
      vertex -3.012588787e-01 9.162441747e-01 2.640827507e-01
    endloop
  endfacet
  facet normal -3.12401143e-01 8.85788691e-01 3.43196621e-01
    outer loop
      vertex -2.386769307e-01 8.910065240e-01 3.861873853e-01
      vertex -3.012588787e-01 9.162441747e-01 2.640827507e-01
      vertex -3.750385680e-01 8.439114747e-01 3.836137333e-01
    endloop
  endfacet
  facet normal -6.90568093e-02 9.96383649e-01 4.95053672e-02
    outer loop
      vertex 0.00000000e+00 1.000000000e+00 0.00000000e+00
      vertex -1.379522427e-01 9.904388813e-01 0.00000000e+00
      vertex -8.224246533e-02 9.876883400e-01 1.330711041e-01
    endloop
  endfacet
  facet normal -2.05848861e-01 9.77325600e-01 4.96076443e-02
    outer loop
      vertex -2.732665293e-01 9.619383573e-01 0.00000000e+00
      vertex -2.201170280e-01 9.663925973e-01 1.327924768e-01
      vertex -1.379522427e-01 9.904388813e-01 0.00000000e+00
    endloop
  endfacet
  facet normal -1.50475768e-01 9.71850073e-01 1.81285628e-01
    outer loop
      vertex -1.624598480e-01 9.510565160e-01 2.628655560e-01
      vertex -8.224246533e-02 9.876883400e-01 1.330711041e-01
      vertex -2.201170280e-01 9.663925973e-01 1.327924768e-01
    endloop
  endfacet
  facet normal -1.52272431e-01 9.84753677e-01 8.41029235e-02
    outer loop
      vertex -1.379522427e-01 9.904388813e-01 0.00000000e+00
      vertex -2.201170280e-01 9.663925973e-01 1.327924768e-01
      vertex -8.224246533e-02 9.876883400e-01 1.330711041e-01
    endloop
  endfacet
  facet normal -3.71627739e-01 9.03179732e-01 2.14846911e-01
    outer loop
      vertex -4.338885640e-01 8.626684800e-01 2.598919133e-01
      vertex -3.012588787e-01 9.162441747e-01 2.640827507e-01
      vertex -3.582287933e-01 9.243046000e-01 1.316553713e-01
    endloop
  endfacet
  facet normal -2.35737907e-01 9.47461575e-01 2.16204079e-01
    outer loop
      vertex -1.624598480e-01 9.510565160e-01 2.628655560e-01
      vertex -2.201170280e-01 9.663925973e-01 1.327924768e-01
      vertex -3.012588787e-01 9.162441747e-01 2.640827507e-01
    endloop
  endfacet
  facet normal -2.91096954e-01 9.52950495e-01 8.45453627e-02
    outer loop
      vertex -2.732665293e-01 9.619383573e-01 0.00000000e+00
      vertex -3.582287933e-01 9.243046000e-01 1.316553713e-01
      vertex -2.201170280e-01 9.663925973e-01 1.327924768e-01
    endloop
  endfacet
  facet normal -2.88045353e-01 9.40326640e-01 1.81150998e-01
    outer loop
      vertex -3.012588787e-01 9.162441747e-01 2.640827507e-01
      vertex -2.201170280e-01 9.663925973e-01 1.327924768e-01
      vertex -3.582287933e-01 9.243046000e-01 1.316553713e-01
    endloop
  endfacet
  facet normal 0.00000000e+00 5.96420674e-01 8.02672025e-01
    outer loop
      vertex 0.00000000e+00 5.257311120e-01 8.506508080e-01
      vertex 8.108629347e-02 6.156420213e-01 7.838430427e-01
      vertex -8.108629347e-02 6.156420213e-01 7.838430427e-01
    endloop
  endfacet
  facet normal 8.05414856e-02 6.80461086e-01 7.28344548e-01
    outer loop
      vertex 1.606220360e-01 6.937804773e-01 7.020464453e-01
      vertex 0.00000000e+00 7.029070307e-01 7.112817347e-01
      vertex 8.108629347e-02 6.156420213e-01 7.838430427e-01
    endloop
  endfacet
  facet normal -8.05414856e-02 6.80461086e-01 7.28344548e-01
    outer loop
      vertex -1.606220360e-01 6.937804773e-01 7.020464453e-01
      vertex -8.108629347e-02 6.156420213e-01 7.838430427e-01
      vertex 0.00000000e+00 7.029070307e-01 7.112817347e-01
    endloop
  endfacet
  facet normal 0.00000000e+00 6.39354439e-01 7.68912155e-01
    outer loop
      vertex 8.108629347e-02 6.156420213e-01 7.838430427e-01
      vertex 0.00000000e+00 7.029070307e-01 7.112817347e-01
      vertex -8.108629347e-02 6.156420213e-01 7.838430427e-01
    endloop
  endfacet
  facet normal 2.33320392e-01 8.09504261e-01 5.38761957e-01
    outer loop
      vertex 3.090169947e-01 8.090169947e-01 5.000000000e-01
      vertex 1.564344653e-01 8.401778853e-01 5.192584893e-01
      vertex 2.370863253e-01 7.586523000e-01 6.068251493e-01
    endloop
  endfacet
  facet normal 7.84171500e-02 8.30386469e-01 5.51642150e-01
    outer loop
      vertex 0.00000000e+00 8.506508080e-01 5.257311120e-01
      vertex 8.114185160e-02 7.802043707e-01 6.202395827e-01
      vertex 1.564344653e-01 8.401778853e-01 5.192584893e-01
    endloop
  endfacet
  facet normal 1.58952361e-01 7.51866045e-01 6.39868422e-01
    outer loop
      vertex 1.606220360e-01 6.937804773e-01 7.020464453e-01
      vertex 2.370863253e-01 7.586523000e-01 6.068251493e-01
      vertex 8.114185160e-02 7.802043707e-01 6.202395827e-01
    endloop
  endfacet
  facet normal 1.60128712e-01 7.91679153e-01 5.89578591e-01
    outer loop
      vertex 1.564344653e-01 8.401778853e-01 5.192584893e-01
      vertex 8.114185160e-02 7.802043707e-01 6.202395827e-01
      vertex 2.370863253e-01 7.586523000e-01 6.068251493e-01
    endloop
  endfacet
  facet normal -2.33320392e-01 8.09504261e-01 5.38761957e-01
    outer loop
      vertex -3.090169947e-01 8.090169947e-01 5.000000000e-01
      vertex -2.370863253e-01 7.586523000e-01 6.068251493e-01
      vertex -1.564344653e-01 8.401778853e-01 5.192584893e-01
    endloop
  endfacet
  facet normal -1.58952361e-01 7.51866045e-01 6.39868422e-01
    outer loop
      vertex -1.606220360e-01 6.937804773e-01 7.020464453e-01
      vertex -8.114185160e-02 7.802043707e-01 6.202395827e-01
      vertex -2.370863253e-01 7.586523000e-01 6.068251493e-01
    endloop
  endfacet
  facet normal -7.84171500e-02 8.30386469e-01 5.51642150e-01
    outer loop
      vertex 0.00000000e+00 8.506508080e-01 5.257311120e-01
      vertex -1.564344653e-01 8.401778853e-01 5.192584893e-01
      vertex -8.114185160e-02 7.802043707e-01 6.202395827e-01
    endloop
  endfacet
  facet normal -1.60128712e-01 7.91679153e-01 5.89578591e-01
    outer loop
      vertex -2.370863253e-01 7.586523000e-01 6.068251493e-01
      vertex -8.114185160e-02 7.802043707e-01 6.202395827e-01
      vertex -1.564344653e-01 8.401778853e-01 5.192584893e-01
    endloop
  endfacet
  facet normal 8.05307856e-02 7.23271921e-01 6.85851676e-01
    outer loop
      vertex 1.606220360e-01 6.937804773e-01 7.020464453e-01
      vertex 8.114185160e-02 7.802043707e-01 6.202395827e-01
      vertex 0.00000000e+00 7.029070307e-01 7.112817347e-01
    endloop
  endfacet
  facet normal 0.00000000e+00 8.01767535e-01 5.97636026e-01
    outer loop
      vertex 0.00000000e+00 8.506508080e-01 5.257311120e-01
      vertex -8.114185160e-02 7.802043707e-01 6.202395827e-01
      vertex 8.114185160e-02 7.802043707e-01 6.202395827e-01
    endloop
  endfacet
  facet normal -8.05307856e-02 7.23271921e-01 6.85851676e-01
    outer loop
      vertex -1.606220360e-01 6.937804773e-01 7.020464453e-01
      vertex 0.00000000e+00 7.029070307e-01 7.112817347e-01
      vertex -8.114185160e-02 7.802043707e-01 6.202395827e-01
    endloop
  endfacet
  facet normal 0.00000000e+00 7.62304822e-01 6.47218169e-01
    outer loop
      vertex 8.114185160e-02 7.802043707e-01 6.202395827e-01
      vertex -8.114185160e-02 7.802043707e-01 6.202395827e-01
      vertex 0.00000000e+00 7.029070307e-01 7.112817347e-01
    endloop
  endfacet
  facet normal 4.65071185e-01 8.83850473e-01 5.01710402e-02
    outer loop
      vertex 5.257311120e-01 8.506508080e-01 0.00000000e+00
      vertex 4.033553480e-01 9.150434213e-01 0.00000000e+00
      vertex 4.844416427e-01 8.649293360e-01 1.312003788e-01
    endloop
  endfacet
  facet normal 3.38698334e-01 9.39565544e-01 5.00002693e-02
    outer loop
      vertex 2.732665293e-01 9.619383573e-01 0.00000000e+00
      vertex 3.582287933e-01 9.243046000e-01 1.316553713e-01
      vertex 4.033553480e-01 9.150434213e-01 0.00000000e+00
    endloop
  endfacet
  facet normal 4.19239820e-01 8.89788168e-01 1.80319130e-01
    outer loop
      vertex 4.338885640e-01 8.626684800e-01 2.598919133e-01
      vertex 4.844416427e-01 8.649293360e-01 1.312003788e-01
      vertex 3.582287933e-01 9.243046000e-01 1.316553713e-01
    endloop
  endfacet
  facet normal 4.24491613e-01 9.01704684e-01 8.20702965e-02
    outer loop
      vertex 4.033553480e-01 9.150434213e-01 0.00000000e+00
      vertex 3.582287933e-01 9.243046000e-01 1.316553713e-01
      vertex 4.844416427e-01 8.649293360e-01 1.312003788e-01
    endloop
  endfacet
  facet normal 6.90568093e-02 9.96383649e-01 4.95053672e-02
    outer loop
      vertex 0.00000000e+00 1.000000000e+00 0.00000000e+00
      vertex 8.224246533e-02 9.876883400e-01 1.330711041e-01
      vertex 1.379522427e-01 9.904388813e-01 0.00000000e+00
    endloop
  endfacet
  facet normal 1.50475768e-01 9.71850073e-01 1.81285628e-01
    outer loop
      vertex 1.624598480e-01 9.510565160e-01 2.628655560e-01
      vertex 2.201170280e-01 9.663925973e-01 1.327924768e-01
      vertex 8.224246533e-02 9.876883400e-01 1.330711041e-01
    endloop
  endfacet
  facet normal 2.05848861e-01 9.77325600e-01 4.96076443e-02
    outer loop
      vertex 2.732665293e-01 9.619383573e-01 0.00000000e+00
      vertex 1.379522427e-01 9.904388813e-01 0.00000000e+00
      vertex 2.201170280e-01 9.663925973e-01 1.327924768e-01
    endloop
  endfacet
  facet normal 1.52272431e-01 9.84753677e-01 8.41029235e-02
    outer loop
      vertex 8.224246533e-02 9.876883400e-01 1.330711041e-01
      vertex 2.201170280e-01 9.663925973e-01 1.327924768e-01
      vertex 1.379522427e-01 9.904388813e-01 0.00000000e+00
    endloop
  endfacet
  facet normal 3.02377202e-01 8.52183716e-01 4.27025692e-01
    outer loop
      vertex 3.090169947e-01 8.090169947e-01 5.000000000e-01
      vertex 3.750385680e-01 8.439114747e-01 3.836137333e-01
      vertex 2.386769307e-01 8.910065240e-01 3.861873853e-01
    endloop
  endfacet
  facet normal 3.64801223e-01 8.79087638e-01 3.06797967e-01
    outer loop
      vertex 4.338885640e-01 8.626684800e-01 2.598919133e-01
      vertex 3.012588787e-01 9.162441747e-01 2.640827507e-01
      vertex 3.750385680e-01 8.439114747e-01 3.836137333e-01
    endloop
  endfacet
  facet normal 2.28892918e-01 9.23385609e-01 3.08167242e-01
    outer loop
      vertex 1.624598480e-01 9.510565160e-01 2.628655560e-01
      vertex 2.386769307e-01 8.910065240e-01 3.861873853e-01
      vertex 3.012588787e-01 9.162441747e-01 2.640827507e-01
    endloop
  endfacet
  facet normal 3.12401143e-01 8.85788691e-01 3.43196621e-01
    outer loop
      vertex 3.750385680e-01 8.439114747e-01 3.836137333e-01
      vertex 3.012588787e-01 9.162441747e-01 2.640827507e-01
      vertex 2.386769307e-01 8.910065240e-01 3.861873853e-01
    endloop
  endfacet
  facet normal 2.91096954e-01 9.52950495e-01 8.45453627e-02
    outer loop
      vertex 2.732665293e-01 9.619383573e-01 0.00000000e+00
      vertex 2.201170280e-01 9.663925973e-01 1.327924768e-01
      vertex 3.582287933e-01 9.243046000e-01 1.316553713e-01
    endloop
  endfacet
  facet normal 2.35737907e-01 9.47461575e-01 2.16204079e-01
    outer loop
      vertex 1.624598480e-01 9.510565160e-01 2.628655560e-01
      vertex 3.012588787e-01 9.162441747e-01 2.640827507e-01
      vertex 2.201170280e-01 9.663925973e-01 1.327924768e-01
    endloop
  endfacet
  facet normal 3.71627739e-01 9.03179732e-01 2.14846911e-01
    outer loop
      vertex 4.338885640e-01 8.626684800e-01 2.598919133e-01
      vertex 3.582287933e-01 9.243046000e-01 1.316553713e-01
      vertex 3.012588787e-01 9.162441747e-01 2.640827507e-01
    endloop
  endfacet
  facet normal 2.88045353e-01 9.40326640e-01 1.81150998e-01
    outer loop
      vertex 2.201170280e-01 9.663925973e-01 1.327924768e-01
      vertex 3.012588787e-01 9.162441747e-01 2.640827507e-01
      vertex 3.582287933e-01 9.243046000e-01 1.316553713e-01
    endloop
  endfacet
  facet normal -2.33171395e-01 8.51639515e-01 4.69405196e-01
    outer loop
      vertex -3.090169947e-01 8.090169947e-01 5.000000000e-01
      vertex -1.564344653e-01 8.401778853e-01 5.192584893e-01
      vertex -2.386769307e-01 8.910065240e-01 3.861873853e-01
    endloop
  endfacet
  facet normal -7.83671947e-02 8.72473626e-01 4.82336350e-01
    outer loop
      vertex 0.00000000e+00 8.506508080e-01 5.257311120e-01
      vertex -8.232358000e-02 9.129824933e-01 3.996070520e-01
      vertex -1.564344653e-01 8.401778853e-01 5.192584893e-01
    endloop
  endfacet
  facet normal -1.59792724e-01 9.22797371e-01 3.50587076e-01
    outer loop
      vertex -1.624598480e-01 9.510565160e-01 2.628655560e-01
      vertex -2.386769307e-01 8.910065240e-01 3.861873853e-01
      vertex -8.232358000e-02 9.129824933e-01 3.996070520e-01
    endloop
  endfacet
  facet normal -1.61878990e-01 8.84358483e-01 4.37841600e-01
    outer loop
      vertex -1.564344653e-01 8.401778853e-01 5.192584893e-01
      vertex -8.232358000e-02 9.129824933e-01 3.996070520e-01
      vertex -2.386769307e-01 8.910065240e-01 3.861873853e-01
    endloop
  endfacet
  facet normal 2.33171395e-01 8.51639515e-01 4.69405196e-01
    outer loop
      vertex 3.090169947e-01 8.090169947e-01 5.000000000e-01
      vertex 2.386769307e-01 8.910065240e-01 3.861873853e-01
      vertex 1.564344653e-01 8.401778853e-01 5.192584893e-01
    endloop
  endfacet
  facet normal 1.59792724e-01 9.22797371e-01 3.50587076e-01
    outer loop
      vertex 1.624598480e-01 9.510565160e-01 2.628655560e-01
      vertex 8.232358000e-02 9.129824933e-01 3.996070520e-01
      vertex 2.386769307e-01 8.910065240e-01 3.861873853e-01
    endloop
  endfacet
  facet normal 7.83671947e-02 8.72473626e-01 4.82336350e-01
    outer loop
      vertex 0.00000000e+00 8.506508080e-01 5.257311120e-01
      vertex 1.564344653e-01 8.401778853e-01 5.192584893e-01
      vertex 8.232358000e-02 9.129824933e-01 3.996070520e-01
    endloop
  endfacet
  facet normal 1.61878990e-01 8.84358483e-01 4.37841600e-01
    outer loop
      vertex 2.386769307e-01 8.910065240e-01 3.861873853e-01
      vertex 8.232358000e-02 9.129824933e-01 3.996070520e-01
      vertex 1.564344653e-01 8.401778853e-01 5.192584893e-01
    endloop
  endfacet
  facet normal 0.00000000e+00 9.95747362e-01 9.21259537e-02
    outer loop
      vertex 0.00000000e+00 1.000000000e+00 0.00000000e+00
      vertex -8.224246533e-02 9.876883400e-01 1.330711041e-01
      vertex 8.224246533e-02 9.876883400e-01 1.330711041e-01
    endloop
  endfacet
  facet normal -8.14255288e-02 9.71230961e-01 2.23786292e-01
    outer loop
      vertex -1.624598480e-01 9.510565160e-01 2.628655560e-01
      vertex 0.00000000e+00 9.638612640e-01 2.664047013e-01
      vertex -8.224246533e-02 9.876883400e-01 1.330711041e-01
    endloop
  endfacet
  facet normal 8.14255288e-02 9.71230961e-01 2.23786292e-01
    outer loop
      vertex 1.624598480e-01 9.510565160e-01 2.628655560e-01
      vertex 8.224246533e-02 9.876883400e-01 1.330711041e-01
      vertex 0.00000000e+00 9.638612640e-01 2.664047013e-01
    endloop
  endfacet
  facet normal -0.00000000e+00 9.84405201e-01 1.75915892e-01
    outer loop
      vertex -8.224246533e-02 9.876883400e-01 1.330711041e-01
      vertex 0.00000000e+00 9.638612640e-01 2.664047013e-01
      vertex 8.224246533e-02 9.876883400e-01 1.330711041e-01
    endloop
  endfacet
  facet normal 0.00000000e+00 8.96494078e-01 4.43055717e-01
    outer loop
      vertex 0.00000000e+00 8.506508080e-01 5.257311120e-01
      vertex 8.232358000e-02 9.129824933e-01 3.996070520e-01
      vertex -8.232358000e-02 9.129824933e-01 3.996070520e-01
    endloop
  endfacet
  facet normal 8.14076995e-02 9.46806803e-01 3.11335293e-01
    outer loop
      vertex 1.624598480e-01 9.510565160e-01 2.628655560e-01
      vertex 0.00000000e+00 9.638612640e-01 2.664047013e-01
      vertex 8.232358000e-02 9.129824933e-01 3.996070520e-01
    endloop
  endfacet
  facet normal -8.14076995e-02 9.46806803e-01 3.11335293e-01
    outer loop
      vertex -1.624598480e-01 9.510565160e-01 2.628655560e-01
      vertex -8.232358000e-02 9.129824933e-01 3.996070520e-01
      vertex 0.00000000e+00 9.638612640e-01 2.664047013e-01
    endloop
  endfacet
  facet normal 0.00000000e+00 9.34172359e-01 3.56822090e-01
    outer loop
      vertex 8.232358000e-02 9.129824933e-01 3.996070520e-01
      vertex 0.00000000e+00 9.638612640e-01 2.664047013e-01
      vertex -8.232358000e-02 9.129824933e-01 3.996070520e-01
    endloop
  endfacet
  facet normal -4.65071185e-01 8.83850473e-01 -5.01710402e-02
    outer loop
      vertex -5.257311120e-01 8.506508080e-01 0.00000000e+00
      vertex -4.033553480e-01 9.150434213e-01 0.00000000e+00
      vertex -4.844416427e-01 8.649293360e-01 -1.312003788e-01
    endloop
  endfacet
  facet normal -3.38698334e-01 9.39565544e-01 -5.00002693e-02
    outer loop
      vertex -2.732665293e-01 9.619383573e-01 0.00000000e+00
      vertex -3.582287933e-01 9.243046000e-01 -1.316553713e-01
      vertex -4.033553480e-01 9.150434213e-01 0.00000000e+00
    endloop
  endfacet
  facet normal -4.19239820e-01 8.89788168e-01 -1.80319130e-01
    outer loop
      vertex -4.338885640e-01 8.626684800e-01 -2.598919133e-01
      vertex -4.844416427e-01 8.649293360e-01 -1.312003788e-01
      vertex -3.582287933e-01 9.243046000e-01 -1.316553713e-01
    endloop
  endfacet
  facet normal -4.24491613e-01 9.01704684e-01 -8.20702965e-02
    outer loop
      vertex -4.033553480e-01 9.150434213e-01 0.00000000e+00
      vertex -3.582287933e-01 9.243046000e-01 -1.316553713e-01
      vertex -4.844416427e-01 8.649293360e-01 -1.312003788e-01
    endloop
  endfacet
  facet normal -6.90568093e-02 9.96383649e-01 -4.95053672e-02
    outer loop
      vertex 0.00000000e+00 1.000000000e+00 0.00000000e+00
      vertex -8.224246533e-02 9.876883400e-01 -1.330711041e-01
      vertex -1.379522427e-01 9.904388813e-01 0.00000000e+00
    endloop
  endfacet
  facet normal -1.50475768e-01 9.71850073e-01 -1.81285628e-01
    outer loop
      vertex -1.624598480e-01 9.510565160e-01 -2.628655560e-01
      vertex -2.201170280e-01 9.663925973e-01 -1.327924768e-01
      vertex -8.224246533e-02 9.876883400e-01 -1.330711041e-01
    endloop
  endfacet
  facet normal -2.05848861e-01 9.77325600e-01 -4.96076443e-02
    outer loop
      vertex -2.732665293e-01 9.619383573e-01 0.00000000e+00
      vertex -1.379522427e-01 9.904388813e-01 0.00000000e+00
      vertex -2.201170280e-01 9.663925973e-01 -1.327924768e-01
    endloop
  endfacet
  facet normal -1.52272431e-01 9.84753677e-01 -8.41029235e-02
    outer loop
      vertex -8.224246533e-02 9.876883400e-01 -1.330711041e-01
      vertex -2.201170280e-01 9.663925973e-01 -1.327924768e-01
      vertex -1.379522427e-01 9.904388813e-01 0.00000000e+00
    endloop
  endfacet
  facet normal -3.02377202e-01 8.52183716e-01 -4.27025692e-01
    outer loop
      vertex -3.090169947e-01 8.090169947e-01 -5.000000000e-01
      vertex -3.750385680e-01 8.439114747e-01 -3.836137333e-01
      vertex -2.386769307e-01 8.910065240e-01 -3.861873853e-01
    endloop
  endfacet
  facet normal -3.64801223e-01 8.79087638e-01 -3.06797967e-01
    outer loop
      vertex -4.338885640e-01 8.626684800e-01 -2.598919133e-01
      vertex -3.012588787e-01 9.162441747e-01 -2.640827507e-01
      vertex -3.750385680e-01 8.439114747e-01 -3.836137333e-01
    endloop
  endfacet
  facet normal -2.28892918e-01 9.23385609e-01 -3.08167242e-01
    outer loop
      vertex -1.624598480e-01 9.510565160e-01 -2.628655560e-01
      vertex -2.386769307e-01 8.910065240e-01 -3.861873853e-01
      vertex -3.012588787e-01 9.162441747e-01 -2.640827507e-01
    endloop
  endfacet
  facet normal -3.12401143e-01 8.85788691e-01 -3.43196621e-01
    outer loop
      vertex -3.750385680e-01 8.439114747e-01 -3.836137333e-01
      vertex -3.012588787e-01 9.162441747e-01 -2.640827507e-01
      vertex -2.386769307e-01 8.910065240e-01 -3.861873853e-01
    endloop
  endfacet
  facet normal -2.91096954e-01 9.52950495e-01 -8.45453627e-02
    outer loop
      vertex -2.732665293e-01 9.619383573e-01 0.00000000e+00
      vertex -2.201170280e-01 9.663925973e-01 -1.327924768e-01
      vertex -3.582287933e-01 9.243046000e-01 -1.316553713e-01
    endloop
  endfacet
  facet normal -2.35737907e-01 9.47461575e-01 -2.16204079e-01
    outer loop
      vertex -1.624598480e-01 9.510565160e-01 -2.628655560e-01
      vertex -3.012588787e-01 9.162441747e-01 -2.640827507e-01
      vertex -2.201170280e-01 9.663925973e-01 -1.327924768e-01
    endloop
  endfacet
  facet normal -3.71627739e-01 9.03179732e-01 -2.14846911e-01
    outer loop
      vertex -4.338885640e-01 8.626684800e-01 -2.598919133e-01
      vertex -3.582287933e-01 9.243046000e-01 -1.316553713e-01
      vertex -3.012588787e-01 9.162441747e-01 -2.640827507e-01
    endloop
  endfacet
  facet normal -2.88045353e-01 9.40326640e-01 -1.81150998e-01
    outer loop
      vertex -2.201170280e-01 9.663925973e-01 -1.327924768e-01
      vertex -3.012588787e-01 9.162441747e-01 -2.640827507e-01
      vertex -3.582287933e-01 9.243046000e-01 -1.316553713e-01
    endloop
  endfacet
  facet normal 4.65071185e-01 8.83850473e-01 -5.01710402e-02
    outer loop
      vertex 5.257311120e-01 8.506508080e-01 0.00000000e+00
      vertex 4.844416427e-01 8.649293360e-01 -1.312003788e-01
      vertex 4.033553480e-01 9.150434213e-01 0.00000000e+00
    endloop
  endfacet
  facet normal 4.19239820e-01 8.89788168e-01 -1.80319130e-01
    outer loop
      vertex 4.338885640e-01 8.626684800e-01 -2.598919133e-01
      vertex 3.582287933e-01 9.243046000e-01 -1.316553713e-01
      vertex 4.844416427e-01 8.649293360e-01 -1.312003788e-01
    endloop
  endfacet
  facet normal 3.38698334e-01 9.39565544e-01 -5.00002693e-02
    outer loop
      vertex 2.732665293e-01 9.619383573e-01 0.00000000e+00
      vertex 4.033553480e-01 9.150434213e-01 0.00000000e+00
      vertex 3.582287933e-01 9.243046000e-01 -1.316553713e-01
    endloop
  endfacet
  facet normal 4.24491613e-01 9.01704684e-01 -8.20702965e-02
    outer loop
      vertex 4.844416427e-01 8.649293360e-01 -1.312003788e-01
      vertex 3.582287933e-01 9.243046000e-01 -1.316553713e-01
      vertex 4.033553480e-01 9.150434213e-01 0.00000000e+00
    endloop
  endfacet
  facet normal 3.02377202e-01 8.52183716e-01 -4.27025692e-01
    outer loop
      vertex 3.090169947e-01 8.090169947e-01 -5.000000000e-01
      vertex 2.386769307e-01 8.910065240e-01 -3.861873853e-01
      vertex 3.750385680e-01 8.439114747e-01 -3.836137333e-01
    endloop
  endfacet
  facet normal 2.28892918e-01 9.23385609e-01 -3.08167242e-01
    outer loop
      vertex 1.624598480e-01 9.510565160e-01 -2.628655560e-01
      vertex 3.012588787e-01 9.162441747e-01 -2.640827507e-01
      vertex 2.386769307e-01 8.910065240e-01 -3.861873853e-01
    endloop
  endfacet
  facet normal 3.64801223e-01 8.79087638e-01 -3.06797967e-01
    outer loop
      vertex 4.338885640e-01 8.626684800e-01 -2.598919133e-01
      vertex 3.750385680e-01 8.439114747e-01 -3.836137333e-01
      vertex 3.012588787e-01 9.162441747e-01 -2.640827507e-01
    endloop
  endfacet
  facet normal 3.12401143e-01 8.85788691e-01 -3.43196621e-01
    outer loop
      vertex 2.386769307e-01 8.910065240e-01 -3.861873853e-01
      vertex 3.012588787e-01 9.162441747e-01 -2.640827507e-01
      vertex 3.750385680e-01 8.439114747e-01 -3.836137333e-01
    endloop
  endfacet
  facet normal 6.90568093e-02 9.96383649e-01 -4.95053672e-02
    outer loop
      vertex 0.00000000e+00 1.000000000e+00 0.00000000e+00
      vertex 1.379522427e-01 9.904388813e-01 0.00000000e+00
      vertex 8.224246533e-02 9.876883400e-01 -1.330711041e-01
    endloop
  endfacet
  facet normal 2.05848861e-01 9.77325600e-01 -4.96076443e-02
    outer loop
      vertex 2.732665293e-01 9.619383573e-01 0.00000000e+00
      vertex 2.201170280e-01 9.663925973e-01 -1.327924768e-01
      vertex 1.379522427e-01 9.904388813e-01 0.00000000e+00
    endloop
  endfacet
  facet normal 1.50475768e-01 9.71850073e-01 -1.81285628e-01
    outer loop
      vertex 1.624598480e-01 9.510565160e-01 -2.628655560e-01
      vertex 8.224246533e-02 9.876883400e-01 -1.330711041e-01
      vertex 2.201170280e-01 9.663925973e-01 -1.327924768e-01
    endloop
  endfacet
  facet normal 1.52272431e-01 9.84753677e-01 -8.41029235e-02
    outer loop
      vertex 1.379522427e-01 9.904388813e-01 0.00000000e+00
      vertex 2.201170280e-01 9.663925973e-01 -1.327924768e-01
      vertex 8.224246533e-02 9.876883400e-01 -1.330711041e-01
    endloop
  endfacet
  facet normal 3.71627739e-01 9.03179732e-01 -2.14846911e-01
    outer loop
      vertex 4.338885640e-01 8.626684800e-01 -2.598919133e-01
      vertex 3.012588787e-01 9.162441747e-01 -2.640827507e-01
      vertex 3.582287933e-01 9.243046000e-01 -1.316553713e-01
    endloop
  endfacet
  facet normal 2.35737907e-01 9.47461575e-01 -2.16204079e-01
    outer loop
      vertex 1.624598480e-01 9.510565160e-01 -2.628655560e-01
      vertex 2.201170280e-01 9.663925973e-01 -1.327924768e-01
      vertex 3.012588787e-01 9.162441747e-01 -2.640827507e-01
    endloop
  endfacet
  facet normal 2.91096954e-01 9.52950495e-01 -8.45453627e-02
    outer loop
      vertex 2.732665293e-01 9.619383573e-01 0.00000000e+00
      vertex 3.582287933e-01 9.243046000e-01 -1.316553713e-01
      vertex 2.201170280e-01 9.663925973e-01 -1.327924768e-01
    endloop
  endfacet
  facet normal 2.88045353e-01 9.40326640e-01 -1.81150998e-01
    outer loop
      vertex 3.012588787e-01 9.162441747e-01 -2.640827507e-01
      vertex 2.201170280e-01 9.663925973e-01 -1.327924768e-01
      vertex 3.582287933e-01 9.243046000e-01 -1.316553713e-01
    endloop
  endfacet
  facet normal 0.00000000e+00 5.96420674e-01 -8.02672025e-01
    outer loop
      vertex 0.00000000e+00 5.257311120e-01 -8.506508080e-01
      vertex -8.108629347e-02 6.156420213e-01 -7.838430427e-01
      vertex 8.108629347e-02 6.156420213e-01 -7.838430427e-01
    endloop
  endfacet
  facet normal -8.05414856e-02 6.80461086e-01 -7.28344548e-01
    outer loop
      vertex -1.606220360e-01 6.937804773e-01 -7.020464453e-01
      vertex 0.00000000e+00 7.029070307e-01 -7.112817347e-01
      vertex -8.108629347e-02 6.156420213e-01 -7.838430427e-01
    endloop
  endfacet
  facet normal 8.05414856e-02 6.80461086e-01 -7.28344548e-01
    outer loop
      vertex 1.606220360e-01 6.937804773e-01 -7.020464453e-01
      vertex 8.108629347e-02 6.156420213e-01 -7.838430427e-01
      vertex 0.00000000e+00 7.029070307e-01 -7.112817347e-01
    endloop
  endfacet
  facet normal 0.00000000e+00 6.39354439e-01 -7.68912155e-01
    outer loop
      vertex -8.108629347e-02 6.156420213e-01 -7.838430427e-01
      vertex 0.00000000e+00 7.029070307e-01 -7.112817347e-01
      vertex 8.108629347e-02 6.156420213e-01 -7.838430427e-01
    endloop
  endfacet
  facet normal -2.33320392e-01 8.09504261e-01 -5.38761957e-01
    outer loop
      vertex -3.090169947e-01 8.090169947e-01 -5.000000000e-01
      vertex -1.564344653e-01 8.401778853e-01 -5.192584893e-01
      vertex -2.370863253e-01 7.586523000e-01 -6.068251493e-01
    endloop
  endfacet
  facet normal -7.84171500e-02 8.30386469e-01 -5.51642150e-01
    outer loop
      vertex 0.00000000e+00 8.506508080e-01 -5.257311120e-01
      vertex -8.114185160e-02 7.802043707e-01 -6.202395827e-01
      vertex -1.564344653e-01 8.401778853e-01 -5.192584893e-01
    endloop
  endfacet
  facet normal -1.58952361e-01 7.51866045e-01 -6.39868422e-01
    outer loop
      vertex -1.606220360e-01 6.937804773e-01 -7.020464453e-01
      vertex -2.370863253e-01 7.586523000e-01 -6.068251493e-01
      vertex -8.114185160e-02 7.802043707e-01 -6.202395827e-01
    endloop
  endfacet
  facet normal -1.60128712e-01 7.91679153e-01 -5.89578591e-01
    outer loop
      vertex -1.564344653e-01 8.401778853e-01 -5.192584893e-01
      vertex -8.114185160e-02 7.802043707e-01 -6.202395827e-01
      vertex -2.370863253e-01 7.586523000e-01 -6.068251493e-01
    endloop
  endfacet
  facet normal 2.33320392e-01 8.09504261e-01 -5.38761957e-01
    outer loop
      vertex 3.090169947e-01 8.090169947e-01 -5.000000000e-01
      vertex 2.370863253e-01 7.586523000e-01 -6.068251493e-01
      vertex 1.564344653e-01 8.401778853e-01 -5.192584893e-01
    endloop
  endfacet
  facet normal 1.58952361e-01 7.51866045e-01 -6.39868422e-01
    outer loop
      vertex 1.606220360e-01 6.937804773e-01 -7.020464453e-01
      vertex 8.114185160e-02 7.802043707e-01 -6.202395827e-01
      vertex 2.370863253e-01 7.586523000e-01 -6.068251493e-01
    endloop
  endfacet
  facet normal 7.84171500e-02 8.30386469e-01 -5.51642150e-01
    outer loop
      vertex 0.00000000e+00 8.506508080e-01 -5.257311120e-01
      vertex 1.564344653e-01 8.401778853e-01 -5.192584893e-01
      vertex 8.114185160e-02 7.802043707e-01 -6.202395827e-01
    endloop
  endfacet
  facet normal 1.60128712e-01 7.91679153e-01 -5.89578591e-01
    outer loop
      vertex 2.370863253e-01 7.586523000e-01 -6.068251493e-01
      vertex 8.114185160e-02 7.802043707e-01 -6.202395827e-01
      vertex 1.564344653e-01 8.401778853e-01 -5.192584893e-01
    endloop
  endfacet
  facet normal -8.05307856e-02 7.23271921e-01 -6.85851676e-01
    outer loop
      vertex -1.606220360e-01 6.937804773e-01 -7.020464453e-01
      vertex -8.114185160e-02 7.802043707e-01 -6.202395827e-01
      vertex 0.00000000e+00 7.029070307e-01 -7.112817347e-01
    endloop
  endfacet
  facet normal 0.00000000e+00 8.01767535e-01 -5.97636026e-01
    outer loop
      vertex 0.00000000e+00 8.506508080e-01 -5.257311120e-01
      vertex 8.114185160e-02 7.802043707e-01 -6.202395827e-01
      vertex -8.114185160e-02 7.802043707e-01 -6.202395827e-01
    endloop
  endfacet
  facet normal 8.05307856e-02 7.23271921e-01 -6.85851676e-01
    outer loop
      vertex 1.606220360e-01 6.937804773e-01 -7.020464453e-01
      vertex 0.00000000e+00 7.029070307e-01 -7.112817347e-01
      vertex 8.114185160e-02 7.802043707e-01 -6.202395827e-01
    endloop
  endfacet
  facet normal 0.00000000e+00 7.62304822e-01 -6.47218169e-01
    outer loop
      vertex -8.114185160e-02 7.802043707e-01 -6.202395827e-01
      vertex 8.114185160e-02 7.802043707e-01 -6.202395827e-01
      vertex 0.00000000e+00 7.029070307e-01 -7.112817347e-01
    endloop
  endfacet
  facet normal 0.00000000e+00 9.95747362e-01 -9.21259537e-02
    outer loop
      vertex 0.00000000e+00 1.000000000e+00 0.00000000e+00
      vertex 8.224246533e-02 9.876883400e-01 -1.330711041e-01
      vertex -8.224246533e-02 9.876883400e-01 -1.330711041e-01
    endloop
  endfacet
  facet normal 8.14255288e-02 9.71230961e-01 -2.23786292e-01
    outer loop
      vertex 1.624598480e-01 9.510565160e-01 -2.628655560e-01
      vertex 0.00000000e+00 9.638612640e-01 -2.664047013e-01
      vertex 8.224246533e-02 9.876883400e-01 -1.330711041e-01
    endloop
  endfacet
  facet normal -8.14255288e-02 9.71230961e-01 -2.23786292e-01
    outer loop
      vertex -1.624598480e-01 9.510565160e-01 -2.628655560e-01
      vertex -8.224246533e-02 9.876883400e-01 -1.330711041e-01
      vertex 0.00000000e+00 9.638612640e-01 -2.664047013e-01
    endloop
  endfacet
  facet normal 0.00000000e+00 9.84405201e-01 -1.75915892e-01
    outer loop
      vertex 8.224246533e-02 9.876883400e-01 -1.330711041e-01
      vertex 0.00000000e+00 9.638612640e-01 -2.664047013e-01
      vertex -8.224246533e-02 9.876883400e-01 -1.330711041e-01
    endloop
  endfacet
  facet normal 2.33171395e-01 8.51639515e-01 -4.69405196e-01
    outer loop
      vertex 3.090169947e-01 8.090169947e-01 -5.000000000e-01
      vertex 1.564344653e-01 8.401778853e-01 -5.192584893e-01
      vertex 2.386769307e-01 8.910065240e-01 -3.861873853e-01
    endloop
  endfacet
  facet normal 7.83671947e-02 8.72473626e-01 -4.82336350e-01
    outer loop
      vertex 0.00000000e+00 8.506508080e-01 -5.257311120e-01
      vertex 8.232358000e-02 9.129824933e-01 -3.996070520e-01
      vertex 1.564344653e-01 8.401778853e-01 -5.192584893e-01
    endloop
  endfacet
  facet normal 1.59792724e-01 9.22797371e-01 -3.50587076e-01
    outer loop
      vertex 1.624598480e-01 9.510565160e-01 -2.628655560e-01
      vertex 2.386769307e-01 8.910065240e-01 -3.861873853e-01
      vertex 8.232358000e-02 9.129824933e-01 -3.996070520e-01
    endloop
  endfacet
  facet normal 1.61878990e-01 8.84358483e-01 -4.37841600e-01
    outer loop
      vertex 1.564344653e-01 8.401778853e-01 -5.192584893e-01
      vertex 8.232358000e-02 9.129824933e-01 -3.996070520e-01
      vertex 2.386769307e-01 8.910065240e-01 -3.861873853e-01
    endloop
  endfacet
  facet normal -2.33171395e-01 8.51639515e-01 -4.69405196e-01
    outer loop
      vertex -3.090169947e-01 8.090169947e-01 -5.000000000e-01
      vertex -2.386769307e-01 8.910065240e-01 -3.861873853e-01
      vertex -1.564344653e-01 8.401778853e-01 -5.192584893e-01
    endloop
  endfacet
  facet normal -1.59792724e-01 9.22797371e-01 -3.50587076e-01
    outer loop
      vertex -1.624598480e-01 9.510565160e-01 -2.628655560e-01
      vertex -8.232358000e-02 9.129824933e-01 -3.996070520e-01
      vertex -2.386769307e-01 8.910065240e-01 -3.861873853e-01
    endloop
  endfacet
  facet normal -7.83671947e-02 8.72473626e-01 -4.82336350e-01
    outer loop
      vertex 0.00000000e+00 8.506508080e-01 -5.257311120e-01
      vertex -1.564344653e-01 8.401778853e-01 -5.192584893e-01
      vertex -8.232358000e-02 9.129824933e-01 -3.996070520e-01
    endloop
  endfacet
  facet normal -1.61878990e-01 8.84358483e-01 -4.37841600e-01
    outer loop
      vertex -2.386769307e-01 8.910065240e-01 -3.861873853e-01
      vertex -8.232358000e-02 9.129824933e-01 -3.996070520e-01
      vertex -1.564344653e-01 8.401778853e-01 -5.192584893e-01
    endloop
  endfacet
  facet normal 8.14076995e-02 9.46806803e-01 -3.11335293e-01
    outer loop
      vertex 1.624598480e-01 9.510565160e-01 -2.628655560e-01
      vertex 8.232358000e-02 9.129824933e-01 -3.996070520e-01
      vertex 0.00000000e+00 9.638612640e-01 -2.664047013e-01
    endloop
  endfacet
  facet normal 0.00000000e+00 8.96494078e-01 -4.43055717e-01
    outer loop
      vertex 0.00000000e+00 8.506508080e-01 -5.257311120e-01
      vertex -8.232358000e-02 9.129824933e-01 -3.996070520e-01
      vertex 8.232358000e-02 9.129824933e-01 -3.996070520e-01
    endloop
  endfacet
  facet normal -8.14076995e-02 9.46806803e-01 -3.11335293e-01
    outer loop
      vertex -1.624598480e-01 9.510565160e-01 -2.628655560e-01
      vertex 0.00000000e+00 9.638612640e-01 -2.664047013e-01
      vertex -8.232358000e-02 9.129824933e-01 -3.996070520e-01
    endloop
  endfacet
  facet normal 0.00000000e+00 9.34172359e-01 -3.56822090e-01
    outer loop
      vertex 8.232358000e-02 9.129824933e-01 -3.996070520e-01
      vertex -8.232358000e-02 9.129824933e-01 -3.996070520e-01
      vertex 0.00000000e+00 9.638612640e-01 -2.664047013e-01
    endloop
  endfacet
  facet normal -5.46249634e-01 8.33679433e-01 -8.11784483e-02
    outer loop
      vertex -5.257311120e-01 8.506508080e-01 0.00000000e+00
      vertex -4.844416427e-01 8.649293360e-01 -1.312003788e-01
      vertex -6.156420213e-01 7.838430427e-01 -8.108629347e-02
    endloop
  endfacet
  facet normal -5.00141955e-01 8.39787899e-01 -2.11220996e-01
    outer loop
      vertex -4.338885640e-01 8.626684800e-01 -2.598919133e-01
      vertex -5.712516587e-01 7.926492293e-01 -2.130228653e-01
      vertex -4.844416427e-01 8.649293360e-01 -1.312003788e-01
    endloop
  endfacet
  facet normal -6.30460816e-01 7.59246413e-01 -1.61443621e-01
    outer loop
      vertex -6.937804773e-01 7.020464453e-01 -1.606220360e-01
      vertex -6.156420213e-01 7.838430427e-01 -8.108629347e-02
      vertex -5.712516587e-01 7.926492293e-01 -2.130228653e-01
    endloop
  endfacet
  facet normal -5.57284142e-01 8.19634387e-01 -1.32792529e-01
    outer loop
      vertex -4.844416427e-01 8.649293360e-01 -1.312003788e-01
      vertex -5.712516587e-01 7.926492293e-01 -2.130228653e-01
      vertex -6.156420213e-01 7.838430427e-01 -8.108629347e-02
    endloop
  endfacet
  facet normal -3.82478568e-01 8.02678349e-01 -4.57621692e-01
    outer loop
      vertex -3.090169947e-01 8.090169947e-01 -5.000000000e-01
      vertex -4.539905000e-01 7.579354200e-01 -4.684298507e-01
      vertex -3.750385680e-01 8.439114747e-01 -3.836137333e-01
    endloop
  endfacet
  facet normal -5.22219227e-01 7.42099980e-01 -4.20207922e-01
    outer loop
      vertex -5.877852520e-01 6.881909600e-01 -4.253254040e-01
      vertex -5.161216200e-01 7.834516987e-01 -3.461530147e-01
      vertex -4.539905000e-01 7.579354200e-01 -4.684298507e-01
    endloop
  endfacet
  facet normal -4.45068077e-01 8.29479994e-01 -3.37457178e-01
    outer loop
      vertex -4.338885640e-01 8.626684800e-01 -2.598919133e-01
      vertex -3.750385680e-01 8.439114747e-01 -3.836137333e-01
      vertex -5.161216200e-01 7.834516987e-01 -3.461530147e-01
    endloop
  endfacet
  facet normal -4.48482532e-01 8.01685768e-01 -3.95175087e-01
    outer loop
      vertex -4.539905000e-01 7.579354200e-01 -4.684298507e-01
      vertex -5.161216200e-01 7.834516987e-01 -3.461530147e-01
      vertex -3.750385680e-01 8.439114747e-01 -3.836137333e-01
    endloop
  endfacet
  facet normal -7.59998894e-01 5.69357957e-01 -3.13421759e-01
    outer loop
      vertex -8.090169947e-01 5.000000000e-01 -3.090169947e-01
      vertex -7.586523000e-01 6.068251493e-01 -2.370863253e-01
      vertex -7.071067813e-01 6.015009547e-01 -3.717480347e-01
    endloop
  endfacet
  facet normal -7.02258401e-01 6.70527632e-01 -2.39219216e-01
    outer loop
      vertex -6.937804773e-01 7.020464453e-01 -1.606220360e-01
      vertex -6.474118933e-01 7.023098467e-01 -2.960045920e-01
      vertex -7.586523000e-01 6.068251493e-01 -2.370863253e-01
    endloop
  endfacet
  facet normal -6.49100841e-01 6.63682830e-01 -3.71743458e-01
    outer loop
      vertex -5.877852520e-01 6.881909600e-01 -4.253254040e-01
      vertex -7.071067813e-01 6.015009547e-01 -3.717480347e-01
      vertex -6.474118933e-01 7.023098467e-01 -2.960045920e-01
    endloop
  endfacet
  facet normal -7.07576229e-01 6.41557056e-01 -2.96210100e-01
    outer loop
      vertex -7.586523000e-01 6.068251493e-01 -2.370863253e-01
      vertex -6.474118933e-01 7.023098467e-01 -2.960045920e-01
      vertex -7.071067813e-01 6.015009547e-01 -3.717480347e-01
    endloop
  endfacet
  facet normal -5.08425010e-01 8.18634369e-01 -2.67098819e-01
    outer loop
      vertex -4.338885640e-01 8.626684800e-01 -2.598919133e-01
      vertex -5.161216200e-01 7.834516987e-01 -3.461530147e-01
      vertex -5.712516587e-01 7.926492293e-01 -2.130228653e-01
    endloop
  endfacet
  facet normal -5.85563456e-01 7.31257495e-01 -3.49825549e-01
    outer loop
      vertex -5.877852520e-01 6.881909600e-01 -4.253254040e-01
      vertex -6.474118933e-01 7.023098467e-01 -2.960045920e-01
      vertex -5.161216200e-01 7.834516987e-01 -3.461530147e-01
    endloop
  endfacet
  facet normal -6.38726558e-01 7.38103584e-01 -2.17328056e-01
    outer loop
      vertex -6.937804773e-01 7.020464453e-01 -1.606220360e-01
      vertex -5.712516587e-01 7.926492293e-01 -2.130228653e-01
      vertex -6.474118933e-01 7.023098467e-01 -2.960045920e-01
    endloop
  endfacet
  facet normal -5.81153824e-01 7.59175643e-01 -2.93108471e-01
    outer loop
      vertex -5.161216200e-01 7.834516987e-01 -3.461530147e-01
      vertex -6.474118933e-01 7.023098467e-01 -2.960045920e-01
      vertex -5.712516587e-01 7.926492293e-01 -2.130228653e-01
    endloop
  endfacet
  facet normal -8.11784483e-02 5.46249634e-01 -8.33679433e-01
    outer loop
      vertex 0.00000000e+00 5.257311120e-01 -8.506508080e-01
      vertex -1.312003788e-01 4.844416427e-01 -8.649293360e-01
      vertex -8.108629347e-02 6.156420213e-01 -7.838430427e-01
    endloop
  endfacet
  facet normal -2.11220996e-01 5.00141955e-01 -8.39787899e-01
    outer loop
      vertex -2.598919133e-01 4.338885640e-01 -8.626684800e-01
      vertex -2.130228653e-01 5.712516587e-01 -7.926492293e-01
      vertex -1.312003788e-01 4.844416427e-01 -8.649293360e-01
    endloop
  endfacet
  facet normal -1.61443621e-01 6.30460816e-01 -7.59246413e-01
    outer loop
      vertex -1.606220360e-01 6.937804773e-01 -7.020464453e-01
      vertex -8.108629347e-02 6.156420213e-01 -7.838430427e-01
      vertex -2.130228653e-01 5.712516587e-01 -7.926492293e-01
    endloop
  endfacet
  facet normal -1.32792529e-01 5.57284142e-01 -8.19634387e-01
    outer loop
      vertex -1.312003788e-01 4.844416427e-01 -8.649293360e-01
      vertex -2.130228653e-01 5.712516587e-01 -7.926492293e-01
      vertex -8.108629347e-02 6.156420213e-01 -7.838430427e-01
    endloop
  endfacet
  facet normal -4.57621692e-01 3.82478568e-01 -8.02678349e-01
    outer loop
      vertex -5.000000000e-01 3.090169947e-01 -8.090169947e-01
      vertex -4.684298507e-01 4.539905000e-01 -7.579354200e-01
      vertex -3.836137333e-01 3.750385680e-01 -8.439114747e-01
    endloop
  endfacet
  facet normal -4.20207922e-01 5.22219227e-01 -7.42099980e-01
    outer loop
      vertex -4.253254040e-01 5.877852520e-01 -6.881909600e-01
      vertex -3.461530147e-01 5.161216200e-01 -7.834516987e-01
      vertex -4.684298507e-01 4.539905000e-01 -7.579354200e-01
    endloop
  endfacet
  facet normal -3.37457178e-01 4.45068077e-01 -8.29479994e-01
    outer loop
      vertex -2.598919133e-01 4.338885640e-01 -8.626684800e-01
      vertex -3.836137333e-01 3.750385680e-01 -8.439114747e-01
      vertex -3.461530147e-01 5.161216200e-01 -7.834516987e-01
    endloop
  endfacet
  facet normal -3.95175087e-01 4.48482532e-01 -8.01685768e-01
    outer loop
      vertex -4.684298507e-01 4.539905000e-01 -7.579354200e-01
      vertex -3.461530147e-01 5.161216200e-01 -7.834516987e-01
      vertex -3.836137333e-01 3.750385680e-01 -8.439114747e-01
    endloop
  endfacet
  facet normal -3.13421759e-01 7.59998894e-01 -5.69357957e-01
    outer loop
      vertex -3.090169947e-01 8.090169947e-01 -5.000000000e-01
      vertex -2.370863253e-01 7.586523000e-01 -6.068251493e-01
      vertex -3.717480347e-01 7.071067813e-01 -6.015009547e-01
    endloop
  endfacet
  facet normal -2.39219216e-01 7.02258401e-01 -6.70527632e-01
    outer loop
      vertex -1.606220360e-01 6.937804773e-01 -7.020464453e-01
      vertex -2.960045920e-01 6.474118933e-01 -7.023098467e-01
      vertex -2.370863253e-01 7.586523000e-01 -6.068251493e-01
    endloop
  endfacet
  facet normal -3.71743458e-01 6.49100841e-01 -6.63682830e-01
    outer loop
      vertex -4.253254040e-01 5.877852520e-01 -6.881909600e-01
      vertex -3.717480347e-01 7.071067813e-01 -6.015009547e-01
      vertex -2.960045920e-01 6.474118933e-01 -7.023098467e-01
    endloop
  endfacet
  facet normal -2.96210100e-01 7.07576229e-01 -6.41557056e-01
    outer loop
      vertex -2.370863253e-01 7.586523000e-01 -6.068251493e-01
      vertex -2.960045920e-01 6.474118933e-01 -7.023098467e-01
      vertex -3.717480347e-01 7.071067813e-01 -6.015009547e-01
    endloop
  endfacet
  facet normal -2.67098819e-01 5.08425010e-01 -8.18634369e-01
    outer loop
      vertex -2.598919133e-01 4.338885640e-01 -8.626684800e-01
      vertex -3.461530147e-01 5.161216200e-01 -7.834516987e-01
      vertex -2.130228653e-01 5.712516587e-01 -7.926492293e-01
    endloop
  endfacet
  facet normal -3.49825549e-01 5.85563456e-01 -7.31257495e-01
    outer loop
      vertex -4.253254040e-01 5.877852520e-01 -6.881909600e-01
      vertex -2.960045920e-01 6.474118933e-01 -7.023098467e-01
      vertex -3.461530147e-01 5.161216200e-01 -7.834516987e-01
    endloop
  endfacet
  facet normal -2.17328056e-01 6.38726558e-01 -7.38103584e-01
    outer loop
      vertex -1.606220360e-01 6.937804773e-01 -7.020464453e-01
      vertex -2.130228653e-01 5.712516587e-01 -7.926492293e-01
      vertex -2.960045920e-01 6.474118933e-01 -7.023098467e-01
    endloop
  endfacet
  facet normal -2.93108471e-01 5.81153824e-01 -7.59175643e-01
    outer loop
      vertex -3.461530147e-01 5.161216200e-01 -7.834516987e-01
      vertex -2.960045920e-01 6.474118933e-01 -7.023098467e-01
      vertex -2.130228653e-01 5.712516587e-01 -7.926492293e-01
    endloop
  endfacet
  facet normal -8.33679433e-01 8.11784483e-02 -5.46249634e-01
    outer loop
      vertex -8.506508080e-01 0.00000000e+00 -5.257311120e-01
      vertex -8.649293360e-01 1.312003788e-01 -4.844416427e-01
      vertex -7.838430427e-01 8.108629347e-02 -6.156420213e-01
    endloop
  endfacet
  facet normal -8.39787899e-01 2.11220996e-01 -5.00141955e-01
    outer loop
      vertex -8.626684800e-01 2.598919133e-01 -4.338885640e-01
      vertex -7.926492293e-01 2.130228653e-01 -5.712516587e-01
      vertex -8.649293360e-01 1.312003788e-01 -4.844416427e-01
    endloop
  endfacet
  facet normal -7.59246413e-01 1.61443621e-01 -6.30460816e-01
    outer loop
      vertex -7.020464453e-01 1.606220360e-01 -6.937804773e-01
      vertex -7.838430427e-01 8.108629347e-02 -6.156420213e-01
      vertex -7.926492293e-01 2.130228653e-01 -5.712516587e-01
    endloop
  endfacet
  facet normal -8.19634387e-01 1.32792529e-01 -5.57284142e-01
    outer loop
      vertex -8.649293360e-01 1.312003788e-01 -4.844416427e-01
      vertex -7.926492293e-01 2.130228653e-01 -5.712516587e-01
      vertex -7.838430427e-01 8.108629347e-02 -6.156420213e-01
    endloop
  endfacet
  facet normal -8.02678349e-01 4.57621692e-01 -3.82478568e-01
    outer loop
      vertex -8.090169947e-01 5.000000000e-01 -3.090169947e-01
      vertex -7.579354200e-01 4.684298507e-01 -4.539905000e-01
      vertex -8.439114747e-01 3.836137333e-01 -3.750385680e-01
    endloop
  endfacet
  facet normal -7.42099980e-01 4.20207922e-01 -5.22219227e-01
    outer loop
      vertex -6.881909600e-01 4.253254040e-01 -5.877852520e-01
      vertex -7.834516987e-01 3.461530147e-01 -5.161216200e-01
      vertex -7.579354200e-01 4.684298507e-01 -4.539905000e-01
    endloop
  endfacet
  facet normal -8.29479994e-01 3.37457178e-01 -4.45068077e-01
    outer loop
      vertex -8.626684800e-01 2.598919133e-01 -4.338885640e-01
      vertex -8.439114747e-01 3.836137333e-01 -3.750385680e-01
      vertex -7.834516987e-01 3.461530147e-01 -5.161216200e-01
    endloop
  endfacet
  facet normal -8.01685768e-01 3.95175087e-01 -4.48482532e-01
    outer loop
      vertex -7.579354200e-01 4.684298507e-01 -4.539905000e-01
      vertex -7.834516987e-01 3.461530147e-01 -5.161216200e-01
      vertex -8.439114747e-01 3.836137333e-01 -3.750385680e-01
    endloop
  endfacet
  facet normal -5.69357957e-01 3.13421759e-01 -7.59998894e-01
    outer loop
      vertex -5.000000000e-01 3.090169947e-01 -8.090169947e-01
      vertex -6.068251493e-01 2.370863253e-01 -7.586523000e-01
      vertex -6.015009547e-01 3.717480347e-01 -7.071067813e-01
    endloop
  endfacet
  facet normal -6.70527632e-01 2.39219216e-01 -7.02258401e-01
    outer loop
      vertex -7.020464453e-01 1.606220360e-01 -6.937804773e-01
      vertex -7.023098467e-01 2.960045920e-01 -6.474118933e-01
      vertex -6.068251493e-01 2.370863253e-01 -7.586523000e-01
    endloop
  endfacet
  facet normal -6.63682830e-01 3.71743458e-01 -6.49100841e-01
    outer loop
      vertex -6.881909600e-01 4.253254040e-01 -5.877852520e-01
      vertex -6.015009547e-01 3.717480347e-01 -7.071067813e-01
      vertex -7.023098467e-01 2.960045920e-01 -6.474118933e-01
    endloop
  endfacet
  facet normal -6.41557056e-01 2.96210100e-01 -7.07576229e-01
    outer loop
      vertex -6.068251493e-01 2.370863253e-01 -7.586523000e-01
      vertex -7.023098467e-01 2.960045920e-01 -6.474118933e-01
      vertex -6.015009547e-01 3.717480347e-01 -7.071067813e-01
    endloop
  endfacet
  facet normal -8.18634369e-01 2.67098819e-01 -5.08425010e-01
    outer loop
      vertex -8.626684800e-01 2.598919133e-01 -4.338885640e-01
      vertex -7.834516987e-01 3.461530147e-01 -5.161216200e-01
      vertex -7.926492293e-01 2.130228653e-01 -5.712516587e-01
    endloop
  endfacet
  facet normal -7.31257495e-01 3.49825549e-01 -5.85563456e-01
    outer loop
      vertex -6.881909600e-01 4.253254040e-01 -5.877852520e-01
      vertex -7.023098467e-01 2.960045920e-01 -6.474118933e-01
      vertex -7.834516987e-01 3.461530147e-01 -5.161216200e-01
    endloop
  endfacet
  facet normal -7.38103584e-01 2.17328056e-01 -6.38726558e-01
    outer loop
      vertex -7.020464453e-01 1.606220360e-01 -6.937804773e-01
      vertex -7.926492293e-01 2.130228653e-01 -5.712516587e-01
      vertex -7.023098467e-01 2.960045920e-01 -6.474118933e-01
    endloop
  endfacet
  facet normal -7.59175643e-01 2.93108471e-01 -5.81153824e-01
    outer loop
      vertex -7.834516987e-01 3.461530147e-01 -5.161216200e-01
      vertex -7.023098467e-01 2.960045920e-01 -6.474118933e-01
      vertex -7.926492293e-01 2.130228653e-01 -5.712516587e-01
    endloop
  endfacet
  facet normal -3.82234319e-01 7.59513561e-01 -5.26342166e-01
    outer loop
      vertex -3.090169947e-01 8.090169947e-01 -5.000000000e-01
      vertex -3.717480347e-01 7.071067813e-01 -6.015009547e-01
      vertex -4.539905000e-01 7.579354200e-01 -4.684298507e-01
    endloop
  endfacet
  facet normal -4.40461021e-01 6.48687335e-01 -6.20643884e-01
    outer loop
      vertex -4.253254040e-01 5.877852520e-01 -6.881909600e-01
      vertex -5.133754413e-01 6.465777920e-01 -5.642542120e-01
      vertex -3.717480347e-01 7.071067813e-01 -6.015009547e-01
    endloop
  endfacet
  facet normal -5.21886550e-01 6.99011079e-01 -4.88894611e-01
    outer loop
      vertex -5.877852520e-01 6.881909600e-01 -4.253254040e-01
      vertex -4.539905000e-01 7.579354200e-01 -4.684298507e-01
      vertex -5.133754413e-01 6.465777920e-01 -5.642542120e-01
    endloop
  endfacet
  facet normal -4.46516882e-01 7.08442591e-01 -5.46563600e-01
    outer loop
      vertex -3.717480347e-01 7.071067813e-01 -6.015009547e-01
      vertex -5.133754413e-01 6.465777920e-01 -5.642542120e-01
      vertex -4.539905000e-01 7.579354200e-01 -4.684298507e-01
    endloop
  endfacet
  facet normal -5.26342166e-01 3.82234319e-01 -7.59513561e-01
    outer loop
      vertex -5.000000000e-01 3.090169947e-01 -8.090169947e-01
      vertex -6.015009547e-01 3.717480347e-01 -7.071067813e-01
      vertex -4.684298507e-01 4.539905000e-01 -7.579354200e-01
    endloop
  endfacet
  facet normal -6.20643884e-01 4.40461021e-01 -6.48687335e-01
    outer loop
      vertex -6.881909600e-01 4.253254040e-01 -5.877852520e-01
      vertex -5.642542120e-01 5.133754413e-01 -6.465777920e-01
      vertex -6.015009547e-01 3.717480347e-01 -7.071067813e-01
    endloop
  endfacet
  facet normal -4.88894611e-01 5.21886550e-01 -6.99011079e-01
    outer loop
      vertex -4.253254040e-01 5.877852520e-01 -6.881909600e-01
      vertex -4.684298507e-01 4.539905000e-01 -7.579354200e-01
      vertex -5.642542120e-01 5.133754413e-01 -6.465777920e-01
    endloop
  endfacet
  facet normal -5.46563600e-01 4.46516882e-01 -7.08442591e-01
    outer loop
      vertex -6.015009547e-01 3.717480347e-01 -7.071067813e-01
      vertex -5.642542120e-01 5.133754413e-01 -6.465777920e-01
      vertex -4.684298507e-01 4.539905000e-01 -7.579354200e-01
    endloop
  endfacet
  facet normal -7.59513561e-01 5.26342166e-01 -3.82234319e-01
    outer loop
      vertex -8.090169947e-01 5.000000000e-01 -3.090169947e-01
      vertex -7.071067813e-01 6.015009547e-01 -3.717480347e-01
      vertex -7.579354200e-01 4.684298507e-01 -4.539905000e-01
    endloop
  endfacet
  facet normal -6.48687335e-01 6.20643884e-01 -4.40461021e-01
    outer loop
      vertex -5.877852520e-01 6.881909600e-01 -4.253254040e-01
      vertex -6.465777920e-01 5.642542120e-01 -5.133754413e-01
      vertex -7.071067813e-01 6.015009547e-01 -3.717480347e-01
    endloop
  endfacet
  facet normal -6.99011079e-01 4.88894611e-01 -5.21886550e-01
    outer loop
      vertex -6.881909600e-01 4.253254040e-01 -5.877852520e-01
      vertex -7.579354200e-01 4.684298507e-01 -4.539905000e-01
      vertex -6.465777920e-01 5.642542120e-01 -5.133754413e-01
    endloop
  endfacet
  facet normal -7.08442591e-01 5.46563600e-01 -4.46516882e-01
    outer loop
      vertex -7.071067813e-01 6.015009547e-01 -3.717480347e-01
      vertex -6.465777920e-01 5.642542120e-01 -5.133754413e-01
      vertex -7.579354200e-01 4.684298507e-01 -4.539905000e-01
    endloop
  endfacet
  facet normal -5.03751085e-01 5.85158785e-01 -6.35471510e-01
    outer loop
      vertex -4.253254040e-01 5.877852520e-01 -6.881909600e-01
      vertex -5.642542120e-01 5.133754413e-01 -6.465777920e-01
      vertex -5.133754413e-01 6.465777920e-01 -5.642542120e-01
    endloop
  endfacet
  facet normal -6.35471510e-01 5.03751085e-01 -5.85158785e-01
    outer loop
      vertex -6.881909600e-01 4.253254040e-01 -5.877852520e-01
      vertex -6.465777920e-01 5.642542120e-01 -5.133754413e-01
      vertex -5.642542120e-01 5.133754413e-01 -6.465777920e-01
    endloop
  endfacet
  facet normal -5.85158785e-01 6.35471510e-01 -5.03751085e-01
    outer loop
      vertex -5.877852520e-01 6.881909600e-01 -4.253254040e-01
      vertex -5.133754413e-01 6.465777920e-01 -5.642542120e-01
      vertex -6.465777920e-01 5.642542120e-01 -5.133754413e-01
    endloop
  endfacet
  facet normal -5.77350269e-01 5.77350269e-01 -5.77350269e-01
    outer loop
      vertex -5.642542120e-01 5.133754413e-01 -6.465777920e-01
      vertex -6.465777920e-01 5.642542120e-01 -5.133754413e-01
      vertex -5.133754413e-01 6.465777920e-01 -5.642542120e-01
    endloop
  endfacet
  facet normal -5.96420674e-01 8.02672025e-01 0.00000000e+00
    outer loop
      vertex -5.257311120e-01 8.506508080e-01 0.00000000e+00
      vertex -6.156420213e-01 7.838430427e-01 -8.108629347e-02
      vertex -6.156420213e-01 7.838430427e-01 8.108629347e-02
    endloop
  endfacet
  facet normal -6.80461086e-01 7.28344548e-01 -8.05414856e-02
    outer loop
      vertex -6.937804773e-01 7.020464453e-01 -1.606220360e-01
      vertex -7.029070307e-01 7.112817347e-01 0.00000000e+00
      vertex -6.156420213e-01 7.838430427e-01 -8.108629347e-02
    endloop
  endfacet
  facet normal -6.80461086e-01 7.28344548e-01 8.05414856e-02
    outer loop
      vertex -6.937804773e-01 7.020464453e-01 1.606220360e-01
      vertex -6.156420213e-01 7.838430427e-01 8.108629347e-02
      vertex -7.029070307e-01 7.112817347e-01 0.00000000e+00
    endloop
  endfacet
  facet normal -6.39354439e-01 7.68912155e-01 0.00000000e+00
    outer loop
      vertex -6.156420213e-01 7.838430427e-01 -8.108629347e-02
      vertex -7.029070307e-01 7.112817347e-01 0.00000000e+00
      vertex -6.156420213e-01 7.838430427e-01 8.108629347e-02
    endloop
  endfacet
  facet normal -8.09504261e-01 5.38761957e-01 -2.33320392e-01
    outer loop
      vertex -8.090169947e-01 5.000000000e-01 -3.090169947e-01
      vertex -8.401778853e-01 5.192584893e-01 -1.564344653e-01
      vertex -7.586523000e-01 6.068251493e-01 -2.370863253e-01
    endloop
  endfacet
  facet normal -8.30386469e-01 5.51642150e-01 -7.84171500e-02
    outer loop
      vertex -8.506508080e-01 5.257311120e-01 0.00000000e+00
      vertex -7.802043707e-01 6.202395827e-01 -8.114185160e-02
      vertex -8.401778853e-01 5.192584893e-01 -1.564344653e-01
    endloop
  endfacet
  facet normal -7.51866045e-01 6.39868422e-01 -1.58952361e-01
    outer loop
      vertex -6.937804773e-01 7.020464453e-01 -1.606220360e-01
      vertex -7.586523000e-01 6.068251493e-01 -2.370863253e-01
      vertex -7.802043707e-01 6.202395827e-01 -8.114185160e-02
    endloop
  endfacet
  facet normal -7.91679153e-01 5.89578591e-01 -1.60128712e-01
    outer loop
      vertex -8.401778853e-01 5.192584893e-01 -1.564344653e-01
      vertex -7.802043707e-01 6.202395827e-01 -8.114185160e-02
      vertex -7.586523000e-01 6.068251493e-01 -2.370863253e-01
    endloop
  endfacet
  facet normal -8.09504261e-01 5.38761957e-01 2.33320392e-01
    outer loop
      vertex -8.090169947e-01 5.000000000e-01 3.090169947e-01
      vertex -7.586523000e-01 6.068251493e-01 2.370863253e-01
      vertex -8.401778853e-01 5.192584893e-01 1.564344653e-01
    endloop
  endfacet
  facet normal -7.51866045e-01 6.39868422e-01 1.58952361e-01
    outer loop
      vertex -6.937804773e-01 7.020464453e-01 1.606220360e-01
      vertex -7.802043707e-01 6.202395827e-01 8.114185160e-02
      vertex -7.586523000e-01 6.068251493e-01 2.370863253e-01
    endloop
  endfacet
  facet normal -8.30386469e-01 5.51642150e-01 7.84171500e-02
    outer loop
      vertex -8.506508080e-01 5.257311120e-01 0.00000000e+00
      vertex -8.401778853e-01 5.192584893e-01 1.564344653e-01
      vertex -7.802043707e-01 6.202395827e-01 8.114185160e-02
    endloop
  endfacet
  facet normal -7.91679153e-01 5.89578591e-01 1.60128712e-01
    outer loop
      vertex -7.586523000e-01 6.068251493e-01 2.370863253e-01
      vertex -7.802043707e-01 6.202395827e-01 8.114185160e-02
      vertex -8.401778853e-01 5.192584893e-01 1.564344653e-01
    endloop
  endfacet
  facet normal -7.23271921e-01 6.85851676e-01 -8.05307856e-02
    outer loop
      vertex -6.937804773e-01 7.020464453e-01 -1.606220360e-01
      vertex -7.802043707e-01 6.202395827e-01 -8.114185160e-02
      vertex -7.029070307e-01 7.112817347e-01 0.00000000e+00
    endloop
  endfacet
  facet normal -8.01767535e-01 5.97636026e-01 0.00000000e+00
    outer loop
      vertex -8.506508080e-01 5.257311120e-01 0.00000000e+00
      vertex -7.802043707e-01 6.202395827e-01 8.114185160e-02
      vertex -7.802043707e-01 6.202395827e-01 -8.114185160e-02
    endloop
  endfacet
  facet normal -7.23271921e-01 6.85851676e-01 8.05307856e-02
    outer loop
      vertex -6.937804773e-01 7.020464453e-01 1.606220360e-01
      vertex -7.029070307e-01 7.112817347e-01 0.00000000e+00
      vertex -7.802043707e-01 6.202395827e-01 8.114185160e-02
    endloop
  endfacet
  facet normal -7.62304822e-01 6.47218169e-01 0.00000000e+00
    outer loop
      vertex -7.802043707e-01 6.202395827e-01 -8.114185160e-02
      vertex -7.802043707e-01 6.202395827e-01 8.114185160e-02
      vertex -7.029070307e-01 7.112817347e-01 0.00000000e+00
    endloop
  endfacet
  facet normal -8.83850473e-01 5.01710402e-02 -4.65071185e-01
    outer loop
      vertex -8.506508080e-01 0.00000000e+00 -5.257311120e-01
      vertex -9.150434213e-01 0.00000000e+00 -4.033553480e-01
      vertex -8.649293360e-01 1.312003788e-01 -4.844416427e-01
    endloop
  endfacet
  facet normal -9.39565544e-01 5.00002693e-02 -3.38698334e-01
    outer loop
      vertex -9.619383573e-01 0.00000000e+00 -2.732665293e-01
      vertex -9.243046000e-01 1.316553713e-01 -3.582287933e-01
      vertex -9.150434213e-01 0.00000000e+00 -4.033553480e-01
    endloop
  endfacet
  facet normal -8.89788168e-01 1.80319130e-01 -4.19239820e-01
    outer loop
      vertex -8.626684800e-01 2.598919133e-01 -4.338885640e-01
      vertex -8.649293360e-01 1.312003788e-01 -4.844416427e-01
      vertex -9.243046000e-01 1.316553713e-01 -3.582287933e-01
    endloop
  endfacet
  facet normal -9.01704684e-01 8.20702965e-02 -4.24491613e-01
    outer loop
      vertex -9.150434213e-01 0.00000000e+00 -4.033553480e-01
      vertex -9.243046000e-01 1.316553713e-01 -3.582287933e-01
      vertex -8.649293360e-01 1.312003788e-01 -4.844416427e-01
    endloop
  endfacet
  facet normal -9.96383649e-01 4.95053672e-02 -6.90568093e-02
    outer loop
      vertex -1.000000000e+00 0.00000000e+00 0.00000000e+00
      vertex -9.876883400e-01 1.330711041e-01 -8.224246533e-02
      vertex -9.904388813e-01 0.00000000e+00 -1.379522427e-01
    endloop
  endfacet
  facet normal -9.71850073e-01 1.81285628e-01 -1.50475768e-01
    outer loop
      vertex -9.510565160e-01 2.628655560e-01 -1.624598480e-01
      vertex -9.663925973e-01 1.327924768e-01 -2.201170280e-01
      vertex -9.876883400e-01 1.330711041e-01 -8.224246533e-02
    endloop
  endfacet
  facet normal -9.77325600e-01 4.96076443e-02 -2.05848861e-01
    outer loop
      vertex -9.619383573e-01 0.00000000e+00 -2.732665293e-01
      vertex -9.904388813e-01 0.00000000e+00 -1.379522427e-01
      vertex -9.663925973e-01 1.327924768e-01 -2.201170280e-01
    endloop
  endfacet
  facet normal -9.84753677e-01 8.41029235e-02 -1.52272431e-01
    outer loop
      vertex -9.876883400e-01 1.330711041e-01 -8.224246533e-02
      vertex -9.663925973e-01 1.327924768e-01 -2.201170280e-01
      vertex -9.904388813e-01 0.00000000e+00 -1.379522427e-01
    endloop
  endfacet
  facet normal -8.52183716e-01 4.27025692e-01 -3.02377202e-01
    outer loop
      vertex -8.090169947e-01 5.000000000e-01 -3.090169947e-01
      vertex -8.439114747e-01 3.836137333e-01 -3.750385680e-01
      vertex -8.910065240e-01 3.861873853e-01 -2.386769307e-01
    endloop
  endfacet
  facet normal -8.79087638e-01 3.06797967e-01 -3.64801223e-01
    outer loop
      vertex -8.626684800e-01 2.598919133e-01 -4.338885640e-01
      vertex -9.162441747e-01 2.640827507e-01 -3.012588787e-01
      vertex -8.439114747e-01 3.836137333e-01 -3.750385680e-01
    endloop
  endfacet
  facet normal -9.23385609e-01 3.08167242e-01 -2.28892918e-01
    outer loop
      vertex -9.510565160e-01 2.628655560e-01 -1.624598480e-01
      vertex -8.910065240e-01 3.861873853e-01 -2.386769307e-01
      vertex -9.162441747e-01 2.640827507e-01 -3.012588787e-01
    endloop
  endfacet
  facet normal -8.85788691e-01 3.43196621e-01 -3.12401143e-01
    outer loop
      vertex -8.439114747e-01 3.836137333e-01 -3.750385680e-01
      vertex -9.162441747e-01 2.640827507e-01 -3.012588787e-01
      vertex -8.910065240e-01 3.861873853e-01 -2.386769307e-01
    endloop
  endfacet
  facet normal -9.52950495e-01 8.45453627e-02 -2.91096954e-01
    outer loop
      vertex -9.619383573e-01 0.00000000e+00 -2.732665293e-01
      vertex -9.663925973e-01 1.327924768e-01 -2.201170280e-01
      vertex -9.243046000e-01 1.316553713e-01 -3.582287933e-01
    endloop
  endfacet
  facet normal -9.47461575e-01 2.16204079e-01 -2.35737907e-01
    outer loop
      vertex -9.510565160e-01 2.628655560e-01 -1.624598480e-01
      vertex -9.162441747e-01 2.640827507e-01 -3.012588787e-01
      vertex -9.663925973e-01 1.327924768e-01 -2.201170280e-01
    endloop
  endfacet
  facet normal -9.03179732e-01 2.14846911e-01 -3.71627739e-01
    outer loop
      vertex -8.626684800e-01 2.598919133e-01 -4.338885640e-01
      vertex -9.243046000e-01 1.316553713e-01 -3.582287933e-01
      vertex -9.162441747e-01 2.640827507e-01 -3.012588787e-01
    endloop
  endfacet
  facet normal -9.40326640e-01 1.81150998e-01 -2.88045353e-01
    outer loop
      vertex -9.663925973e-01 1.327924768e-01 -2.201170280e-01
      vertex -9.162441747e-01 2.640827507e-01 -3.012588787e-01
      vertex -9.243046000e-01 1.316553713e-01 -3.582287933e-01
    endloop
  endfacet
  facet normal -8.83850473e-01 5.01710402e-02 4.65071185e-01
    outer loop
      vertex -8.506508080e-01 0.00000000e+00 5.257311120e-01
      vertex -8.649293360e-01 1.312003788e-01 4.844416427e-01
      vertex -9.150434213e-01 0.00000000e+00 4.033553480e-01
    endloop
  endfacet
  facet normal -8.89788168e-01 1.80319130e-01 4.19239820e-01
    outer loop
      vertex -8.626684800e-01 2.598919133e-01 4.338885640e-01
      vertex -9.243046000e-01 1.316553713e-01 3.582287933e-01
      vertex -8.649293360e-01 1.312003788e-01 4.844416427e-01
    endloop
  endfacet
  facet normal -9.39565544e-01 5.00002693e-02 3.38698334e-01
    outer loop
      vertex -9.619383573e-01 0.00000000e+00 2.732665293e-01
      vertex -9.150434213e-01 0.00000000e+00 4.033553480e-01
      vertex -9.243046000e-01 1.316553713e-01 3.582287933e-01
    endloop
  endfacet
  facet normal -9.01704684e-01 8.20702965e-02 4.24491613e-01
    outer loop
      vertex -8.649293360e-01 1.312003788e-01 4.844416427e-01
      vertex -9.243046000e-01 1.316553713e-01 3.582287933e-01
      vertex -9.150434213e-01 0.00000000e+00 4.033553480e-01
    endloop
  endfacet
  facet normal -8.52183716e-01 4.27025692e-01 3.02377202e-01
    outer loop
      vertex -8.090169947e-01 5.000000000e-01 3.090169947e-01
      vertex -8.910065240e-01 3.861873853e-01 2.386769307e-01
      vertex -8.439114747e-01 3.836137333e-01 3.750385680e-01
    endloop
  endfacet
  facet normal -9.23385609e-01 3.08167242e-01 2.28892918e-01
    outer loop
      vertex -9.510565160e-01 2.628655560e-01 1.624598480e-01
      vertex -9.162441747e-01 2.640827507e-01 3.012588787e-01
      vertex -8.910065240e-01 3.861873853e-01 2.386769307e-01
    endloop
  endfacet
  facet normal -8.79087638e-01 3.06797967e-01 3.64801223e-01
    outer loop
      vertex -8.626684800e-01 2.598919133e-01 4.338885640e-01
      vertex -8.439114747e-01 3.836137333e-01 3.750385680e-01
      vertex -9.162441747e-01 2.640827507e-01 3.012588787e-01
    endloop
  endfacet
  facet normal -8.85788691e-01 3.43196621e-01 3.12401143e-01
    outer loop
      vertex -8.910065240e-01 3.861873853e-01 2.386769307e-01
      vertex -9.162441747e-01 2.640827507e-01 3.012588787e-01
      vertex -8.439114747e-01 3.836137333e-01 3.750385680e-01
    endloop
  endfacet
  facet normal -9.96383649e-01 4.95053672e-02 6.90568093e-02
    outer loop
      vertex -1.000000000e+00 0.00000000e+00 0.00000000e+00
      vertex -9.904388813e-01 0.00000000e+00 1.379522427e-01
      vertex -9.876883400e-01 1.330711041e-01 8.224246533e-02
    endloop
  endfacet
  facet normal -9.77325600e-01 4.96076443e-02 2.05848861e-01
    outer loop
      vertex -9.619383573e-01 0.00000000e+00 2.732665293e-01
      vertex -9.663925973e-01 1.327924768e-01 2.201170280e-01
      vertex -9.904388813e-01 0.00000000e+00 1.379522427e-01
    endloop
  endfacet
  facet normal -9.71850073e-01 1.81285628e-01 1.50475768e-01
    outer loop
      vertex -9.510565160e-01 2.628655560e-01 1.624598480e-01
      vertex -9.876883400e-01 1.330711041e-01 8.224246533e-02
      vertex -9.663925973e-01 1.327924768e-01 2.201170280e-01
    endloop
  endfacet
  facet normal -9.84753677e-01 8.41029235e-02 1.52272431e-01
    outer loop
      vertex -9.904388813e-01 0.00000000e+00 1.379522427e-01
      vertex -9.663925973e-01 1.327924768e-01 2.201170280e-01
      vertex -9.876883400e-01 1.330711041e-01 8.224246533e-02
    endloop
  endfacet
  facet normal -9.03179732e-01 2.14846911e-01 3.71627739e-01
    outer loop
      vertex -8.626684800e-01 2.598919133e-01 4.338885640e-01
      vertex -9.162441747e-01 2.640827507e-01 3.012588787e-01
      vertex -9.243046000e-01 1.316553713e-01 3.582287933e-01
    endloop
  endfacet
  facet normal -9.47461575e-01 2.16204079e-01 2.35737907e-01
    outer loop
      vertex -9.510565160e-01 2.628655560e-01 1.624598480e-01
      vertex -9.663925973e-01 1.327924768e-01 2.201170280e-01
      vertex -9.162441747e-01 2.640827507e-01 3.012588787e-01
    endloop
  endfacet
  facet normal -9.52950495e-01 8.45453627e-02 2.91096954e-01
    outer loop
      vertex -9.619383573e-01 0.00000000e+00 2.732665293e-01
      vertex -9.243046000e-01 1.316553713e-01 3.582287933e-01
      vertex -9.663925973e-01 1.327924768e-01 2.201170280e-01
    endloop
  endfacet
  facet normal -9.40326640e-01 1.81150998e-01 2.88045353e-01
    outer loop
      vertex -9.162441747e-01 2.640827507e-01 3.012588787e-01
      vertex -9.663925973e-01 1.327924768e-01 2.201170280e-01
      vertex -9.243046000e-01 1.316553713e-01 3.582287933e-01
    endloop
  endfacet
  facet normal -8.51639515e-01 4.69405196e-01 -2.33171395e-01
    outer loop
      vertex -8.090169947e-01 5.000000000e-01 -3.090169947e-01
      vertex -8.910065240e-01 3.861873853e-01 -2.386769307e-01
      vertex -8.401778853e-01 5.192584893e-01 -1.564344653e-01
    endloop
  endfacet
  facet normal -9.22797371e-01 3.50587076e-01 -1.59792724e-01
    outer loop
      vertex -9.510565160e-01 2.628655560e-01 -1.624598480e-01
      vertex -9.129824933e-01 3.996070520e-01 -8.232358000e-02
      vertex -8.910065240e-01 3.861873853e-01 -2.386769307e-01
    endloop
  endfacet
  facet normal -8.72473626e-01 4.82336350e-01 -7.83671947e-02
    outer loop
      vertex -8.506508080e-01 5.257311120e-01 0.00000000e+00
      vertex -8.401778853e-01 5.192584893e-01 -1.564344653e-01
      vertex -9.129824933e-01 3.996070520e-01 -8.232358000e-02
    endloop
  endfacet
  facet normal -8.84358483e-01 4.37841600e-01 -1.61878990e-01
    outer loop
      vertex -8.910065240e-01 3.861873853e-01 -2.386769307e-01
      vertex -9.129824933e-01 3.996070520e-01 -8.232358000e-02
      vertex -8.401778853e-01 5.192584893e-01 -1.564344653e-01
    endloop
  endfacet
  facet normal -9.95747362e-01 9.21259537e-02 0.00000000e+00
    outer loop
      vertex -1.000000000e+00 0.00000000e+00 0.00000000e+00
      vertex -9.876883400e-01 1.330711041e-01 8.224246533e-02
      vertex -9.876883400e-01 1.330711041e-01 -8.224246533e-02
    endloop
  endfacet
  facet normal -9.71230961e-01 2.23786292e-01 8.14255288e-02
    outer loop
      vertex -9.510565160e-01 2.628655560e-01 1.624598480e-01
      vertex -9.638612640e-01 2.664047013e-01 0.00000000e+00
      vertex -9.876883400e-01 1.330711041e-01 8.224246533e-02
    endloop
  endfacet
  facet normal -9.71230961e-01 2.23786292e-01 -8.14255288e-02
    outer loop
      vertex -9.510565160e-01 2.628655560e-01 -1.624598480e-01
      vertex -9.876883400e-01 1.330711041e-01 -8.224246533e-02
      vertex -9.638612640e-01 2.664047013e-01 0.00000000e+00
    endloop
  endfacet
  facet normal -9.84405201e-01 1.75915892e-01 0.00000000e+00
    outer loop
      vertex -9.876883400e-01 1.330711041e-01 8.224246533e-02
      vertex -9.638612640e-01 2.664047013e-01 0.00000000e+00
      vertex -9.876883400e-01 1.330711041e-01 -8.224246533e-02
    endloop
  endfacet
  facet normal -8.51639515e-01 4.69405196e-01 2.33171395e-01
    outer loop
      vertex -8.090169947e-01 5.000000000e-01 3.090169947e-01
      vertex -8.401778853e-01 5.192584893e-01 1.564344653e-01
      vertex -8.910065240e-01 3.861873853e-01 2.386769307e-01
    endloop
  endfacet
  facet normal -8.72473626e-01 4.82336350e-01 7.83671947e-02
    outer loop
      vertex -8.506508080e-01 5.257311120e-01 0.00000000e+00
      vertex -9.129824933e-01 3.996070520e-01 8.232358000e-02
      vertex -8.401778853e-01 5.192584893e-01 1.564344653e-01
    endloop
  endfacet
  facet normal -9.22797371e-01 3.50587076e-01 1.59792724e-01
    outer loop
      vertex -9.510565160e-01 2.628655560e-01 1.624598480e-01
      vertex -8.910065240e-01 3.861873853e-01 2.386769307e-01
      vertex -9.129824933e-01 3.996070520e-01 8.232358000e-02
    endloop
  endfacet
  facet normal -8.84358483e-01 4.37841600e-01 1.61878990e-01
    outer loop
      vertex -8.401778853e-01 5.192584893e-01 1.564344653e-01
      vertex -9.129824933e-01 3.996070520e-01 8.232358000e-02
      vertex -8.910065240e-01 3.861873853e-01 2.386769307e-01
    endloop
  endfacet
  facet normal -9.46806803e-01 3.11335293e-01 -8.14076995e-02
    outer loop
      vertex -9.510565160e-01 2.628655560e-01 -1.624598480e-01
      vertex -9.638612640e-01 2.664047013e-01 0.00000000e+00
      vertex -9.129824933e-01 3.996070520e-01 -8.232358000e-02
    endloop
  endfacet
  facet normal -9.46806803e-01 3.11335293e-01 8.14076995e-02
    outer loop
      vertex -9.510565160e-01 2.628655560e-01 1.624598480e-01
      vertex -9.129824933e-01 3.996070520e-01 8.232358000e-02
      vertex -9.638612640e-01 2.664047013e-01 0.00000000e+00
    endloop
  endfacet
  facet normal -8.96494078e-01 4.43055717e-01 0.00000000e+00
    outer loop
      vertex -8.506508080e-01 5.257311120e-01 0.00000000e+00
      vertex -9.129824933e-01 3.996070520e-01 -8.232358000e-02
      vertex -9.129824933e-01 3.996070520e-01 8.232358000e-02
    endloop
  endfacet
  facet normal -9.34172359e-01 3.56822090e-01 0.00000000e+00
    outer loop
      vertex -9.638612640e-01 2.664047013e-01 0.00000000e+00
      vertex -9.129824933e-01 3.996070520e-01 8.232358000e-02
      vertex -9.129824933e-01 3.996070520e-01 -8.232358000e-02
    endloop
  endfacet
  facet normal 5.46249634e-01 8.33679433e-01 8.11784483e-02
    outer loop
      vertex 5.257311120e-01 8.506508080e-01 0.00000000e+00
      vertex 4.844416427e-01 8.649293360e-01 1.312003788e-01
      vertex 6.156420213e-01 7.838430427e-01 8.108629347e-02
    endloop
  endfacet
  facet normal 5.00141955e-01 8.39787899e-01 2.11220996e-01
    outer loop
      vertex 4.338885640e-01 8.626684800e-01 2.598919133e-01
      vertex 5.712516587e-01 7.926492293e-01 2.130228653e-01
      vertex 4.844416427e-01 8.649293360e-01 1.312003788e-01
    endloop
  endfacet
  facet normal 6.30460816e-01 7.59246413e-01 1.61443621e-01
    outer loop
      vertex 6.937804773e-01 7.020464453e-01 1.606220360e-01
      vertex 6.156420213e-01 7.838430427e-01 8.108629347e-02
      vertex 5.712516587e-01 7.926492293e-01 2.130228653e-01
    endloop
  endfacet
  facet normal 5.57284142e-01 8.19634387e-01 1.32792529e-01
    outer loop
      vertex 4.844416427e-01 8.649293360e-01 1.312003788e-01
      vertex 5.712516587e-01 7.926492293e-01 2.130228653e-01
      vertex 6.156420213e-01 7.838430427e-01 8.108629347e-02
    endloop
  endfacet
  facet normal 3.82478568e-01 8.02678349e-01 4.57621692e-01
    outer loop
      vertex 3.090169947e-01 8.090169947e-01 5.000000000e-01
      vertex 4.539905000e-01 7.579354200e-01 4.684298507e-01
      vertex 3.750385680e-01 8.439114747e-01 3.836137333e-01
    endloop
  endfacet
  facet normal 5.22219227e-01 7.42099980e-01 4.20207922e-01
    outer loop
      vertex 5.877852520e-01 6.881909600e-01 4.253254040e-01
      vertex 5.161216200e-01 7.834516987e-01 3.461530147e-01
      vertex 4.539905000e-01 7.579354200e-01 4.684298507e-01
    endloop
  endfacet
  facet normal 4.45068077e-01 8.29479994e-01 3.37457178e-01
    outer loop
      vertex 4.338885640e-01 8.626684800e-01 2.598919133e-01
      vertex 3.750385680e-01 8.439114747e-01 3.836137333e-01
      vertex 5.161216200e-01 7.834516987e-01 3.461530147e-01
    endloop
  endfacet
  facet normal 4.48482532e-01 8.01685768e-01 3.95175087e-01
    outer loop
      vertex 4.539905000e-01 7.579354200e-01 4.684298507e-01
      vertex 5.161216200e-01 7.834516987e-01 3.461530147e-01
      vertex 3.750385680e-01 8.439114747e-01 3.836137333e-01
    endloop
  endfacet
  facet normal 7.59998894e-01 5.69357957e-01 3.13421759e-01
    outer loop
      vertex 8.090169947e-01 5.000000000e-01 3.090169947e-01
      vertex 7.586523000e-01 6.068251493e-01 2.370863253e-01
      vertex 7.071067813e-01 6.015009547e-01 3.717480347e-01
    endloop
  endfacet
  facet normal 7.02258401e-01 6.70527632e-01 2.39219216e-01
    outer loop
      vertex 6.937804773e-01 7.020464453e-01 1.606220360e-01
      vertex 6.474118933e-01 7.023098467e-01 2.960045920e-01
      vertex 7.586523000e-01 6.068251493e-01 2.370863253e-01
    endloop
  endfacet
  facet normal 6.49100841e-01 6.63682830e-01 3.71743458e-01
    outer loop
      vertex 5.877852520e-01 6.881909600e-01 4.253254040e-01
      vertex 7.071067813e-01 6.015009547e-01 3.717480347e-01
      vertex 6.474118933e-01 7.023098467e-01 2.960045920e-01
    endloop
  endfacet
  facet normal 7.07576229e-01 6.41557056e-01 2.96210100e-01
    outer loop
      vertex 7.586523000e-01 6.068251493e-01 2.370863253e-01
      vertex 6.474118933e-01 7.023098467e-01 2.960045920e-01
      vertex 7.071067813e-01 6.015009547e-01 3.717480347e-01
    endloop
  endfacet
  facet normal 5.08425010e-01 8.18634369e-01 2.67098819e-01
    outer loop
      vertex 4.338885640e-01 8.626684800e-01 2.598919133e-01
      vertex 5.161216200e-01 7.834516987e-01 3.461530147e-01
      vertex 5.712516587e-01 7.926492293e-01 2.130228653e-01
    endloop
  endfacet
  facet normal 5.85563456e-01 7.31257495e-01 3.49825549e-01
    outer loop
      vertex 5.877852520e-01 6.881909600e-01 4.253254040e-01
      vertex 6.474118933e-01 7.023098467e-01 2.960045920e-01
      vertex 5.161216200e-01 7.834516987e-01 3.461530147e-01
    endloop
  endfacet
  facet normal 6.38726558e-01 7.38103584e-01 2.17328056e-01
    outer loop
      vertex 6.937804773e-01 7.020464453e-01 1.606220360e-01
      vertex 5.712516587e-01 7.926492293e-01 2.130228653e-01
      vertex 6.474118933e-01 7.023098467e-01 2.960045920e-01
    endloop
  endfacet
  facet normal 5.81153824e-01 7.59175643e-01 2.93108471e-01
    outer loop
      vertex 5.161216200e-01 7.834516987e-01 3.461530147e-01
      vertex 6.474118933e-01 7.023098467e-01 2.960045920e-01
      vertex 5.712516587e-01 7.926492293e-01 2.130228653e-01
    endloop
  endfacet
  facet normal 8.11784483e-02 5.46249634e-01 8.33679433e-01
    outer loop
      vertex 0.00000000e+00 5.257311120e-01 8.506508080e-01
      vertex 1.312003788e-01 4.844416427e-01 8.649293360e-01
      vertex 8.108629347e-02 6.156420213e-01 7.838430427e-01
    endloop
  endfacet
  facet normal 2.11220996e-01 5.00141955e-01 8.39787899e-01
    outer loop
      vertex 2.598919133e-01 4.338885640e-01 8.626684800e-01
      vertex 2.130228653e-01 5.712516587e-01 7.926492293e-01
      vertex 1.312003788e-01 4.844416427e-01 8.649293360e-01
    endloop
  endfacet
  facet normal 1.61443621e-01 6.30460816e-01 7.59246413e-01
    outer loop
      vertex 1.606220360e-01 6.937804773e-01 7.020464453e-01
      vertex 8.108629347e-02 6.156420213e-01 7.838430427e-01
      vertex 2.130228653e-01 5.712516587e-01 7.926492293e-01
    endloop
  endfacet
  facet normal 1.32792529e-01 5.57284142e-01 8.19634387e-01
    outer loop
      vertex 1.312003788e-01 4.844416427e-01 8.649293360e-01
      vertex 2.130228653e-01 5.712516587e-01 7.926492293e-01
      vertex 8.108629347e-02 6.156420213e-01 7.838430427e-01
    endloop
  endfacet
  facet normal 4.57621692e-01 3.82478568e-01 8.02678349e-01
    outer loop
      vertex 5.000000000e-01 3.090169947e-01 8.090169947e-01
      vertex 4.684298507e-01 4.539905000e-01 7.579354200e-01
      vertex 3.836137333e-01 3.750385680e-01 8.439114747e-01
    endloop
  endfacet
  facet normal 4.20207922e-01 5.22219227e-01 7.42099980e-01
    outer loop
      vertex 4.253254040e-01 5.877852520e-01 6.881909600e-01
      vertex 3.461530147e-01 5.161216200e-01 7.834516987e-01
      vertex 4.684298507e-01 4.539905000e-01 7.579354200e-01
    endloop
  endfacet
  facet normal 3.37457178e-01 4.45068077e-01 8.29479994e-01
    outer loop
      vertex 2.598919133e-01 4.338885640e-01 8.626684800e-01
      vertex 3.836137333e-01 3.750385680e-01 8.439114747e-01
      vertex 3.461530147e-01 5.161216200e-01 7.834516987e-01
    endloop
  endfacet
  facet normal 3.95175087e-01 4.48482532e-01 8.01685768e-01
    outer loop
      vertex 4.684298507e-01 4.539905000e-01 7.579354200e-01
      vertex 3.461530147e-01 5.161216200e-01 7.834516987e-01
      vertex 3.836137333e-01 3.750385680e-01 8.439114747e-01
    endloop
  endfacet
  facet normal 3.13421759e-01 7.59998894e-01 5.69357957e-01
    outer loop
      vertex 3.090169947e-01 8.090169947e-01 5.000000000e-01
      vertex 2.370863253e-01 7.586523000e-01 6.068251493e-01
      vertex 3.717480347e-01 7.071067813e-01 6.015009547e-01
    endloop
  endfacet
  facet normal 2.39219216e-01 7.02258401e-01 6.70527632e-01
    outer loop
      vertex 1.606220360e-01 6.937804773e-01 7.020464453e-01
      vertex 2.960045920e-01 6.474118933e-01 7.023098467e-01
      vertex 2.370863253e-01 7.586523000e-01 6.068251493e-01
    endloop
  endfacet
  facet normal 3.71743458e-01 6.49100841e-01 6.63682830e-01
    outer loop
      vertex 4.253254040e-01 5.877852520e-01 6.881909600e-01
      vertex 3.717480347e-01 7.071067813e-01 6.015009547e-01
      vertex 2.960045920e-01 6.474118933e-01 7.023098467e-01
    endloop
  endfacet
  facet normal 2.96210100e-01 7.07576229e-01 6.41557056e-01
    outer loop
      vertex 2.370863253e-01 7.586523000e-01 6.068251493e-01
      vertex 2.960045920e-01 6.474118933e-01 7.023098467e-01
      vertex 3.717480347e-01 7.071067813e-01 6.015009547e-01
    endloop
  endfacet
  facet normal 2.67098819e-01 5.08425010e-01 8.18634369e-01
    outer loop
      vertex 2.598919133e-01 4.338885640e-01 8.626684800e-01
      vertex 3.461530147e-01 5.161216200e-01 7.834516987e-01
      vertex 2.130228653e-01 5.712516587e-01 7.926492293e-01
    endloop
  endfacet
  facet normal 3.49825549e-01 5.85563456e-01 7.31257495e-01
    outer loop
      vertex 4.253254040e-01 5.877852520e-01 6.881909600e-01
      vertex 2.960045920e-01 6.474118933e-01 7.023098467e-01
      vertex 3.461530147e-01 5.161216200e-01 7.834516987e-01
    endloop
  endfacet
  facet normal 2.17328056e-01 6.38726558e-01 7.38103584e-01
    outer loop
      vertex 1.606220360e-01 6.937804773e-01 7.020464453e-01
      vertex 2.130228653e-01 5.712516587e-01 7.926492293e-01
      vertex 2.960045920e-01 6.474118933e-01 7.023098467e-01
    endloop
  endfacet
  facet normal 2.93108471e-01 5.81153824e-01 7.59175643e-01
    outer loop
      vertex 3.461530147e-01 5.161216200e-01 7.834516987e-01
      vertex 2.960045920e-01 6.474118933e-01 7.023098467e-01
      vertex 2.130228653e-01 5.712516587e-01 7.926492293e-01
    endloop
  endfacet
  facet normal 8.33679433e-01 8.11784483e-02 5.46249634e-01
    outer loop
      vertex 8.506508080e-01 0.00000000e+00 5.257311120e-01
      vertex 8.649293360e-01 1.312003788e-01 4.844416427e-01
      vertex 7.838430427e-01 8.108629347e-02 6.156420213e-01
    endloop
  endfacet
  facet normal 8.39787899e-01 2.11220996e-01 5.00141955e-01
    outer loop
      vertex 8.626684800e-01 2.598919133e-01 4.338885640e-01
      vertex 7.926492293e-01 2.130228653e-01 5.712516587e-01
      vertex 8.649293360e-01 1.312003788e-01 4.844416427e-01
    endloop
  endfacet
  facet normal 7.59246413e-01 1.61443621e-01 6.30460816e-01
    outer loop
      vertex 7.020464453e-01 1.606220360e-01 6.937804773e-01
      vertex 7.838430427e-01 8.108629347e-02 6.156420213e-01
      vertex 7.926492293e-01 2.130228653e-01 5.712516587e-01
    endloop
  endfacet
  facet normal 8.19634387e-01 1.32792529e-01 5.57284142e-01
    outer loop
      vertex 8.649293360e-01 1.312003788e-01 4.844416427e-01
      vertex 7.926492293e-01 2.130228653e-01 5.712516587e-01
      vertex 7.838430427e-01 8.108629347e-02 6.156420213e-01
    endloop
  endfacet
  facet normal 8.02678349e-01 4.57621692e-01 3.82478568e-01
    outer loop
      vertex 8.090169947e-01 5.000000000e-01 3.090169947e-01
      vertex 7.579354200e-01 4.684298507e-01 4.539905000e-01
      vertex 8.439114747e-01 3.836137333e-01 3.750385680e-01
    endloop
  endfacet
  facet normal 7.42099980e-01 4.20207922e-01 5.22219227e-01
    outer loop
      vertex 6.881909600e-01 4.253254040e-01 5.877852520e-01
      vertex 7.834516987e-01 3.461530147e-01 5.161216200e-01
      vertex 7.579354200e-01 4.684298507e-01 4.539905000e-01
    endloop
  endfacet
  facet normal 8.29479994e-01 3.37457178e-01 4.45068077e-01
    outer loop
      vertex 8.626684800e-01 2.598919133e-01 4.338885640e-01
      vertex 8.439114747e-01 3.836137333e-01 3.750385680e-01
      vertex 7.834516987e-01 3.461530147e-01 5.161216200e-01
    endloop
  endfacet
  facet normal 8.01685768e-01 3.95175087e-01 4.48482532e-01
    outer loop
      vertex 7.579354200e-01 4.684298507e-01 4.539905000e-01
      vertex 7.834516987e-01 3.461530147e-01 5.161216200e-01
      vertex 8.439114747e-01 3.836137333e-01 3.750385680e-01
    endloop
  endfacet
  facet normal 5.69357957e-01 3.13421759e-01 7.59998894e-01
    outer loop
      vertex 5.000000000e-01 3.090169947e-01 8.090169947e-01
      vertex 6.068251493e-01 2.370863253e-01 7.586523000e-01
      vertex 6.015009547e-01 3.717480347e-01 7.071067813e-01
    endloop
  endfacet
  facet normal 6.70527632e-01 2.39219216e-01 7.02258401e-01
    outer loop
      vertex 7.020464453e-01 1.606220360e-01 6.937804773e-01
      vertex 7.023098467e-01 2.960045920e-01 6.474118933e-01
      vertex 6.068251493e-01 2.370863253e-01 7.586523000e-01
    endloop
  endfacet
  facet normal 6.63682830e-01 3.71743458e-01 6.49100841e-01
    outer loop
      vertex 6.881909600e-01 4.253254040e-01 5.877852520e-01
      vertex 6.015009547e-01 3.717480347e-01 7.071067813e-01
      vertex 7.023098467e-01 2.960045920e-01 6.474118933e-01
    endloop
  endfacet
  facet normal 6.41557056e-01 2.96210100e-01 7.07576229e-01
    outer loop
      vertex 6.068251493e-01 2.370863253e-01 7.586523000e-01
      vertex 7.023098467e-01 2.960045920e-01 6.474118933e-01
      vertex 6.015009547e-01 3.717480347e-01 7.071067813e-01
    endloop
  endfacet
  facet normal 8.18634369e-01 2.67098819e-01 5.08425010e-01
    outer loop
      vertex 8.626684800e-01 2.598919133e-01 4.338885640e-01
      vertex 7.834516987e-01 3.461530147e-01 5.161216200e-01
      vertex 7.926492293e-01 2.130228653e-01 5.712516587e-01
    endloop
  endfacet
  facet normal 7.31257495e-01 3.49825549e-01 5.85563456e-01
    outer loop
      vertex 6.881909600e-01 4.253254040e-01 5.877852520e-01
      vertex 7.023098467e-01 2.960045920e-01 6.474118933e-01
      vertex 7.834516987e-01 3.461530147e-01 5.161216200e-01
    endloop
  endfacet
  facet normal 7.38103584e-01 2.17328056e-01 6.38726558e-01
    outer loop
      vertex 7.020464453e-01 1.606220360e-01 6.937804773e-01
      vertex 7.926492293e-01 2.130228653e-01 5.712516587e-01
      vertex 7.023098467e-01 2.960045920e-01 6.474118933e-01
    endloop
  endfacet
  facet normal 7.59175643e-01 2.93108471e-01 5.81153824e-01
    outer loop
      vertex 7.834516987e-01 3.461530147e-01 5.161216200e-01
      vertex 7.023098467e-01 2.960045920e-01 6.474118933e-01
      vertex 7.926492293e-01 2.130228653e-01 5.712516587e-01
    endloop
  endfacet
  facet normal 3.82234319e-01 7.59513561e-01 5.26342166e-01
    outer loop
      vertex 3.090169947e-01 8.090169947e-01 5.000000000e-01
      vertex 3.717480347e-01 7.071067813e-01 6.015009547e-01
      vertex 4.539905000e-01 7.579354200e-01 4.684298507e-01
    endloop
  endfacet
  facet normal 4.40461021e-01 6.48687335e-01 6.20643884e-01
    outer loop
      vertex 4.253254040e-01 5.877852520e-01 6.881909600e-01
      vertex 5.133754413e-01 6.465777920e-01 5.642542120e-01
      vertex 3.717480347e-01 7.071067813e-01 6.015009547e-01
    endloop
  endfacet
  facet normal 5.21886550e-01 6.99011079e-01 4.88894611e-01
    outer loop
      vertex 5.877852520e-01 6.881909600e-01 4.253254040e-01
      vertex 4.539905000e-01 7.579354200e-01 4.684298507e-01
      vertex 5.133754413e-01 6.465777920e-01 5.642542120e-01
    endloop
  endfacet
  facet normal 4.46516882e-01 7.08442591e-01 5.46563600e-01
    outer loop
      vertex 3.717480347e-01 7.071067813e-01 6.015009547e-01
      vertex 5.133754413e-01 6.465777920e-01 5.642542120e-01
      vertex 4.539905000e-01 7.579354200e-01 4.684298507e-01
    endloop
  endfacet
  facet normal 5.26342166e-01 3.82234319e-01 7.59513561e-01
    outer loop
      vertex 5.000000000e-01 3.090169947e-01 8.090169947e-01
      vertex 6.015009547e-01 3.717480347e-01 7.071067813e-01
      vertex 4.684298507e-01 4.539905000e-01 7.579354200e-01
    endloop
  endfacet
  facet normal 6.20643884e-01 4.40461021e-01 6.48687335e-01
    outer loop
      vertex 6.881909600e-01 4.253254040e-01 5.877852520e-01
      vertex 5.642542120e-01 5.133754413e-01 6.465777920e-01
      vertex 6.015009547e-01 3.717480347e-01 7.071067813e-01
    endloop
  endfacet
  facet normal 4.88894611e-01 5.21886550e-01 6.99011079e-01
    outer loop
      vertex 4.253254040e-01 5.877852520e-01 6.881909600e-01
      vertex 4.684298507e-01 4.539905000e-01 7.579354200e-01
      vertex 5.642542120e-01 5.133754413e-01 6.465777920e-01
    endloop
  endfacet
  facet normal 5.46563600e-01 4.46516882e-01 7.08442591e-01
    outer loop
      vertex 6.015009547e-01 3.717480347e-01 7.071067813e-01
      vertex 5.642542120e-01 5.133754413e-01 6.465777920e-01
      vertex 4.684298507e-01 4.539905000e-01 7.579354200e-01
    endloop
  endfacet
  facet normal 7.59513561e-01 5.26342166e-01 3.82234319e-01
    outer loop
      vertex 8.090169947e-01 5.000000000e-01 3.090169947e-01
      vertex 7.071067813e-01 6.015009547e-01 3.717480347e-01
      vertex 7.579354200e-01 4.684298507e-01 4.539905000e-01
    endloop
  endfacet
  facet normal 6.48687335e-01 6.20643884e-01 4.40461021e-01
    outer loop
      vertex 5.877852520e-01 6.881909600e-01 4.253254040e-01
      vertex 6.465777920e-01 5.642542120e-01 5.133754413e-01
      vertex 7.071067813e-01 6.015009547e-01 3.717480347e-01
    endloop
  endfacet
  facet normal 6.99011079e-01 4.88894611e-01 5.21886550e-01
    outer loop
      vertex 6.881909600e-01 4.253254040e-01 5.877852520e-01
      vertex 7.579354200e-01 4.684298507e-01 4.539905000e-01
      vertex 6.465777920e-01 5.642542120e-01 5.133754413e-01
    endloop
  endfacet
  facet normal 7.08442591e-01 5.46563600e-01 4.46516882e-01
    outer loop
      vertex 7.071067813e-01 6.015009547e-01 3.717480347e-01
      vertex 6.465777920e-01 5.642542120e-01 5.133754413e-01
      vertex 7.579354200e-01 4.684298507e-01 4.539905000e-01
    endloop
  endfacet
  facet normal 5.03751085e-01 5.85158785e-01 6.35471510e-01
    outer loop
      vertex 4.253254040e-01 5.877852520e-01 6.881909600e-01
      vertex 5.642542120e-01 5.133754413e-01 6.465777920e-01
      vertex 5.133754413e-01 6.465777920e-01 5.642542120e-01
    endloop
  endfacet
  facet normal 6.35471510e-01 5.03751085e-01 5.85158785e-01
    outer loop
      vertex 6.881909600e-01 4.253254040e-01 5.877852520e-01
      vertex 6.465777920e-01 5.642542120e-01 5.133754413e-01
      vertex 5.642542120e-01 5.133754413e-01 6.465777920e-01
    endloop
  endfacet
  facet normal 5.85158785e-01 6.35471510e-01 5.03751085e-01
    outer loop
      vertex 5.877852520e-01 6.881909600e-01 4.253254040e-01
      vertex 5.133754413e-01 6.465777920e-01 5.642542120e-01
      vertex 6.465777920e-01 5.642542120e-01 5.133754413e-01
    endloop
  endfacet
  facet normal 5.77350269e-01 5.77350269e-01 5.77350269e-01
    outer loop
      vertex 5.642542120e-01 5.133754413e-01 6.465777920e-01
      vertex 6.465777920e-01 5.642542120e-01 5.133754413e-01
      vertex 5.133754413e-01 6.465777920e-01 5.642542120e-01
    endloop
  endfacet
  facet normal -5.01710402e-02 4.65071185e-01 8.83850473e-01
    outer loop
      vertex 0.00000000e+00 5.257311120e-01 8.506508080e-01
      vertex -1.312003788e-01 4.844416427e-01 8.649293360e-01
      vertex 0.00000000e+00 4.033553480e-01 9.150434213e-01
    endloop
  endfacet
  facet normal -1.80319130e-01 4.19239820e-01 8.89788168e-01
    outer loop
      vertex -2.598919133e-01 4.338885640e-01 8.626684800e-01
      vertex -1.316553713e-01 3.582287933e-01 9.243046000e-01
      vertex -1.312003788e-01 4.844416427e-01 8.649293360e-01
    endloop
  endfacet
  facet normal -5.00002693e-02 3.38698334e-01 9.39565544e-01
    outer loop
      vertex 0.00000000e+00 2.732665293e-01 9.619383573e-01
      vertex 0.00000000e+00 4.033553480e-01 9.150434213e-01
      vertex -1.316553713e-01 3.582287933e-01 9.243046000e-01
    endloop
  endfacet
  facet normal -8.20702965e-02 4.24491613e-01 9.01704684e-01
    outer loop
      vertex -1.312003788e-01 4.844416427e-01 8.649293360e-01
      vertex -1.316553713e-01 3.582287933e-01 9.243046000e-01
      vertex 0.00000000e+00 4.033553480e-01 9.150434213e-01
    endloop
  endfacet
  facet normal -4.27025692e-01 3.02377202e-01 8.52183716e-01
    outer loop
      vertex -5.000000000e-01 3.090169947e-01 8.090169947e-01
      vertex -3.861873853e-01 2.386769307e-01 8.910065240e-01
      vertex -3.836137333e-01 3.750385680e-01 8.439114747e-01
    endloop
  endfacet
  facet normal -3.08167242e-01 2.28892918e-01 9.23385609e-01
    outer loop
      vertex -2.628655560e-01 1.624598480e-01 9.510565160e-01
      vertex -2.640827507e-01 3.012588787e-01 9.162441747e-01
      vertex -3.861873853e-01 2.386769307e-01 8.910065240e-01
    endloop
  endfacet
  facet normal -3.06797967e-01 3.64801223e-01 8.79087638e-01
    outer loop
      vertex -2.598919133e-01 4.338885640e-01 8.626684800e-01
      vertex -3.836137333e-01 3.750385680e-01 8.439114747e-01
      vertex -2.640827507e-01 3.012588787e-01 9.162441747e-01
    endloop
  endfacet
  facet normal -3.43196621e-01 3.12401143e-01 8.85788691e-01
    outer loop
      vertex -3.861873853e-01 2.386769307e-01 8.910065240e-01
      vertex -2.640827507e-01 3.012588787e-01 9.162441747e-01
      vertex -3.836137333e-01 3.750385680e-01 8.439114747e-01
    endloop
  endfacet
  facet normal -4.95053672e-02 6.90568093e-02 9.96383649e-01
    outer loop
      vertex 0.00000000e+00 0.00000000e+00 1.000000000e+00
      vertex 0.00000000e+00 1.379522427e-01 9.904388813e-01
      vertex -1.330711041e-01 8.224246533e-02 9.876883400e-01
    endloop
  endfacet
  facet normal -4.96076443e-02 2.05848861e-01 9.77325600e-01
    outer loop
      vertex 0.00000000e+00 2.732665293e-01 9.619383573e-01
      vertex -1.327924768e-01 2.201170280e-01 9.663925973e-01
      vertex 0.00000000e+00 1.379522427e-01 9.904388813e-01
    endloop
  endfacet
  facet normal -1.81285628e-01 1.50475768e-01 9.71850073e-01
    outer loop
      vertex -2.628655560e-01 1.624598480e-01 9.510565160e-01
      vertex -1.330711041e-01 8.224246533e-02 9.876883400e-01
      vertex -1.327924768e-01 2.201170280e-01 9.663925973e-01
    endloop
  endfacet
  facet normal -8.41029235e-02 1.52272431e-01 9.84753677e-01
    outer loop
      vertex 0.00000000e+00 1.379522427e-01 9.904388813e-01
      vertex -1.327924768e-01 2.201170280e-01 9.663925973e-01
      vertex -1.330711041e-01 8.224246533e-02 9.876883400e-01
    endloop
  endfacet
  facet normal -2.14846911e-01 3.71627739e-01 9.03179732e-01
    outer loop
      vertex -2.598919133e-01 4.338885640e-01 8.626684800e-01
      vertex -2.640827507e-01 3.012588787e-01 9.162441747e-01
      vertex -1.316553713e-01 3.582287933e-01 9.243046000e-01
    endloop
  endfacet
  facet normal -2.16204079e-01 2.35737907e-01 9.47461575e-01
    outer loop
      vertex -2.628655560e-01 1.624598480e-01 9.510565160e-01
      vertex -1.327924768e-01 2.201170280e-01 9.663925973e-01
      vertex -2.640827507e-01 3.012588787e-01 9.162441747e-01
    endloop
  endfacet
  facet normal -8.45453627e-02 2.91096954e-01 9.52950495e-01
    outer loop
      vertex 0.00000000e+00 2.732665293e-01 9.619383573e-01
      vertex -1.316553713e-01 3.582287933e-01 9.243046000e-01
      vertex -1.327924768e-01 2.201170280e-01 9.663925973e-01
    endloop
  endfacet
  facet normal -1.81150998e-01 2.88045353e-01 9.40326640e-01
    outer loop
      vertex -2.640827507e-01 3.012588787e-01 9.162441747e-01
      vertex -1.327924768e-01 2.201170280e-01 9.663925973e-01
      vertex -1.316553713e-01 3.582287933e-01 9.243046000e-01
    endloop
  endfacet
  facet normal -8.02672025e-01 0.00000000e+00 5.96420674e-01
    outer loop
      vertex -8.506508080e-01 0.00000000e+00 5.257311120e-01
      vertex -7.838430427e-01 -8.108629347e-02 6.156420213e-01
      vertex -7.838430427e-01 8.108629347e-02 6.156420213e-01
    endloop
  endfacet
  facet normal -7.28344548e-01 -8.05414856e-02 6.80461086e-01
    outer loop
      vertex -7.020464453e-01 -1.606220360e-01 6.937804773e-01
      vertex -7.112817347e-01 0.00000000e+00 7.029070307e-01
      vertex -7.838430427e-01 -8.108629347e-02 6.156420213e-01
    endloop
  endfacet
  facet normal -7.28344548e-01 8.05414856e-02 6.80461086e-01
    outer loop
      vertex -7.020464453e-01 1.606220360e-01 6.937804773e-01
      vertex -7.838430427e-01 8.108629347e-02 6.156420213e-01
      vertex -7.112817347e-01 0.00000000e+00 7.029070307e-01
    endloop
  endfacet
  facet normal -7.68912155e-01 0.00000000e+00 6.39354439e-01
    outer loop
      vertex -7.838430427e-01 -8.108629347e-02 6.156420213e-01
      vertex -7.112817347e-01 0.00000000e+00 7.029070307e-01
      vertex -7.838430427e-01 8.108629347e-02 6.156420213e-01
    endloop
  endfacet
  facet normal -5.38761957e-01 -2.33320392e-01 8.09504261e-01
    outer loop
      vertex -5.000000000e-01 -3.090169947e-01 8.090169947e-01
      vertex -5.192584893e-01 -1.564344653e-01 8.401778853e-01
      vertex -6.068251493e-01 -2.370863253e-01 7.586523000e-01
    endloop
  endfacet
  facet normal -5.51642150e-01 -7.84171500e-02 8.30386469e-01
    outer loop
      vertex -5.257311120e-01 0.00000000e+00 8.506508080e-01
      vertex -6.202395827e-01 -8.114185160e-02 7.802043707e-01
      vertex -5.192584893e-01 -1.564344653e-01 8.401778853e-01
    endloop
  endfacet
  facet normal -6.39868422e-01 -1.58952361e-01 7.51866045e-01
    outer loop
      vertex -7.020464453e-01 -1.606220360e-01 6.937804773e-01
      vertex -6.068251493e-01 -2.370863253e-01 7.586523000e-01
      vertex -6.202395827e-01 -8.114185160e-02 7.802043707e-01
    endloop
  endfacet
  facet normal -5.89578591e-01 -1.60128712e-01 7.91679153e-01
    outer loop
      vertex -5.192584893e-01 -1.564344653e-01 8.401778853e-01
      vertex -6.202395827e-01 -8.114185160e-02 7.802043707e-01
      vertex -6.068251493e-01 -2.370863253e-01 7.586523000e-01
    endloop
  endfacet
  facet normal -5.38761957e-01 2.33320392e-01 8.09504261e-01
    outer loop
      vertex -5.000000000e-01 3.090169947e-01 8.090169947e-01
      vertex -6.068251493e-01 2.370863253e-01 7.586523000e-01
      vertex -5.192584893e-01 1.564344653e-01 8.401778853e-01
    endloop
  endfacet
  facet normal -6.39868422e-01 1.58952361e-01 7.51866045e-01
    outer loop
      vertex -7.020464453e-01 1.606220360e-01 6.937804773e-01
      vertex -6.202395827e-01 8.114185160e-02 7.802043707e-01
      vertex -6.068251493e-01 2.370863253e-01 7.586523000e-01
    endloop
  endfacet
  facet normal -5.51642150e-01 7.84171500e-02 8.30386469e-01
    outer loop
      vertex -5.257311120e-01 0.00000000e+00 8.506508080e-01
      vertex -5.192584893e-01 1.564344653e-01 8.401778853e-01
      vertex -6.202395827e-01 8.114185160e-02 7.802043707e-01
    endloop
  endfacet
  facet normal -5.89578591e-01 1.60128712e-01 7.91679153e-01
    outer loop
      vertex -6.068251493e-01 2.370863253e-01 7.586523000e-01
      vertex -6.202395827e-01 8.114185160e-02 7.802043707e-01
      vertex -5.192584893e-01 1.564344653e-01 8.401778853e-01
    endloop
  endfacet
  facet normal -6.85851676e-01 -8.05307856e-02 7.23271921e-01
    outer loop
      vertex -7.020464453e-01 -1.606220360e-01 6.937804773e-01
      vertex -6.202395827e-01 -8.114185160e-02 7.802043707e-01
      vertex -7.112817347e-01 0.00000000e+00 7.029070307e-01
    endloop
  endfacet
  facet normal -5.97636026e-01 0.00000000e+00 8.01767535e-01
    outer loop
      vertex -5.257311120e-01 0.00000000e+00 8.506508080e-01
      vertex -6.202395827e-01 8.114185160e-02 7.802043707e-01
      vertex -6.202395827e-01 -8.114185160e-02 7.802043707e-01
    endloop
  endfacet
  facet normal -6.85851676e-01 8.05307856e-02 7.23271921e-01
    outer loop
      vertex -7.020464453e-01 1.606220360e-01 6.937804773e-01
      vertex -7.112817347e-01 0.00000000e+00 7.029070307e-01
      vertex -6.202395827e-01 8.114185160e-02 7.802043707e-01
    endloop
  endfacet
  facet normal -6.47218169e-01 0.00000000e+00 7.62304822e-01
    outer loop
      vertex -6.202395827e-01 -8.114185160e-02 7.802043707e-01
      vertex -6.202395827e-01 8.114185160e-02 7.802043707e-01
      vertex -7.112817347e-01 0.00000000e+00 7.029070307e-01
    endloop
  endfacet
  facet normal -5.01710402e-02 -4.65071185e-01 8.83850473e-01
    outer loop
      vertex 0.00000000e+00 -5.257311120e-01 8.506508080e-01
      vertex 0.00000000e+00 -4.033553480e-01 9.150434213e-01
      vertex -1.312003788e-01 -4.844416427e-01 8.649293360e-01
    endloop
  endfacet
  facet normal -5.00002693e-02 -3.38698334e-01 9.39565544e-01
    outer loop
      vertex 0.00000000e+00 -2.732665293e-01 9.619383573e-01
      vertex -1.316553713e-01 -3.582287933e-01 9.243046000e-01
      vertex 0.00000000e+00 -4.033553480e-01 9.150434213e-01
    endloop
  endfacet
  facet normal -1.80319130e-01 -4.19239820e-01 8.89788168e-01
    outer loop
      vertex -2.598919133e-01 -4.338885640e-01 8.626684800e-01
      vertex -1.312003788e-01 -4.844416427e-01 8.649293360e-01
      vertex -1.316553713e-01 -3.582287933e-01 9.243046000e-01
    endloop
  endfacet
  facet normal -8.20702965e-02 -4.24491613e-01 9.01704684e-01
    outer loop
      vertex 0.00000000e+00 -4.033553480e-01 9.150434213e-01
      vertex -1.316553713e-01 -3.582287933e-01 9.243046000e-01
      vertex -1.312003788e-01 -4.844416427e-01 8.649293360e-01
    endloop
  endfacet
  facet normal -4.95053672e-02 -6.90568093e-02 9.96383649e-01
    outer loop
      vertex 0.00000000e+00 0.00000000e+00 1.000000000e+00
      vertex -1.330711041e-01 -8.224246533e-02 9.876883400e-01
      vertex 0.00000000e+00 -1.379522427e-01 9.904388813e-01
    endloop
  endfacet
  facet normal -1.81285628e-01 -1.50475768e-01 9.71850073e-01
    outer loop
      vertex -2.628655560e-01 -1.624598480e-01 9.510565160e-01
      vertex -1.327924768e-01 -2.201170280e-01 9.663925973e-01
      vertex -1.330711041e-01 -8.224246533e-02 9.876883400e-01
    endloop
  endfacet
  facet normal -4.96076443e-02 -2.05848861e-01 9.77325600e-01
    outer loop
      vertex 0.00000000e+00 -2.732665293e-01 9.619383573e-01
      vertex 0.00000000e+00 -1.379522427e-01 9.904388813e-01
      vertex -1.327924768e-01 -2.201170280e-01 9.663925973e-01
    endloop
  endfacet
  facet normal -8.41029235e-02 -1.52272431e-01 9.84753677e-01
    outer loop
      vertex -1.330711041e-01 -8.224246533e-02 9.876883400e-01
      vertex -1.327924768e-01 -2.201170280e-01 9.663925973e-01
      vertex 0.00000000e+00 -1.379522427e-01 9.904388813e-01
    endloop
  endfacet
  facet normal -4.27025692e-01 -3.02377202e-01 8.52183716e-01
    outer loop
      vertex -5.000000000e-01 -3.090169947e-01 8.090169947e-01
      vertex -3.836137333e-01 -3.750385680e-01 8.439114747e-01
      vertex -3.861873853e-01 -2.386769307e-01 8.910065240e-01
    endloop
  endfacet
  facet normal -3.06797967e-01 -3.64801223e-01 8.79087638e-01
    outer loop
      vertex -2.598919133e-01 -4.338885640e-01 8.626684800e-01
      vertex -2.640827507e-01 -3.012588787e-01 9.162441747e-01
      vertex -3.836137333e-01 -3.750385680e-01 8.439114747e-01
    endloop
  endfacet
  facet normal -3.08167242e-01 -2.28892918e-01 9.23385609e-01
    outer loop
      vertex -2.628655560e-01 -1.624598480e-01 9.510565160e-01
      vertex -3.861873853e-01 -2.386769307e-01 8.910065240e-01
      vertex -2.640827507e-01 -3.012588787e-01 9.162441747e-01
    endloop
  endfacet
  facet normal -3.43196621e-01 -3.12401143e-01 8.85788691e-01
    outer loop
      vertex -3.836137333e-01 -3.750385680e-01 8.439114747e-01
      vertex -2.640827507e-01 -3.012588787e-01 9.162441747e-01
      vertex -3.861873853e-01 -2.386769307e-01 8.910065240e-01
    endloop
  endfacet
  facet normal -8.45453627e-02 -2.91096954e-01 9.52950495e-01
    outer loop
      vertex 0.00000000e+00 -2.732665293e-01 9.619383573e-01
      vertex -1.327924768e-01 -2.201170280e-01 9.663925973e-01
      vertex -1.316553713e-01 -3.582287933e-01 9.243046000e-01
    endloop
  endfacet
  facet normal -2.16204079e-01 -2.35737907e-01 9.47461575e-01
    outer loop
      vertex -2.628655560e-01 -1.624598480e-01 9.510565160e-01
      vertex -2.640827507e-01 -3.012588787e-01 9.162441747e-01
      vertex -1.327924768e-01 -2.201170280e-01 9.663925973e-01
    endloop
  endfacet
  facet normal -2.14846911e-01 -3.71627739e-01 9.03179732e-01
    outer loop
      vertex -2.598919133e-01 -4.338885640e-01 8.626684800e-01
      vertex -1.316553713e-01 -3.582287933e-01 9.243046000e-01
      vertex -2.640827507e-01 -3.012588787e-01 9.162441747e-01
    endloop
  endfacet
  facet normal -1.81150998e-01 -2.88045353e-01 9.40326640e-01
    outer loop
      vertex -1.327924768e-01 -2.201170280e-01 9.663925973e-01
      vertex -2.640827507e-01 -3.012588787e-01 9.162441747e-01
      vertex -1.316553713e-01 -3.582287933e-01 9.243046000e-01
    endloop
  endfacet
  facet normal -4.69405196e-01 2.33171395e-01 8.51639515e-01
    outer loop
      vertex -5.000000000e-01 3.090169947e-01 8.090169947e-01
      vertex -5.192584893e-01 1.564344653e-01 8.401778853e-01
      vertex -3.861873853e-01 2.386769307e-01 8.910065240e-01
    endloop
  endfacet
  facet normal -4.82336350e-01 7.83671947e-02 8.72473626e-01
    outer loop
      vertex -5.257311120e-01 0.00000000e+00 8.506508080e-01
      vertex -3.996070520e-01 8.232358000e-02 9.129824933e-01
      vertex -5.192584893e-01 1.564344653e-01 8.401778853e-01
    endloop
  endfacet
  facet normal -3.50587076e-01 1.59792724e-01 9.22797371e-01
    outer loop
      vertex -2.628655560e-01 1.624598480e-01 9.510565160e-01
      vertex -3.861873853e-01 2.386769307e-01 8.910065240e-01
      vertex -3.996070520e-01 8.232358000e-02 9.129824933e-01
    endloop
  endfacet
  facet normal -4.37841600e-01 1.61878990e-01 8.84358483e-01
    outer loop
      vertex -5.192584893e-01 1.564344653e-01 8.401778853e-01
      vertex -3.996070520e-01 8.232358000e-02 9.129824933e-01
      vertex -3.861873853e-01 2.386769307e-01 8.910065240e-01
    endloop
  endfacet
  facet normal -4.69405196e-01 -2.33171395e-01 8.51639515e-01
    outer loop
      vertex -5.000000000e-01 -3.090169947e-01 8.090169947e-01
      vertex -3.861873853e-01 -2.386769307e-01 8.910065240e-01
      vertex -5.192584893e-01 -1.564344653e-01 8.401778853e-01
    endloop
  endfacet
  facet normal -3.50587076e-01 -1.59792724e-01 9.22797371e-01
    outer loop
      vertex -2.628655560e-01 -1.624598480e-01 9.510565160e-01
      vertex -3.996070520e-01 -8.232358000e-02 9.129824933e-01
      vertex -3.861873853e-01 -2.386769307e-01 8.910065240e-01
    endloop
  endfacet
  facet normal -4.82336350e-01 -7.83671947e-02 8.72473626e-01
    outer loop
      vertex -5.257311120e-01 0.00000000e+00 8.506508080e-01
      vertex -5.192584893e-01 -1.564344653e-01 8.401778853e-01
      vertex -3.996070520e-01 -8.232358000e-02 9.129824933e-01
    endloop
  endfacet
  facet normal -4.37841600e-01 -1.61878990e-01 8.84358483e-01
    outer loop
      vertex -3.861873853e-01 -2.386769307e-01 8.910065240e-01
      vertex -3.996070520e-01 -8.232358000e-02 9.129824933e-01
      vertex -5.192584893e-01 -1.564344653e-01 8.401778853e-01
    endloop
  endfacet
  facet normal -9.21259537e-02 0.00000000e+00 9.95747362e-01
    outer loop
      vertex 0.00000000e+00 0.00000000e+00 1.000000000e+00
      vertex -1.330711041e-01 8.224246533e-02 9.876883400e-01
      vertex -1.330711041e-01 -8.224246533e-02 9.876883400e-01
    endloop
  endfacet
  facet normal -2.23786292e-01 8.14255288e-02 9.71230961e-01
    outer loop
      vertex -2.628655560e-01 1.624598480e-01 9.510565160e-01
      vertex -2.664047013e-01 0.00000000e+00 9.638612640e-01
      vertex -1.330711041e-01 8.224246533e-02 9.876883400e-01
    endloop
  endfacet
  facet normal -2.23786292e-01 -8.14255288e-02 9.71230961e-01
    outer loop
      vertex -2.628655560e-01 -1.624598480e-01 9.510565160e-01
      vertex -1.330711041e-01 -8.224246533e-02 9.876883400e-01
      vertex -2.664047013e-01 0.00000000e+00 9.638612640e-01
    endloop
  endfacet
  facet normal -1.75915892e-01 0.00000000e+00 9.84405201e-01
    outer loop
      vertex -1.330711041e-01 8.224246533e-02 9.876883400e-01
      vertex -2.664047013e-01 0.00000000e+00 9.638612640e-01
      vertex -1.330711041e-01 -8.224246533e-02 9.876883400e-01
    endloop
  endfacet
  facet normal -4.43055717e-01 0.00000000e+00 8.96494078e-01
    outer loop
      vertex -5.257311120e-01 0.00000000e+00 8.506508080e-01
      vertex -3.996070520e-01 -8.232358000e-02 9.129824933e-01
      vertex -3.996070520e-01 8.232358000e-02 9.129824933e-01
    endloop
  endfacet
  facet normal -3.11335293e-01 -8.14076995e-02 9.46806803e-01
    outer loop
      vertex -2.628655560e-01 -1.624598480e-01 9.510565160e-01
      vertex -2.664047013e-01 0.00000000e+00 9.638612640e-01
      vertex -3.996070520e-01 -8.232358000e-02 9.129824933e-01
    endloop
  endfacet
  facet normal -3.11335293e-01 8.14076995e-02 9.46806803e-01
    outer loop
      vertex -2.628655560e-01 1.624598480e-01 9.510565160e-01
      vertex -3.996070520e-01 8.232358000e-02 9.129824933e-01
      vertex -2.664047013e-01 0.00000000e+00 9.638612640e-01
    endloop
  endfacet
  facet normal -3.56822090e-01 0.00000000e+00 9.34172359e-01
    outer loop
      vertex -3.996070520e-01 -8.232358000e-02 9.129824933e-01
      vertex -2.664047013e-01 0.00000000e+00 9.638612640e-01
      vertex -3.996070520e-01 8.232358000e-02 9.129824933e-01
    endloop
  endfacet
  facet normal -8.83850473e-01 -5.01710402e-02 4.65071185e-01
    outer loop
      vertex -8.506508080e-01 0.00000000e+00 5.257311120e-01
      vertex -9.150434213e-01 0.00000000e+00 4.033553480e-01
      vertex -8.649293360e-01 -1.312003788e-01 4.844416427e-01
    endloop
  endfacet
  facet normal -9.39565544e-01 -5.00002693e-02 3.38698334e-01
    outer loop
      vertex -9.619383573e-01 0.00000000e+00 2.732665293e-01
      vertex -9.243046000e-01 -1.316553713e-01 3.582287933e-01
      vertex -9.150434213e-01 0.00000000e+00 4.033553480e-01
    endloop
  endfacet
  facet normal -8.89788168e-01 -1.80319130e-01 4.19239820e-01
    outer loop
      vertex -8.626684800e-01 -2.598919133e-01 4.338885640e-01
      vertex -8.649293360e-01 -1.312003788e-01 4.844416427e-01
      vertex -9.243046000e-01 -1.316553713e-01 3.582287933e-01
    endloop
  endfacet
  facet normal -9.01704684e-01 -8.20702965e-02 4.24491613e-01
    outer loop
      vertex -9.150434213e-01 0.00000000e+00 4.033553480e-01
      vertex -9.243046000e-01 -1.316553713e-01 3.582287933e-01
      vertex -8.649293360e-01 -1.312003788e-01 4.844416427e-01
    endloop
  endfacet
  facet normal -9.96383649e-01 -4.95053672e-02 6.90568093e-02
    outer loop
      vertex -1.000000000e+00 0.00000000e+00 0.00000000e+00
      vertex -9.876883400e-01 -1.330711041e-01 8.224246533e-02
      vertex -9.904388813e-01 0.00000000e+00 1.379522427e-01
    endloop
  endfacet
  facet normal -9.71850073e-01 -1.81285628e-01 1.50475768e-01
    outer loop
      vertex -9.510565160e-01 -2.628655560e-01 1.624598480e-01
      vertex -9.663925973e-01 -1.327924768e-01 2.201170280e-01
      vertex -9.876883400e-01 -1.330711041e-01 8.224246533e-02
    endloop
  endfacet
  facet normal -9.77325600e-01 -4.96076443e-02 2.05848861e-01
    outer loop
      vertex -9.619383573e-01 0.00000000e+00 2.732665293e-01
      vertex -9.904388813e-01 0.00000000e+00 1.379522427e-01
      vertex -9.663925973e-01 -1.327924768e-01 2.201170280e-01
    endloop
  endfacet
  facet normal -9.84753677e-01 -8.41029235e-02 1.52272431e-01
    outer loop
      vertex -9.876883400e-01 -1.330711041e-01 8.224246533e-02
      vertex -9.663925973e-01 -1.327924768e-01 2.201170280e-01
      vertex -9.904388813e-01 0.00000000e+00 1.379522427e-01
    endloop
  endfacet
  facet normal -8.52183716e-01 -4.27025692e-01 3.02377202e-01
    outer loop
      vertex -8.090169947e-01 -5.000000000e-01 3.090169947e-01
      vertex -8.439114747e-01 -3.836137333e-01 3.750385680e-01
      vertex -8.910065240e-01 -3.861873853e-01 2.386769307e-01
    endloop
  endfacet
  facet normal -8.79087638e-01 -3.06797967e-01 3.64801223e-01
    outer loop
      vertex -8.626684800e-01 -2.598919133e-01 4.338885640e-01
      vertex -9.162441747e-01 -2.640827507e-01 3.012588787e-01
      vertex -8.439114747e-01 -3.836137333e-01 3.750385680e-01
    endloop
  endfacet
  facet normal -9.23385609e-01 -3.08167242e-01 2.28892918e-01
    outer loop
      vertex -9.510565160e-01 -2.628655560e-01 1.624598480e-01
      vertex -8.910065240e-01 -3.861873853e-01 2.386769307e-01
      vertex -9.162441747e-01 -2.640827507e-01 3.012588787e-01
    endloop
  endfacet
  facet normal -8.85788691e-01 -3.43196621e-01 3.12401143e-01
    outer loop
      vertex -8.439114747e-01 -3.836137333e-01 3.750385680e-01
      vertex -9.162441747e-01 -2.640827507e-01 3.012588787e-01
      vertex -8.910065240e-01 -3.861873853e-01 2.386769307e-01
    endloop
  endfacet
  facet normal -9.52950495e-01 -8.45453627e-02 2.91096954e-01
    outer loop
      vertex -9.619383573e-01 0.00000000e+00 2.732665293e-01
      vertex -9.663925973e-01 -1.327924768e-01 2.201170280e-01
      vertex -9.243046000e-01 -1.316553713e-01 3.582287933e-01
    endloop
  endfacet
  facet normal -9.47461575e-01 -2.16204079e-01 2.35737907e-01
    outer loop
      vertex -9.510565160e-01 -2.628655560e-01 1.624598480e-01
      vertex -9.162441747e-01 -2.640827507e-01 3.012588787e-01
      vertex -9.663925973e-01 -1.327924768e-01 2.201170280e-01
    endloop
  endfacet
  facet normal -9.03179732e-01 -2.14846911e-01 3.71627739e-01
    outer loop
      vertex -8.626684800e-01 -2.598919133e-01 4.338885640e-01
      vertex -9.243046000e-01 -1.316553713e-01 3.582287933e-01
      vertex -9.162441747e-01 -2.640827507e-01 3.012588787e-01
    endloop
  endfacet
  facet normal -9.40326640e-01 -1.81150998e-01 2.88045353e-01
    outer loop
      vertex -9.663925973e-01 -1.327924768e-01 2.201170280e-01
      vertex -9.162441747e-01 -2.640827507e-01 3.012588787e-01
      vertex -9.243046000e-01 -1.316553713e-01 3.582287933e-01
    endloop
  endfacet
  facet normal -8.83850473e-01 -5.01710402e-02 -4.65071185e-01
    outer loop
      vertex -8.506508080e-01 0.00000000e+00 -5.257311120e-01
      vertex -8.649293360e-01 -1.312003788e-01 -4.844416427e-01
      vertex -9.150434213e-01 0.00000000e+00 -4.033553480e-01
    endloop
  endfacet
  facet normal -8.89788168e-01 -1.80319130e-01 -4.19239820e-01
    outer loop
      vertex -8.626684800e-01 -2.598919133e-01 -4.338885640e-01
      vertex -9.243046000e-01 -1.316553713e-01 -3.582287933e-01
      vertex -8.649293360e-01 -1.312003788e-01 -4.844416427e-01
    endloop
  endfacet
  facet normal -9.39565544e-01 -5.00002693e-02 -3.38698334e-01
    outer loop
      vertex -9.619383573e-01 0.00000000e+00 -2.732665293e-01
      vertex -9.150434213e-01 0.00000000e+00 -4.033553480e-01
      vertex -9.243046000e-01 -1.316553713e-01 -3.582287933e-01
    endloop
  endfacet
  facet normal -9.01704684e-01 -8.20702965e-02 -4.24491613e-01
    outer loop
      vertex -8.649293360e-01 -1.312003788e-01 -4.844416427e-01
      vertex -9.243046000e-01 -1.316553713e-01 -3.582287933e-01
      vertex -9.150434213e-01 0.00000000e+00 -4.033553480e-01
    endloop
  endfacet
  facet normal -8.52183716e-01 -4.27025692e-01 -3.02377202e-01
    outer loop
      vertex -8.090169947e-01 -5.000000000e-01 -3.090169947e-01
      vertex -8.910065240e-01 -3.861873853e-01 -2.386769307e-01
      vertex -8.439114747e-01 -3.836137333e-01 -3.750385680e-01
    endloop
  endfacet
  facet normal -9.23385609e-01 -3.08167242e-01 -2.28892918e-01
    outer loop
      vertex -9.510565160e-01 -2.628655560e-01 -1.624598480e-01
      vertex -9.162441747e-01 -2.640827507e-01 -3.012588787e-01
      vertex -8.910065240e-01 -3.861873853e-01 -2.386769307e-01
    endloop
  endfacet
  facet normal -8.79087638e-01 -3.06797967e-01 -3.64801223e-01
    outer loop
      vertex -8.626684800e-01 -2.598919133e-01 -4.338885640e-01
      vertex -8.439114747e-01 -3.836137333e-01 -3.750385680e-01
      vertex -9.162441747e-01 -2.640827507e-01 -3.012588787e-01
    endloop
  endfacet
  facet normal -8.85788691e-01 -3.43196621e-01 -3.12401143e-01
    outer loop
      vertex -8.910065240e-01 -3.861873853e-01 -2.386769307e-01
      vertex -9.162441747e-01 -2.640827507e-01 -3.012588787e-01
      vertex -8.439114747e-01 -3.836137333e-01 -3.750385680e-01
    endloop
  endfacet
  facet normal -9.96383649e-01 -4.95053672e-02 -6.90568093e-02
    outer loop
      vertex -1.000000000e+00 0.00000000e+00 0.00000000e+00
      vertex -9.904388813e-01 0.00000000e+00 -1.379522427e-01
      vertex -9.876883400e-01 -1.330711041e-01 -8.224246533e-02
    endloop
  endfacet
  facet normal -9.77325600e-01 -4.96076443e-02 -2.05848861e-01
    outer loop
      vertex -9.619383573e-01 0.00000000e+00 -2.732665293e-01
      vertex -9.663925973e-01 -1.327924768e-01 -2.201170280e-01
      vertex -9.904388813e-01 0.00000000e+00 -1.379522427e-01
    endloop
  endfacet
  facet normal -9.71850073e-01 -1.81285628e-01 -1.50475768e-01
    outer loop
      vertex -9.510565160e-01 -2.628655560e-01 -1.624598480e-01
      vertex -9.876883400e-01 -1.330711041e-01 -8.224246533e-02
      vertex -9.663925973e-01 -1.327924768e-01 -2.201170280e-01
    endloop
  endfacet
  facet normal -9.84753677e-01 -8.41029235e-02 -1.52272431e-01
    outer loop
      vertex -9.904388813e-01 0.00000000e+00 -1.379522427e-01
      vertex -9.663925973e-01 -1.327924768e-01 -2.201170280e-01
      vertex -9.876883400e-01 -1.330711041e-01 -8.224246533e-02
    endloop
  endfacet
  facet normal -9.03179732e-01 -2.14846911e-01 -3.71627739e-01
    outer loop
      vertex -8.626684800e-01 -2.598919133e-01 -4.338885640e-01
      vertex -9.162441747e-01 -2.640827507e-01 -3.012588787e-01
      vertex -9.243046000e-01 -1.316553713e-01 -3.582287933e-01
    endloop
  endfacet
  facet normal -9.47461575e-01 -2.16204079e-01 -2.35737907e-01
    outer loop
      vertex -9.510565160e-01 -2.628655560e-01 -1.624598480e-01
      vertex -9.663925973e-01 -1.327924768e-01 -2.201170280e-01
      vertex -9.162441747e-01 -2.640827507e-01 -3.012588787e-01
    endloop
  endfacet
  facet normal -9.52950495e-01 -8.45453627e-02 -2.91096954e-01
    outer loop
      vertex -9.619383573e-01 0.00000000e+00 -2.732665293e-01
      vertex -9.243046000e-01 -1.316553713e-01 -3.582287933e-01
      vertex -9.663925973e-01 -1.327924768e-01 -2.201170280e-01
    endloop
  endfacet
  facet normal -9.40326640e-01 -1.81150998e-01 -2.88045353e-01
    outer loop
      vertex -9.162441747e-01 -2.640827507e-01 -3.012588787e-01
      vertex -9.663925973e-01 -1.327924768e-01 -2.201170280e-01
      vertex -9.243046000e-01 -1.316553713e-01 -3.582287933e-01
    endloop
  endfacet
  facet normal -5.96420674e-01 -8.02672025e-01 0.00000000e+00
    outer loop
      vertex -5.257311120e-01 -8.506508080e-01 0.00000000e+00
      vertex -6.156420213e-01 -7.838430427e-01 8.108629347e-02
      vertex -6.156420213e-01 -7.838430427e-01 -8.108629347e-02
    endloop
  endfacet
  facet normal -6.80461086e-01 -7.28344548e-01 8.05414856e-02
    outer loop
      vertex -6.937804773e-01 -7.020464453e-01 1.606220360e-01
      vertex -7.029070307e-01 -7.112817347e-01 0.00000000e+00
      vertex -6.156420213e-01 -7.838430427e-01 8.108629347e-02
    endloop
  endfacet
  facet normal -6.80461086e-01 -7.28344548e-01 -8.05414856e-02
    outer loop
      vertex -6.937804773e-01 -7.020464453e-01 -1.606220360e-01
      vertex -6.156420213e-01 -7.838430427e-01 -8.108629347e-02
      vertex -7.029070307e-01 -7.112817347e-01 0.00000000e+00
    endloop
  endfacet
  facet normal -6.39354439e-01 -7.68912155e-01 -0.00000000e+00
    outer loop
      vertex -6.156420213e-01 -7.838430427e-01 8.108629347e-02
      vertex -7.029070307e-01 -7.112817347e-01 0.00000000e+00
      vertex -6.156420213e-01 -7.838430427e-01 -8.108629347e-02
    endloop
  endfacet
  facet normal -8.09504261e-01 -5.38761957e-01 2.33320392e-01
    outer loop
      vertex -8.090169947e-01 -5.000000000e-01 3.090169947e-01
      vertex -8.401778853e-01 -5.192584893e-01 1.564344653e-01
      vertex -7.586523000e-01 -6.068251493e-01 2.370863253e-01
    endloop
  endfacet
  facet normal -8.30386469e-01 -5.51642150e-01 7.84171500e-02
    outer loop
      vertex -8.506508080e-01 -5.257311120e-01 0.00000000e+00
      vertex -7.802043707e-01 -6.202395827e-01 8.114185160e-02
      vertex -8.401778853e-01 -5.192584893e-01 1.564344653e-01
    endloop
  endfacet
  facet normal -7.51866045e-01 -6.39868422e-01 1.58952361e-01
    outer loop
      vertex -6.937804773e-01 -7.020464453e-01 1.606220360e-01
      vertex -7.586523000e-01 -6.068251493e-01 2.370863253e-01
      vertex -7.802043707e-01 -6.202395827e-01 8.114185160e-02
    endloop
  endfacet
  facet normal -7.91679153e-01 -5.89578591e-01 1.60128712e-01
    outer loop
      vertex -8.401778853e-01 -5.192584893e-01 1.564344653e-01
      vertex -7.802043707e-01 -6.202395827e-01 8.114185160e-02
      vertex -7.586523000e-01 -6.068251493e-01 2.370863253e-01
    endloop
  endfacet
  facet normal -8.09504261e-01 -5.38761957e-01 -2.33320392e-01
    outer loop
      vertex -8.090169947e-01 -5.000000000e-01 -3.090169947e-01
      vertex -7.586523000e-01 -6.068251493e-01 -2.370863253e-01
      vertex -8.401778853e-01 -5.192584893e-01 -1.564344653e-01
    endloop
  endfacet
  facet normal -7.51866045e-01 -6.39868422e-01 -1.58952361e-01
    outer loop
      vertex -6.937804773e-01 -7.020464453e-01 -1.606220360e-01
      vertex -7.802043707e-01 -6.202395827e-01 -8.114185160e-02
      vertex -7.586523000e-01 -6.068251493e-01 -2.370863253e-01
    endloop
  endfacet
  facet normal -8.30386469e-01 -5.51642150e-01 -7.84171500e-02
    outer loop
      vertex -8.506508080e-01 -5.257311120e-01 0.00000000e+00
      vertex -8.401778853e-01 -5.192584893e-01 -1.564344653e-01
      vertex -7.802043707e-01 -6.202395827e-01 -8.114185160e-02
    endloop
  endfacet
  facet normal -7.91679153e-01 -5.89578591e-01 -1.60128712e-01
    outer loop
      vertex -7.586523000e-01 -6.068251493e-01 -2.370863253e-01
      vertex -7.802043707e-01 -6.202395827e-01 -8.114185160e-02
      vertex -8.401778853e-01 -5.192584893e-01 -1.564344653e-01
    endloop
  endfacet
  facet normal -7.23271921e-01 -6.85851676e-01 8.05307856e-02
    outer loop
      vertex -6.937804773e-01 -7.020464453e-01 1.606220360e-01
      vertex -7.802043707e-01 -6.202395827e-01 8.114185160e-02
      vertex -7.029070307e-01 -7.112817347e-01 0.00000000e+00
    endloop
  endfacet
  facet normal -8.01767535e-01 -5.97636026e-01 0.00000000e+00
    outer loop
      vertex -8.506508080e-01 -5.257311120e-01 0.00000000e+00
      vertex -7.802043707e-01 -6.202395827e-01 -8.114185160e-02
      vertex -7.802043707e-01 -6.202395827e-01 8.114185160e-02
    endloop
  endfacet
  facet normal -7.23271921e-01 -6.85851676e-01 -8.05307856e-02
    outer loop
      vertex -6.937804773e-01 -7.020464453e-01 -1.606220360e-01
      vertex -7.029070307e-01 -7.112817347e-01 0.00000000e+00
      vertex -7.802043707e-01 -6.202395827e-01 -8.114185160e-02
    endloop
  endfacet
  facet normal -7.62304822e-01 -6.47218169e-01 -0.00000000e+00
    outer loop
      vertex -7.802043707e-01 -6.202395827e-01 8.114185160e-02
      vertex -7.802043707e-01 -6.202395827e-01 -8.114185160e-02
      vertex -7.029070307e-01 -7.112817347e-01 0.00000000e+00
    endloop
  endfacet
  facet normal -9.95747362e-01 -9.21259537e-02 0.00000000e+00
    outer loop
      vertex -1.000000000e+00 0.00000000e+00 0.00000000e+00
      vertex -9.876883400e-01 -1.330711041e-01 -8.224246533e-02
      vertex -9.876883400e-01 -1.330711041e-01 8.224246533e-02
    endloop
  endfacet
  facet normal -9.71230961e-01 -2.23786292e-01 -8.14255288e-02
    outer loop
      vertex -9.510565160e-01 -2.628655560e-01 -1.624598480e-01
      vertex -9.638612640e-01 -2.664047013e-01 0.00000000e+00
      vertex -9.876883400e-01 -1.330711041e-01 -8.224246533e-02
    endloop
  endfacet
  facet normal -9.71230961e-01 -2.23786292e-01 8.14255288e-02
    outer loop
      vertex -9.510565160e-01 -2.628655560e-01 1.624598480e-01
      vertex -9.876883400e-01 -1.330711041e-01 8.224246533e-02
      vertex -9.638612640e-01 -2.664047013e-01 0.00000000e+00
    endloop
  endfacet
  facet normal -9.84405201e-01 -1.75915892e-01 0.00000000e+00
    outer loop
      vertex -9.876883400e-01 -1.330711041e-01 -8.224246533e-02
      vertex -9.638612640e-01 -2.664047013e-01 0.00000000e+00
      vertex -9.876883400e-01 -1.330711041e-01 8.224246533e-02
    endloop
  endfacet
  facet normal -8.51639515e-01 -4.69405196e-01 -2.33171395e-01
    outer loop
      vertex -8.090169947e-01 -5.000000000e-01 -3.090169947e-01
      vertex -8.401778853e-01 -5.192584893e-01 -1.564344653e-01
      vertex -8.910065240e-01 -3.861873853e-01 -2.386769307e-01
    endloop
  endfacet
  facet normal -8.72473626e-01 -4.82336350e-01 -7.83671947e-02
    outer loop
      vertex -8.506508080e-01 -5.257311120e-01 0.00000000e+00
      vertex -9.129824933e-01 -3.996070520e-01 -8.232358000e-02
      vertex -8.401778853e-01 -5.192584893e-01 -1.564344653e-01
    endloop
  endfacet
  facet normal -9.22797371e-01 -3.50587076e-01 -1.59792724e-01
    outer loop
      vertex -9.510565160e-01 -2.628655560e-01 -1.624598480e-01
      vertex -8.910065240e-01 -3.861873853e-01 -2.386769307e-01
      vertex -9.129824933e-01 -3.996070520e-01 -8.232358000e-02
    endloop
  endfacet
  facet normal -8.84358483e-01 -4.37841600e-01 -1.61878990e-01
    outer loop
      vertex -8.401778853e-01 -5.192584893e-01 -1.564344653e-01
      vertex -9.129824933e-01 -3.996070520e-01 -8.232358000e-02
      vertex -8.910065240e-01 -3.861873853e-01 -2.386769307e-01
    endloop
  endfacet
  facet normal -8.51639515e-01 -4.69405196e-01 2.33171395e-01
    outer loop
      vertex -8.090169947e-01 -5.000000000e-01 3.090169947e-01
      vertex -8.910065240e-01 -3.861873853e-01 2.386769307e-01
      vertex -8.401778853e-01 -5.192584893e-01 1.564344653e-01
    endloop
  endfacet
  facet normal -9.22797371e-01 -3.50587076e-01 1.59792724e-01
    outer loop
      vertex -9.510565160e-01 -2.628655560e-01 1.624598480e-01
      vertex -9.129824933e-01 -3.996070520e-01 8.232358000e-02
      vertex -8.910065240e-01 -3.861873853e-01 2.386769307e-01
    endloop
  endfacet
  facet normal -8.72473626e-01 -4.82336350e-01 7.83671947e-02
    outer loop
      vertex -8.506508080e-01 -5.257311120e-01 0.00000000e+00
      vertex -8.401778853e-01 -5.192584893e-01 1.564344653e-01
      vertex -9.129824933e-01 -3.996070520e-01 8.232358000e-02
    endloop
  endfacet
  facet normal -8.84358483e-01 -4.37841600e-01 1.61878990e-01
    outer loop
      vertex -8.910065240e-01 -3.861873853e-01 2.386769307e-01
      vertex -9.129824933e-01 -3.996070520e-01 8.232358000e-02
      vertex -8.401778853e-01 -5.192584893e-01 1.564344653e-01
    endloop
  endfacet
  facet normal -9.46806803e-01 -3.11335293e-01 -8.14076995e-02
    outer loop
      vertex -9.510565160e-01 -2.628655560e-01 -1.624598480e-01
      vertex -9.129824933e-01 -3.996070520e-01 -8.232358000e-02
      vertex -9.638612640e-01 -2.664047013e-01 0.00000000e+00
    endloop
  endfacet
  facet normal -8.96494078e-01 -4.43055717e-01 0.00000000e+00
    outer loop
      vertex -8.506508080e-01 -5.257311120e-01 0.00000000e+00
      vertex -9.129824933e-01 -3.996070520e-01 8.232358000e-02
      vertex -9.129824933e-01 -3.996070520e-01 -8.232358000e-02
    endloop
  endfacet
  facet normal -9.46806803e-01 -3.11335293e-01 8.14076995e-02
    outer loop
      vertex -9.510565160e-01 -2.628655560e-01 1.624598480e-01
      vertex -9.638612640e-01 -2.664047013e-01 0.00000000e+00
      vertex -9.129824933e-01 -3.996070520e-01 8.232358000e-02
    endloop
  endfacet
  facet normal -9.34172359e-01 -3.56822090e-01 0.00000000e+00
    outer loop
      vertex -9.129824933e-01 -3.996070520e-01 -8.232358000e-02
      vertex -9.129824933e-01 -3.996070520e-01 8.232358000e-02
      vertex -9.638612640e-01 -2.664047013e-01 0.00000000e+00
    endloop
  endfacet
  facet normal -8.02672025e-01 0.00000000e+00 -5.96420674e-01
    outer loop
      vertex -8.506508080e-01 0.00000000e+00 -5.257311120e-01
      vertex -7.838430427e-01 8.108629347e-02 -6.156420213e-01
      vertex -7.838430427e-01 -8.108629347e-02 -6.156420213e-01
    endloop
  endfacet
  facet normal -7.28344548e-01 8.05414856e-02 -6.80461086e-01
    outer loop
      vertex -7.020464453e-01 1.606220360e-01 -6.937804773e-01
      vertex -7.112817347e-01 0.00000000e+00 -7.029070307e-01
      vertex -7.838430427e-01 8.108629347e-02 -6.156420213e-01
    endloop
  endfacet
  facet normal -7.28344548e-01 -8.05414856e-02 -6.80461086e-01
    outer loop
      vertex -7.020464453e-01 -1.606220360e-01 -6.937804773e-01
      vertex -7.838430427e-01 -8.108629347e-02 -6.156420213e-01
      vertex -7.112817347e-01 0.00000000e+00 -7.029070307e-01
    endloop
  endfacet
  facet normal -7.68912155e-01 -0.00000000e+00 -6.39354439e-01
    outer loop
      vertex -7.838430427e-01 8.108629347e-02 -6.156420213e-01
      vertex -7.112817347e-01 0.00000000e+00 -7.029070307e-01
      vertex -7.838430427e-01 -8.108629347e-02 -6.156420213e-01
    endloop
  endfacet
  facet normal -5.38761957e-01 2.33320392e-01 -8.09504261e-01
    outer loop
      vertex -5.000000000e-01 3.090169947e-01 -8.090169947e-01
      vertex -5.192584893e-01 1.564344653e-01 -8.401778853e-01
      vertex -6.068251493e-01 2.370863253e-01 -7.586523000e-01
    endloop
  endfacet
  facet normal -5.51642150e-01 7.84171500e-02 -8.30386469e-01
    outer loop
      vertex -5.257311120e-01 0.00000000e+00 -8.506508080e-01
      vertex -6.202395827e-01 8.114185160e-02 -7.802043707e-01
      vertex -5.192584893e-01 1.564344653e-01 -8.401778853e-01
    endloop
  endfacet
  facet normal -6.39868422e-01 1.58952361e-01 -7.51866045e-01
    outer loop
      vertex -7.020464453e-01 1.606220360e-01 -6.937804773e-01
      vertex -6.068251493e-01 2.370863253e-01 -7.586523000e-01
      vertex -6.202395827e-01 8.114185160e-02 -7.802043707e-01
    endloop
  endfacet
  facet normal -5.89578591e-01 1.60128712e-01 -7.91679153e-01
    outer loop
      vertex -5.192584893e-01 1.564344653e-01 -8.401778853e-01
      vertex -6.202395827e-01 8.114185160e-02 -7.802043707e-01
      vertex -6.068251493e-01 2.370863253e-01 -7.586523000e-01
    endloop
  endfacet
  facet normal -5.38761957e-01 -2.33320392e-01 -8.09504261e-01
    outer loop
      vertex -5.000000000e-01 -3.090169947e-01 -8.090169947e-01
      vertex -6.068251493e-01 -2.370863253e-01 -7.586523000e-01
      vertex -5.192584893e-01 -1.564344653e-01 -8.401778853e-01
    endloop
  endfacet
  facet normal -6.39868422e-01 -1.58952361e-01 -7.51866045e-01
    outer loop
      vertex -7.020464453e-01 -1.606220360e-01 -6.937804773e-01
      vertex -6.202395827e-01 -8.114185160e-02 -7.802043707e-01
      vertex -6.068251493e-01 -2.370863253e-01 -7.586523000e-01
    endloop
  endfacet
  facet normal -5.51642150e-01 -7.84171500e-02 -8.30386469e-01
    outer loop
      vertex -5.257311120e-01 0.00000000e+00 -8.506508080e-01
      vertex -5.192584893e-01 -1.564344653e-01 -8.401778853e-01
      vertex -6.202395827e-01 -8.114185160e-02 -7.802043707e-01
    endloop
  endfacet
  facet normal -5.89578591e-01 -1.60128712e-01 -7.91679153e-01
    outer loop
      vertex -6.068251493e-01 -2.370863253e-01 -7.586523000e-01
      vertex -6.202395827e-01 -8.114185160e-02 -7.802043707e-01
      vertex -5.192584893e-01 -1.564344653e-01 -8.401778853e-01
    endloop
  endfacet
  facet normal -6.85851676e-01 8.05307856e-02 -7.23271921e-01
    outer loop
      vertex -7.020464453e-01 1.606220360e-01 -6.937804773e-01
      vertex -6.202395827e-01 8.114185160e-02 -7.802043707e-01
      vertex -7.112817347e-01 0.00000000e+00 -7.029070307e-01
    endloop
  endfacet
  facet normal -5.97636026e-01 0.00000000e+00 -8.01767535e-01
    outer loop
      vertex -5.257311120e-01 0.00000000e+00 -8.506508080e-01
      vertex -6.202395827e-01 -8.114185160e-02 -7.802043707e-01
      vertex -6.202395827e-01 8.114185160e-02 -7.802043707e-01
    endloop
  endfacet
  facet normal -6.85851676e-01 -8.05307856e-02 -7.23271921e-01
    outer loop
      vertex -7.020464453e-01 -1.606220360e-01 -6.937804773e-01
      vertex -7.112817347e-01 0.00000000e+00 -7.029070307e-01
      vertex -6.202395827e-01 -8.114185160e-02 -7.802043707e-01
    endloop
  endfacet
  facet normal -6.47218169e-01 -0.00000000e+00 -7.62304822e-01
    outer loop
      vertex -6.202395827e-01 8.114185160e-02 -7.802043707e-01
      vertex -6.202395827e-01 -8.114185160e-02 -7.802043707e-01
      vertex -7.112817347e-01 0.00000000e+00 -7.029070307e-01
    endloop
  endfacet
  facet normal -5.01710402e-02 4.65071185e-01 -8.83850473e-01
    outer loop
      vertex 0.00000000e+00 5.257311120e-01 -8.506508080e-01
      vertex 0.00000000e+00 4.033553480e-01 -9.150434213e-01
      vertex -1.312003788e-01 4.844416427e-01 -8.649293360e-01
    endloop
  endfacet
  facet normal -5.00002693e-02 3.38698334e-01 -9.39565544e-01
    outer loop
      vertex 0.00000000e+00 2.732665293e-01 -9.619383573e-01
      vertex -1.316553713e-01 3.582287933e-01 -9.243046000e-01
      vertex 0.00000000e+00 4.033553480e-01 -9.150434213e-01
    endloop
  endfacet
  facet normal -1.80319130e-01 4.19239820e-01 -8.89788168e-01
    outer loop
      vertex -2.598919133e-01 4.338885640e-01 -8.626684800e-01
      vertex -1.312003788e-01 4.844416427e-01 -8.649293360e-01
      vertex -1.316553713e-01 3.582287933e-01 -9.243046000e-01
    endloop
  endfacet
  facet normal -8.20702965e-02 4.24491613e-01 -9.01704684e-01
    outer loop
      vertex 0.00000000e+00 4.033553480e-01 -9.150434213e-01
      vertex -1.316553713e-01 3.582287933e-01 -9.243046000e-01
      vertex -1.312003788e-01 4.844416427e-01 -8.649293360e-01
    endloop
  endfacet
  facet normal -4.95053672e-02 6.90568093e-02 -9.96383649e-01
    outer loop
      vertex 0.00000000e+00 0.00000000e+00 -1.000000000e+00
      vertex -1.330711041e-01 8.224246533e-02 -9.876883400e-01
      vertex 0.00000000e+00 1.379522427e-01 -9.904388813e-01
    endloop
  endfacet
  facet normal -1.81285628e-01 1.50475768e-01 -9.71850073e-01
    outer loop
      vertex -2.628655560e-01 1.624598480e-01 -9.510565160e-01
      vertex -1.327924768e-01 2.201170280e-01 -9.663925973e-01
      vertex -1.330711041e-01 8.224246533e-02 -9.876883400e-01
    endloop
  endfacet
  facet normal -4.96076443e-02 2.05848861e-01 -9.77325600e-01
    outer loop
      vertex 0.00000000e+00 2.732665293e-01 -9.619383573e-01
      vertex 0.00000000e+00 1.379522427e-01 -9.904388813e-01
      vertex -1.327924768e-01 2.201170280e-01 -9.663925973e-01
    endloop
  endfacet
  facet normal -8.41029235e-02 1.52272431e-01 -9.84753677e-01
    outer loop
      vertex -1.330711041e-01 8.224246533e-02 -9.876883400e-01
      vertex -1.327924768e-01 2.201170280e-01 -9.663925973e-01
      vertex 0.00000000e+00 1.379522427e-01 -9.904388813e-01
    endloop
  endfacet
  facet normal -4.27025692e-01 3.02377202e-01 -8.52183716e-01
    outer loop
      vertex -5.000000000e-01 3.090169947e-01 -8.090169947e-01
      vertex -3.836137333e-01 3.750385680e-01 -8.439114747e-01
      vertex -3.861873853e-01 2.386769307e-01 -8.910065240e-01
    endloop
  endfacet
  facet normal -3.06797967e-01 3.64801223e-01 -8.79087638e-01
    outer loop
      vertex -2.598919133e-01 4.338885640e-01 -8.626684800e-01
      vertex -2.640827507e-01 3.012588787e-01 -9.162441747e-01
      vertex -3.836137333e-01 3.750385680e-01 -8.439114747e-01
    endloop
  endfacet
  facet normal -3.08167242e-01 2.28892918e-01 -9.23385609e-01
    outer loop
      vertex -2.628655560e-01 1.624598480e-01 -9.510565160e-01
      vertex -3.861873853e-01 2.386769307e-01 -8.910065240e-01
      vertex -2.640827507e-01 3.012588787e-01 -9.162441747e-01
    endloop
  endfacet
  facet normal -3.43196621e-01 3.12401143e-01 -8.85788691e-01
    outer loop
      vertex -3.836137333e-01 3.750385680e-01 -8.439114747e-01
      vertex -2.640827507e-01 3.012588787e-01 -9.162441747e-01
      vertex -3.861873853e-01 2.386769307e-01 -8.910065240e-01
    endloop
  endfacet
  facet normal -8.45453627e-02 2.91096954e-01 -9.52950495e-01
    outer loop
      vertex 0.00000000e+00 2.732665293e-01 -9.619383573e-01
      vertex -1.327924768e-01 2.201170280e-01 -9.663925973e-01
      vertex -1.316553713e-01 3.582287933e-01 -9.243046000e-01
    endloop
  endfacet
  facet normal -2.16204079e-01 2.35737907e-01 -9.47461575e-01
    outer loop
      vertex -2.628655560e-01 1.624598480e-01 -9.510565160e-01
      vertex -2.640827507e-01 3.012588787e-01 -9.162441747e-01
      vertex -1.327924768e-01 2.201170280e-01 -9.663925973e-01
    endloop
  endfacet
  facet normal -2.14846911e-01 3.71627739e-01 -9.03179732e-01
    outer loop
      vertex -2.598919133e-01 4.338885640e-01 -8.626684800e-01
      vertex -1.316553713e-01 3.582287933e-01 -9.243046000e-01
      vertex -2.640827507e-01 3.012588787e-01 -9.162441747e-01
    endloop
  endfacet
  facet normal -1.81150998e-01 2.88045353e-01 -9.40326640e-01
    outer loop
      vertex -1.327924768e-01 2.201170280e-01 -9.663925973e-01
      vertex -2.640827507e-01 3.012588787e-01 -9.162441747e-01
      vertex -1.316553713e-01 3.582287933e-01 -9.243046000e-01
    endloop
  endfacet
  facet normal -5.01710402e-02 -4.65071185e-01 -8.83850473e-01
    outer loop
      vertex 0.00000000e+00 -5.257311120e-01 -8.506508080e-01
      vertex -1.312003788e-01 -4.844416427e-01 -8.649293360e-01
      vertex 0.00000000e+00 -4.033553480e-01 -9.150434213e-01
    endloop
  endfacet
  facet normal -1.80319130e-01 -4.19239820e-01 -8.89788168e-01
    outer loop
      vertex -2.598919133e-01 -4.338885640e-01 -8.626684800e-01
      vertex -1.316553713e-01 -3.582287933e-01 -9.243046000e-01
      vertex -1.312003788e-01 -4.844416427e-01 -8.649293360e-01
    endloop
  endfacet
  facet normal -5.00002693e-02 -3.38698334e-01 -9.39565544e-01
    outer loop
      vertex 0.00000000e+00 -2.732665293e-01 -9.619383573e-01
      vertex 0.00000000e+00 -4.033553480e-01 -9.150434213e-01
      vertex -1.316553713e-01 -3.582287933e-01 -9.243046000e-01
    endloop
  endfacet
  facet normal -8.20702965e-02 -4.24491613e-01 -9.01704684e-01
    outer loop
      vertex -1.312003788e-01 -4.844416427e-01 -8.649293360e-01
      vertex -1.316553713e-01 -3.582287933e-01 -9.243046000e-01
      vertex 0.00000000e+00 -4.033553480e-01 -9.150434213e-01
    endloop
  endfacet
  facet normal -4.27025692e-01 -3.02377202e-01 -8.52183716e-01
    outer loop
      vertex -5.000000000e-01 -3.090169947e-01 -8.090169947e-01
      vertex -3.861873853e-01 -2.386769307e-01 -8.910065240e-01
      vertex -3.836137333e-01 -3.750385680e-01 -8.439114747e-01
    endloop
  endfacet
  facet normal -3.08167242e-01 -2.28892918e-01 -9.23385609e-01
    outer loop
      vertex -2.628655560e-01 -1.624598480e-01 -9.510565160e-01
      vertex -2.640827507e-01 -3.012588787e-01 -9.162441747e-01
      vertex -3.861873853e-01 -2.386769307e-01 -8.910065240e-01
    endloop
  endfacet
  facet normal -3.06797967e-01 -3.64801223e-01 -8.79087638e-01
    outer loop
      vertex -2.598919133e-01 -4.338885640e-01 -8.626684800e-01
      vertex -3.836137333e-01 -3.750385680e-01 -8.439114747e-01
      vertex -2.640827507e-01 -3.012588787e-01 -9.162441747e-01
    endloop
  endfacet
  facet normal -3.43196621e-01 -3.12401143e-01 -8.85788691e-01
    outer loop
      vertex -3.861873853e-01 -2.386769307e-01 -8.910065240e-01
      vertex -2.640827507e-01 -3.012588787e-01 -9.162441747e-01
      vertex -3.836137333e-01 -3.750385680e-01 -8.439114747e-01
    endloop
  endfacet
  facet normal -4.95053672e-02 -6.90568093e-02 -9.96383649e-01
    outer loop
      vertex 0.00000000e+00 0.00000000e+00 -1.000000000e+00
      vertex 0.00000000e+00 -1.379522427e-01 -9.904388813e-01
      vertex -1.330711041e-01 -8.224246533e-02 -9.876883400e-01
    endloop
  endfacet
  facet normal -4.96076443e-02 -2.05848861e-01 -9.77325600e-01
    outer loop
      vertex 0.00000000e+00 -2.732665293e-01 -9.619383573e-01
      vertex -1.327924768e-01 -2.201170280e-01 -9.663925973e-01
      vertex 0.00000000e+00 -1.379522427e-01 -9.904388813e-01
    endloop
  endfacet
  facet normal -1.81285628e-01 -1.50475768e-01 -9.71850073e-01
    outer loop
      vertex -2.628655560e-01 -1.624598480e-01 -9.510565160e-01
      vertex -1.330711041e-01 -8.224246533e-02 -9.876883400e-01
      vertex -1.327924768e-01 -2.201170280e-01 -9.663925973e-01
    endloop
  endfacet
  facet normal -8.41029235e-02 -1.52272431e-01 -9.84753677e-01
    outer loop
      vertex 0.00000000e+00 -1.379522427e-01 -9.904388813e-01
      vertex -1.327924768e-01 -2.201170280e-01 -9.663925973e-01
      vertex -1.330711041e-01 -8.224246533e-02 -9.876883400e-01
    endloop
  endfacet
  facet normal -2.14846911e-01 -3.71627739e-01 -9.03179732e-01
    outer loop
      vertex -2.598919133e-01 -4.338885640e-01 -8.626684800e-01
      vertex -2.640827507e-01 -3.012588787e-01 -9.162441747e-01
      vertex -1.316553713e-01 -3.582287933e-01 -9.243046000e-01
    endloop
  endfacet
  facet normal -2.16204079e-01 -2.35737907e-01 -9.47461575e-01
    outer loop
      vertex -2.628655560e-01 -1.624598480e-01 -9.510565160e-01
      vertex -1.327924768e-01 -2.201170280e-01 -9.663925973e-01
      vertex -2.640827507e-01 -3.012588787e-01 -9.162441747e-01
    endloop
  endfacet
  facet normal -8.45453627e-02 -2.91096954e-01 -9.52950495e-01
    outer loop
      vertex 0.00000000e+00 -2.732665293e-01 -9.619383573e-01
      vertex -1.316553713e-01 -3.582287933e-01 -9.243046000e-01
      vertex -1.327924768e-01 -2.201170280e-01 -9.663925973e-01
    endloop
  endfacet
  facet normal -1.81150998e-01 -2.88045353e-01 -9.40326640e-01
    outer loop
      vertex -2.640827507e-01 -3.012588787e-01 -9.162441747e-01
      vertex -1.327924768e-01 -2.201170280e-01 -9.663925973e-01
      vertex -1.316553713e-01 -3.582287933e-01 -9.243046000e-01
    endloop
  endfacet
  facet normal -4.69405196e-01 2.33171395e-01 -8.51639515e-01
    outer loop
      vertex -5.000000000e-01 3.090169947e-01 -8.090169947e-01
      vertex -3.861873853e-01 2.386769307e-01 -8.910065240e-01
      vertex -5.192584893e-01 1.564344653e-01 -8.401778853e-01
    endloop
  endfacet
  facet normal -3.50587076e-01 1.59792724e-01 -9.22797371e-01
    outer loop
      vertex -2.628655560e-01 1.624598480e-01 -9.510565160e-01
      vertex -3.996070520e-01 8.232358000e-02 -9.129824933e-01
      vertex -3.861873853e-01 2.386769307e-01 -8.910065240e-01
    endloop
  endfacet
  facet normal -4.82336350e-01 7.83671947e-02 -8.72473626e-01
    outer loop
      vertex -5.257311120e-01 0.00000000e+00 -8.506508080e-01
      vertex -5.192584893e-01 1.564344653e-01 -8.401778853e-01
      vertex -3.996070520e-01 8.232358000e-02 -9.129824933e-01
    endloop
  endfacet
  facet normal -4.37841600e-01 1.61878990e-01 -8.84358483e-01
    outer loop
      vertex -3.861873853e-01 2.386769307e-01 -8.910065240e-01
      vertex -3.996070520e-01 8.232358000e-02 -9.129824933e-01
      vertex -5.192584893e-01 1.564344653e-01 -8.401778853e-01
    endloop
  endfacet
  facet normal -9.21259537e-02 0.00000000e+00 -9.95747362e-01
    outer loop
      vertex 0.00000000e+00 0.00000000e+00 -1.000000000e+00
      vertex -1.330711041e-01 -8.224246533e-02 -9.876883400e-01
      vertex -1.330711041e-01 8.224246533e-02 -9.876883400e-01
    endloop
  endfacet
  facet normal -2.23786292e-01 -8.14255288e-02 -9.71230961e-01
    outer loop
      vertex -2.628655560e-01 -1.624598480e-01 -9.510565160e-01
      vertex -2.664047013e-01 0.00000000e+00 -9.638612640e-01
      vertex -1.330711041e-01 -8.224246533e-02 -9.876883400e-01
    endloop
  endfacet
  facet normal -2.23786292e-01 8.14255288e-02 -9.71230961e-01
    outer loop
      vertex -2.628655560e-01 1.624598480e-01 -9.510565160e-01
      vertex -1.330711041e-01 8.224246533e-02 -9.876883400e-01
      vertex -2.664047013e-01 0.00000000e+00 -9.638612640e-01
    endloop
  endfacet
  facet normal -1.75915892e-01 0.00000000e+00 -9.84405201e-01
    outer loop
      vertex -1.330711041e-01 -8.224246533e-02 -9.876883400e-01
      vertex -2.664047013e-01 0.00000000e+00 -9.638612640e-01
      vertex -1.330711041e-01 8.224246533e-02 -9.876883400e-01
    endloop
  endfacet
  facet normal -4.69405196e-01 -2.33171395e-01 -8.51639515e-01
    outer loop
      vertex -5.000000000e-01 -3.090169947e-01 -8.090169947e-01
      vertex -5.192584893e-01 -1.564344653e-01 -8.401778853e-01
      vertex -3.861873853e-01 -2.386769307e-01 -8.910065240e-01
    endloop
  endfacet
  facet normal -4.82336350e-01 -7.83671947e-02 -8.72473626e-01
    outer loop
      vertex -5.257311120e-01 0.00000000e+00 -8.506508080e-01
      vertex -3.996070520e-01 -8.232358000e-02 -9.129824933e-01
      vertex -5.192584893e-01 -1.564344653e-01 -8.401778853e-01
    endloop
  endfacet
  facet normal -3.50587076e-01 -1.59792724e-01 -9.22797371e-01
    outer loop
      vertex -2.628655560e-01 -1.624598480e-01 -9.510565160e-01
      vertex -3.861873853e-01 -2.386769307e-01 -8.910065240e-01
      vertex -3.996070520e-01 -8.232358000e-02 -9.129824933e-01
    endloop
  endfacet
  facet normal -4.37841600e-01 -1.61878990e-01 -8.84358483e-01
    outer loop
      vertex -5.192584893e-01 -1.564344653e-01 -8.401778853e-01
      vertex -3.996070520e-01 -8.232358000e-02 -9.129824933e-01
      vertex -3.861873853e-01 -2.386769307e-01 -8.910065240e-01
    endloop
  endfacet
  facet normal -3.11335293e-01 8.14076995e-02 -9.46806803e-01
    outer loop
      vertex -2.628655560e-01 1.624598480e-01 -9.510565160e-01
      vertex -2.664047013e-01 0.00000000e+00 -9.638612640e-01
      vertex -3.996070520e-01 8.232358000e-02 -9.129824933e-01
    endloop
  endfacet
  facet normal -3.11335293e-01 -8.14076995e-02 -9.46806803e-01
    outer loop
      vertex -2.628655560e-01 -1.624598480e-01 -9.510565160e-01
      vertex -3.996070520e-01 -8.232358000e-02 -9.129824933e-01
      vertex -2.664047013e-01 0.00000000e+00 -9.638612640e-01
    endloop
  endfacet
  facet normal -4.43055717e-01 0.00000000e+00 -8.96494078e-01
    outer loop
      vertex -5.257311120e-01 0.00000000e+00 -8.506508080e-01
      vertex -3.996070520e-01 8.232358000e-02 -9.129824933e-01
      vertex -3.996070520e-01 -8.232358000e-02 -9.129824933e-01
    endloop
  endfacet
  facet normal -3.56822090e-01 0.00000000e+00 -9.34172359e-01
    outer loop
      vertex -2.664047013e-01 0.00000000e+00 -9.638612640e-01
      vertex -3.996070520e-01 -8.232358000e-02 -9.129824933e-01
      vertex -3.996070520e-01 8.232358000e-02 -9.129824933e-01
    endloop
  endfacet
  facet normal 8.11784483e-02 5.46249634e-01 -8.33679433e-01
    outer loop
      vertex 0.00000000e+00 5.257311120e-01 -8.506508080e-01
      vertex 8.108629347e-02 6.156420213e-01 -7.838430427e-01
      vertex 1.312003788e-01 4.844416427e-01 -8.649293360e-01
    endloop
  endfacet
  facet normal 1.61443621e-01 6.30460816e-01 -7.59246413e-01
    outer loop
      vertex 1.606220360e-01 6.937804773e-01 -7.020464453e-01
      vertex 2.130228653e-01 5.712516587e-01 -7.926492293e-01
      vertex 8.108629347e-02 6.156420213e-01 -7.838430427e-01
    endloop
  endfacet
  facet normal 2.11220996e-01 5.00141955e-01 -8.39787899e-01
    outer loop
      vertex 2.598919133e-01 4.338885640e-01 -8.626684800e-01
      vertex 1.312003788e-01 4.844416427e-01 -8.649293360e-01
      vertex 2.130228653e-01 5.712516587e-01 -7.926492293e-01
    endloop
  endfacet
  facet normal 1.32792529e-01 5.57284142e-01 -8.19634387e-01
    outer loop
      vertex 8.108629347e-02 6.156420213e-01 -7.838430427e-01
      vertex 2.130228653e-01 5.712516587e-01 -7.926492293e-01
      vertex 1.312003788e-01 4.844416427e-01 -8.649293360e-01
    endloop
  endfacet
  facet normal 3.13421759e-01 7.59998894e-01 -5.69357957e-01
    outer loop
      vertex 3.090169947e-01 8.090169947e-01 -5.000000000e-01
      vertex 3.717480347e-01 7.071067813e-01 -6.015009547e-01
      vertex 2.370863253e-01 7.586523000e-01 -6.068251493e-01
    endloop
  endfacet
  facet normal 3.71743458e-01 6.49100841e-01 -6.63682830e-01
    outer loop
      vertex 4.253254040e-01 5.877852520e-01 -6.881909600e-01
      vertex 2.960045920e-01 6.474118933e-01 -7.023098467e-01
      vertex 3.717480347e-01 7.071067813e-01 -6.015009547e-01
    endloop
  endfacet
  facet normal 2.39219216e-01 7.02258401e-01 -6.70527632e-01
    outer loop
      vertex 1.606220360e-01 6.937804773e-01 -7.020464453e-01
      vertex 2.370863253e-01 7.586523000e-01 -6.068251493e-01
      vertex 2.960045920e-01 6.474118933e-01 -7.023098467e-01
    endloop
  endfacet
  facet normal 2.96210100e-01 7.07576229e-01 -6.41557056e-01
    outer loop
      vertex 3.717480347e-01 7.071067813e-01 -6.015009547e-01
      vertex 2.960045920e-01 6.474118933e-01 -7.023098467e-01
      vertex 2.370863253e-01 7.586523000e-01 -6.068251493e-01
    endloop
  endfacet
  facet normal 4.57621692e-01 3.82478568e-01 -8.02678349e-01
    outer loop
      vertex 5.000000000e-01 3.090169947e-01 -8.090169947e-01
      vertex 3.836137333e-01 3.750385680e-01 -8.439114747e-01
      vertex 4.684298507e-01 4.539905000e-01 -7.579354200e-01
    endloop
  endfacet
  facet normal 3.37457178e-01 4.45068077e-01 -8.29479994e-01
    outer loop
      vertex 2.598919133e-01 4.338885640e-01 -8.626684800e-01
      vertex 3.461530147e-01 5.161216200e-01 -7.834516987e-01
      vertex 3.836137333e-01 3.750385680e-01 -8.439114747e-01
    endloop
  endfacet
  facet normal 4.20207922e-01 5.22219227e-01 -7.42099980e-01
    outer loop
      vertex 4.253254040e-01 5.877852520e-01 -6.881909600e-01
      vertex 4.684298507e-01 4.539905000e-01 -7.579354200e-01
      vertex 3.461530147e-01 5.161216200e-01 -7.834516987e-01
    endloop
  endfacet
  facet normal 3.95175087e-01 4.48482532e-01 -8.01685768e-01
    outer loop
      vertex 3.836137333e-01 3.750385680e-01 -8.439114747e-01
      vertex 3.461530147e-01 5.161216200e-01 -7.834516987e-01
      vertex 4.684298507e-01 4.539905000e-01 -7.579354200e-01
    endloop
  endfacet
  facet normal 2.17328056e-01 6.38726558e-01 -7.38103584e-01
    outer loop
      vertex 1.606220360e-01 6.937804773e-01 -7.020464453e-01
      vertex 2.960045920e-01 6.474118933e-01 -7.023098467e-01
      vertex 2.130228653e-01 5.712516587e-01 -7.926492293e-01
    endloop
  endfacet
  facet normal 3.49825549e-01 5.85563456e-01 -7.31257495e-01
    outer loop
      vertex 4.253254040e-01 5.877852520e-01 -6.881909600e-01
      vertex 3.461530147e-01 5.161216200e-01 -7.834516987e-01
      vertex 2.960045920e-01 6.474118933e-01 -7.023098467e-01
    endloop
  endfacet
  facet normal 2.67098819e-01 5.08425010e-01 -8.18634369e-01
    outer loop
      vertex 2.598919133e-01 4.338885640e-01 -8.626684800e-01
      vertex 2.130228653e-01 5.712516587e-01 -7.926492293e-01
      vertex 3.461530147e-01 5.161216200e-01 -7.834516987e-01
    endloop
  endfacet
  facet normal 2.93108471e-01 5.81153824e-01 -7.59175643e-01
    outer loop
      vertex 2.960045920e-01 6.474118933e-01 -7.023098467e-01
      vertex 3.461530147e-01 5.161216200e-01 -7.834516987e-01
      vertex 2.130228653e-01 5.712516587e-01 -7.926492293e-01
    endloop
  endfacet
  facet normal 5.46249634e-01 8.33679433e-01 -8.11784483e-02
    outer loop
      vertex 5.257311120e-01 8.506508080e-01 0.00000000e+00
      vertex 6.156420213e-01 7.838430427e-01 -8.108629347e-02
      vertex 4.844416427e-01 8.649293360e-01 -1.312003788e-01
    endloop
  endfacet
  facet normal 6.30460816e-01 7.59246413e-01 -1.61443621e-01
    outer loop
      vertex 6.937804773e-01 7.020464453e-01 -1.606220360e-01
      vertex 5.712516587e-01 7.926492293e-01 -2.130228653e-01
      vertex 6.156420213e-01 7.838430427e-01 -8.108629347e-02
    endloop
  endfacet
  facet normal 5.00141955e-01 8.39787899e-01 -2.11220996e-01
    outer loop
      vertex 4.338885640e-01 8.626684800e-01 -2.598919133e-01
      vertex 4.844416427e-01 8.649293360e-01 -1.312003788e-01
      vertex 5.712516587e-01 7.926492293e-01 -2.130228653e-01
    endloop
  endfacet
  facet normal 5.57284142e-01 8.19634387e-01 -1.32792529e-01
    outer loop
      vertex 6.156420213e-01 7.838430427e-01 -8.108629347e-02
      vertex 5.712516587e-01 7.926492293e-01 -2.130228653e-01
      vertex 4.844416427e-01 8.649293360e-01 -1.312003788e-01
    endloop
  endfacet
  facet normal 7.59998894e-01 5.69357957e-01 -3.13421759e-01
    outer loop
      vertex 8.090169947e-01 5.000000000e-01 -3.090169947e-01
      vertex 7.071067813e-01 6.015009547e-01 -3.717480347e-01
      vertex 7.586523000e-01 6.068251493e-01 -2.370863253e-01
    endloop
  endfacet
  facet normal 6.49100841e-01 6.63682830e-01 -3.71743458e-01
    outer loop
      vertex 5.877852520e-01 6.881909600e-01 -4.253254040e-01
      vertex 6.474118933e-01 7.023098467e-01 -2.960045920e-01
      vertex 7.071067813e-01 6.015009547e-01 -3.717480347e-01
    endloop
  endfacet
  facet normal 7.02258401e-01 6.70527632e-01 -2.39219216e-01
    outer loop
      vertex 6.937804773e-01 7.020464453e-01 -1.606220360e-01
      vertex 7.586523000e-01 6.068251493e-01 -2.370863253e-01
      vertex 6.474118933e-01 7.023098467e-01 -2.960045920e-01
    endloop
  endfacet
  facet normal 7.07576229e-01 6.41557056e-01 -2.96210100e-01
    outer loop
      vertex 7.071067813e-01 6.015009547e-01 -3.717480347e-01
      vertex 6.474118933e-01 7.023098467e-01 -2.960045920e-01
      vertex 7.586523000e-01 6.068251493e-01 -2.370863253e-01
    endloop
  endfacet
  facet normal 3.82478568e-01 8.02678349e-01 -4.57621692e-01
    outer loop
      vertex 3.090169947e-01 8.090169947e-01 -5.000000000e-01
      vertex 3.750385680e-01 8.439114747e-01 -3.836137333e-01
      vertex 4.539905000e-01 7.579354200e-01 -4.684298507e-01
    endloop
  endfacet
  facet normal 4.45068077e-01 8.29479994e-01 -3.37457178e-01
    outer loop
      vertex 4.338885640e-01 8.626684800e-01 -2.598919133e-01
      vertex 5.161216200e-01 7.834516987e-01 -3.461530147e-01
      vertex 3.750385680e-01 8.439114747e-01 -3.836137333e-01
    endloop
  endfacet
  facet normal 5.22219227e-01 7.42099980e-01 -4.20207922e-01
    outer loop
      vertex 5.877852520e-01 6.881909600e-01 -4.253254040e-01
      vertex 4.539905000e-01 7.579354200e-01 -4.684298507e-01
      vertex 5.161216200e-01 7.834516987e-01 -3.461530147e-01
    endloop
  endfacet
  facet normal 4.48482532e-01 8.01685768e-01 -3.95175087e-01
    outer loop
      vertex 3.750385680e-01 8.439114747e-01 -3.836137333e-01
      vertex 5.161216200e-01 7.834516987e-01 -3.461530147e-01
      vertex 4.539905000e-01 7.579354200e-01 -4.684298507e-01
    endloop
  endfacet
  facet normal 6.38726558e-01 7.38103584e-01 -2.17328056e-01
    outer loop
      vertex 6.937804773e-01 7.020464453e-01 -1.606220360e-01
      vertex 6.474118933e-01 7.023098467e-01 -2.960045920e-01
      vertex 5.712516587e-01 7.926492293e-01 -2.130228653e-01
    endloop
  endfacet
  facet normal 5.85563456e-01 7.31257495e-01 -3.49825549e-01
    outer loop
      vertex 5.877852520e-01 6.881909600e-01 -4.253254040e-01
      vertex 5.161216200e-01 7.834516987e-01 -3.461530147e-01
      vertex 6.474118933e-01 7.023098467e-01 -2.960045920e-01
    endloop
  endfacet
  facet normal 5.08425010e-01 8.18634369e-01 -2.67098819e-01
    outer loop
      vertex 4.338885640e-01 8.626684800e-01 -2.598919133e-01
      vertex 5.712516587e-01 7.926492293e-01 -2.130228653e-01
      vertex 5.161216200e-01 7.834516987e-01 -3.461530147e-01
    endloop
  endfacet
  facet normal 5.81153824e-01 7.59175643e-01 -2.93108471e-01
    outer loop
      vertex 6.474118933e-01 7.023098467e-01 -2.960045920e-01
      vertex 5.161216200e-01 7.834516987e-01 -3.461530147e-01
      vertex 5.712516587e-01 7.926492293e-01 -2.130228653e-01
    endloop
  endfacet
  facet normal 8.33679433e-01 8.11784483e-02 -5.46249634e-01
    outer loop
      vertex 8.506508080e-01 0.00000000e+00 -5.257311120e-01
      vertex 7.838430427e-01 8.108629347e-02 -6.156420213e-01
      vertex 8.649293360e-01 1.312003788e-01 -4.844416427e-01
    endloop
  endfacet
  facet normal 7.59246413e-01 1.61443621e-01 -6.30460816e-01
    outer loop
      vertex 7.020464453e-01 1.606220360e-01 -6.937804773e-01
      vertex 7.926492293e-01 2.130228653e-01 -5.712516587e-01
      vertex 7.838430427e-01 8.108629347e-02 -6.156420213e-01
    endloop
  endfacet
  facet normal 8.39787899e-01 2.11220996e-01 -5.00141955e-01
    outer loop
      vertex 8.626684800e-01 2.598919133e-01 -4.338885640e-01
      vertex 8.649293360e-01 1.312003788e-01 -4.844416427e-01
      vertex 7.926492293e-01 2.130228653e-01 -5.712516587e-01
    endloop
  endfacet
  facet normal 8.19634387e-01 1.32792529e-01 -5.57284142e-01
    outer loop
      vertex 7.838430427e-01 8.108629347e-02 -6.156420213e-01
      vertex 7.926492293e-01 2.130228653e-01 -5.712516587e-01
      vertex 8.649293360e-01 1.312003788e-01 -4.844416427e-01
    endloop
  endfacet
  facet normal 5.69357957e-01 3.13421759e-01 -7.59998894e-01
    outer loop
      vertex 5.000000000e-01 3.090169947e-01 -8.090169947e-01
      vertex 6.015009547e-01 3.717480347e-01 -7.071067813e-01
      vertex 6.068251493e-01 2.370863253e-01 -7.586523000e-01
    endloop
  endfacet
  facet normal 6.63682830e-01 3.71743458e-01 -6.49100841e-01
    outer loop
      vertex 6.881909600e-01 4.253254040e-01 -5.877852520e-01
      vertex 7.023098467e-01 2.960045920e-01 -6.474118933e-01
      vertex 6.015009547e-01 3.717480347e-01 -7.071067813e-01
    endloop
  endfacet
  facet normal 6.70527632e-01 2.39219216e-01 -7.02258401e-01
    outer loop
      vertex 7.020464453e-01 1.606220360e-01 -6.937804773e-01
      vertex 6.068251493e-01 2.370863253e-01 -7.586523000e-01
      vertex 7.023098467e-01 2.960045920e-01 -6.474118933e-01
    endloop
  endfacet
  facet normal 6.41557056e-01 2.96210100e-01 -7.07576229e-01
    outer loop
      vertex 6.015009547e-01 3.717480347e-01 -7.071067813e-01
      vertex 7.023098467e-01 2.960045920e-01 -6.474118933e-01
      vertex 6.068251493e-01 2.370863253e-01 -7.586523000e-01
    endloop
  endfacet
  facet normal 8.02678349e-01 4.57621692e-01 -3.82478568e-01
    outer loop
      vertex 8.090169947e-01 5.000000000e-01 -3.090169947e-01
      vertex 8.439114747e-01 3.836137333e-01 -3.750385680e-01
      vertex 7.579354200e-01 4.684298507e-01 -4.539905000e-01
    endloop
  endfacet
  facet normal 8.29479994e-01 3.37457178e-01 -4.45068077e-01
    outer loop
      vertex 8.626684800e-01 2.598919133e-01 -4.338885640e-01
      vertex 7.834516987e-01 3.461530147e-01 -5.161216200e-01
      vertex 8.439114747e-01 3.836137333e-01 -3.750385680e-01
    endloop
  endfacet
  facet normal 7.42099980e-01 4.20207922e-01 -5.22219227e-01
    outer loop
      vertex 6.881909600e-01 4.253254040e-01 -5.877852520e-01
      vertex 7.579354200e-01 4.684298507e-01 -4.539905000e-01
      vertex 7.834516987e-01 3.461530147e-01 -5.161216200e-01
    endloop
  endfacet
  facet normal 8.01685768e-01 3.95175087e-01 -4.48482532e-01
    outer loop
      vertex 8.439114747e-01 3.836137333e-01 -3.750385680e-01
      vertex 7.834516987e-01 3.461530147e-01 -5.161216200e-01
      vertex 7.579354200e-01 4.684298507e-01 -4.539905000e-01
    endloop
  endfacet
  facet normal 7.38103584e-01 2.17328056e-01 -6.38726558e-01
    outer loop
      vertex 7.020464453e-01 1.606220360e-01 -6.937804773e-01
      vertex 7.023098467e-01 2.960045920e-01 -6.474118933e-01
      vertex 7.926492293e-01 2.130228653e-01 -5.712516587e-01
    endloop
  endfacet
  facet normal 7.31257495e-01 3.49825549e-01 -5.85563456e-01
    outer loop
      vertex 6.881909600e-01 4.253254040e-01 -5.877852520e-01
      vertex 7.834516987e-01 3.461530147e-01 -5.161216200e-01
      vertex 7.023098467e-01 2.960045920e-01 -6.474118933e-01
    endloop
  endfacet
  facet normal 8.18634369e-01 2.67098819e-01 -5.08425010e-01
    outer loop
      vertex 8.626684800e-01 2.598919133e-01 -4.338885640e-01
      vertex 7.926492293e-01 2.130228653e-01 -5.712516587e-01
      vertex 7.834516987e-01 3.461530147e-01 -5.161216200e-01
    endloop
  endfacet
  facet normal 7.59175643e-01 2.93108471e-01 -5.81153824e-01
    outer loop
      vertex 7.023098467e-01 2.960045920e-01 -6.474118933e-01
      vertex 7.834516987e-01 3.461530147e-01 -5.161216200e-01
      vertex 7.926492293e-01 2.130228653e-01 -5.712516587e-01
    endloop
  endfacet
  facet normal 3.82234319e-01 7.59513561e-01 -5.26342166e-01
    outer loop
      vertex 3.090169947e-01 8.090169947e-01 -5.000000000e-01
      vertex 4.539905000e-01 7.579354200e-01 -4.684298507e-01
      vertex 3.717480347e-01 7.071067813e-01 -6.015009547e-01
    endloop
  endfacet
  facet normal 5.21886550e-01 6.99011079e-01 -4.88894611e-01
    outer loop
      vertex 5.877852520e-01 6.881909600e-01 -4.253254040e-01
      vertex 5.133754413e-01 6.465777920e-01 -5.642542120e-01
      vertex 4.539905000e-01 7.579354200e-01 -4.684298507e-01
    endloop
  endfacet
  facet normal 4.40461021e-01 6.48687335e-01 -6.20643884e-01
    outer loop
      vertex 4.253254040e-01 5.877852520e-01 -6.881909600e-01
      vertex 3.717480347e-01 7.071067813e-01 -6.015009547e-01
      vertex 5.133754413e-01 6.465777920e-01 -5.642542120e-01
    endloop
  endfacet
  facet normal 4.46516882e-01 7.08442591e-01 -5.46563600e-01
    outer loop
      vertex 4.539905000e-01 7.579354200e-01 -4.684298507e-01
      vertex 5.133754413e-01 6.465777920e-01 -5.642542120e-01
      vertex 3.717480347e-01 7.071067813e-01 -6.015009547e-01
    endloop
  endfacet
  facet normal 7.59513561e-01 5.26342166e-01 -3.82234319e-01
    outer loop
      vertex 8.090169947e-01 5.000000000e-01 -3.090169947e-01
      vertex 7.579354200e-01 4.684298507e-01 -4.539905000e-01
      vertex 7.071067813e-01 6.015009547e-01 -3.717480347e-01
    endloop
  endfacet
  facet normal 6.99011079e-01 4.88894611e-01 -5.21886550e-01
    outer loop
      vertex 6.881909600e-01 4.253254040e-01 -5.877852520e-01
      vertex 6.465777920e-01 5.642542120e-01 -5.133754413e-01
      vertex 7.579354200e-01 4.684298507e-01 -4.539905000e-01
    endloop
  endfacet
  facet normal 6.48687335e-01 6.20643884e-01 -4.40461021e-01
    outer loop
      vertex 5.877852520e-01 6.881909600e-01 -4.253254040e-01
      vertex 7.071067813e-01 6.015009547e-01 -3.717480347e-01
      vertex 6.465777920e-01 5.642542120e-01 -5.133754413e-01
    endloop
  endfacet
  facet normal 7.08442591e-01 5.46563600e-01 -4.46516882e-01
    outer loop
      vertex 7.579354200e-01 4.684298507e-01 -4.539905000e-01
      vertex 6.465777920e-01 5.642542120e-01 -5.133754413e-01
      vertex 7.071067813e-01 6.015009547e-01 -3.717480347e-01
    endloop
  endfacet
  facet normal 5.26342166e-01 3.82234319e-01 -7.59513561e-01
    outer loop
      vertex 5.000000000e-01 3.090169947e-01 -8.090169947e-01
      vertex 4.684298507e-01 4.539905000e-01 -7.579354200e-01
      vertex 6.015009547e-01 3.717480347e-01 -7.071067813e-01
    endloop
  endfacet
  facet normal 4.88894611e-01 5.21886550e-01 -6.99011079e-01
    outer loop
      vertex 4.253254040e-01 5.877852520e-01 -6.881909600e-01
      vertex 5.642542120e-01 5.133754413e-01 -6.465777920e-01
      vertex 4.684298507e-01 4.539905000e-01 -7.579354200e-01
    endloop
  endfacet
  facet normal 6.20643884e-01 4.40461021e-01 -6.48687335e-01
    outer loop
      vertex 6.881909600e-01 4.253254040e-01 -5.877852520e-01
      vertex 6.015009547e-01 3.717480347e-01 -7.071067813e-01
      vertex 5.642542120e-01 5.133754413e-01 -6.465777920e-01
    endloop
  endfacet
  facet normal 5.46563600e-01 4.46516882e-01 -7.08442591e-01
    outer loop
      vertex 4.684298507e-01 4.539905000e-01 -7.579354200e-01
      vertex 5.642542120e-01 5.133754413e-01 -6.465777920e-01
      vertex 6.015009547e-01 3.717480347e-01 -7.071067813e-01
    endloop
  endfacet
  facet normal 5.85158785e-01 6.35471510e-01 -5.03751085e-01
    outer loop
      vertex 5.877852520e-01 6.881909600e-01 -4.253254040e-01
      vertex 6.465777920e-01 5.642542120e-01 -5.133754413e-01
      vertex 5.133754413e-01 6.465777920e-01 -5.642542120e-01
    endloop
  endfacet
  facet normal 6.35471510e-01 5.03751085e-01 -5.85158785e-01
    outer loop
      vertex 6.881909600e-01 4.253254040e-01 -5.877852520e-01
      vertex 5.642542120e-01 5.133754413e-01 -6.465777920e-01
      vertex 6.465777920e-01 5.642542120e-01 -5.133754413e-01
    endloop
  endfacet
  facet normal 5.03751085e-01 5.85158785e-01 -6.35471510e-01
    outer loop
      vertex 4.253254040e-01 5.877852520e-01 -6.881909600e-01
      vertex 5.133754413e-01 6.465777920e-01 -5.642542120e-01
      vertex 5.642542120e-01 5.133754413e-01 -6.465777920e-01
    endloop
  endfacet
  facet normal 5.77350269e-01 5.77350269e-01 -5.77350269e-01
    outer loop
      vertex 6.465777920e-01 5.642542120e-01 -5.133754413e-01
      vertex 5.642542120e-01 5.133754413e-01 -6.465777920e-01
      vertex 5.133754413e-01 6.465777920e-01 -5.642542120e-01
    endloop
  endfacet
  facet normal 5.46249634e-01 -8.33679433e-01 8.11784483e-02
    outer loop
      vertex 5.257311120e-01 -8.506508080e-01 0.00000000e+00
      vertex 6.156420213e-01 -7.838430427e-01 8.108629347e-02
      vertex 4.844416427e-01 -8.649293360e-01 1.312003788e-01
    endloop
  endfacet
  facet normal 6.30460816e-01 -7.59246413e-01 1.61443621e-01
    outer loop
      vertex 6.937804773e-01 -7.020464453e-01 1.606220360e-01
      vertex 5.712516587e-01 -7.926492293e-01 2.130228653e-01
      vertex 6.156420213e-01 -7.838430427e-01 8.108629347e-02
    endloop
  endfacet
  facet normal 5.00141955e-01 -8.39787899e-01 2.11220996e-01
    outer loop
      vertex 4.338885640e-01 -8.626684800e-01 2.598919133e-01
      vertex 4.844416427e-01 -8.649293360e-01 1.312003788e-01
      vertex 5.712516587e-01 -7.926492293e-01 2.130228653e-01
    endloop
  endfacet
  facet normal 5.57284142e-01 -8.19634387e-01 1.32792529e-01
    outer loop
      vertex 6.156420213e-01 -7.838430427e-01 8.108629347e-02
      vertex 5.712516587e-01 -7.926492293e-01 2.130228653e-01
      vertex 4.844416427e-01 -8.649293360e-01 1.312003788e-01
    endloop
  endfacet
  facet normal 7.59998894e-01 -5.69357957e-01 3.13421759e-01
    outer loop
      vertex 8.090169947e-01 -5.000000000e-01 3.090169947e-01
      vertex 7.071067813e-01 -6.015009547e-01 3.717480347e-01
      vertex 7.586523000e-01 -6.068251493e-01 2.370863253e-01
    endloop
  endfacet
  facet normal 6.49100841e-01 -6.63682830e-01 3.71743458e-01
    outer loop
      vertex 5.877852520e-01 -6.881909600e-01 4.253254040e-01
      vertex 6.474118933e-01 -7.023098467e-01 2.960045920e-01
      vertex 7.071067813e-01 -6.015009547e-01 3.717480347e-01
    endloop
  endfacet
  facet normal 7.02258401e-01 -6.70527632e-01 2.39219216e-01
    outer loop
      vertex 6.937804773e-01 -7.020464453e-01 1.606220360e-01
      vertex 7.586523000e-01 -6.068251493e-01 2.370863253e-01
      vertex 6.474118933e-01 -7.023098467e-01 2.960045920e-01
    endloop
  endfacet
  facet normal 7.07576229e-01 -6.41557056e-01 2.96210100e-01
    outer loop
      vertex 7.071067813e-01 -6.015009547e-01 3.717480347e-01
      vertex 6.474118933e-01 -7.023098467e-01 2.960045920e-01
      vertex 7.586523000e-01 -6.068251493e-01 2.370863253e-01
    endloop
  endfacet
  facet normal 3.82478568e-01 -8.02678349e-01 4.57621692e-01
    outer loop
      vertex 3.090169947e-01 -8.090169947e-01 5.000000000e-01
      vertex 3.750385680e-01 -8.439114747e-01 3.836137333e-01
      vertex 4.539905000e-01 -7.579354200e-01 4.684298507e-01
    endloop
  endfacet
  facet normal 4.45068077e-01 -8.29479994e-01 3.37457178e-01
    outer loop
      vertex 4.338885640e-01 -8.626684800e-01 2.598919133e-01
      vertex 5.161216200e-01 -7.834516987e-01 3.461530147e-01
      vertex 3.750385680e-01 -8.439114747e-01 3.836137333e-01
    endloop
  endfacet
  facet normal 5.22219227e-01 -7.42099980e-01 4.20207922e-01
    outer loop
      vertex 5.877852520e-01 -6.881909600e-01 4.253254040e-01
      vertex 4.539905000e-01 -7.579354200e-01 4.684298507e-01
      vertex 5.161216200e-01 -7.834516987e-01 3.461530147e-01
    endloop
  endfacet
  facet normal 4.48482532e-01 -8.01685768e-01 3.95175087e-01
    outer loop
      vertex 3.750385680e-01 -8.439114747e-01 3.836137333e-01
      vertex 5.161216200e-01 -7.834516987e-01 3.461530147e-01
      vertex 4.539905000e-01 -7.579354200e-01 4.684298507e-01
    endloop
  endfacet
  facet normal 6.38726558e-01 -7.38103584e-01 2.17328056e-01
    outer loop
      vertex 6.937804773e-01 -7.020464453e-01 1.606220360e-01
      vertex 6.474118933e-01 -7.023098467e-01 2.960045920e-01
      vertex 5.712516587e-01 -7.926492293e-01 2.130228653e-01
    endloop
  endfacet
  facet normal 5.85563456e-01 -7.31257495e-01 3.49825549e-01
    outer loop
      vertex 5.877852520e-01 -6.881909600e-01 4.253254040e-01
      vertex 5.161216200e-01 -7.834516987e-01 3.461530147e-01
      vertex 6.474118933e-01 -7.023098467e-01 2.960045920e-01
    endloop
  endfacet
  facet normal 5.08425010e-01 -8.18634369e-01 2.67098819e-01
    outer loop
      vertex 4.338885640e-01 -8.626684800e-01 2.598919133e-01
      vertex 5.712516587e-01 -7.926492293e-01 2.130228653e-01
      vertex 5.161216200e-01 -7.834516987e-01 3.461530147e-01
    endloop
  endfacet
  facet normal 5.81153824e-01 -7.59175643e-01 2.93108471e-01
    outer loop
      vertex 6.474118933e-01 -7.023098467e-01 2.960045920e-01
      vertex 5.161216200e-01 -7.834516987e-01 3.461530147e-01
      vertex 5.712516587e-01 -7.926492293e-01 2.130228653e-01
    endloop
  endfacet
  facet normal 8.33679433e-01 -8.11784483e-02 5.46249634e-01
    outer loop
      vertex 8.506508080e-01 0.00000000e+00 5.257311120e-01
      vertex 7.838430427e-01 -8.108629347e-02 6.156420213e-01
      vertex 8.649293360e-01 -1.312003788e-01 4.844416427e-01
    endloop
  endfacet
  facet normal 7.59246413e-01 -1.61443621e-01 6.30460816e-01
    outer loop
      vertex 7.020464453e-01 -1.606220360e-01 6.937804773e-01
      vertex 7.926492293e-01 -2.130228653e-01 5.712516587e-01
      vertex 7.838430427e-01 -8.108629347e-02 6.156420213e-01
    endloop
  endfacet
  facet normal 8.39787899e-01 -2.11220996e-01 5.00141955e-01
    outer loop
      vertex 8.626684800e-01 -2.598919133e-01 4.338885640e-01
      vertex 8.649293360e-01 -1.312003788e-01 4.844416427e-01
      vertex 7.926492293e-01 -2.130228653e-01 5.712516587e-01
    endloop
  endfacet
  facet normal 8.19634387e-01 -1.32792529e-01 5.57284142e-01
    outer loop
      vertex 7.838430427e-01 -8.108629347e-02 6.156420213e-01
      vertex 7.926492293e-01 -2.130228653e-01 5.712516587e-01
      vertex 8.649293360e-01 -1.312003788e-01 4.844416427e-01
    endloop
  endfacet
  facet normal 5.69357957e-01 -3.13421759e-01 7.59998894e-01
    outer loop
      vertex 5.000000000e-01 -3.090169947e-01 8.090169947e-01
      vertex 6.015009547e-01 -3.717480347e-01 7.071067813e-01
      vertex 6.068251493e-01 -2.370863253e-01 7.586523000e-01
    endloop
  endfacet
  facet normal 6.63682830e-01 -3.71743458e-01 6.49100841e-01
    outer loop
      vertex 6.881909600e-01 -4.253254040e-01 5.877852520e-01
      vertex 7.023098467e-01 -2.960045920e-01 6.474118933e-01
      vertex 6.015009547e-01 -3.717480347e-01 7.071067813e-01
    endloop
  endfacet
  facet normal 6.70527632e-01 -2.39219216e-01 7.02258401e-01
    outer loop
      vertex 7.020464453e-01 -1.606220360e-01 6.937804773e-01
      vertex 6.068251493e-01 -2.370863253e-01 7.586523000e-01
      vertex 7.023098467e-01 -2.960045920e-01 6.474118933e-01
    endloop
  endfacet
  facet normal 6.41557056e-01 -2.96210100e-01 7.07576229e-01
    outer loop
      vertex 6.015009547e-01 -3.717480347e-01 7.071067813e-01
      vertex 7.023098467e-01 -2.960045920e-01 6.474118933e-01
      vertex 6.068251493e-01 -2.370863253e-01 7.586523000e-01
    endloop
  endfacet
  facet normal 8.02678349e-01 -4.57621692e-01 3.82478568e-01
    outer loop
      vertex 8.090169947e-01 -5.000000000e-01 3.090169947e-01
      vertex 8.439114747e-01 -3.836137333e-01 3.750385680e-01
      vertex 7.579354200e-01 -4.684298507e-01 4.539905000e-01
    endloop
  endfacet
  facet normal 8.29479994e-01 -3.37457178e-01 4.45068077e-01
    outer loop
      vertex 8.626684800e-01 -2.598919133e-01 4.338885640e-01
      vertex 7.834516987e-01 -3.461530147e-01 5.161216200e-01
      vertex 8.439114747e-01 -3.836137333e-01 3.750385680e-01
    endloop
  endfacet
  facet normal 7.42099980e-01 -4.20207922e-01 5.22219227e-01
    outer loop
      vertex 6.881909600e-01 -4.253254040e-01 5.877852520e-01
      vertex 7.579354200e-01 -4.684298507e-01 4.539905000e-01
      vertex 7.834516987e-01 -3.461530147e-01 5.161216200e-01
    endloop
  endfacet
  facet normal 8.01685768e-01 -3.95175087e-01 4.48482532e-01
    outer loop
      vertex 8.439114747e-01 -3.836137333e-01 3.750385680e-01
      vertex 7.834516987e-01 -3.461530147e-01 5.161216200e-01
      vertex 7.579354200e-01 -4.684298507e-01 4.539905000e-01
    endloop
  endfacet
  facet normal 7.38103584e-01 -2.17328056e-01 6.38726558e-01
    outer loop
      vertex 7.020464453e-01 -1.606220360e-01 6.937804773e-01
      vertex 7.023098467e-01 -2.960045920e-01 6.474118933e-01
      vertex 7.926492293e-01 -2.130228653e-01 5.712516587e-01
    endloop
  endfacet
  facet normal 7.31257495e-01 -3.49825549e-01 5.85563456e-01
    outer loop
      vertex 6.881909600e-01 -4.253254040e-01 5.877852520e-01
      vertex 7.834516987e-01 -3.461530147e-01 5.161216200e-01
      vertex 7.023098467e-01 -2.960045920e-01 6.474118933e-01
    endloop
  endfacet
  facet normal 8.18634369e-01 -2.67098819e-01 5.08425010e-01
    outer loop
      vertex 8.626684800e-01 -2.598919133e-01 4.338885640e-01
      vertex 7.926492293e-01 -2.130228653e-01 5.712516587e-01
      vertex 7.834516987e-01 -3.461530147e-01 5.161216200e-01
    endloop
  endfacet
  facet normal 7.59175643e-01 -2.93108471e-01 5.81153824e-01
    outer loop
      vertex 7.023098467e-01 -2.960045920e-01 6.474118933e-01
      vertex 7.834516987e-01 -3.461530147e-01 5.161216200e-01
      vertex 7.926492293e-01 -2.130228653e-01 5.712516587e-01
    endloop
  endfacet
  facet normal 8.11784483e-02 -5.46249634e-01 8.33679433e-01
    outer loop
      vertex 0.00000000e+00 -5.257311120e-01 8.506508080e-01
      vertex 8.108629347e-02 -6.156420213e-01 7.838430427e-01
      vertex 1.312003788e-01 -4.844416427e-01 8.649293360e-01
    endloop
  endfacet
  facet normal 1.61443621e-01 -6.30460816e-01 7.59246413e-01
    outer loop
      vertex 1.606220360e-01 -6.937804773e-01 7.020464453e-01
      vertex 2.130228653e-01 -5.712516587e-01 7.926492293e-01
      vertex 8.108629347e-02 -6.156420213e-01 7.838430427e-01
    endloop
  endfacet
  facet normal 2.11220996e-01 -5.00141955e-01 8.39787899e-01
    outer loop
      vertex 2.598919133e-01 -4.338885640e-01 8.626684800e-01
      vertex 1.312003788e-01 -4.844416427e-01 8.649293360e-01
      vertex 2.130228653e-01 -5.712516587e-01 7.926492293e-01
    endloop
  endfacet
  facet normal 1.32792529e-01 -5.57284142e-01 8.19634387e-01
    outer loop
      vertex 8.108629347e-02 -6.156420213e-01 7.838430427e-01
      vertex 2.130228653e-01 -5.712516587e-01 7.926492293e-01
      vertex 1.312003788e-01 -4.844416427e-01 8.649293360e-01
    endloop
  endfacet
  facet normal 3.13421759e-01 -7.59998894e-01 5.69357957e-01
    outer loop
      vertex 3.090169947e-01 -8.090169947e-01 5.000000000e-01
      vertex 3.717480347e-01 -7.071067813e-01 6.015009547e-01
      vertex 2.370863253e-01 -7.586523000e-01 6.068251493e-01
    endloop
  endfacet
  facet normal 3.71743458e-01 -6.49100841e-01 6.63682830e-01
    outer loop
      vertex 4.253254040e-01 -5.877852520e-01 6.881909600e-01
      vertex 2.960045920e-01 -6.474118933e-01 7.023098467e-01
      vertex 3.717480347e-01 -7.071067813e-01 6.015009547e-01
    endloop
  endfacet
  facet normal 2.39219216e-01 -7.02258401e-01 6.70527632e-01
    outer loop
      vertex 1.606220360e-01 -6.937804773e-01 7.020464453e-01
      vertex 2.370863253e-01 -7.586523000e-01 6.068251493e-01
      vertex 2.960045920e-01 -6.474118933e-01 7.023098467e-01
    endloop
  endfacet
  facet normal 2.96210100e-01 -7.07576229e-01 6.41557056e-01
    outer loop
      vertex 3.717480347e-01 -7.071067813e-01 6.015009547e-01
      vertex 2.960045920e-01 -6.474118933e-01 7.023098467e-01
      vertex 2.370863253e-01 -7.586523000e-01 6.068251493e-01
    endloop
  endfacet
  facet normal 4.57621692e-01 -3.82478568e-01 8.02678349e-01
    outer loop
      vertex 5.000000000e-01 -3.090169947e-01 8.090169947e-01
      vertex 3.836137333e-01 -3.750385680e-01 8.439114747e-01
      vertex 4.684298507e-01 -4.539905000e-01 7.579354200e-01
    endloop
  endfacet
  facet normal 3.37457178e-01 -4.45068077e-01 8.29479994e-01
    outer loop
      vertex 2.598919133e-01 -4.338885640e-01 8.626684800e-01
      vertex 3.461530147e-01 -5.161216200e-01 7.834516987e-01
      vertex 3.836137333e-01 -3.750385680e-01 8.439114747e-01
    endloop
  endfacet
  facet normal 4.20207922e-01 -5.22219227e-01 7.42099980e-01
    outer loop
      vertex 4.253254040e-01 -5.877852520e-01 6.881909600e-01
      vertex 4.684298507e-01 -4.539905000e-01 7.579354200e-01
      vertex 3.461530147e-01 -5.161216200e-01 7.834516987e-01
    endloop
  endfacet
  facet normal 3.95175087e-01 -4.48482532e-01 8.01685768e-01
    outer loop
      vertex 3.836137333e-01 -3.750385680e-01 8.439114747e-01
      vertex 3.461530147e-01 -5.161216200e-01 7.834516987e-01
      vertex 4.684298507e-01 -4.539905000e-01 7.579354200e-01
    endloop
  endfacet
  facet normal 2.17328056e-01 -6.38726558e-01 7.38103584e-01
    outer loop
      vertex 1.606220360e-01 -6.937804773e-01 7.020464453e-01
      vertex 2.960045920e-01 -6.474118933e-01 7.023098467e-01
      vertex 2.130228653e-01 -5.712516587e-01 7.926492293e-01
    endloop
  endfacet
  facet normal 3.49825549e-01 -5.85563456e-01 7.31257495e-01
    outer loop
      vertex 4.253254040e-01 -5.877852520e-01 6.881909600e-01
      vertex 3.461530147e-01 -5.161216200e-01 7.834516987e-01
      vertex 2.960045920e-01 -6.474118933e-01 7.023098467e-01
    endloop
  endfacet
  facet normal 2.67098819e-01 -5.08425010e-01 8.18634369e-01
    outer loop
      vertex 2.598919133e-01 -4.338885640e-01 8.626684800e-01
      vertex 2.130228653e-01 -5.712516587e-01 7.926492293e-01
      vertex 3.461530147e-01 -5.161216200e-01 7.834516987e-01
    endloop
  endfacet
  facet normal 2.93108471e-01 -5.81153824e-01 7.59175643e-01
    outer loop
      vertex 2.960045920e-01 -6.474118933e-01 7.023098467e-01
      vertex 3.461530147e-01 -5.161216200e-01 7.834516987e-01
      vertex 2.130228653e-01 -5.712516587e-01 7.926492293e-01
    endloop
  endfacet
  facet normal 7.59513561e-01 -5.26342166e-01 3.82234319e-01
    outer loop
      vertex 8.090169947e-01 -5.000000000e-01 3.090169947e-01
      vertex 7.579354200e-01 -4.684298507e-01 4.539905000e-01
      vertex 7.071067813e-01 -6.015009547e-01 3.717480347e-01
    endloop
  endfacet
  facet normal 6.99011079e-01 -4.88894611e-01 5.21886550e-01
    outer loop
      vertex 6.881909600e-01 -4.253254040e-01 5.877852520e-01
      vertex 6.465777920e-01 -5.642542120e-01 5.133754413e-01
      vertex 7.579354200e-01 -4.684298507e-01 4.539905000e-01
    endloop
  endfacet
  facet normal 6.48687335e-01 -6.20643884e-01 4.40461021e-01
    outer loop
      vertex 5.877852520e-01 -6.881909600e-01 4.253254040e-01
      vertex 7.071067813e-01 -6.015009547e-01 3.717480347e-01
      vertex 6.465777920e-01 -5.642542120e-01 5.133754413e-01
    endloop
  endfacet
  facet normal 7.08442591e-01 -5.46563600e-01 4.46516882e-01
    outer loop
      vertex 7.579354200e-01 -4.684298507e-01 4.539905000e-01
      vertex 6.465777920e-01 -5.642542120e-01 5.133754413e-01
      vertex 7.071067813e-01 -6.015009547e-01 3.717480347e-01
    endloop
  endfacet
  facet normal 5.26342166e-01 -3.82234319e-01 7.59513561e-01
    outer loop
      vertex 5.000000000e-01 -3.090169947e-01 8.090169947e-01
      vertex 4.684298507e-01 -4.539905000e-01 7.579354200e-01
      vertex 6.015009547e-01 -3.717480347e-01 7.071067813e-01
    endloop
  endfacet
  facet normal 4.88894611e-01 -5.21886550e-01 6.99011079e-01
    outer loop
      vertex 4.253254040e-01 -5.877852520e-01 6.881909600e-01
      vertex 5.642542120e-01 -5.133754413e-01 6.465777920e-01
      vertex 4.684298507e-01 -4.539905000e-01 7.579354200e-01
    endloop
  endfacet
  facet normal 6.20643884e-01 -4.40461021e-01 6.48687335e-01
    outer loop
      vertex 6.881909600e-01 -4.253254040e-01 5.877852520e-01
      vertex 6.015009547e-01 -3.717480347e-01 7.071067813e-01
      vertex 5.642542120e-01 -5.133754413e-01 6.465777920e-01
    endloop
  endfacet
  facet normal 5.46563600e-01 -4.46516882e-01 7.08442591e-01
    outer loop
      vertex 4.684298507e-01 -4.539905000e-01 7.579354200e-01
      vertex 5.642542120e-01 -5.133754413e-01 6.465777920e-01
      vertex 6.015009547e-01 -3.717480347e-01 7.071067813e-01
    endloop
  endfacet
  facet normal 3.82234319e-01 -7.59513561e-01 5.26342166e-01
    outer loop
      vertex 3.090169947e-01 -8.090169947e-01 5.000000000e-01
      vertex 4.539905000e-01 -7.579354200e-01 4.684298507e-01
      vertex 3.717480347e-01 -7.071067813e-01 6.015009547e-01
    endloop
  endfacet
  facet normal 5.21886550e-01 -6.99011079e-01 4.88894611e-01
    outer loop
      vertex 5.877852520e-01 -6.881909600e-01 4.253254040e-01
      vertex 5.133754413e-01 -6.465777920e-01 5.642542120e-01
      vertex 4.539905000e-01 -7.579354200e-01 4.684298507e-01
    endloop
  endfacet
  facet normal 4.40461021e-01 -6.48687335e-01 6.20643884e-01
    outer loop
      vertex 4.253254040e-01 -5.877852520e-01 6.881909600e-01
      vertex 3.717480347e-01 -7.071067813e-01 6.015009547e-01
      vertex 5.133754413e-01 -6.465777920e-01 5.642542120e-01
    endloop
  endfacet
  facet normal 4.46516882e-01 -7.08442591e-01 5.46563600e-01
    outer loop
      vertex 4.539905000e-01 -7.579354200e-01 4.684298507e-01
      vertex 5.133754413e-01 -6.465777920e-01 5.642542120e-01
      vertex 3.717480347e-01 -7.071067813e-01 6.015009547e-01
    endloop
  endfacet
  facet normal 6.35471510e-01 -5.03751085e-01 5.85158785e-01
    outer loop
      vertex 6.881909600e-01 -4.253254040e-01 5.877852520e-01
      vertex 5.642542120e-01 -5.133754413e-01 6.465777920e-01
      vertex 6.465777920e-01 -5.642542120e-01 5.133754413e-01
    endloop
  endfacet
  facet normal 5.03751085e-01 -5.85158785e-01 6.35471510e-01
    outer loop
      vertex 4.253254040e-01 -5.877852520e-01 6.881909600e-01
      vertex 5.133754413e-01 -6.465777920e-01 5.642542120e-01
      vertex 5.642542120e-01 -5.133754413e-01 6.465777920e-01
    endloop
  endfacet
  facet normal 5.85158785e-01 -6.35471510e-01 5.03751085e-01
    outer loop
      vertex 5.877852520e-01 -6.881909600e-01 4.253254040e-01
      vertex 6.465777920e-01 -5.642542120e-01 5.133754413e-01
      vertex 5.133754413e-01 -6.465777920e-01 5.642542120e-01
    endloop
  endfacet
  facet normal 5.77350269e-01 -5.77350269e-01 5.77350269e-01
    outer loop
      vertex 5.642542120e-01 -5.133754413e-01 6.465777920e-01
      vertex 5.133754413e-01 -6.465777920e-01 5.642542120e-01
      vertex 6.465777920e-01 -5.642542120e-01 5.133754413e-01
    endloop
  endfacet
  facet normal 4.65071185e-01 -8.83850473e-01 5.01710402e-02
    outer loop
      vertex 5.257311120e-01 -8.506508080e-01 0.00000000e+00
      vertex 4.844416427e-01 -8.649293360e-01 1.312003788e-01
      vertex 4.033553480e-01 -9.150434213e-01 0.00000000e+00
    endloop
  endfacet
  facet normal 4.19239820e-01 -8.89788168e-01 1.80319130e-01
    outer loop
      vertex 4.338885640e-01 -8.626684800e-01 2.598919133e-01
      vertex 3.582287933e-01 -9.243046000e-01 1.316553713e-01
      vertex 4.844416427e-01 -8.649293360e-01 1.312003788e-01
    endloop
  endfacet
  facet normal 3.38698334e-01 -9.39565544e-01 5.00002693e-02
    outer loop
      vertex 2.732665293e-01 -9.619383573e-01 0.00000000e+00
      vertex 4.033553480e-01 -9.150434213e-01 0.00000000e+00
      vertex 3.582287933e-01 -9.243046000e-01 1.316553713e-01
    endloop
  endfacet
  facet normal 4.24491613e-01 -9.01704684e-01 8.20702965e-02
    outer loop
      vertex 4.844416427e-01 -8.649293360e-01 1.312003788e-01
      vertex 3.582287933e-01 -9.243046000e-01 1.316553713e-01
      vertex 4.033553480e-01 -9.150434213e-01 0.00000000e+00
    endloop
  endfacet
  facet normal 3.02377202e-01 -8.52183716e-01 4.27025692e-01
    outer loop
      vertex 3.090169947e-01 -8.090169947e-01 5.000000000e-01
      vertex 2.386769307e-01 -8.910065240e-01 3.861873853e-01
      vertex 3.750385680e-01 -8.439114747e-01 3.836137333e-01
    endloop
  endfacet
  facet normal 2.28892918e-01 -9.23385609e-01 3.08167242e-01
    outer loop
      vertex 1.624598480e-01 -9.510565160e-01 2.628655560e-01
      vertex 3.012588787e-01 -9.162441747e-01 2.640827507e-01
      vertex 2.386769307e-01 -8.910065240e-01 3.861873853e-01
    endloop
  endfacet
  facet normal 3.64801223e-01 -8.79087638e-01 3.06797967e-01
    outer loop
      vertex 4.338885640e-01 -8.626684800e-01 2.598919133e-01
      vertex 3.750385680e-01 -8.439114747e-01 3.836137333e-01
      vertex 3.012588787e-01 -9.162441747e-01 2.640827507e-01
    endloop
  endfacet
  facet normal 3.12401143e-01 -8.85788691e-01 3.43196621e-01
    outer loop
      vertex 2.386769307e-01 -8.910065240e-01 3.861873853e-01
      vertex 3.012588787e-01 -9.162441747e-01 2.640827507e-01
      vertex 3.750385680e-01 -8.439114747e-01 3.836137333e-01
    endloop
  endfacet
  facet normal 6.90568093e-02 -9.96383649e-01 4.95053672e-02
    outer loop
      vertex 0.00000000e+00 -1.000000000e+00 0.00000000e+00
      vertex 1.379522427e-01 -9.904388813e-01 0.00000000e+00
      vertex 8.224246533e-02 -9.876883400e-01 1.330711041e-01
    endloop
  endfacet
  facet normal 2.05848861e-01 -9.77325600e-01 4.96076443e-02
    outer loop
      vertex 2.732665293e-01 -9.619383573e-01 0.00000000e+00
      vertex 2.201170280e-01 -9.663925973e-01 1.327924768e-01
      vertex 1.379522427e-01 -9.904388813e-01 0.00000000e+00
    endloop
  endfacet
  facet normal 1.50475768e-01 -9.71850073e-01 1.81285628e-01
    outer loop
      vertex 1.624598480e-01 -9.510565160e-01 2.628655560e-01
      vertex 8.224246533e-02 -9.876883400e-01 1.330711041e-01
      vertex 2.201170280e-01 -9.663925973e-01 1.327924768e-01
    endloop
  endfacet
  facet normal 1.52272431e-01 -9.84753677e-01 8.41029235e-02
    outer loop
      vertex 1.379522427e-01 -9.904388813e-01 0.00000000e+00
      vertex 2.201170280e-01 -9.663925973e-01 1.327924768e-01
      vertex 8.224246533e-02 -9.876883400e-01 1.330711041e-01
    endloop
  endfacet
  facet normal 3.71627739e-01 -9.03179732e-01 2.14846911e-01
    outer loop
      vertex 4.338885640e-01 -8.626684800e-01 2.598919133e-01
      vertex 3.012588787e-01 -9.162441747e-01 2.640827507e-01
      vertex 3.582287933e-01 -9.243046000e-01 1.316553713e-01
    endloop
  endfacet
  facet normal 2.35737907e-01 -9.47461575e-01 2.16204079e-01
    outer loop
      vertex 1.624598480e-01 -9.510565160e-01 2.628655560e-01
      vertex 2.201170280e-01 -9.663925973e-01 1.327924768e-01
      vertex 3.012588787e-01 -9.162441747e-01 2.640827507e-01
    endloop
  endfacet
  facet normal 2.91096954e-01 -9.52950495e-01 8.45453627e-02
    outer loop
      vertex 2.732665293e-01 -9.619383573e-01 0.00000000e+00
      vertex 3.582287933e-01 -9.243046000e-01 1.316553713e-01
      vertex 2.201170280e-01 -9.663925973e-01 1.327924768e-01
    endloop
  endfacet
  facet normal 2.88045353e-01 -9.40326640e-01 1.81150998e-01
    outer loop
      vertex 3.012588787e-01 -9.162441747e-01 2.640827507e-01
      vertex 2.201170280e-01 -9.663925973e-01 1.327924768e-01
      vertex 3.582287933e-01 -9.243046000e-01 1.316553713e-01
    endloop
  endfacet
  facet normal 0.00000000e+00 -5.96420674e-01 8.02672025e-01
    outer loop
      vertex 0.00000000e+00 -5.257311120e-01 8.506508080e-01
      vertex -8.108629347e-02 -6.156420213e-01 7.838430427e-01
      vertex 8.108629347e-02 -6.156420213e-01 7.838430427e-01
    endloop
  endfacet
  facet normal -8.05414856e-02 -6.80461086e-01 7.28344548e-01
    outer loop
      vertex -1.606220360e-01 -6.937804773e-01 7.020464453e-01
      vertex 0.00000000e+00 -7.029070307e-01 7.112817347e-01
      vertex -8.108629347e-02 -6.156420213e-01 7.838430427e-01
    endloop
  endfacet
  facet normal 8.05414856e-02 -6.80461086e-01 7.28344548e-01
    outer loop
      vertex 1.606220360e-01 -6.937804773e-01 7.020464453e-01
      vertex 8.108629347e-02 -6.156420213e-01 7.838430427e-01
      vertex 0.00000000e+00 -7.029070307e-01 7.112817347e-01
    endloop
  endfacet
  facet normal 0.00000000e+00 -6.39354439e-01 7.68912155e-01
    outer loop
      vertex -8.108629347e-02 -6.156420213e-01 7.838430427e-01
      vertex 0.00000000e+00 -7.029070307e-01 7.112817347e-01
      vertex 8.108629347e-02 -6.156420213e-01 7.838430427e-01
    endloop
  endfacet
  facet normal -2.33320392e-01 -8.09504261e-01 5.38761957e-01
    outer loop
      vertex -3.090169947e-01 -8.090169947e-01 5.000000000e-01
      vertex -1.564344653e-01 -8.401778853e-01 5.192584893e-01
      vertex -2.370863253e-01 -7.586523000e-01 6.068251493e-01
    endloop
  endfacet
  facet normal -7.84171500e-02 -8.30386469e-01 5.51642150e-01
    outer loop
      vertex 0.00000000e+00 -8.506508080e-01 5.257311120e-01
      vertex -8.114185160e-02 -7.802043707e-01 6.202395827e-01
      vertex -1.564344653e-01 -8.401778853e-01 5.192584893e-01
    endloop
  endfacet
  facet normal -1.58952361e-01 -7.51866045e-01 6.39868422e-01
    outer loop
      vertex -1.606220360e-01 -6.937804773e-01 7.020464453e-01
      vertex -2.370863253e-01 -7.586523000e-01 6.068251493e-01
      vertex -8.114185160e-02 -7.802043707e-01 6.202395827e-01
    endloop
  endfacet
  facet normal -1.60128712e-01 -7.91679153e-01 5.89578591e-01
    outer loop
      vertex -1.564344653e-01 -8.401778853e-01 5.192584893e-01
      vertex -8.114185160e-02 -7.802043707e-01 6.202395827e-01
      vertex -2.370863253e-01 -7.586523000e-01 6.068251493e-01
    endloop
  endfacet
  facet normal 2.33320392e-01 -8.09504261e-01 5.38761957e-01
    outer loop
      vertex 3.090169947e-01 -8.090169947e-01 5.000000000e-01
      vertex 2.370863253e-01 -7.586523000e-01 6.068251493e-01
      vertex 1.564344653e-01 -8.401778853e-01 5.192584893e-01
    endloop
  endfacet
  facet normal 1.58952361e-01 -7.51866045e-01 6.39868422e-01
    outer loop
      vertex 1.606220360e-01 -6.937804773e-01 7.020464453e-01
      vertex 8.114185160e-02 -7.802043707e-01 6.202395827e-01
      vertex 2.370863253e-01 -7.586523000e-01 6.068251493e-01
    endloop
  endfacet
  facet normal 7.84171500e-02 -8.30386469e-01 5.51642150e-01
    outer loop
      vertex 0.00000000e+00 -8.506508080e-01 5.257311120e-01
      vertex 1.564344653e-01 -8.401778853e-01 5.192584893e-01
      vertex 8.114185160e-02 -7.802043707e-01 6.202395827e-01
    endloop
  endfacet
  facet normal 1.60128712e-01 -7.91679153e-01 5.89578591e-01
    outer loop
      vertex 2.370863253e-01 -7.586523000e-01 6.068251493e-01
      vertex 8.114185160e-02 -7.802043707e-01 6.202395827e-01
      vertex 1.564344653e-01 -8.401778853e-01 5.192584893e-01
    endloop
  endfacet
  facet normal -8.05307856e-02 -7.23271921e-01 6.85851676e-01
    outer loop
      vertex -1.606220360e-01 -6.937804773e-01 7.020464453e-01
      vertex -8.114185160e-02 -7.802043707e-01 6.202395827e-01
      vertex 0.00000000e+00 -7.029070307e-01 7.112817347e-01
    endloop
  endfacet
  facet normal 0.00000000e+00 -8.01767535e-01 5.97636026e-01
    outer loop
      vertex 0.00000000e+00 -8.506508080e-01 5.257311120e-01
      vertex 8.114185160e-02 -7.802043707e-01 6.202395827e-01
      vertex -8.114185160e-02 -7.802043707e-01 6.202395827e-01
    endloop
  endfacet
  facet normal 8.05307856e-02 -7.23271921e-01 6.85851676e-01
    outer loop
      vertex 1.606220360e-01 -6.937804773e-01 7.020464453e-01
      vertex 0.00000000e+00 -7.029070307e-01 7.112817347e-01
      vertex 8.114185160e-02 -7.802043707e-01 6.202395827e-01
    endloop
  endfacet
  facet normal 0.00000000e+00 -7.62304822e-01 6.47218169e-01
    outer loop
      vertex -8.114185160e-02 -7.802043707e-01 6.202395827e-01
      vertex 8.114185160e-02 -7.802043707e-01 6.202395827e-01
      vertex 0.00000000e+00 -7.029070307e-01 7.112817347e-01
    endloop
  endfacet
  facet normal -4.65071185e-01 -8.83850473e-01 5.01710402e-02
    outer loop
      vertex -5.257311120e-01 -8.506508080e-01 0.00000000e+00
      vertex -4.033553480e-01 -9.150434213e-01 0.00000000e+00
      vertex -4.844416427e-01 -8.649293360e-01 1.312003788e-01
    endloop
  endfacet
  facet normal -3.38698334e-01 -9.39565544e-01 5.00002693e-02
    outer loop
      vertex -2.732665293e-01 -9.619383573e-01 0.00000000e+00
      vertex -3.582287933e-01 -9.243046000e-01 1.316553713e-01
      vertex -4.033553480e-01 -9.150434213e-01 0.00000000e+00
    endloop
  endfacet
  facet normal -4.19239820e-01 -8.89788168e-01 1.80319130e-01
    outer loop
      vertex -4.338885640e-01 -8.626684800e-01 2.598919133e-01
      vertex -4.844416427e-01 -8.649293360e-01 1.312003788e-01
      vertex -3.582287933e-01 -9.243046000e-01 1.316553713e-01
    endloop
  endfacet
  facet normal -4.24491613e-01 -9.01704684e-01 8.20702965e-02
    outer loop
      vertex -4.033553480e-01 -9.150434213e-01 0.00000000e+00
      vertex -3.582287933e-01 -9.243046000e-01 1.316553713e-01
      vertex -4.844416427e-01 -8.649293360e-01 1.312003788e-01
    endloop
  endfacet
  facet normal -6.90568093e-02 -9.96383649e-01 4.95053672e-02
    outer loop
      vertex 0.00000000e+00 -1.000000000e+00 0.00000000e+00
      vertex -8.224246533e-02 -9.876883400e-01 1.330711041e-01
      vertex -1.379522427e-01 -9.904388813e-01 0.00000000e+00
    endloop
  endfacet
  facet normal -1.50475768e-01 -9.71850073e-01 1.81285628e-01
    outer loop
      vertex -1.624598480e-01 -9.510565160e-01 2.628655560e-01
      vertex -2.201170280e-01 -9.663925973e-01 1.327924768e-01
      vertex -8.224246533e-02 -9.876883400e-01 1.330711041e-01
    endloop
  endfacet
  facet normal -2.05848861e-01 -9.77325600e-01 4.96076443e-02
    outer loop
      vertex -2.732665293e-01 -9.619383573e-01 0.00000000e+00
      vertex -1.379522427e-01 -9.904388813e-01 0.00000000e+00
      vertex -2.201170280e-01 -9.663925973e-01 1.327924768e-01
    endloop
  endfacet
  facet normal -1.52272431e-01 -9.84753677e-01 8.41029235e-02
    outer loop
      vertex -8.224246533e-02 -9.876883400e-01 1.330711041e-01
      vertex -2.201170280e-01 -9.663925973e-01 1.327924768e-01
      vertex -1.379522427e-01 -9.904388813e-01 0.00000000e+00
    endloop
  endfacet
  facet normal -3.02377202e-01 -8.52183716e-01 4.27025692e-01
    outer loop
      vertex -3.090169947e-01 -8.090169947e-01 5.000000000e-01
      vertex -3.750385680e-01 -8.439114747e-01 3.836137333e-01
      vertex -2.386769307e-01 -8.910065240e-01 3.861873853e-01
    endloop
  endfacet
  facet normal -3.64801223e-01 -8.79087638e-01 3.06797967e-01
    outer loop
      vertex -4.338885640e-01 -8.626684800e-01 2.598919133e-01
      vertex -3.012588787e-01 -9.162441747e-01 2.640827507e-01
      vertex -3.750385680e-01 -8.439114747e-01 3.836137333e-01
    endloop
  endfacet
  facet normal -2.28892918e-01 -9.23385609e-01 3.08167242e-01
    outer loop
      vertex -1.624598480e-01 -9.510565160e-01 2.628655560e-01
      vertex -2.386769307e-01 -8.910065240e-01 3.861873853e-01
      vertex -3.012588787e-01 -9.162441747e-01 2.640827507e-01
    endloop
  endfacet
  facet normal -3.12401143e-01 -8.85788691e-01 3.43196621e-01
    outer loop
      vertex -3.750385680e-01 -8.439114747e-01 3.836137333e-01
      vertex -3.012588787e-01 -9.162441747e-01 2.640827507e-01
      vertex -2.386769307e-01 -8.910065240e-01 3.861873853e-01
    endloop
  endfacet
  facet normal -2.91096954e-01 -9.52950495e-01 8.45453627e-02
    outer loop
      vertex -2.732665293e-01 -9.619383573e-01 0.00000000e+00
      vertex -2.201170280e-01 -9.663925973e-01 1.327924768e-01
      vertex -3.582287933e-01 -9.243046000e-01 1.316553713e-01
    endloop
  endfacet
  facet normal -2.35737907e-01 -9.47461575e-01 2.16204079e-01
    outer loop
      vertex -1.624598480e-01 -9.510565160e-01 2.628655560e-01
      vertex -3.012588787e-01 -9.162441747e-01 2.640827507e-01
      vertex -2.201170280e-01 -9.663925973e-01 1.327924768e-01
    endloop
  endfacet
  facet normal -3.71627739e-01 -9.03179732e-01 2.14846911e-01
    outer loop
      vertex -4.338885640e-01 -8.626684800e-01 2.598919133e-01
      vertex -3.582287933e-01 -9.243046000e-01 1.316553713e-01
      vertex -3.012588787e-01 -9.162441747e-01 2.640827507e-01
    endloop
  endfacet
  facet normal -2.88045353e-01 -9.40326640e-01 1.81150998e-01
    outer loop
      vertex -2.201170280e-01 -9.663925973e-01 1.327924768e-01
      vertex -3.012588787e-01 -9.162441747e-01 2.640827507e-01
      vertex -3.582287933e-01 -9.243046000e-01 1.316553713e-01
    endloop
  endfacet
  facet normal 2.33171395e-01 -8.51639515e-01 4.69405196e-01
    outer loop
      vertex 3.090169947e-01 -8.090169947e-01 5.000000000e-01
      vertex 1.564344653e-01 -8.401778853e-01 5.192584893e-01
      vertex 2.386769307e-01 -8.910065240e-01 3.861873853e-01
    endloop
  endfacet
  facet normal 7.83671947e-02 -8.72473626e-01 4.82336350e-01
    outer loop
      vertex 0.00000000e+00 -8.506508080e-01 5.257311120e-01
      vertex 8.232358000e-02 -9.129824933e-01 3.996070520e-01
      vertex 1.564344653e-01 -8.401778853e-01 5.192584893e-01
    endloop
  endfacet
  facet normal 1.59792724e-01 -9.22797371e-01 3.50587076e-01
    outer loop
      vertex 1.624598480e-01 -9.510565160e-01 2.628655560e-01
      vertex 2.386769307e-01 -8.910065240e-01 3.861873853e-01
      vertex 8.232358000e-02 -9.129824933e-01 3.996070520e-01
    endloop
  endfacet
  facet normal 1.61878990e-01 -8.84358483e-01 4.37841600e-01
    outer loop
      vertex 1.564344653e-01 -8.401778853e-01 5.192584893e-01
      vertex 8.232358000e-02 -9.129824933e-01 3.996070520e-01
      vertex 2.386769307e-01 -8.910065240e-01 3.861873853e-01
    endloop
  endfacet
  facet normal -2.33171395e-01 -8.51639515e-01 4.69405196e-01
    outer loop
      vertex -3.090169947e-01 -8.090169947e-01 5.000000000e-01
      vertex -2.386769307e-01 -8.910065240e-01 3.861873853e-01
      vertex -1.564344653e-01 -8.401778853e-01 5.192584893e-01
    endloop
  endfacet
  facet normal -1.59792724e-01 -9.22797371e-01 3.50587076e-01
    outer loop
      vertex -1.624598480e-01 -9.510565160e-01 2.628655560e-01
      vertex -8.232358000e-02 -9.129824933e-01 3.996070520e-01
      vertex -2.386769307e-01 -8.910065240e-01 3.861873853e-01
    endloop
  endfacet
  facet normal -7.83671947e-02 -8.72473626e-01 4.82336350e-01
    outer loop
      vertex 0.00000000e+00 -8.506508080e-01 5.257311120e-01
      vertex -1.564344653e-01 -8.401778853e-01 5.192584893e-01
      vertex -8.232358000e-02 -9.129824933e-01 3.996070520e-01
    endloop
  endfacet
  facet normal -1.61878990e-01 -8.84358483e-01 4.37841600e-01
    outer loop
      vertex -2.386769307e-01 -8.910065240e-01 3.861873853e-01
      vertex -8.232358000e-02 -9.129824933e-01 3.996070520e-01
      vertex -1.564344653e-01 -8.401778853e-01 5.192584893e-01
    endloop
  endfacet
  facet normal 0.00000000e+00 -9.95747362e-01 9.21259537e-02
    outer loop
      vertex 0.00000000e+00 -1.000000000e+00 0.00000000e+00
      vertex 8.224246533e-02 -9.876883400e-01 1.330711041e-01
      vertex -8.224246533e-02 -9.876883400e-01 1.330711041e-01
    endloop
  endfacet
  facet normal 8.14255288e-02 -9.71230961e-01 2.23786292e-01
    outer loop
      vertex 1.624598480e-01 -9.510565160e-01 2.628655560e-01
      vertex 0.00000000e+00 -9.638612640e-01 2.664047013e-01
      vertex 8.224246533e-02 -9.876883400e-01 1.330711041e-01
    endloop
  endfacet
  facet normal -8.14255288e-02 -9.71230961e-01 2.23786292e-01
    outer loop
      vertex -1.624598480e-01 -9.510565160e-01 2.628655560e-01
      vertex -8.224246533e-02 -9.876883400e-01 1.330711041e-01
      vertex 0.00000000e+00 -9.638612640e-01 2.664047013e-01
    endloop
  endfacet
  facet normal 0.00000000e+00 -9.84405201e-01 1.75915892e-01
    outer loop
      vertex 8.224246533e-02 -9.876883400e-01 1.330711041e-01
      vertex 0.00000000e+00 -9.638612640e-01 2.664047013e-01
      vertex -8.224246533e-02 -9.876883400e-01 1.330711041e-01
    endloop
  endfacet
  facet normal 0.00000000e+00 -8.96494078e-01 4.43055717e-01
    outer loop
      vertex 0.00000000e+00 -8.506508080e-01 5.257311120e-01
      vertex -8.232358000e-02 -9.129824933e-01 3.996070520e-01
      vertex 8.232358000e-02 -9.129824933e-01 3.996070520e-01
    endloop
  endfacet
  facet normal -8.14076995e-02 -9.46806803e-01 3.11335293e-01
    outer loop
      vertex -1.624598480e-01 -9.510565160e-01 2.628655560e-01
      vertex 0.00000000e+00 -9.638612640e-01 2.664047013e-01
      vertex -8.232358000e-02 -9.129824933e-01 3.996070520e-01
    endloop
  endfacet
  facet normal 8.14076995e-02 -9.46806803e-01 3.11335293e-01
    outer loop
      vertex 1.624598480e-01 -9.510565160e-01 2.628655560e-01
      vertex 8.232358000e-02 -9.129824933e-01 3.996070520e-01
      vertex 0.00000000e+00 -9.638612640e-01 2.664047013e-01
    endloop
  endfacet
  facet normal 0.00000000e+00 -9.34172359e-01 3.56822090e-01
    outer loop
      vertex -8.232358000e-02 -9.129824933e-01 3.996070520e-01
      vertex 0.00000000e+00 -9.638612640e-01 2.664047013e-01
      vertex 8.232358000e-02 -9.129824933e-01 3.996070520e-01
    endloop
  endfacet
  facet normal 4.65071185e-01 -8.83850473e-01 -5.01710402e-02
    outer loop
      vertex 5.257311120e-01 -8.506508080e-01 0.00000000e+00
      vertex 4.033553480e-01 -9.150434213e-01 0.00000000e+00
      vertex 4.844416427e-01 -8.649293360e-01 -1.312003788e-01
    endloop
  endfacet
  facet normal 3.38698334e-01 -9.39565544e-01 -5.00002693e-02
    outer loop
      vertex 2.732665293e-01 -9.619383573e-01 0.00000000e+00
      vertex 3.582287933e-01 -9.243046000e-01 -1.316553713e-01
      vertex 4.033553480e-01 -9.150434213e-01 0.00000000e+00
    endloop
  endfacet
  facet normal 4.19239820e-01 -8.89788168e-01 -1.80319130e-01
    outer loop
      vertex 4.338885640e-01 -8.626684800e-01 -2.598919133e-01
      vertex 4.844416427e-01 -8.649293360e-01 -1.312003788e-01
      vertex 3.582287933e-01 -9.243046000e-01 -1.316553713e-01
    endloop
  endfacet
  facet normal 4.24491613e-01 -9.01704684e-01 -8.20702965e-02
    outer loop
      vertex 4.033553480e-01 -9.150434213e-01 0.00000000e+00
      vertex 3.582287933e-01 -9.243046000e-01 -1.316553713e-01
      vertex 4.844416427e-01 -8.649293360e-01 -1.312003788e-01
    endloop
  endfacet
  facet normal 6.90568093e-02 -9.96383649e-01 -4.95053672e-02
    outer loop
      vertex 0.00000000e+00 -1.000000000e+00 0.00000000e+00
      vertex 8.224246533e-02 -9.876883400e-01 -1.330711041e-01
      vertex 1.379522427e-01 -9.904388813e-01 0.00000000e+00
    endloop
  endfacet
  facet normal 1.50475768e-01 -9.71850073e-01 -1.81285628e-01
    outer loop
      vertex 1.624598480e-01 -9.510565160e-01 -2.628655560e-01
      vertex 2.201170280e-01 -9.663925973e-01 -1.327924768e-01
      vertex 8.224246533e-02 -9.876883400e-01 -1.330711041e-01
    endloop
  endfacet
  facet normal 2.05848861e-01 -9.77325600e-01 -4.96076443e-02
    outer loop
      vertex 2.732665293e-01 -9.619383573e-01 0.00000000e+00
      vertex 1.379522427e-01 -9.904388813e-01 0.00000000e+00
      vertex 2.201170280e-01 -9.663925973e-01 -1.327924768e-01
    endloop
  endfacet
  facet normal 1.52272431e-01 -9.84753677e-01 -8.41029235e-02
    outer loop
      vertex 8.224246533e-02 -9.876883400e-01 -1.330711041e-01
      vertex 2.201170280e-01 -9.663925973e-01 -1.327924768e-01
      vertex 1.379522427e-01 -9.904388813e-01 0.00000000e+00
    endloop
  endfacet
  facet normal 3.02377202e-01 -8.52183716e-01 -4.27025692e-01
    outer loop
      vertex 3.090169947e-01 -8.090169947e-01 -5.000000000e-01
      vertex 3.750385680e-01 -8.439114747e-01 -3.836137333e-01
      vertex 2.386769307e-01 -8.910065240e-01 -3.861873853e-01
    endloop
  endfacet
  facet normal 3.64801223e-01 -8.79087638e-01 -3.06797967e-01
    outer loop
      vertex 4.338885640e-01 -8.626684800e-01 -2.598919133e-01
      vertex 3.012588787e-01 -9.162441747e-01 -2.640827507e-01
      vertex 3.750385680e-01 -8.439114747e-01 -3.836137333e-01
    endloop
  endfacet
  facet normal 2.28892918e-01 -9.23385609e-01 -3.08167242e-01
    outer loop
      vertex 1.624598480e-01 -9.510565160e-01 -2.628655560e-01
      vertex 2.386769307e-01 -8.910065240e-01 -3.861873853e-01
      vertex 3.012588787e-01 -9.162441747e-01 -2.640827507e-01
    endloop
  endfacet
  facet normal 3.12401143e-01 -8.85788691e-01 -3.43196621e-01
    outer loop
      vertex 3.750385680e-01 -8.439114747e-01 -3.836137333e-01
      vertex 3.012588787e-01 -9.162441747e-01 -2.640827507e-01
      vertex 2.386769307e-01 -8.910065240e-01 -3.861873853e-01
    endloop
  endfacet
  facet normal 2.91096954e-01 -9.52950495e-01 -8.45453627e-02
    outer loop
      vertex 2.732665293e-01 -9.619383573e-01 0.00000000e+00
      vertex 2.201170280e-01 -9.663925973e-01 -1.327924768e-01
      vertex 3.582287933e-01 -9.243046000e-01 -1.316553713e-01
    endloop
  endfacet
  facet normal 2.35737907e-01 -9.47461575e-01 -2.16204079e-01
    outer loop
      vertex 1.624598480e-01 -9.510565160e-01 -2.628655560e-01
      vertex 3.012588787e-01 -9.162441747e-01 -2.640827507e-01
      vertex 2.201170280e-01 -9.663925973e-01 -1.327924768e-01
    endloop
  endfacet
  facet normal 3.71627739e-01 -9.03179732e-01 -2.14846911e-01
    outer loop
      vertex 4.338885640e-01 -8.626684800e-01 -2.598919133e-01
      vertex 3.582287933e-01 -9.243046000e-01 -1.316553713e-01
      vertex 3.012588787e-01 -9.162441747e-01 -2.640827507e-01
    endloop
  endfacet
  facet normal 2.88045353e-01 -9.40326640e-01 -1.81150998e-01
    outer loop
      vertex 2.201170280e-01 -9.663925973e-01 -1.327924768e-01
      vertex 3.012588787e-01 -9.162441747e-01 -2.640827507e-01
      vertex 3.582287933e-01 -9.243046000e-01 -1.316553713e-01
    endloop
  endfacet
  facet normal -4.65071185e-01 -8.83850473e-01 -5.01710402e-02
    outer loop
      vertex -5.257311120e-01 -8.506508080e-01 0.00000000e+00
      vertex -4.844416427e-01 -8.649293360e-01 -1.312003788e-01
      vertex -4.033553480e-01 -9.150434213e-01 0.00000000e+00
    endloop
  endfacet
  facet normal -4.19239820e-01 -8.89788168e-01 -1.80319130e-01
    outer loop
      vertex -4.338885640e-01 -8.626684800e-01 -2.598919133e-01
      vertex -3.582287933e-01 -9.243046000e-01 -1.316553713e-01
      vertex -4.844416427e-01 -8.649293360e-01 -1.312003788e-01
    endloop
  endfacet
  facet normal -3.38698334e-01 -9.39565544e-01 -5.00002693e-02
    outer loop
      vertex -2.732665293e-01 -9.619383573e-01 0.00000000e+00
      vertex -4.033553480e-01 -9.150434213e-01 0.00000000e+00
      vertex -3.582287933e-01 -9.243046000e-01 -1.316553713e-01
    endloop
  endfacet
  facet normal -4.24491613e-01 -9.01704684e-01 -8.20702965e-02
    outer loop
      vertex -4.844416427e-01 -8.649293360e-01 -1.312003788e-01
      vertex -3.582287933e-01 -9.243046000e-01 -1.316553713e-01
      vertex -4.033553480e-01 -9.150434213e-01 0.00000000e+00
    endloop
  endfacet
  facet normal -3.02377202e-01 -8.52183716e-01 -4.27025692e-01
    outer loop
      vertex -3.090169947e-01 -8.090169947e-01 -5.000000000e-01
      vertex -2.386769307e-01 -8.910065240e-01 -3.861873853e-01
      vertex -3.750385680e-01 -8.439114747e-01 -3.836137333e-01
    endloop
  endfacet
  facet normal -2.28892918e-01 -9.23385609e-01 -3.08167242e-01
    outer loop
      vertex -1.624598480e-01 -9.510565160e-01 -2.628655560e-01
      vertex -3.012588787e-01 -9.162441747e-01 -2.640827507e-01
      vertex -2.386769307e-01 -8.910065240e-01 -3.861873853e-01
    endloop
  endfacet
  facet normal -3.64801223e-01 -8.79087638e-01 -3.06797967e-01
    outer loop
      vertex -4.338885640e-01 -8.626684800e-01 -2.598919133e-01
      vertex -3.750385680e-01 -8.439114747e-01 -3.836137333e-01
      vertex -3.012588787e-01 -9.162441747e-01 -2.640827507e-01
    endloop
  endfacet
  facet normal -3.12401143e-01 -8.85788691e-01 -3.43196621e-01
    outer loop
      vertex -2.386769307e-01 -8.910065240e-01 -3.861873853e-01
      vertex -3.012588787e-01 -9.162441747e-01 -2.640827507e-01
      vertex -3.750385680e-01 -8.439114747e-01 -3.836137333e-01
    endloop
  endfacet
  facet normal -6.90568093e-02 -9.96383649e-01 -4.95053672e-02
    outer loop
      vertex 0.00000000e+00 -1.000000000e+00 0.00000000e+00
      vertex -1.379522427e-01 -9.904388813e-01 0.00000000e+00
      vertex -8.224246533e-02 -9.876883400e-01 -1.330711041e-01
    endloop
  endfacet
  facet normal -2.05848861e-01 -9.77325600e-01 -4.96076443e-02
    outer loop
      vertex -2.732665293e-01 -9.619383573e-01 0.00000000e+00
      vertex -2.201170280e-01 -9.663925973e-01 -1.327924768e-01
      vertex -1.379522427e-01 -9.904388813e-01 0.00000000e+00
    endloop
  endfacet
  facet normal -1.50475768e-01 -9.71850073e-01 -1.81285628e-01
    outer loop
      vertex -1.624598480e-01 -9.510565160e-01 -2.628655560e-01
      vertex -8.224246533e-02 -9.876883400e-01 -1.330711041e-01
      vertex -2.201170280e-01 -9.663925973e-01 -1.327924768e-01
    endloop
  endfacet
  facet normal -1.52272431e-01 -9.84753677e-01 -8.41029235e-02
    outer loop
      vertex -1.379522427e-01 -9.904388813e-01 0.00000000e+00
      vertex -2.201170280e-01 -9.663925973e-01 -1.327924768e-01
      vertex -8.224246533e-02 -9.876883400e-01 -1.330711041e-01
    endloop
  endfacet
  facet normal -3.71627739e-01 -9.03179732e-01 -2.14846911e-01
    outer loop
      vertex -4.338885640e-01 -8.626684800e-01 -2.598919133e-01
      vertex -3.012588787e-01 -9.162441747e-01 -2.640827507e-01
      vertex -3.582287933e-01 -9.243046000e-01 -1.316553713e-01
    endloop
  endfacet
  facet normal -2.35737907e-01 -9.47461575e-01 -2.16204079e-01
    outer loop
      vertex -1.624598480e-01 -9.510565160e-01 -2.628655560e-01
      vertex -2.201170280e-01 -9.663925973e-01 -1.327924768e-01
      vertex -3.012588787e-01 -9.162441747e-01 -2.640827507e-01
    endloop
  endfacet
  facet normal -2.91096954e-01 -9.52950495e-01 -8.45453627e-02
    outer loop
      vertex -2.732665293e-01 -9.619383573e-01 0.00000000e+00
      vertex -3.582287933e-01 -9.243046000e-01 -1.316553713e-01
      vertex -2.201170280e-01 -9.663925973e-01 -1.327924768e-01
    endloop
  endfacet
  facet normal -2.88045353e-01 -9.40326640e-01 -1.81150998e-01
    outer loop
      vertex -3.012588787e-01 -9.162441747e-01 -2.640827507e-01
      vertex -2.201170280e-01 -9.663925973e-01 -1.327924768e-01
      vertex -3.582287933e-01 -9.243046000e-01 -1.316553713e-01
    endloop
  endfacet
  facet normal 0.00000000e+00 -5.96420674e-01 -8.02672025e-01
    outer loop
      vertex 0.00000000e+00 -5.257311120e-01 -8.506508080e-01
      vertex 8.108629347e-02 -6.156420213e-01 -7.838430427e-01
      vertex -8.108629347e-02 -6.156420213e-01 -7.838430427e-01
    endloop
  endfacet
  facet normal 8.05414856e-02 -6.80461086e-01 -7.28344548e-01
    outer loop
      vertex 1.606220360e-01 -6.937804773e-01 -7.020464453e-01
      vertex 0.00000000e+00 -7.029070307e-01 -7.112817347e-01
      vertex 8.108629347e-02 -6.156420213e-01 -7.838430427e-01
    endloop
  endfacet
  facet normal -8.05414856e-02 -6.80461086e-01 -7.28344548e-01
    outer loop
      vertex -1.606220360e-01 -6.937804773e-01 -7.020464453e-01
      vertex -8.108629347e-02 -6.156420213e-01 -7.838430427e-01
      vertex 0.00000000e+00 -7.029070307e-01 -7.112817347e-01
    endloop
  endfacet
  facet normal -0.00000000e+00 -6.39354439e-01 -7.68912155e-01
    outer loop
      vertex 8.108629347e-02 -6.156420213e-01 -7.838430427e-01
      vertex 0.00000000e+00 -7.029070307e-01 -7.112817347e-01
      vertex -8.108629347e-02 -6.156420213e-01 -7.838430427e-01
    endloop
  endfacet
  facet normal 2.33320392e-01 -8.09504261e-01 -5.38761957e-01
    outer loop
      vertex 3.090169947e-01 -8.090169947e-01 -5.000000000e-01
      vertex 1.564344653e-01 -8.401778853e-01 -5.192584893e-01
      vertex 2.370863253e-01 -7.586523000e-01 -6.068251493e-01
    endloop
  endfacet
  facet normal 7.84171500e-02 -8.30386469e-01 -5.51642150e-01
    outer loop
      vertex 0.00000000e+00 -8.506508080e-01 -5.257311120e-01
      vertex 8.114185160e-02 -7.802043707e-01 -6.202395827e-01
      vertex 1.564344653e-01 -8.401778853e-01 -5.192584893e-01
    endloop
  endfacet
  facet normal 1.58952361e-01 -7.51866045e-01 -6.39868422e-01
    outer loop
      vertex 1.606220360e-01 -6.937804773e-01 -7.020464453e-01
      vertex 2.370863253e-01 -7.586523000e-01 -6.068251493e-01
      vertex 8.114185160e-02 -7.802043707e-01 -6.202395827e-01
    endloop
  endfacet
  facet normal 1.60128712e-01 -7.91679153e-01 -5.89578591e-01
    outer loop
      vertex 1.564344653e-01 -8.401778853e-01 -5.192584893e-01
      vertex 8.114185160e-02 -7.802043707e-01 -6.202395827e-01
      vertex 2.370863253e-01 -7.586523000e-01 -6.068251493e-01
    endloop
  endfacet
  facet normal -2.33320392e-01 -8.09504261e-01 -5.38761957e-01
    outer loop
      vertex -3.090169947e-01 -8.090169947e-01 -5.000000000e-01
      vertex -2.370863253e-01 -7.586523000e-01 -6.068251493e-01
      vertex -1.564344653e-01 -8.401778853e-01 -5.192584893e-01
    endloop
  endfacet
  facet normal -1.58952361e-01 -7.51866045e-01 -6.39868422e-01
    outer loop
      vertex -1.606220360e-01 -6.937804773e-01 -7.020464453e-01
      vertex -8.114185160e-02 -7.802043707e-01 -6.202395827e-01
      vertex -2.370863253e-01 -7.586523000e-01 -6.068251493e-01
    endloop
  endfacet
  facet normal -7.84171500e-02 -8.30386469e-01 -5.51642150e-01
    outer loop
      vertex 0.00000000e+00 -8.506508080e-01 -5.257311120e-01
      vertex -1.564344653e-01 -8.401778853e-01 -5.192584893e-01
      vertex -8.114185160e-02 -7.802043707e-01 -6.202395827e-01
    endloop
  endfacet
  facet normal -1.60128712e-01 -7.91679153e-01 -5.89578591e-01
    outer loop
      vertex -2.370863253e-01 -7.586523000e-01 -6.068251493e-01
      vertex -8.114185160e-02 -7.802043707e-01 -6.202395827e-01
      vertex -1.564344653e-01 -8.401778853e-01 -5.192584893e-01
    endloop
  endfacet
  facet normal 8.05307856e-02 -7.23271921e-01 -6.85851676e-01
    outer loop
      vertex 1.606220360e-01 -6.937804773e-01 -7.020464453e-01
      vertex 8.114185160e-02 -7.802043707e-01 -6.202395827e-01
      vertex 0.00000000e+00 -7.029070307e-01 -7.112817347e-01
    endloop
  endfacet
  facet normal 0.00000000e+00 -8.01767535e-01 -5.97636026e-01
    outer loop
      vertex 0.00000000e+00 -8.506508080e-01 -5.257311120e-01
      vertex -8.114185160e-02 -7.802043707e-01 -6.202395827e-01
      vertex 8.114185160e-02 -7.802043707e-01 -6.202395827e-01
    endloop
  endfacet
  facet normal -8.05307856e-02 -7.23271921e-01 -6.85851676e-01
    outer loop
      vertex -1.606220360e-01 -6.937804773e-01 -7.020464453e-01
      vertex 0.00000000e+00 -7.029070307e-01 -7.112817347e-01
      vertex -8.114185160e-02 -7.802043707e-01 -6.202395827e-01
    endloop
  endfacet
  facet normal -0.00000000e+00 -7.62304822e-01 -6.47218169e-01
    outer loop
      vertex 8.114185160e-02 -7.802043707e-01 -6.202395827e-01
      vertex -8.114185160e-02 -7.802043707e-01 -6.202395827e-01
      vertex 0.00000000e+00 -7.029070307e-01 -7.112817347e-01
    endloop
  endfacet
  facet normal 0.00000000e+00 -9.95747362e-01 -9.21259537e-02
    outer loop
      vertex 0.00000000e+00 -1.000000000e+00 0.00000000e+00
      vertex -8.224246533e-02 -9.876883400e-01 -1.330711041e-01
      vertex 8.224246533e-02 -9.876883400e-01 -1.330711041e-01
    endloop
  endfacet
  facet normal -8.14255288e-02 -9.71230961e-01 -2.23786292e-01
    outer loop
      vertex -1.624598480e-01 -9.510565160e-01 -2.628655560e-01
      vertex 0.00000000e+00 -9.638612640e-01 -2.664047013e-01
      vertex -8.224246533e-02 -9.876883400e-01 -1.330711041e-01
    endloop
  endfacet
  facet normal 8.14255288e-02 -9.71230961e-01 -2.23786292e-01
    outer loop
      vertex 1.624598480e-01 -9.510565160e-01 -2.628655560e-01
      vertex 8.224246533e-02 -9.876883400e-01 -1.330711041e-01
      vertex 0.00000000e+00 -9.638612640e-01 -2.664047013e-01
    endloop
  endfacet
  facet normal 0.00000000e+00 -9.84405201e-01 -1.75915892e-01
    outer loop
      vertex -8.224246533e-02 -9.876883400e-01 -1.330711041e-01
      vertex 0.00000000e+00 -9.638612640e-01 -2.664047013e-01
      vertex 8.224246533e-02 -9.876883400e-01 -1.330711041e-01
    endloop
  endfacet
  facet normal -2.33171395e-01 -8.51639515e-01 -4.69405196e-01
    outer loop
      vertex -3.090169947e-01 -8.090169947e-01 -5.000000000e-01
      vertex -1.564344653e-01 -8.401778853e-01 -5.192584893e-01
      vertex -2.386769307e-01 -8.910065240e-01 -3.861873853e-01
    endloop
  endfacet
  facet normal -7.83671947e-02 -8.72473626e-01 -4.82336350e-01
    outer loop
      vertex 0.00000000e+00 -8.506508080e-01 -5.257311120e-01
      vertex -8.232358000e-02 -9.129824933e-01 -3.996070520e-01
      vertex -1.564344653e-01 -8.401778853e-01 -5.192584893e-01
    endloop
  endfacet
  facet normal -1.59792724e-01 -9.22797371e-01 -3.50587076e-01
    outer loop
      vertex -1.624598480e-01 -9.510565160e-01 -2.628655560e-01
      vertex -2.386769307e-01 -8.910065240e-01 -3.861873853e-01
      vertex -8.232358000e-02 -9.129824933e-01 -3.996070520e-01
    endloop
  endfacet
  facet normal -1.61878990e-01 -8.84358483e-01 -4.37841600e-01
    outer loop
      vertex -1.564344653e-01 -8.401778853e-01 -5.192584893e-01
      vertex -8.232358000e-02 -9.129824933e-01 -3.996070520e-01
      vertex -2.386769307e-01 -8.910065240e-01 -3.861873853e-01
    endloop
  endfacet
  facet normal 2.33171395e-01 -8.51639515e-01 -4.69405196e-01
    outer loop
      vertex 3.090169947e-01 -8.090169947e-01 -5.000000000e-01
      vertex 2.386769307e-01 -8.910065240e-01 -3.861873853e-01
      vertex 1.564344653e-01 -8.401778853e-01 -5.192584893e-01
    endloop
  endfacet
  facet normal 1.59792724e-01 -9.22797371e-01 -3.50587076e-01
    outer loop
      vertex 1.624598480e-01 -9.510565160e-01 -2.628655560e-01
      vertex 8.232358000e-02 -9.129824933e-01 -3.996070520e-01
      vertex 2.386769307e-01 -8.910065240e-01 -3.861873853e-01
    endloop
  endfacet
  facet normal 7.83671947e-02 -8.72473626e-01 -4.82336350e-01
    outer loop
      vertex 0.00000000e+00 -8.506508080e-01 -5.257311120e-01
      vertex 1.564344653e-01 -8.401778853e-01 -5.192584893e-01
      vertex 8.232358000e-02 -9.129824933e-01 -3.996070520e-01
    endloop
  endfacet
  facet normal 1.61878990e-01 -8.84358483e-01 -4.37841600e-01
    outer loop
      vertex 2.386769307e-01 -8.910065240e-01 -3.861873853e-01
      vertex 8.232358000e-02 -9.129824933e-01 -3.996070520e-01
      vertex 1.564344653e-01 -8.401778853e-01 -5.192584893e-01
    endloop
  endfacet
  facet normal -8.14076995e-02 -9.46806803e-01 -3.11335293e-01
    outer loop
      vertex -1.624598480e-01 -9.510565160e-01 -2.628655560e-01
      vertex -8.232358000e-02 -9.129824933e-01 -3.996070520e-01
      vertex 0.00000000e+00 -9.638612640e-01 -2.664047013e-01
    endloop
  endfacet
  facet normal 0.00000000e+00 -8.96494078e-01 -4.43055717e-01
    outer loop
      vertex 0.00000000e+00 -8.506508080e-01 -5.257311120e-01
      vertex 8.232358000e-02 -9.129824933e-01 -3.996070520e-01
      vertex -8.232358000e-02 -9.129824933e-01 -3.996070520e-01
    endloop
  endfacet
  facet normal 8.14076995e-02 -9.46806803e-01 -3.11335293e-01
    outer loop
      vertex 1.624598480e-01 -9.510565160e-01 -2.628655560e-01
      vertex 0.00000000e+00 -9.638612640e-01 -2.664047013e-01
      vertex 8.232358000e-02 -9.129824933e-01 -3.996070520e-01
    endloop
  endfacet
  facet normal 0.00000000e+00 -9.34172359e-01 -3.56822090e-01
    outer loop
      vertex -8.232358000e-02 -9.129824933e-01 -3.996070520e-01
      vertex 8.232358000e-02 -9.129824933e-01 -3.996070520e-01
      vertex 0.00000000e+00 -9.638612640e-01 -2.664047013e-01
    endloop
  endfacet
  facet normal 5.46249634e-01 -8.33679433e-01 -8.11784483e-02
    outer loop
      vertex 5.257311120e-01 -8.506508080e-01 0.00000000e+00
      vertex 4.844416427e-01 -8.649293360e-01 -1.312003788e-01
      vertex 6.156420213e-01 -7.838430427e-01 -8.108629347e-02
    endloop
  endfacet
  facet normal 5.00141955e-01 -8.39787899e-01 -2.11220996e-01
    outer loop
      vertex 4.338885640e-01 -8.626684800e-01 -2.598919133e-01
      vertex 5.712516587e-01 -7.926492293e-01 -2.130228653e-01
      vertex 4.844416427e-01 -8.649293360e-01 -1.312003788e-01
    endloop
  endfacet
  facet normal 6.30460816e-01 -7.59246413e-01 -1.61443621e-01
    outer loop
      vertex 6.937804773e-01 -7.020464453e-01 -1.606220360e-01
      vertex 6.156420213e-01 -7.838430427e-01 -8.108629347e-02
      vertex 5.712516587e-01 -7.926492293e-01 -2.130228653e-01
    endloop
  endfacet
  facet normal 5.57284142e-01 -8.19634387e-01 -1.32792529e-01
    outer loop
      vertex 4.844416427e-01 -8.649293360e-01 -1.312003788e-01
      vertex 5.712516587e-01 -7.926492293e-01 -2.130228653e-01
      vertex 6.156420213e-01 -7.838430427e-01 -8.108629347e-02
    endloop
  endfacet
  facet normal 3.82478568e-01 -8.02678349e-01 -4.57621692e-01
    outer loop
      vertex 3.090169947e-01 -8.090169947e-01 -5.000000000e-01
      vertex 4.539905000e-01 -7.579354200e-01 -4.684298507e-01
      vertex 3.750385680e-01 -8.439114747e-01 -3.836137333e-01
    endloop
  endfacet
  facet normal 5.22219227e-01 -7.42099980e-01 -4.20207922e-01
    outer loop
      vertex 5.877852520e-01 -6.881909600e-01 -4.253254040e-01
      vertex 5.161216200e-01 -7.834516987e-01 -3.461530147e-01
      vertex 4.539905000e-01 -7.579354200e-01 -4.684298507e-01
    endloop
  endfacet
  facet normal 4.45068077e-01 -8.29479994e-01 -3.37457178e-01
    outer loop
      vertex 4.338885640e-01 -8.626684800e-01 -2.598919133e-01
      vertex 3.750385680e-01 -8.439114747e-01 -3.836137333e-01
      vertex 5.161216200e-01 -7.834516987e-01 -3.461530147e-01
    endloop
  endfacet
  facet normal 4.48482532e-01 -8.01685768e-01 -3.95175087e-01
    outer loop
      vertex 4.539905000e-01 -7.579354200e-01 -4.684298507e-01
      vertex 5.161216200e-01 -7.834516987e-01 -3.461530147e-01
      vertex 3.750385680e-01 -8.439114747e-01 -3.836137333e-01
    endloop
  endfacet
  facet normal 7.59998894e-01 -5.69357957e-01 -3.13421759e-01
    outer loop
      vertex 8.090169947e-01 -5.000000000e-01 -3.090169947e-01
      vertex 7.586523000e-01 -6.068251493e-01 -2.370863253e-01
      vertex 7.071067813e-01 -6.015009547e-01 -3.717480347e-01
    endloop
  endfacet
  facet normal 7.02258401e-01 -6.70527632e-01 -2.39219216e-01
    outer loop
      vertex 6.937804773e-01 -7.020464453e-01 -1.606220360e-01
      vertex 6.474118933e-01 -7.023098467e-01 -2.960045920e-01
      vertex 7.586523000e-01 -6.068251493e-01 -2.370863253e-01
    endloop
  endfacet
  facet normal 6.49100841e-01 -6.63682830e-01 -3.71743458e-01
    outer loop
      vertex 5.877852520e-01 -6.881909600e-01 -4.253254040e-01
      vertex 7.071067813e-01 -6.015009547e-01 -3.717480347e-01
      vertex 6.474118933e-01 -7.023098467e-01 -2.960045920e-01
    endloop
  endfacet
  facet normal 7.07576229e-01 -6.41557056e-01 -2.96210100e-01
    outer loop
      vertex 7.586523000e-01 -6.068251493e-01 -2.370863253e-01
      vertex 6.474118933e-01 -7.023098467e-01 -2.960045920e-01
      vertex 7.071067813e-01 -6.015009547e-01 -3.717480347e-01
    endloop
  endfacet
  facet normal 5.08425010e-01 -8.18634369e-01 -2.67098819e-01
    outer loop
      vertex 4.338885640e-01 -8.626684800e-01 -2.598919133e-01
      vertex 5.161216200e-01 -7.834516987e-01 -3.461530147e-01
      vertex 5.712516587e-01 -7.926492293e-01 -2.130228653e-01
    endloop
  endfacet
  facet normal 5.85563456e-01 -7.31257495e-01 -3.49825549e-01
    outer loop
      vertex 5.877852520e-01 -6.881909600e-01 -4.253254040e-01
      vertex 6.474118933e-01 -7.023098467e-01 -2.960045920e-01
      vertex 5.161216200e-01 -7.834516987e-01 -3.461530147e-01
    endloop
  endfacet
  facet normal 6.38726558e-01 -7.38103584e-01 -2.17328056e-01
    outer loop
      vertex 6.937804773e-01 -7.020464453e-01 -1.606220360e-01
      vertex 5.712516587e-01 -7.926492293e-01 -2.130228653e-01
      vertex 6.474118933e-01 -7.023098467e-01 -2.960045920e-01
    endloop
  endfacet
  facet normal 5.81153824e-01 -7.59175643e-01 -2.93108471e-01
    outer loop
      vertex 5.161216200e-01 -7.834516987e-01 -3.461530147e-01
      vertex 6.474118933e-01 -7.023098467e-01 -2.960045920e-01
      vertex 5.712516587e-01 -7.926492293e-01 -2.130228653e-01
    endloop
  endfacet
  facet normal 8.11784483e-02 -5.46249634e-01 -8.33679433e-01
    outer loop
      vertex 0.00000000e+00 -5.257311120e-01 -8.506508080e-01
      vertex 1.312003788e-01 -4.844416427e-01 -8.649293360e-01
      vertex 8.108629347e-02 -6.156420213e-01 -7.838430427e-01
    endloop
  endfacet
  facet normal 2.11220996e-01 -5.00141955e-01 -8.39787899e-01
    outer loop
      vertex 2.598919133e-01 -4.338885640e-01 -8.626684800e-01
      vertex 2.130228653e-01 -5.712516587e-01 -7.926492293e-01
      vertex 1.312003788e-01 -4.844416427e-01 -8.649293360e-01
    endloop
  endfacet
  facet normal 1.61443621e-01 -6.30460816e-01 -7.59246413e-01
    outer loop
      vertex 1.606220360e-01 -6.937804773e-01 -7.020464453e-01
      vertex 8.108629347e-02 -6.156420213e-01 -7.838430427e-01
      vertex 2.130228653e-01 -5.712516587e-01 -7.926492293e-01
    endloop
  endfacet
  facet normal 1.32792529e-01 -5.57284142e-01 -8.19634387e-01
    outer loop
      vertex 1.312003788e-01 -4.844416427e-01 -8.649293360e-01
      vertex 2.130228653e-01 -5.712516587e-01 -7.926492293e-01
      vertex 8.108629347e-02 -6.156420213e-01 -7.838430427e-01
    endloop
  endfacet
  facet normal 4.57621692e-01 -3.82478568e-01 -8.02678349e-01
    outer loop
      vertex 5.000000000e-01 -3.090169947e-01 -8.090169947e-01
      vertex 4.684298507e-01 -4.539905000e-01 -7.579354200e-01
      vertex 3.836137333e-01 -3.750385680e-01 -8.439114747e-01
    endloop
  endfacet
  facet normal 4.20207922e-01 -5.22219227e-01 -7.42099980e-01
    outer loop
      vertex 4.253254040e-01 -5.877852520e-01 -6.881909600e-01
      vertex 3.461530147e-01 -5.161216200e-01 -7.834516987e-01
      vertex 4.684298507e-01 -4.539905000e-01 -7.579354200e-01
    endloop
  endfacet
  facet normal 3.37457178e-01 -4.45068077e-01 -8.29479994e-01
    outer loop
      vertex 2.598919133e-01 -4.338885640e-01 -8.626684800e-01
      vertex 3.836137333e-01 -3.750385680e-01 -8.439114747e-01
      vertex 3.461530147e-01 -5.161216200e-01 -7.834516987e-01
    endloop
  endfacet
  facet normal 3.95175087e-01 -4.48482532e-01 -8.01685768e-01
    outer loop
      vertex 4.684298507e-01 -4.539905000e-01 -7.579354200e-01
      vertex 3.461530147e-01 -5.161216200e-01 -7.834516987e-01
      vertex 3.836137333e-01 -3.750385680e-01 -8.439114747e-01
    endloop
  endfacet
  facet normal 3.13421759e-01 -7.59998894e-01 -5.69357957e-01
    outer loop
      vertex 3.090169947e-01 -8.090169947e-01 -5.000000000e-01
      vertex 2.370863253e-01 -7.586523000e-01 -6.068251493e-01
      vertex 3.717480347e-01 -7.071067813e-01 -6.015009547e-01
    endloop
  endfacet
  facet normal 2.39219216e-01 -7.02258401e-01 -6.70527632e-01
    outer loop
      vertex 1.606220360e-01 -6.937804773e-01 -7.020464453e-01
      vertex 2.960045920e-01 -6.474118933e-01 -7.023098467e-01
      vertex 2.370863253e-01 -7.586523000e-01 -6.068251493e-01
    endloop
  endfacet
  facet normal 3.71743458e-01 -6.49100841e-01 -6.63682830e-01
    outer loop
      vertex 4.253254040e-01 -5.877852520e-01 -6.881909600e-01
      vertex 3.717480347e-01 -7.071067813e-01 -6.015009547e-01
      vertex 2.960045920e-01 -6.474118933e-01 -7.023098467e-01
    endloop
  endfacet
  facet normal 2.96210100e-01 -7.07576229e-01 -6.41557056e-01
    outer loop
      vertex 2.370863253e-01 -7.586523000e-01 -6.068251493e-01
      vertex 2.960045920e-01 -6.474118933e-01 -7.023098467e-01
      vertex 3.717480347e-01 -7.071067813e-01 -6.015009547e-01
    endloop
  endfacet
  facet normal 2.67098819e-01 -5.08425010e-01 -8.18634369e-01
    outer loop
      vertex 2.598919133e-01 -4.338885640e-01 -8.626684800e-01
      vertex 3.461530147e-01 -5.161216200e-01 -7.834516987e-01
      vertex 2.130228653e-01 -5.712516587e-01 -7.926492293e-01
    endloop
  endfacet
  facet normal 3.49825549e-01 -5.85563456e-01 -7.31257495e-01
    outer loop
      vertex 4.253254040e-01 -5.877852520e-01 -6.881909600e-01
      vertex 2.960045920e-01 -6.474118933e-01 -7.023098467e-01
      vertex 3.461530147e-01 -5.161216200e-01 -7.834516987e-01
    endloop
  endfacet
  facet normal 2.17328056e-01 -6.38726558e-01 -7.38103584e-01
    outer loop
      vertex 1.606220360e-01 -6.937804773e-01 -7.020464453e-01
      vertex 2.130228653e-01 -5.712516587e-01 -7.926492293e-01
      vertex 2.960045920e-01 -6.474118933e-01 -7.023098467e-01
    endloop
  endfacet
  facet normal 2.93108471e-01 -5.81153824e-01 -7.59175643e-01
    outer loop
      vertex 3.461530147e-01 -5.161216200e-01 -7.834516987e-01
      vertex 2.960045920e-01 -6.474118933e-01 -7.023098467e-01
      vertex 2.130228653e-01 -5.712516587e-01 -7.926492293e-01
    endloop
  endfacet
  facet normal 8.33679433e-01 -8.11784483e-02 -5.46249634e-01
    outer loop
      vertex 8.506508080e-01 0.00000000e+00 -5.257311120e-01
      vertex 8.649293360e-01 -1.312003788e-01 -4.844416427e-01
      vertex 7.838430427e-01 -8.108629347e-02 -6.156420213e-01
    endloop
  endfacet
  facet normal 8.39787899e-01 -2.11220996e-01 -5.00141955e-01
    outer loop
      vertex 8.626684800e-01 -2.598919133e-01 -4.338885640e-01
      vertex 7.926492293e-01 -2.130228653e-01 -5.712516587e-01
      vertex 8.649293360e-01 -1.312003788e-01 -4.844416427e-01
    endloop
  endfacet
  facet normal 7.59246413e-01 -1.61443621e-01 -6.30460816e-01
    outer loop
      vertex 7.020464453e-01 -1.606220360e-01 -6.937804773e-01
      vertex 7.838430427e-01 -8.108629347e-02 -6.156420213e-01
      vertex 7.926492293e-01 -2.130228653e-01 -5.712516587e-01
    endloop
  endfacet
  facet normal 8.19634387e-01 -1.32792529e-01 -5.57284142e-01
    outer loop
      vertex 8.649293360e-01 -1.312003788e-01 -4.844416427e-01
      vertex 7.926492293e-01 -2.130228653e-01 -5.712516587e-01
      vertex 7.838430427e-01 -8.108629347e-02 -6.156420213e-01
    endloop
  endfacet
  facet normal 8.02678349e-01 -4.57621692e-01 -3.82478568e-01
    outer loop
      vertex 8.090169947e-01 -5.000000000e-01 -3.090169947e-01
      vertex 7.579354200e-01 -4.684298507e-01 -4.539905000e-01
      vertex 8.439114747e-01 -3.836137333e-01 -3.750385680e-01
    endloop
  endfacet
  facet normal 7.42099980e-01 -4.20207922e-01 -5.22219227e-01
    outer loop
      vertex 6.881909600e-01 -4.253254040e-01 -5.877852520e-01
      vertex 7.834516987e-01 -3.461530147e-01 -5.161216200e-01
      vertex 7.579354200e-01 -4.684298507e-01 -4.539905000e-01
    endloop
  endfacet
  facet normal 8.29479994e-01 -3.37457178e-01 -4.45068077e-01
    outer loop
      vertex 8.626684800e-01 -2.598919133e-01 -4.338885640e-01
      vertex 8.439114747e-01 -3.836137333e-01 -3.750385680e-01
      vertex 7.834516987e-01 -3.461530147e-01 -5.161216200e-01
    endloop
  endfacet
  facet normal 8.01685768e-01 -3.95175087e-01 -4.48482532e-01
    outer loop
      vertex 7.579354200e-01 -4.684298507e-01 -4.539905000e-01
      vertex 7.834516987e-01 -3.461530147e-01 -5.161216200e-01
      vertex 8.439114747e-01 -3.836137333e-01 -3.750385680e-01
    endloop
  endfacet
  facet normal 5.69357957e-01 -3.13421759e-01 -7.59998894e-01
    outer loop
      vertex 5.000000000e-01 -3.090169947e-01 -8.090169947e-01
      vertex 6.068251493e-01 -2.370863253e-01 -7.586523000e-01
      vertex 6.015009547e-01 -3.717480347e-01 -7.071067813e-01
    endloop
  endfacet
  facet normal 6.70527632e-01 -2.39219216e-01 -7.02258401e-01
    outer loop
      vertex 7.020464453e-01 -1.606220360e-01 -6.937804773e-01
      vertex 7.023098467e-01 -2.960045920e-01 -6.474118933e-01
      vertex 6.068251493e-01 -2.370863253e-01 -7.586523000e-01
    endloop
  endfacet
  facet normal 6.63682830e-01 -3.71743458e-01 -6.49100841e-01
    outer loop
      vertex 6.881909600e-01 -4.253254040e-01 -5.877852520e-01
      vertex 6.015009547e-01 -3.717480347e-01 -7.071067813e-01
      vertex 7.023098467e-01 -2.960045920e-01 -6.474118933e-01
    endloop
  endfacet
  facet normal 6.41557056e-01 -2.96210100e-01 -7.07576229e-01
    outer loop
      vertex 6.068251493e-01 -2.370863253e-01 -7.586523000e-01
      vertex 7.023098467e-01 -2.960045920e-01 -6.474118933e-01
      vertex 6.015009547e-01 -3.717480347e-01 -7.071067813e-01
    endloop
  endfacet
  facet normal 8.18634369e-01 -2.67098819e-01 -5.08425010e-01
    outer loop
      vertex 8.626684800e-01 -2.598919133e-01 -4.338885640e-01
      vertex 7.834516987e-01 -3.461530147e-01 -5.161216200e-01
      vertex 7.926492293e-01 -2.130228653e-01 -5.712516587e-01
    endloop
  endfacet
  facet normal 7.31257495e-01 -3.49825549e-01 -5.85563456e-01
    outer loop
      vertex 6.881909600e-01 -4.253254040e-01 -5.877852520e-01
      vertex 7.023098467e-01 -2.960045920e-01 -6.474118933e-01
      vertex 7.834516987e-01 -3.461530147e-01 -5.161216200e-01
    endloop
  endfacet
  facet normal 7.38103584e-01 -2.17328056e-01 -6.38726558e-01
    outer loop
      vertex 7.020464453e-01 -1.606220360e-01 -6.937804773e-01
      vertex 7.926492293e-01 -2.130228653e-01 -5.712516587e-01
      vertex 7.023098467e-01 -2.960045920e-01 -6.474118933e-01
    endloop
  endfacet
  facet normal 7.59175643e-01 -2.93108471e-01 -5.81153824e-01
    outer loop
      vertex 7.834516987e-01 -3.461530147e-01 -5.161216200e-01
      vertex 7.023098467e-01 -2.960045920e-01 -6.474118933e-01
      vertex 7.926492293e-01 -2.130228653e-01 -5.712516587e-01
    endloop
  endfacet
  facet normal 3.82234319e-01 -7.59513561e-01 -5.26342166e-01
    outer loop
      vertex 3.090169947e-01 -8.090169947e-01 -5.000000000e-01
      vertex 3.717480347e-01 -7.071067813e-01 -6.015009547e-01
      vertex 4.539905000e-01 -7.579354200e-01 -4.684298507e-01
    endloop
  endfacet
  facet normal 4.40461021e-01 -6.48687335e-01 -6.20643884e-01
    outer loop
      vertex 4.253254040e-01 -5.877852520e-01 -6.881909600e-01
      vertex 5.133754413e-01 -6.465777920e-01 -5.642542120e-01
      vertex 3.717480347e-01 -7.071067813e-01 -6.015009547e-01
    endloop
  endfacet
  facet normal 5.21886550e-01 -6.99011079e-01 -4.88894611e-01
    outer loop
      vertex 5.877852520e-01 -6.881909600e-01 -4.253254040e-01
      vertex 4.539905000e-01 -7.579354200e-01 -4.684298507e-01
      vertex 5.133754413e-01 -6.465777920e-01 -5.642542120e-01
    endloop
  endfacet
  facet normal 4.46516882e-01 -7.08442591e-01 -5.46563600e-01
    outer loop
      vertex 3.717480347e-01 -7.071067813e-01 -6.015009547e-01
      vertex 5.133754413e-01 -6.465777920e-01 -5.642542120e-01
      vertex 4.539905000e-01 -7.579354200e-01 -4.684298507e-01
    endloop
  endfacet
  facet normal 5.26342166e-01 -3.82234319e-01 -7.59513561e-01
    outer loop
      vertex 5.000000000e-01 -3.090169947e-01 -8.090169947e-01
      vertex 6.015009547e-01 -3.717480347e-01 -7.071067813e-01
      vertex 4.684298507e-01 -4.539905000e-01 -7.579354200e-01
    endloop
  endfacet
  facet normal 6.20643884e-01 -4.40461021e-01 -6.48687335e-01
    outer loop
      vertex 6.881909600e-01 -4.253254040e-01 -5.877852520e-01
      vertex 5.642542120e-01 -5.133754413e-01 -6.465777920e-01
      vertex 6.015009547e-01 -3.717480347e-01 -7.071067813e-01
    endloop
  endfacet
  facet normal 4.88894611e-01 -5.21886550e-01 -6.99011079e-01
    outer loop
      vertex 4.253254040e-01 -5.877852520e-01 -6.881909600e-01
      vertex 4.684298507e-01 -4.539905000e-01 -7.579354200e-01
      vertex 5.642542120e-01 -5.133754413e-01 -6.465777920e-01
    endloop
  endfacet
  facet normal 5.46563600e-01 -4.46516882e-01 -7.08442591e-01
    outer loop
      vertex 6.015009547e-01 -3.717480347e-01 -7.071067813e-01
      vertex 5.642542120e-01 -5.133754413e-01 -6.465777920e-01
      vertex 4.684298507e-01 -4.539905000e-01 -7.579354200e-01
    endloop
  endfacet
  facet normal 7.59513561e-01 -5.26342166e-01 -3.82234319e-01
    outer loop
      vertex 8.090169947e-01 -5.000000000e-01 -3.090169947e-01
      vertex 7.071067813e-01 -6.015009547e-01 -3.717480347e-01
      vertex 7.579354200e-01 -4.684298507e-01 -4.539905000e-01
    endloop
  endfacet
  facet normal 6.48687335e-01 -6.20643884e-01 -4.40461021e-01
    outer loop
      vertex 5.877852520e-01 -6.881909600e-01 -4.253254040e-01
      vertex 6.465777920e-01 -5.642542120e-01 -5.133754413e-01
      vertex 7.071067813e-01 -6.015009547e-01 -3.717480347e-01
    endloop
  endfacet
  facet normal 6.99011079e-01 -4.88894611e-01 -5.21886550e-01
    outer loop
      vertex 6.881909600e-01 -4.253254040e-01 -5.877852520e-01
      vertex 7.579354200e-01 -4.684298507e-01 -4.539905000e-01
      vertex 6.465777920e-01 -5.642542120e-01 -5.133754413e-01
    endloop
  endfacet
  facet normal 7.08442591e-01 -5.46563600e-01 -4.46516882e-01
    outer loop
      vertex 7.071067813e-01 -6.015009547e-01 -3.717480347e-01
      vertex 6.465777920e-01 -5.642542120e-01 -5.133754413e-01
      vertex 7.579354200e-01 -4.684298507e-01 -4.539905000e-01
    endloop
  endfacet
  facet normal 5.03751085e-01 -5.85158785e-01 -6.35471510e-01
    outer loop
      vertex 4.253254040e-01 -5.877852520e-01 -6.881909600e-01
      vertex 5.642542120e-01 -5.133754413e-01 -6.465777920e-01
      vertex 5.133754413e-01 -6.465777920e-01 -5.642542120e-01
    endloop
  endfacet
  facet normal 6.35471510e-01 -5.03751085e-01 -5.85158785e-01
    outer loop
      vertex 6.881909600e-01 -4.253254040e-01 -5.877852520e-01
      vertex 6.465777920e-01 -5.642542120e-01 -5.133754413e-01
      vertex 5.642542120e-01 -5.133754413e-01 -6.465777920e-01
    endloop
  endfacet
  facet normal 5.85158785e-01 -6.35471510e-01 -5.03751085e-01
    outer loop
      vertex 5.877852520e-01 -6.881909600e-01 -4.253254040e-01
      vertex 5.133754413e-01 -6.465777920e-01 -5.642542120e-01
      vertex 6.465777920e-01 -5.642542120e-01 -5.133754413e-01
    endloop
  endfacet
  facet normal 5.77350269e-01 -5.77350269e-01 -5.77350269e-01
    outer loop
      vertex 5.642542120e-01 -5.133754413e-01 -6.465777920e-01
      vertex 6.465777920e-01 -5.642542120e-01 -5.133754413e-01
      vertex 5.133754413e-01 -6.465777920e-01 -5.642542120e-01
    endloop
  endfacet
  facet normal 5.96420674e-01 -8.02672025e-01 0.00000000e+00
    outer loop
      vertex 5.257311120e-01 -8.506508080e-01 0.00000000e+00
      vertex 6.156420213e-01 -7.838430427e-01 -8.108629347e-02
      vertex 6.156420213e-01 -7.838430427e-01 8.108629347e-02
    endloop
  endfacet
  facet normal 6.80461086e-01 -7.28344548e-01 -8.05414856e-02
    outer loop
      vertex 6.937804773e-01 -7.020464453e-01 -1.606220360e-01
      vertex 7.029070307e-01 -7.112817347e-01 0.00000000e+00
      vertex 6.156420213e-01 -7.838430427e-01 -8.108629347e-02
    endloop
  endfacet
  facet normal 6.80461086e-01 -7.28344548e-01 8.05414856e-02
    outer loop
      vertex 6.937804773e-01 -7.020464453e-01 1.606220360e-01
      vertex 6.156420213e-01 -7.838430427e-01 8.108629347e-02
      vertex 7.029070307e-01 -7.112817347e-01 0.00000000e+00
    endloop
  endfacet
  facet normal 6.39354439e-01 -7.68912155e-01 0.00000000e+00
    outer loop
      vertex 6.156420213e-01 -7.838430427e-01 -8.108629347e-02
      vertex 7.029070307e-01 -7.112817347e-01 0.00000000e+00
      vertex 6.156420213e-01 -7.838430427e-01 8.108629347e-02
    endloop
  endfacet
  facet normal 8.09504261e-01 -5.38761957e-01 -2.33320392e-01
    outer loop
      vertex 8.090169947e-01 -5.000000000e-01 -3.090169947e-01
      vertex 8.401778853e-01 -5.192584893e-01 -1.564344653e-01
      vertex 7.586523000e-01 -6.068251493e-01 -2.370863253e-01
    endloop
  endfacet
  facet normal 8.30386469e-01 -5.51642150e-01 -7.84171500e-02
    outer loop
      vertex 8.506508080e-01 -5.257311120e-01 0.00000000e+00
      vertex 7.802043707e-01 -6.202395827e-01 -8.114185160e-02
      vertex 8.401778853e-01 -5.192584893e-01 -1.564344653e-01
    endloop
  endfacet
  facet normal 7.51866045e-01 -6.39868422e-01 -1.58952361e-01
    outer loop
      vertex 6.937804773e-01 -7.020464453e-01 -1.606220360e-01
      vertex 7.586523000e-01 -6.068251493e-01 -2.370863253e-01
      vertex 7.802043707e-01 -6.202395827e-01 -8.114185160e-02
    endloop
  endfacet
  facet normal 7.91679153e-01 -5.89578591e-01 -1.60128712e-01
    outer loop
      vertex 8.401778853e-01 -5.192584893e-01 -1.564344653e-01
      vertex 7.802043707e-01 -6.202395827e-01 -8.114185160e-02
      vertex 7.586523000e-01 -6.068251493e-01 -2.370863253e-01
    endloop
  endfacet
  facet normal 8.09504261e-01 -5.38761957e-01 2.33320392e-01
    outer loop
      vertex 8.090169947e-01 -5.000000000e-01 3.090169947e-01
      vertex 7.586523000e-01 -6.068251493e-01 2.370863253e-01
      vertex 8.401778853e-01 -5.192584893e-01 1.564344653e-01
    endloop
  endfacet
  facet normal 7.51866045e-01 -6.39868422e-01 1.58952361e-01
    outer loop
      vertex 6.937804773e-01 -7.020464453e-01 1.606220360e-01
      vertex 7.802043707e-01 -6.202395827e-01 8.114185160e-02
      vertex 7.586523000e-01 -6.068251493e-01 2.370863253e-01
    endloop
  endfacet
  facet normal 8.30386469e-01 -5.51642150e-01 7.84171500e-02
    outer loop
      vertex 8.506508080e-01 -5.257311120e-01 0.00000000e+00
      vertex 8.401778853e-01 -5.192584893e-01 1.564344653e-01
      vertex 7.802043707e-01 -6.202395827e-01 8.114185160e-02
    endloop
  endfacet
  facet normal 7.91679153e-01 -5.89578591e-01 1.60128712e-01
    outer loop
      vertex 7.586523000e-01 -6.068251493e-01 2.370863253e-01
      vertex 7.802043707e-01 -6.202395827e-01 8.114185160e-02
      vertex 8.401778853e-01 -5.192584893e-01 1.564344653e-01
    endloop
  endfacet
  facet normal 7.23271921e-01 -6.85851676e-01 -8.05307856e-02
    outer loop
      vertex 6.937804773e-01 -7.020464453e-01 -1.606220360e-01
      vertex 7.802043707e-01 -6.202395827e-01 -8.114185160e-02
      vertex 7.029070307e-01 -7.112817347e-01 0.00000000e+00
    endloop
  endfacet
  facet normal 8.01767535e-01 -5.97636026e-01 0.00000000e+00
    outer loop
      vertex 8.506508080e-01 -5.257311120e-01 0.00000000e+00
      vertex 7.802043707e-01 -6.202395827e-01 8.114185160e-02
      vertex 7.802043707e-01 -6.202395827e-01 -8.114185160e-02
    endloop
  endfacet
  facet normal 7.23271921e-01 -6.85851676e-01 8.05307856e-02
    outer loop
      vertex 6.937804773e-01 -7.020464453e-01 1.606220360e-01
      vertex 7.029070307e-01 -7.112817347e-01 0.00000000e+00
      vertex 7.802043707e-01 -6.202395827e-01 8.114185160e-02
    endloop
  endfacet
  facet normal 7.62304822e-01 -6.47218169e-01 0.00000000e+00
    outer loop
      vertex 7.802043707e-01 -6.202395827e-01 -8.114185160e-02
      vertex 7.802043707e-01 -6.202395827e-01 8.114185160e-02
      vertex 7.029070307e-01 -7.112817347e-01 0.00000000e+00
    endloop
  endfacet
  facet normal 8.83850473e-01 -5.01710402e-02 -4.65071185e-01
    outer loop
      vertex 8.506508080e-01 0.00000000e+00 -5.257311120e-01
      vertex 9.150434213e-01 0.00000000e+00 -4.033553480e-01
      vertex 8.649293360e-01 -1.312003788e-01 -4.844416427e-01
    endloop
  endfacet
  facet normal 9.39565544e-01 -5.00002693e-02 -3.38698334e-01
    outer loop
      vertex 9.619383573e-01 0.00000000e+00 -2.732665293e-01
      vertex 9.243046000e-01 -1.316553713e-01 -3.582287933e-01
      vertex 9.150434213e-01 0.00000000e+00 -4.033553480e-01
    endloop
  endfacet
  facet normal 8.89788168e-01 -1.80319130e-01 -4.19239820e-01
    outer loop
      vertex 8.626684800e-01 -2.598919133e-01 -4.338885640e-01
      vertex 8.649293360e-01 -1.312003788e-01 -4.844416427e-01
      vertex 9.243046000e-01 -1.316553713e-01 -3.582287933e-01
    endloop
  endfacet
  facet normal 9.01704684e-01 -8.20702965e-02 -4.24491613e-01
    outer loop
      vertex 9.150434213e-01 0.00000000e+00 -4.033553480e-01
      vertex 9.243046000e-01 -1.316553713e-01 -3.582287933e-01
      vertex 8.649293360e-01 -1.312003788e-01 -4.844416427e-01
    endloop
  endfacet
  facet normal 9.96383649e-01 -4.95053672e-02 -6.90568093e-02
    outer loop
      vertex 1.000000000e+00 0.00000000e+00 0.00000000e+00
      vertex 9.876883400e-01 -1.330711041e-01 -8.224246533e-02
      vertex 9.904388813e-01 0.00000000e+00 -1.379522427e-01
    endloop
  endfacet
  facet normal 9.71850073e-01 -1.81285628e-01 -1.50475768e-01
    outer loop
      vertex 9.510565160e-01 -2.628655560e-01 -1.624598480e-01
      vertex 9.663925973e-01 -1.327924768e-01 -2.201170280e-01
      vertex 9.876883400e-01 -1.330711041e-01 -8.224246533e-02
    endloop
  endfacet
  facet normal 9.77325600e-01 -4.96076443e-02 -2.05848861e-01
    outer loop
      vertex 9.619383573e-01 0.00000000e+00 -2.732665293e-01
      vertex 9.904388813e-01 0.00000000e+00 -1.379522427e-01
      vertex 9.663925973e-01 -1.327924768e-01 -2.201170280e-01
    endloop
  endfacet
  facet normal 9.84753677e-01 -8.41029235e-02 -1.52272431e-01
    outer loop
      vertex 9.876883400e-01 -1.330711041e-01 -8.224246533e-02
      vertex 9.663925973e-01 -1.327924768e-01 -2.201170280e-01
      vertex 9.904388813e-01 0.00000000e+00 -1.379522427e-01
    endloop
  endfacet
  facet normal 8.52183716e-01 -4.27025692e-01 -3.02377202e-01
    outer loop
      vertex 8.090169947e-01 -5.000000000e-01 -3.090169947e-01
      vertex 8.439114747e-01 -3.836137333e-01 -3.750385680e-01
      vertex 8.910065240e-01 -3.861873853e-01 -2.386769307e-01
    endloop
  endfacet
  facet normal 8.79087638e-01 -3.06797967e-01 -3.64801223e-01
    outer loop
      vertex 8.626684800e-01 -2.598919133e-01 -4.338885640e-01
      vertex 9.162441747e-01 -2.640827507e-01 -3.012588787e-01
      vertex 8.439114747e-01 -3.836137333e-01 -3.750385680e-01
    endloop
  endfacet
  facet normal 9.23385609e-01 -3.08167242e-01 -2.28892918e-01
    outer loop
      vertex 9.510565160e-01 -2.628655560e-01 -1.624598480e-01
      vertex 8.910065240e-01 -3.861873853e-01 -2.386769307e-01
      vertex 9.162441747e-01 -2.640827507e-01 -3.012588787e-01
    endloop
  endfacet
  facet normal 8.85788691e-01 -3.43196621e-01 -3.12401143e-01
    outer loop
      vertex 8.439114747e-01 -3.836137333e-01 -3.750385680e-01
      vertex 9.162441747e-01 -2.640827507e-01 -3.012588787e-01
      vertex 8.910065240e-01 -3.861873853e-01 -2.386769307e-01
    endloop
  endfacet
  facet normal 9.52950495e-01 -8.45453627e-02 -2.91096954e-01
    outer loop
      vertex 9.619383573e-01 0.00000000e+00 -2.732665293e-01
      vertex 9.663925973e-01 -1.327924768e-01 -2.201170280e-01
      vertex 9.243046000e-01 -1.316553713e-01 -3.582287933e-01
    endloop
  endfacet
  facet normal 9.47461575e-01 -2.16204079e-01 -2.35737907e-01
    outer loop
      vertex 9.510565160e-01 -2.628655560e-01 -1.624598480e-01
      vertex 9.162441747e-01 -2.640827507e-01 -3.012588787e-01
      vertex 9.663925973e-01 -1.327924768e-01 -2.201170280e-01
    endloop
  endfacet
  facet normal 9.03179732e-01 -2.14846911e-01 -3.71627739e-01
    outer loop
      vertex 8.626684800e-01 -2.598919133e-01 -4.338885640e-01
      vertex 9.243046000e-01 -1.316553713e-01 -3.582287933e-01
      vertex 9.162441747e-01 -2.640827507e-01 -3.012588787e-01
    endloop
  endfacet
  facet normal 9.40326640e-01 -1.81150998e-01 -2.88045353e-01
    outer loop
      vertex 9.663925973e-01 -1.327924768e-01 -2.201170280e-01
      vertex 9.162441747e-01 -2.640827507e-01 -3.012588787e-01
      vertex 9.243046000e-01 -1.316553713e-01 -3.582287933e-01
    endloop
  endfacet
  facet normal 8.83850473e-01 -5.01710402e-02 4.65071185e-01
    outer loop
      vertex 8.506508080e-01 0.00000000e+00 5.257311120e-01
      vertex 8.649293360e-01 -1.312003788e-01 4.844416427e-01
      vertex 9.150434213e-01 0.00000000e+00 4.033553480e-01
    endloop
  endfacet
  facet normal 8.89788168e-01 -1.80319130e-01 4.19239820e-01
    outer loop
      vertex 8.626684800e-01 -2.598919133e-01 4.338885640e-01
      vertex 9.243046000e-01 -1.316553713e-01 3.582287933e-01
      vertex 8.649293360e-01 -1.312003788e-01 4.844416427e-01
    endloop
  endfacet
  facet normal 9.39565544e-01 -5.00002693e-02 3.38698334e-01
    outer loop
      vertex 9.619383573e-01 0.00000000e+00 2.732665293e-01
      vertex 9.150434213e-01 0.00000000e+00 4.033553480e-01
      vertex 9.243046000e-01 -1.316553713e-01 3.582287933e-01
    endloop
  endfacet
  facet normal 9.01704684e-01 -8.20702965e-02 4.24491613e-01
    outer loop
      vertex 8.649293360e-01 -1.312003788e-01 4.844416427e-01
      vertex 9.243046000e-01 -1.316553713e-01 3.582287933e-01
      vertex 9.150434213e-01 0.00000000e+00 4.033553480e-01
    endloop
  endfacet
  facet normal 8.52183716e-01 -4.27025692e-01 3.02377202e-01
    outer loop
      vertex 8.090169947e-01 -5.000000000e-01 3.090169947e-01
      vertex 8.910065240e-01 -3.861873853e-01 2.386769307e-01
      vertex 8.439114747e-01 -3.836137333e-01 3.750385680e-01
    endloop
  endfacet
  facet normal 9.23385609e-01 -3.08167242e-01 2.28892918e-01
    outer loop
      vertex 9.510565160e-01 -2.628655560e-01 1.624598480e-01
      vertex 9.162441747e-01 -2.640827507e-01 3.012588787e-01
      vertex 8.910065240e-01 -3.861873853e-01 2.386769307e-01
    endloop
  endfacet
  facet normal 8.79087638e-01 -3.06797967e-01 3.64801223e-01
    outer loop
      vertex 8.626684800e-01 -2.598919133e-01 4.338885640e-01
      vertex 8.439114747e-01 -3.836137333e-01 3.750385680e-01
      vertex 9.162441747e-01 -2.640827507e-01 3.012588787e-01
    endloop
  endfacet
  facet normal 8.85788691e-01 -3.43196621e-01 3.12401143e-01
    outer loop
      vertex 8.910065240e-01 -3.861873853e-01 2.386769307e-01
      vertex 9.162441747e-01 -2.640827507e-01 3.012588787e-01
      vertex 8.439114747e-01 -3.836137333e-01 3.750385680e-01
    endloop
  endfacet
  facet normal 9.96383649e-01 -4.95053672e-02 6.90568093e-02
    outer loop
      vertex 1.000000000e+00 0.00000000e+00 0.00000000e+00
      vertex 9.904388813e-01 0.00000000e+00 1.379522427e-01
      vertex 9.876883400e-01 -1.330711041e-01 8.224246533e-02
    endloop
  endfacet
  facet normal 9.77325600e-01 -4.96076443e-02 2.05848861e-01
    outer loop
      vertex 9.619383573e-01 0.00000000e+00 2.732665293e-01
      vertex 9.663925973e-01 -1.327924768e-01 2.201170280e-01
      vertex 9.904388813e-01 0.00000000e+00 1.379522427e-01
    endloop
  endfacet
  facet normal 9.71850073e-01 -1.81285628e-01 1.50475768e-01
    outer loop
      vertex 9.510565160e-01 -2.628655560e-01 1.624598480e-01
      vertex 9.876883400e-01 -1.330711041e-01 8.224246533e-02
      vertex 9.663925973e-01 -1.327924768e-01 2.201170280e-01
    endloop
  endfacet
  facet normal 9.84753677e-01 -8.41029235e-02 1.52272431e-01
    outer loop
      vertex 9.904388813e-01 0.00000000e+00 1.379522427e-01
      vertex 9.663925973e-01 -1.327924768e-01 2.201170280e-01
      vertex 9.876883400e-01 -1.330711041e-01 8.224246533e-02
    endloop
  endfacet
  facet normal 9.03179732e-01 -2.14846911e-01 3.71627739e-01
    outer loop
      vertex 8.626684800e-01 -2.598919133e-01 4.338885640e-01
      vertex 9.162441747e-01 -2.640827507e-01 3.012588787e-01
      vertex 9.243046000e-01 -1.316553713e-01 3.582287933e-01
    endloop
  endfacet
  facet normal 9.47461575e-01 -2.16204079e-01 2.35737907e-01
    outer loop
      vertex 9.510565160e-01 -2.628655560e-01 1.624598480e-01
      vertex 9.663925973e-01 -1.327924768e-01 2.201170280e-01
      vertex 9.162441747e-01 -2.640827507e-01 3.012588787e-01
    endloop
  endfacet
  facet normal 9.52950495e-01 -8.45453627e-02 2.91096954e-01
    outer loop
      vertex 9.619383573e-01 0.00000000e+00 2.732665293e-01
      vertex 9.243046000e-01 -1.316553713e-01 3.582287933e-01
      vertex 9.663925973e-01 -1.327924768e-01 2.201170280e-01
    endloop
  endfacet
  facet normal 9.40326640e-01 -1.81150998e-01 2.88045353e-01
    outer loop
      vertex 9.162441747e-01 -2.640827507e-01 3.012588787e-01
      vertex 9.663925973e-01 -1.327924768e-01 2.201170280e-01
      vertex 9.243046000e-01 -1.316553713e-01 3.582287933e-01
    endloop
  endfacet
  facet normal 8.51639515e-01 -4.69405196e-01 -2.33171395e-01
    outer loop
      vertex 8.090169947e-01 -5.000000000e-01 -3.090169947e-01
      vertex 8.910065240e-01 -3.861873853e-01 -2.386769307e-01
      vertex 8.401778853e-01 -5.192584893e-01 -1.564344653e-01
    endloop
  endfacet
  facet normal 9.22797371e-01 -3.50587076e-01 -1.59792724e-01
    outer loop
      vertex 9.510565160e-01 -2.628655560e-01 -1.624598480e-01
      vertex 9.129824933e-01 -3.996070520e-01 -8.232358000e-02
      vertex 8.910065240e-01 -3.861873853e-01 -2.386769307e-01
    endloop
  endfacet
  facet normal 8.72473626e-01 -4.82336350e-01 -7.83671947e-02
    outer loop
      vertex 8.506508080e-01 -5.257311120e-01 0.00000000e+00
      vertex 8.401778853e-01 -5.192584893e-01 -1.564344653e-01
      vertex 9.129824933e-01 -3.996070520e-01 -8.232358000e-02
    endloop
  endfacet
  facet normal 8.84358483e-01 -4.37841600e-01 -1.61878990e-01
    outer loop
      vertex 8.910065240e-01 -3.861873853e-01 -2.386769307e-01
      vertex 9.129824933e-01 -3.996070520e-01 -8.232358000e-02
      vertex 8.401778853e-01 -5.192584893e-01 -1.564344653e-01
    endloop
  endfacet
  facet normal 9.95747362e-01 -9.21259537e-02 0.00000000e+00
    outer loop
      vertex 1.000000000e+00 0.00000000e+00 0.00000000e+00
      vertex 9.876883400e-01 -1.330711041e-01 8.224246533e-02
      vertex 9.876883400e-01 -1.330711041e-01 -8.224246533e-02
    endloop
  endfacet
  facet normal 9.71230961e-01 -2.23786292e-01 8.14255288e-02
    outer loop
      vertex 9.510565160e-01 -2.628655560e-01 1.624598480e-01
      vertex 9.638612640e-01 -2.664047013e-01 0.00000000e+00
      vertex 9.876883400e-01 -1.330711041e-01 8.224246533e-02
    endloop
  endfacet
  facet normal 9.71230961e-01 -2.23786292e-01 -8.14255288e-02
    outer loop
      vertex 9.510565160e-01 -2.628655560e-01 -1.624598480e-01
      vertex 9.876883400e-01 -1.330711041e-01 -8.224246533e-02
      vertex 9.638612640e-01 -2.664047013e-01 0.00000000e+00
    endloop
  endfacet
  facet normal 9.84405201e-01 -1.75915892e-01 0.00000000e+00
    outer loop
      vertex 9.876883400e-01 -1.330711041e-01 8.224246533e-02
      vertex 9.638612640e-01 -2.664047013e-01 0.00000000e+00
      vertex 9.876883400e-01 -1.330711041e-01 -8.224246533e-02
    endloop
  endfacet
  facet normal 8.51639515e-01 -4.69405196e-01 2.33171395e-01
    outer loop
      vertex 8.090169947e-01 -5.000000000e-01 3.090169947e-01
      vertex 8.401778853e-01 -5.192584893e-01 1.564344653e-01
      vertex 8.910065240e-01 -3.861873853e-01 2.386769307e-01
    endloop
  endfacet
  facet normal 8.72473626e-01 -4.82336350e-01 7.83671947e-02
    outer loop
      vertex 8.506508080e-01 -5.257311120e-01 0.00000000e+00
      vertex 9.129824933e-01 -3.996070520e-01 8.232358000e-02
      vertex 8.401778853e-01 -5.192584893e-01 1.564344653e-01
    endloop
  endfacet
  facet normal 9.22797371e-01 -3.50587076e-01 1.59792724e-01
    outer loop
      vertex 9.510565160e-01 -2.628655560e-01 1.624598480e-01
      vertex 8.910065240e-01 -3.861873853e-01 2.386769307e-01
      vertex 9.129824933e-01 -3.996070520e-01 8.232358000e-02
    endloop
  endfacet
  facet normal 8.84358483e-01 -4.37841600e-01 1.61878990e-01
    outer loop
      vertex 8.401778853e-01 -5.192584893e-01 1.564344653e-01
      vertex 9.129824933e-01 -3.996070520e-01 8.232358000e-02
      vertex 8.910065240e-01 -3.861873853e-01 2.386769307e-01
    endloop
  endfacet
  facet normal 9.46806803e-01 -3.11335293e-01 -8.14076995e-02
    outer loop
      vertex 9.510565160e-01 -2.628655560e-01 -1.624598480e-01
      vertex 9.638612640e-01 -2.664047013e-01 0.00000000e+00
      vertex 9.129824933e-01 -3.996070520e-01 -8.232358000e-02
    endloop
  endfacet
  facet normal 9.46806803e-01 -3.11335293e-01 8.14076995e-02
    outer loop
      vertex 9.510565160e-01 -2.628655560e-01 1.624598480e-01
      vertex 9.129824933e-01 -3.996070520e-01 8.232358000e-02
      vertex 9.638612640e-01 -2.664047013e-01 0.00000000e+00
    endloop
  endfacet
  facet normal 8.96494078e-01 -4.43055717e-01 0.00000000e+00
    outer loop
      vertex 8.506508080e-01 -5.257311120e-01 0.00000000e+00
      vertex 9.129824933e-01 -3.996070520e-01 -8.232358000e-02
      vertex 9.129824933e-01 -3.996070520e-01 8.232358000e-02
    endloop
  endfacet
  facet normal 9.34172359e-01 -3.56822090e-01 0.00000000e+00
    outer loop
      vertex 9.638612640e-01 -2.664047013e-01 0.00000000e+00
      vertex 9.129824933e-01 -3.996070520e-01 8.232358000e-02
      vertex 9.129824933e-01 -3.996070520e-01 -8.232358000e-02
    endloop
  endfacet
  facet normal 5.01710402e-02 -4.65071185e-01 8.83850473e-01
    outer loop
      vertex 0.00000000e+00 -5.257311120e-01 8.506508080e-01
      vertex 1.312003788e-01 -4.844416427e-01 8.649293360e-01
      vertex 0.00000000e+00 -4.033553480e-01 9.150434213e-01
    endloop
  endfacet
  facet normal 1.80319130e-01 -4.19239820e-01 8.89788168e-01
    outer loop
      vertex 2.598919133e-01 -4.338885640e-01 8.626684800e-01
      vertex 1.316553713e-01 -3.582287933e-01 9.243046000e-01
      vertex 1.312003788e-01 -4.844416427e-01 8.649293360e-01
    endloop
  endfacet
  facet normal 5.00002693e-02 -3.38698334e-01 9.39565544e-01
    outer loop
      vertex 0.00000000e+00 -2.732665293e-01 9.619383573e-01
      vertex 0.00000000e+00 -4.033553480e-01 9.150434213e-01
      vertex 1.316553713e-01 -3.582287933e-01 9.243046000e-01
    endloop
  endfacet
  facet normal 8.20702965e-02 -4.24491613e-01 9.01704684e-01
    outer loop
      vertex 1.312003788e-01 -4.844416427e-01 8.649293360e-01
      vertex 1.316553713e-01 -3.582287933e-01 9.243046000e-01
      vertex 0.00000000e+00 -4.033553480e-01 9.150434213e-01
    endloop
  endfacet
  facet normal 4.27025692e-01 -3.02377202e-01 8.52183716e-01
    outer loop
      vertex 5.000000000e-01 -3.090169947e-01 8.090169947e-01
      vertex 3.861873853e-01 -2.386769307e-01 8.910065240e-01
      vertex 3.836137333e-01 -3.750385680e-01 8.439114747e-01
    endloop
  endfacet
  facet normal 3.08167242e-01 -2.28892918e-01 9.23385609e-01
    outer loop
      vertex 2.628655560e-01 -1.624598480e-01 9.510565160e-01
      vertex 2.640827507e-01 -3.012588787e-01 9.162441747e-01
      vertex 3.861873853e-01 -2.386769307e-01 8.910065240e-01
    endloop
  endfacet
  facet normal 3.06797967e-01 -3.64801223e-01 8.79087638e-01
    outer loop
      vertex 2.598919133e-01 -4.338885640e-01 8.626684800e-01
      vertex 3.836137333e-01 -3.750385680e-01 8.439114747e-01
      vertex 2.640827507e-01 -3.012588787e-01 9.162441747e-01
    endloop
  endfacet
  facet normal 3.43196621e-01 -3.12401143e-01 8.85788691e-01
    outer loop
      vertex 3.861873853e-01 -2.386769307e-01 8.910065240e-01
      vertex 2.640827507e-01 -3.012588787e-01 9.162441747e-01
      vertex 3.836137333e-01 -3.750385680e-01 8.439114747e-01
    endloop
  endfacet
  facet normal 4.95053672e-02 -6.90568093e-02 9.96383649e-01
    outer loop
      vertex 0.00000000e+00 0.00000000e+00 1.000000000e+00
      vertex 0.00000000e+00 -1.379522427e-01 9.904388813e-01
      vertex 1.330711041e-01 -8.224246533e-02 9.876883400e-01
    endloop
  endfacet
  facet normal 4.96076443e-02 -2.05848861e-01 9.77325600e-01
    outer loop
      vertex 0.00000000e+00 -2.732665293e-01 9.619383573e-01
      vertex 1.327924768e-01 -2.201170280e-01 9.663925973e-01
      vertex 0.00000000e+00 -1.379522427e-01 9.904388813e-01
    endloop
  endfacet
  facet normal 1.81285628e-01 -1.50475768e-01 9.71850073e-01
    outer loop
      vertex 2.628655560e-01 -1.624598480e-01 9.510565160e-01
      vertex 1.330711041e-01 -8.224246533e-02 9.876883400e-01
      vertex 1.327924768e-01 -2.201170280e-01 9.663925973e-01
    endloop
  endfacet
  facet normal 8.41029235e-02 -1.52272431e-01 9.84753677e-01
    outer loop
      vertex 0.00000000e+00 -1.379522427e-01 9.904388813e-01
      vertex 1.327924768e-01 -2.201170280e-01 9.663925973e-01
      vertex 1.330711041e-01 -8.224246533e-02 9.876883400e-01
    endloop
  endfacet
  facet normal 2.14846911e-01 -3.71627739e-01 9.03179732e-01
    outer loop
      vertex 2.598919133e-01 -4.338885640e-01 8.626684800e-01
      vertex 2.640827507e-01 -3.012588787e-01 9.162441747e-01
      vertex 1.316553713e-01 -3.582287933e-01 9.243046000e-01
    endloop
  endfacet
  facet normal 2.16204079e-01 -2.35737907e-01 9.47461575e-01
    outer loop
      vertex 2.628655560e-01 -1.624598480e-01 9.510565160e-01
      vertex 1.327924768e-01 -2.201170280e-01 9.663925973e-01
      vertex 2.640827507e-01 -3.012588787e-01 9.162441747e-01
    endloop
  endfacet
  facet normal 8.45453627e-02 -2.91096954e-01 9.52950495e-01
    outer loop
      vertex 0.00000000e+00 -2.732665293e-01 9.619383573e-01
      vertex 1.316553713e-01 -3.582287933e-01 9.243046000e-01
      vertex 1.327924768e-01 -2.201170280e-01 9.663925973e-01
    endloop
  endfacet
  facet normal 1.81150998e-01 -2.88045353e-01 9.40326640e-01
    outer loop
      vertex 2.640827507e-01 -3.012588787e-01 9.162441747e-01
      vertex 1.327924768e-01 -2.201170280e-01 9.663925973e-01
      vertex 1.316553713e-01 -3.582287933e-01 9.243046000e-01
    endloop
  endfacet
  facet normal 8.02672025e-01 0.00000000e+00 5.96420674e-01
    outer loop
      vertex 8.506508080e-01 0.00000000e+00 5.257311120e-01
      vertex 7.838430427e-01 8.108629347e-02 6.156420213e-01
      vertex 7.838430427e-01 -8.108629347e-02 6.156420213e-01
    endloop
  endfacet
  facet normal 7.28344548e-01 8.05414856e-02 6.80461086e-01
    outer loop
      vertex 7.020464453e-01 1.606220360e-01 6.937804773e-01
      vertex 7.112817347e-01 0.00000000e+00 7.029070307e-01
      vertex 7.838430427e-01 8.108629347e-02 6.156420213e-01
    endloop
  endfacet
  facet normal 7.28344548e-01 -8.05414856e-02 6.80461086e-01
    outer loop
      vertex 7.020464453e-01 -1.606220360e-01 6.937804773e-01
      vertex 7.838430427e-01 -8.108629347e-02 6.156420213e-01
      vertex 7.112817347e-01 0.00000000e+00 7.029070307e-01
    endloop
  endfacet
  facet normal 7.68912155e-01 0.00000000e+00 6.39354439e-01
    outer loop
      vertex 7.838430427e-01 8.108629347e-02 6.156420213e-01
      vertex 7.112817347e-01 0.00000000e+00 7.029070307e-01
      vertex 7.838430427e-01 -8.108629347e-02 6.156420213e-01
    endloop
  endfacet
  facet normal 5.38761957e-01 2.33320392e-01 8.09504261e-01
    outer loop
      vertex 5.000000000e-01 3.090169947e-01 8.090169947e-01
      vertex 5.192584893e-01 1.564344653e-01 8.401778853e-01
      vertex 6.068251493e-01 2.370863253e-01 7.586523000e-01
    endloop
  endfacet
  facet normal 5.51642150e-01 7.84171500e-02 8.30386469e-01
    outer loop
      vertex 5.257311120e-01 0.00000000e+00 8.506508080e-01
      vertex 6.202395827e-01 8.114185160e-02 7.802043707e-01
      vertex 5.192584893e-01 1.564344653e-01 8.401778853e-01
    endloop
  endfacet
  facet normal 6.39868422e-01 1.58952361e-01 7.51866045e-01
    outer loop
      vertex 7.020464453e-01 1.606220360e-01 6.937804773e-01
      vertex 6.068251493e-01 2.370863253e-01 7.586523000e-01
      vertex 6.202395827e-01 8.114185160e-02 7.802043707e-01
    endloop
  endfacet
  facet normal 5.89578591e-01 1.60128712e-01 7.91679153e-01
    outer loop
      vertex 5.192584893e-01 1.564344653e-01 8.401778853e-01
      vertex 6.202395827e-01 8.114185160e-02 7.802043707e-01
      vertex 6.068251493e-01 2.370863253e-01 7.586523000e-01
    endloop
  endfacet
  facet normal 5.38761957e-01 -2.33320392e-01 8.09504261e-01
    outer loop
      vertex 5.000000000e-01 -3.090169947e-01 8.090169947e-01
      vertex 6.068251493e-01 -2.370863253e-01 7.586523000e-01
      vertex 5.192584893e-01 -1.564344653e-01 8.401778853e-01
    endloop
  endfacet
  facet normal 6.39868422e-01 -1.58952361e-01 7.51866045e-01
    outer loop
      vertex 7.020464453e-01 -1.606220360e-01 6.937804773e-01
      vertex 6.202395827e-01 -8.114185160e-02 7.802043707e-01
      vertex 6.068251493e-01 -2.370863253e-01 7.586523000e-01
    endloop
  endfacet
  facet normal 5.51642150e-01 -7.84171500e-02 8.30386469e-01
    outer loop
      vertex 5.257311120e-01 0.00000000e+00 8.506508080e-01
      vertex 5.192584893e-01 -1.564344653e-01 8.401778853e-01
      vertex 6.202395827e-01 -8.114185160e-02 7.802043707e-01
    endloop
  endfacet
  facet normal 5.89578591e-01 -1.60128712e-01 7.91679153e-01
    outer loop
      vertex 6.068251493e-01 -2.370863253e-01 7.586523000e-01
      vertex 6.202395827e-01 -8.114185160e-02 7.802043707e-01
      vertex 5.192584893e-01 -1.564344653e-01 8.401778853e-01
    endloop
  endfacet
  facet normal 6.85851676e-01 8.05307856e-02 7.23271921e-01
    outer loop
      vertex 7.020464453e-01 1.606220360e-01 6.937804773e-01
      vertex 6.202395827e-01 8.114185160e-02 7.802043707e-01
      vertex 7.112817347e-01 0.00000000e+00 7.029070307e-01
    endloop
  endfacet
  facet normal 5.97636026e-01 0.00000000e+00 8.01767535e-01
    outer loop
      vertex 5.257311120e-01 0.00000000e+00 8.506508080e-01
      vertex 6.202395827e-01 -8.114185160e-02 7.802043707e-01
      vertex 6.202395827e-01 8.114185160e-02 7.802043707e-01
    endloop
  endfacet
  facet normal 6.85851676e-01 -8.05307856e-02 7.23271921e-01
    outer loop
      vertex 7.020464453e-01 -1.606220360e-01 6.937804773e-01
      vertex 7.112817347e-01 0.00000000e+00 7.029070307e-01
      vertex 6.202395827e-01 -8.114185160e-02 7.802043707e-01
    endloop
  endfacet
  facet normal 6.47218169e-01 0.00000000e+00 7.62304822e-01
    outer loop
      vertex 6.202395827e-01 8.114185160e-02 7.802043707e-01
      vertex 6.202395827e-01 -8.114185160e-02 7.802043707e-01
      vertex 7.112817347e-01 0.00000000e+00 7.029070307e-01
    endloop
  endfacet
  facet normal 5.01710402e-02 4.65071185e-01 8.83850473e-01
    outer loop
      vertex 0.00000000e+00 5.257311120e-01 8.506508080e-01
      vertex 0.00000000e+00 4.033553480e-01 9.150434213e-01
      vertex 1.312003788e-01 4.844416427e-01 8.649293360e-01
    endloop
  endfacet
  facet normal 5.00002693e-02 3.38698334e-01 9.39565544e-01
    outer loop
      vertex 0.00000000e+00 2.732665293e-01 9.619383573e-01
      vertex 1.316553713e-01 3.582287933e-01 9.243046000e-01
      vertex 0.00000000e+00 4.033553480e-01 9.150434213e-01
    endloop
  endfacet
  facet normal 1.80319130e-01 4.19239820e-01 8.89788168e-01
    outer loop
      vertex 2.598919133e-01 4.338885640e-01 8.626684800e-01
      vertex 1.312003788e-01 4.844416427e-01 8.649293360e-01
      vertex 1.316553713e-01 3.582287933e-01 9.243046000e-01
    endloop
  endfacet
  facet normal 8.20702965e-02 4.24491613e-01 9.01704684e-01
    outer loop
      vertex 0.00000000e+00 4.033553480e-01 9.150434213e-01
      vertex 1.316553713e-01 3.582287933e-01 9.243046000e-01
      vertex 1.312003788e-01 4.844416427e-01 8.649293360e-01
    endloop
  endfacet
  facet normal 4.95053672e-02 6.90568093e-02 9.96383649e-01
    outer loop
      vertex 0.00000000e+00 0.00000000e+00 1.000000000e+00
      vertex 1.330711041e-01 8.224246533e-02 9.876883400e-01
      vertex 0.00000000e+00 1.379522427e-01 9.904388813e-01
    endloop
  endfacet
  facet normal 1.81285628e-01 1.50475768e-01 9.71850073e-01
    outer loop
      vertex 2.628655560e-01 1.624598480e-01 9.510565160e-01
      vertex 1.327924768e-01 2.201170280e-01 9.663925973e-01
      vertex 1.330711041e-01 8.224246533e-02 9.876883400e-01
    endloop
  endfacet
  facet normal 4.96076443e-02 2.05848861e-01 9.77325600e-01
    outer loop
      vertex 0.00000000e+00 2.732665293e-01 9.619383573e-01
      vertex 0.00000000e+00 1.379522427e-01 9.904388813e-01
      vertex 1.327924768e-01 2.201170280e-01 9.663925973e-01
    endloop
  endfacet
  facet normal 8.41029235e-02 1.52272431e-01 9.84753677e-01
    outer loop
      vertex 1.330711041e-01 8.224246533e-02 9.876883400e-01
      vertex 1.327924768e-01 2.201170280e-01 9.663925973e-01
      vertex 0.00000000e+00 1.379522427e-01 9.904388813e-01
    endloop
  endfacet
  facet normal 4.27025692e-01 3.02377202e-01 8.52183716e-01
    outer loop
      vertex 5.000000000e-01 3.090169947e-01 8.090169947e-01
      vertex 3.836137333e-01 3.750385680e-01 8.439114747e-01
      vertex 3.861873853e-01 2.386769307e-01 8.910065240e-01
    endloop
  endfacet
  facet normal 3.06797967e-01 3.64801223e-01 8.79087638e-01
    outer loop
      vertex 2.598919133e-01 4.338885640e-01 8.626684800e-01
      vertex 2.640827507e-01 3.012588787e-01 9.162441747e-01
      vertex 3.836137333e-01 3.750385680e-01 8.439114747e-01
    endloop
  endfacet
  facet normal 3.08167242e-01 2.28892918e-01 9.23385609e-01
    outer loop
      vertex 2.628655560e-01 1.624598480e-01 9.510565160e-01
      vertex 3.861873853e-01 2.386769307e-01 8.910065240e-01
      vertex 2.640827507e-01 3.012588787e-01 9.162441747e-01
    endloop
  endfacet
  facet normal 3.43196621e-01 3.12401143e-01 8.85788691e-01
    outer loop
      vertex 3.836137333e-01 3.750385680e-01 8.439114747e-01
      vertex 2.640827507e-01 3.012588787e-01 9.162441747e-01
      vertex 3.861873853e-01 2.386769307e-01 8.910065240e-01
    endloop
  endfacet
  facet normal 8.45453627e-02 2.91096954e-01 9.52950495e-01
    outer loop
      vertex 0.00000000e+00 2.732665293e-01 9.619383573e-01
      vertex 1.327924768e-01 2.201170280e-01 9.663925973e-01
      vertex 1.316553713e-01 3.582287933e-01 9.243046000e-01
    endloop
  endfacet
  facet normal 2.16204079e-01 2.35737907e-01 9.47461575e-01
    outer loop
      vertex 2.628655560e-01 1.624598480e-01 9.510565160e-01
      vertex 2.640827507e-01 3.012588787e-01 9.162441747e-01
      vertex 1.327924768e-01 2.201170280e-01 9.663925973e-01
    endloop
  endfacet
  facet normal 2.14846911e-01 3.71627739e-01 9.03179732e-01
    outer loop
      vertex 2.598919133e-01 4.338885640e-01 8.626684800e-01
      vertex 1.316553713e-01 3.582287933e-01 9.243046000e-01
      vertex 2.640827507e-01 3.012588787e-01 9.162441747e-01
    endloop
  endfacet
  facet normal 1.81150998e-01 2.88045353e-01 9.40326640e-01
    outer loop
      vertex 1.327924768e-01 2.201170280e-01 9.663925973e-01
      vertex 2.640827507e-01 3.012588787e-01 9.162441747e-01
      vertex 1.316553713e-01 3.582287933e-01 9.243046000e-01
    endloop
  endfacet
  facet normal 4.69405196e-01 -2.33171395e-01 8.51639515e-01
    outer loop
      vertex 5.000000000e-01 -3.090169947e-01 8.090169947e-01
      vertex 5.192584893e-01 -1.564344653e-01 8.401778853e-01
      vertex 3.861873853e-01 -2.386769307e-01 8.910065240e-01
    endloop
  endfacet
  facet normal 4.82336350e-01 -7.83671947e-02 8.72473626e-01
    outer loop
      vertex 5.257311120e-01 0.00000000e+00 8.506508080e-01
      vertex 3.996070520e-01 -8.232358000e-02 9.129824933e-01
      vertex 5.192584893e-01 -1.564344653e-01 8.401778853e-01
    endloop
  endfacet
  facet normal 3.50587076e-01 -1.59792724e-01 9.22797371e-01
    outer loop
      vertex 2.628655560e-01 -1.624598480e-01 9.510565160e-01
      vertex 3.861873853e-01 -2.386769307e-01 8.910065240e-01
      vertex 3.996070520e-01 -8.232358000e-02 9.129824933e-01
    endloop
  endfacet
  facet normal 4.37841600e-01 -1.61878990e-01 8.84358483e-01
    outer loop
      vertex 5.192584893e-01 -1.564344653e-01 8.401778853e-01
      vertex 3.996070520e-01 -8.232358000e-02 9.129824933e-01
      vertex 3.861873853e-01 -2.386769307e-01 8.910065240e-01
    endloop
  endfacet
  facet normal 4.69405196e-01 2.33171395e-01 8.51639515e-01
    outer loop
      vertex 5.000000000e-01 3.090169947e-01 8.090169947e-01
      vertex 3.861873853e-01 2.386769307e-01 8.910065240e-01
      vertex 5.192584893e-01 1.564344653e-01 8.401778853e-01
    endloop
  endfacet
  facet normal 3.50587076e-01 1.59792724e-01 9.22797371e-01
    outer loop
      vertex 2.628655560e-01 1.624598480e-01 9.510565160e-01
      vertex 3.996070520e-01 8.232358000e-02 9.129824933e-01
      vertex 3.861873853e-01 2.386769307e-01 8.910065240e-01
    endloop
  endfacet
  facet normal 4.82336350e-01 7.83671947e-02 8.72473626e-01
    outer loop
      vertex 5.257311120e-01 0.00000000e+00 8.506508080e-01
      vertex 5.192584893e-01 1.564344653e-01 8.401778853e-01
      vertex 3.996070520e-01 8.232358000e-02 9.129824933e-01
    endloop
  endfacet
  facet normal 4.37841600e-01 1.61878990e-01 8.84358483e-01
    outer loop
      vertex 3.861873853e-01 2.386769307e-01 8.910065240e-01
      vertex 3.996070520e-01 8.232358000e-02 9.129824933e-01
      vertex 5.192584893e-01 1.564344653e-01 8.401778853e-01
    endloop
  endfacet
  facet normal 9.21259537e-02 0.00000000e+00 9.95747362e-01
    outer loop
      vertex 0.00000000e+00 0.00000000e+00 1.000000000e+00
      vertex 1.330711041e-01 -8.224246533e-02 9.876883400e-01
      vertex 1.330711041e-01 8.224246533e-02 9.876883400e-01
    endloop
  endfacet
  facet normal 2.23786292e-01 -8.14255288e-02 9.71230961e-01
    outer loop
      vertex 2.628655560e-01 -1.624598480e-01 9.510565160e-01
      vertex 2.664047013e-01 0.00000000e+00 9.638612640e-01
      vertex 1.330711041e-01 -8.224246533e-02 9.876883400e-01
    endloop
  endfacet
  facet normal 2.23786292e-01 8.14255288e-02 9.71230961e-01
    outer loop
      vertex 2.628655560e-01 1.624598480e-01 9.510565160e-01
      vertex 1.330711041e-01 8.224246533e-02 9.876883400e-01
      vertex 2.664047013e-01 0.00000000e+00 9.638612640e-01
    endloop
  endfacet
  facet normal 1.75915892e-01 -0.00000000e+00 9.84405201e-01
    outer loop
      vertex 1.330711041e-01 -8.224246533e-02 9.876883400e-01
      vertex 2.664047013e-01 0.00000000e+00 9.638612640e-01
      vertex 1.330711041e-01 8.224246533e-02 9.876883400e-01
    endloop
  endfacet
  facet normal 4.43055717e-01 0.00000000e+00 8.96494078e-01
    outer loop
      vertex 5.257311120e-01 0.00000000e+00 8.506508080e-01
      vertex 3.996070520e-01 8.232358000e-02 9.129824933e-01
      vertex 3.996070520e-01 -8.232358000e-02 9.129824933e-01
    endloop
  endfacet
  facet normal 3.11335293e-01 8.14076995e-02 9.46806803e-01
    outer loop
      vertex 2.628655560e-01 1.624598480e-01 9.510565160e-01
      vertex 2.664047013e-01 0.00000000e+00 9.638612640e-01
      vertex 3.996070520e-01 8.232358000e-02 9.129824933e-01
    endloop
  endfacet
  facet normal 3.11335293e-01 -8.14076995e-02 9.46806803e-01
    outer loop
      vertex 2.628655560e-01 -1.624598480e-01 9.510565160e-01
      vertex 3.996070520e-01 -8.232358000e-02 9.129824933e-01
      vertex 2.664047013e-01 0.00000000e+00 9.638612640e-01
    endloop
  endfacet
  facet normal 3.56822090e-01 0.00000000e+00 9.34172359e-01
    outer loop
      vertex 3.996070520e-01 8.232358000e-02 9.129824933e-01
      vertex 2.664047013e-01 0.00000000e+00 9.638612640e-01
      vertex 3.996070520e-01 -8.232358000e-02 9.129824933e-01
    endloop
  endfacet
  facet normal -5.46249634e-01 -8.33679433e-01 8.11784483e-02
    outer loop
      vertex -5.257311120e-01 -8.506508080e-01 0.00000000e+00
      vertex -4.844416427e-01 -8.649293360e-01 1.312003788e-01
      vertex -6.156420213e-01 -7.838430427e-01 8.108629347e-02
    endloop
  endfacet
  facet normal -5.00141955e-01 -8.39787899e-01 2.11220996e-01
    outer loop
      vertex -4.338885640e-01 -8.626684800e-01 2.598919133e-01
      vertex -5.712516587e-01 -7.926492293e-01 2.130228653e-01
      vertex -4.844416427e-01 -8.649293360e-01 1.312003788e-01
    endloop
  endfacet
  facet normal -6.30460816e-01 -7.59246413e-01 1.61443621e-01
    outer loop
      vertex -6.937804773e-01 -7.020464453e-01 1.606220360e-01
      vertex -6.156420213e-01 -7.838430427e-01 8.108629347e-02
      vertex -5.712516587e-01 -7.926492293e-01 2.130228653e-01
    endloop
  endfacet
  facet normal -5.57284142e-01 -8.19634387e-01 1.32792529e-01
    outer loop
      vertex -4.844416427e-01 -8.649293360e-01 1.312003788e-01
      vertex -5.712516587e-01 -7.926492293e-01 2.130228653e-01
      vertex -6.156420213e-01 -7.838430427e-01 8.108629347e-02
    endloop
  endfacet
  facet normal -3.82478568e-01 -8.02678349e-01 4.57621692e-01
    outer loop
      vertex -3.090169947e-01 -8.090169947e-01 5.000000000e-01
      vertex -4.539905000e-01 -7.579354200e-01 4.684298507e-01
      vertex -3.750385680e-01 -8.439114747e-01 3.836137333e-01
    endloop
  endfacet
  facet normal -5.22219227e-01 -7.42099980e-01 4.20207922e-01
    outer loop
      vertex -5.877852520e-01 -6.881909600e-01 4.253254040e-01
      vertex -5.161216200e-01 -7.834516987e-01 3.461530147e-01
      vertex -4.539905000e-01 -7.579354200e-01 4.684298507e-01
    endloop
  endfacet
  facet normal -4.45068077e-01 -8.29479994e-01 3.37457178e-01
    outer loop
      vertex -4.338885640e-01 -8.626684800e-01 2.598919133e-01
      vertex -3.750385680e-01 -8.439114747e-01 3.836137333e-01
      vertex -5.161216200e-01 -7.834516987e-01 3.461530147e-01
    endloop
  endfacet
  facet normal -4.48482532e-01 -8.01685768e-01 3.95175087e-01
    outer loop
      vertex -4.539905000e-01 -7.579354200e-01 4.684298507e-01
      vertex -5.161216200e-01 -7.834516987e-01 3.461530147e-01
      vertex -3.750385680e-01 -8.439114747e-01 3.836137333e-01
    endloop
  endfacet
  facet normal -7.59998894e-01 -5.69357957e-01 3.13421759e-01
    outer loop
      vertex -8.090169947e-01 -5.000000000e-01 3.090169947e-01
      vertex -7.586523000e-01 -6.068251493e-01 2.370863253e-01
      vertex -7.071067813e-01 -6.015009547e-01 3.717480347e-01
    endloop
  endfacet
  facet normal -7.02258401e-01 -6.70527632e-01 2.39219216e-01
    outer loop
      vertex -6.937804773e-01 -7.020464453e-01 1.606220360e-01
      vertex -6.474118933e-01 -7.023098467e-01 2.960045920e-01
      vertex -7.586523000e-01 -6.068251493e-01 2.370863253e-01
    endloop
  endfacet
  facet normal -6.49100841e-01 -6.63682830e-01 3.71743458e-01
    outer loop
      vertex -5.877852520e-01 -6.881909600e-01 4.253254040e-01
      vertex -7.071067813e-01 -6.015009547e-01 3.717480347e-01
      vertex -6.474118933e-01 -7.023098467e-01 2.960045920e-01
    endloop
  endfacet
  facet normal -7.07576229e-01 -6.41557056e-01 2.96210100e-01
    outer loop
      vertex -7.586523000e-01 -6.068251493e-01 2.370863253e-01
      vertex -6.474118933e-01 -7.023098467e-01 2.960045920e-01
      vertex -7.071067813e-01 -6.015009547e-01 3.717480347e-01
    endloop
  endfacet
  facet normal -5.08425010e-01 -8.18634369e-01 2.67098819e-01
    outer loop
      vertex -4.338885640e-01 -8.626684800e-01 2.598919133e-01
      vertex -5.161216200e-01 -7.834516987e-01 3.461530147e-01
      vertex -5.712516587e-01 -7.926492293e-01 2.130228653e-01
    endloop
  endfacet
  facet normal -5.85563456e-01 -7.31257495e-01 3.49825549e-01
    outer loop
      vertex -5.877852520e-01 -6.881909600e-01 4.253254040e-01
      vertex -6.474118933e-01 -7.023098467e-01 2.960045920e-01
      vertex -5.161216200e-01 -7.834516987e-01 3.461530147e-01
    endloop
  endfacet
  facet normal -6.38726558e-01 -7.38103584e-01 2.17328056e-01
    outer loop
      vertex -6.937804773e-01 -7.020464453e-01 1.606220360e-01
      vertex -5.712516587e-01 -7.926492293e-01 2.130228653e-01
      vertex -6.474118933e-01 -7.023098467e-01 2.960045920e-01
    endloop
  endfacet
  facet normal -5.81153824e-01 -7.59175643e-01 2.93108471e-01
    outer loop
      vertex -5.161216200e-01 -7.834516987e-01 3.461530147e-01
      vertex -6.474118933e-01 -7.023098467e-01 2.960045920e-01
      vertex -5.712516587e-01 -7.926492293e-01 2.130228653e-01
    endloop
  endfacet
  facet normal -8.11784483e-02 -5.46249634e-01 8.33679433e-01
    outer loop
      vertex 0.00000000e+00 -5.257311120e-01 8.506508080e-01
      vertex -1.312003788e-01 -4.844416427e-01 8.649293360e-01
      vertex -8.108629347e-02 -6.156420213e-01 7.838430427e-01
    endloop
  endfacet
  facet normal -2.11220996e-01 -5.00141955e-01 8.39787899e-01
    outer loop
      vertex -2.598919133e-01 -4.338885640e-01 8.626684800e-01
      vertex -2.130228653e-01 -5.712516587e-01 7.926492293e-01
      vertex -1.312003788e-01 -4.844416427e-01 8.649293360e-01
    endloop
  endfacet
  facet normal -1.61443621e-01 -6.30460816e-01 7.59246413e-01
    outer loop
      vertex -1.606220360e-01 -6.937804773e-01 7.020464453e-01
      vertex -8.108629347e-02 -6.156420213e-01 7.838430427e-01
      vertex -2.130228653e-01 -5.712516587e-01 7.926492293e-01
    endloop
  endfacet
  facet normal -1.32792529e-01 -5.57284142e-01 8.19634387e-01
    outer loop
      vertex -1.312003788e-01 -4.844416427e-01 8.649293360e-01
      vertex -2.130228653e-01 -5.712516587e-01 7.926492293e-01
      vertex -8.108629347e-02 -6.156420213e-01 7.838430427e-01
    endloop
  endfacet
  facet normal -4.57621692e-01 -3.82478568e-01 8.02678349e-01
    outer loop
      vertex -5.000000000e-01 -3.090169947e-01 8.090169947e-01
      vertex -4.684298507e-01 -4.539905000e-01 7.579354200e-01
      vertex -3.836137333e-01 -3.750385680e-01 8.439114747e-01
    endloop
  endfacet
  facet normal -4.20207922e-01 -5.22219227e-01 7.42099980e-01
    outer loop
      vertex -4.253254040e-01 -5.877852520e-01 6.881909600e-01
      vertex -3.461530147e-01 -5.161216200e-01 7.834516987e-01
      vertex -4.684298507e-01 -4.539905000e-01 7.579354200e-01
    endloop
  endfacet
  facet normal -3.37457178e-01 -4.45068077e-01 8.29479994e-01
    outer loop
      vertex -2.598919133e-01 -4.338885640e-01 8.626684800e-01
      vertex -3.836137333e-01 -3.750385680e-01 8.439114747e-01
      vertex -3.461530147e-01 -5.161216200e-01 7.834516987e-01
    endloop
  endfacet
  facet normal -3.95175087e-01 -4.48482532e-01 8.01685768e-01
    outer loop
      vertex -4.684298507e-01 -4.539905000e-01 7.579354200e-01
      vertex -3.461530147e-01 -5.161216200e-01 7.834516987e-01
      vertex -3.836137333e-01 -3.750385680e-01 8.439114747e-01
    endloop
  endfacet
  facet normal -3.13421759e-01 -7.59998894e-01 5.69357957e-01
    outer loop
      vertex -3.090169947e-01 -8.090169947e-01 5.000000000e-01
      vertex -2.370863253e-01 -7.586523000e-01 6.068251493e-01
      vertex -3.717480347e-01 -7.071067813e-01 6.015009547e-01
    endloop
  endfacet
  facet normal -2.39219216e-01 -7.02258401e-01 6.70527632e-01
    outer loop
      vertex -1.606220360e-01 -6.937804773e-01 7.020464453e-01
      vertex -2.960045920e-01 -6.474118933e-01 7.023098467e-01
      vertex -2.370863253e-01 -7.586523000e-01 6.068251493e-01
    endloop
  endfacet
  facet normal -3.71743458e-01 -6.49100841e-01 6.63682830e-01
    outer loop
      vertex -4.253254040e-01 -5.877852520e-01 6.881909600e-01
      vertex -3.717480347e-01 -7.071067813e-01 6.015009547e-01
      vertex -2.960045920e-01 -6.474118933e-01 7.023098467e-01
    endloop
  endfacet
  facet normal -2.96210100e-01 -7.07576229e-01 6.41557056e-01
    outer loop
      vertex -2.370863253e-01 -7.586523000e-01 6.068251493e-01
      vertex -2.960045920e-01 -6.474118933e-01 7.023098467e-01
      vertex -3.717480347e-01 -7.071067813e-01 6.015009547e-01
    endloop
  endfacet
  facet normal -2.67098819e-01 -5.08425010e-01 8.18634369e-01
    outer loop
      vertex -2.598919133e-01 -4.338885640e-01 8.626684800e-01
      vertex -3.461530147e-01 -5.161216200e-01 7.834516987e-01
      vertex -2.130228653e-01 -5.712516587e-01 7.926492293e-01
    endloop
  endfacet
  facet normal -3.49825549e-01 -5.85563456e-01 7.31257495e-01
    outer loop
      vertex -4.253254040e-01 -5.877852520e-01 6.881909600e-01
      vertex -2.960045920e-01 -6.474118933e-01 7.023098467e-01
      vertex -3.461530147e-01 -5.161216200e-01 7.834516987e-01
    endloop
  endfacet
  facet normal -2.17328056e-01 -6.38726558e-01 7.38103584e-01
    outer loop
      vertex -1.606220360e-01 -6.937804773e-01 7.020464453e-01
      vertex -2.130228653e-01 -5.712516587e-01 7.926492293e-01
      vertex -2.960045920e-01 -6.474118933e-01 7.023098467e-01
    endloop
  endfacet
  facet normal -2.93108471e-01 -5.81153824e-01 7.59175643e-01
    outer loop
      vertex -3.461530147e-01 -5.161216200e-01 7.834516987e-01
      vertex -2.960045920e-01 -6.474118933e-01 7.023098467e-01
      vertex -2.130228653e-01 -5.712516587e-01 7.926492293e-01
    endloop
  endfacet
  facet normal -8.33679433e-01 -8.11784483e-02 5.46249634e-01
    outer loop
      vertex -8.506508080e-01 0.00000000e+00 5.257311120e-01
      vertex -8.649293360e-01 -1.312003788e-01 4.844416427e-01
      vertex -7.838430427e-01 -8.108629347e-02 6.156420213e-01
    endloop
  endfacet
  facet normal -8.39787899e-01 -2.11220996e-01 5.00141955e-01
    outer loop
      vertex -8.626684800e-01 -2.598919133e-01 4.338885640e-01
      vertex -7.926492293e-01 -2.130228653e-01 5.712516587e-01
      vertex -8.649293360e-01 -1.312003788e-01 4.844416427e-01
    endloop
  endfacet
  facet normal -7.59246413e-01 -1.61443621e-01 6.30460816e-01
    outer loop
      vertex -7.020464453e-01 -1.606220360e-01 6.937804773e-01
      vertex -7.838430427e-01 -8.108629347e-02 6.156420213e-01
      vertex -7.926492293e-01 -2.130228653e-01 5.712516587e-01
    endloop
  endfacet
  facet normal -8.19634387e-01 -1.32792529e-01 5.57284142e-01
    outer loop
      vertex -8.649293360e-01 -1.312003788e-01 4.844416427e-01
      vertex -7.926492293e-01 -2.130228653e-01 5.712516587e-01
      vertex -7.838430427e-01 -8.108629347e-02 6.156420213e-01
    endloop
  endfacet
  facet normal -8.02678349e-01 -4.57621692e-01 3.82478568e-01
    outer loop
      vertex -8.090169947e-01 -5.000000000e-01 3.090169947e-01
      vertex -7.579354200e-01 -4.684298507e-01 4.539905000e-01
      vertex -8.439114747e-01 -3.836137333e-01 3.750385680e-01
    endloop
  endfacet
  facet normal -7.42099980e-01 -4.20207922e-01 5.22219227e-01
    outer loop
      vertex -6.881909600e-01 -4.253254040e-01 5.877852520e-01
      vertex -7.834516987e-01 -3.461530147e-01 5.161216200e-01
      vertex -7.579354200e-01 -4.684298507e-01 4.539905000e-01
    endloop
  endfacet
  facet normal -8.29479994e-01 -3.37457178e-01 4.45068077e-01
    outer loop
      vertex -8.626684800e-01 -2.598919133e-01 4.338885640e-01
      vertex -8.439114747e-01 -3.836137333e-01 3.750385680e-01
      vertex -7.834516987e-01 -3.461530147e-01 5.161216200e-01
    endloop
  endfacet
  facet normal -8.01685768e-01 -3.95175087e-01 4.48482532e-01
    outer loop
      vertex -7.579354200e-01 -4.684298507e-01 4.539905000e-01
      vertex -7.834516987e-01 -3.461530147e-01 5.161216200e-01
      vertex -8.439114747e-01 -3.836137333e-01 3.750385680e-01
    endloop
  endfacet
  facet normal -5.69357957e-01 -3.13421759e-01 7.59998894e-01
    outer loop
      vertex -5.000000000e-01 -3.090169947e-01 8.090169947e-01
      vertex -6.068251493e-01 -2.370863253e-01 7.586523000e-01
      vertex -6.015009547e-01 -3.717480347e-01 7.071067813e-01
    endloop
  endfacet
  facet normal -6.70527632e-01 -2.39219216e-01 7.02258401e-01
    outer loop
      vertex -7.020464453e-01 -1.606220360e-01 6.937804773e-01
      vertex -7.023098467e-01 -2.960045920e-01 6.474118933e-01
      vertex -6.068251493e-01 -2.370863253e-01 7.586523000e-01
    endloop
  endfacet
  facet normal -6.63682830e-01 -3.71743458e-01 6.49100841e-01
    outer loop
      vertex -6.881909600e-01 -4.253254040e-01 5.877852520e-01
      vertex -6.015009547e-01 -3.717480347e-01 7.071067813e-01
      vertex -7.023098467e-01 -2.960045920e-01 6.474118933e-01
    endloop
  endfacet
  facet normal -6.41557056e-01 -2.96210100e-01 7.07576229e-01
    outer loop
      vertex -6.068251493e-01 -2.370863253e-01 7.586523000e-01
      vertex -7.023098467e-01 -2.960045920e-01 6.474118933e-01
      vertex -6.015009547e-01 -3.717480347e-01 7.071067813e-01
    endloop
  endfacet
  facet normal -8.18634369e-01 -2.67098819e-01 5.08425010e-01
    outer loop
      vertex -8.626684800e-01 -2.598919133e-01 4.338885640e-01
      vertex -7.834516987e-01 -3.461530147e-01 5.161216200e-01
      vertex -7.926492293e-01 -2.130228653e-01 5.712516587e-01
    endloop
  endfacet
  facet normal -7.31257495e-01 -3.49825549e-01 5.85563456e-01
    outer loop
      vertex -6.881909600e-01 -4.253254040e-01 5.877852520e-01
      vertex -7.023098467e-01 -2.960045920e-01 6.474118933e-01
      vertex -7.834516987e-01 -3.461530147e-01 5.161216200e-01
    endloop
  endfacet
  facet normal -7.38103584e-01 -2.17328056e-01 6.38726558e-01
    outer loop
      vertex -7.020464453e-01 -1.606220360e-01 6.937804773e-01
      vertex -7.926492293e-01 -2.130228653e-01 5.712516587e-01
      vertex -7.023098467e-01 -2.960045920e-01 6.474118933e-01
    endloop
  endfacet
  facet normal -7.59175643e-01 -2.93108471e-01 5.81153824e-01
    outer loop
      vertex -7.834516987e-01 -3.461530147e-01 5.161216200e-01
      vertex -7.023098467e-01 -2.960045920e-01 6.474118933e-01
      vertex -7.926492293e-01 -2.130228653e-01 5.712516587e-01
    endloop
  endfacet
  facet normal -3.82234319e-01 -7.59513561e-01 5.26342166e-01
    outer loop
      vertex -3.090169947e-01 -8.090169947e-01 5.000000000e-01
      vertex -3.717480347e-01 -7.071067813e-01 6.015009547e-01
      vertex -4.539905000e-01 -7.579354200e-01 4.684298507e-01
    endloop
  endfacet
  facet normal -4.40461021e-01 -6.48687335e-01 6.20643884e-01
    outer loop
      vertex -4.253254040e-01 -5.877852520e-01 6.881909600e-01
      vertex -5.133754413e-01 -6.465777920e-01 5.642542120e-01
      vertex -3.717480347e-01 -7.071067813e-01 6.015009547e-01
    endloop
  endfacet
  facet normal -5.21886550e-01 -6.99011079e-01 4.88894611e-01
    outer loop
      vertex -5.877852520e-01 -6.881909600e-01 4.253254040e-01
      vertex -4.539905000e-01 -7.579354200e-01 4.684298507e-01
      vertex -5.133754413e-01 -6.465777920e-01 5.642542120e-01
    endloop
  endfacet
  facet normal -4.46516882e-01 -7.08442591e-01 5.46563600e-01
    outer loop
      vertex -3.717480347e-01 -7.071067813e-01 6.015009547e-01
      vertex -5.133754413e-01 -6.465777920e-01 5.642542120e-01
      vertex -4.539905000e-01 -7.579354200e-01 4.684298507e-01
    endloop
  endfacet
  facet normal -5.26342166e-01 -3.82234319e-01 7.59513561e-01
    outer loop
      vertex -5.000000000e-01 -3.090169947e-01 8.090169947e-01
      vertex -6.015009547e-01 -3.717480347e-01 7.071067813e-01
      vertex -4.684298507e-01 -4.539905000e-01 7.579354200e-01
    endloop
  endfacet
  facet normal -6.20643884e-01 -4.40461021e-01 6.48687335e-01
    outer loop
      vertex -6.881909600e-01 -4.253254040e-01 5.877852520e-01
      vertex -5.642542120e-01 -5.133754413e-01 6.465777920e-01
      vertex -6.015009547e-01 -3.717480347e-01 7.071067813e-01
    endloop
  endfacet
  facet normal -4.88894611e-01 -5.21886550e-01 6.99011079e-01
    outer loop
      vertex -4.253254040e-01 -5.877852520e-01 6.881909600e-01
      vertex -4.684298507e-01 -4.539905000e-01 7.579354200e-01
      vertex -5.642542120e-01 -5.133754413e-01 6.465777920e-01
    endloop
  endfacet
  facet normal -5.46563600e-01 -4.46516882e-01 7.08442591e-01
    outer loop
      vertex -6.015009547e-01 -3.717480347e-01 7.071067813e-01
      vertex -5.642542120e-01 -5.133754413e-01 6.465777920e-01
      vertex -4.684298507e-01 -4.539905000e-01 7.579354200e-01
    endloop
  endfacet
  facet normal -7.59513561e-01 -5.26342166e-01 3.82234319e-01
    outer loop
      vertex -8.090169947e-01 -5.000000000e-01 3.090169947e-01
      vertex -7.071067813e-01 -6.015009547e-01 3.717480347e-01
      vertex -7.579354200e-01 -4.684298507e-01 4.539905000e-01
    endloop
  endfacet
  facet normal -6.48687335e-01 -6.20643884e-01 4.40461021e-01
    outer loop
      vertex -5.877852520e-01 -6.881909600e-01 4.253254040e-01
      vertex -6.465777920e-01 -5.642542120e-01 5.133754413e-01
      vertex -7.071067813e-01 -6.015009547e-01 3.717480347e-01
    endloop
  endfacet
  facet normal -6.99011079e-01 -4.88894611e-01 5.21886550e-01
    outer loop
      vertex -6.881909600e-01 -4.253254040e-01 5.877852520e-01
      vertex -7.579354200e-01 -4.684298507e-01 4.539905000e-01
      vertex -6.465777920e-01 -5.642542120e-01 5.133754413e-01
    endloop
  endfacet
  facet normal -7.08442591e-01 -5.46563600e-01 4.46516882e-01
    outer loop
      vertex -7.071067813e-01 -6.015009547e-01 3.717480347e-01
      vertex -6.465777920e-01 -5.642542120e-01 5.133754413e-01
      vertex -7.579354200e-01 -4.684298507e-01 4.539905000e-01
    endloop
  endfacet
  facet normal -5.03751085e-01 -5.85158785e-01 6.35471510e-01
    outer loop
      vertex -4.253254040e-01 -5.877852520e-01 6.881909600e-01
      vertex -5.642542120e-01 -5.133754413e-01 6.465777920e-01
      vertex -5.133754413e-01 -6.465777920e-01 5.642542120e-01
    endloop
  endfacet
  facet normal -6.35471510e-01 -5.03751085e-01 5.85158785e-01
    outer loop
      vertex -6.881909600e-01 -4.253254040e-01 5.877852520e-01
      vertex -6.465777920e-01 -5.642542120e-01 5.133754413e-01
      vertex -5.642542120e-01 -5.133754413e-01 6.465777920e-01
    endloop
  endfacet
  facet normal -5.85158785e-01 -6.35471510e-01 5.03751085e-01
    outer loop
      vertex -5.877852520e-01 -6.881909600e-01 4.253254040e-01
      vertex -5.133754413e-01 -6.465777920e-01 5.642542120e-01
      vertex -6.465777920e-01 -5.642542120e-01 5.133754413e-01
    endloop
  endfacet
  facet normal -5.77350269e-01 -5.77350269e-01 5.77350269e-01
    outer loop
      vertex -5.642542120e-01 -5.133754413e-01 6.465777920e-01
      vertex -6.465777920e-01 -5.642542120e-01 5.133754413e-01
      vertex -5.133754413e-01 -6.465777920e-01 5.642542120e-01
    endloop
  endfacet
  facet normal -8.11784483e-02 -5.46249634e-01 -8.33679433e-01
    outer loop
      vertex 0.00000000e+00 -5.257311120e-01 -8.506508080e-01
      vertex -8.108629347e-02 -6.156420213e-01 -7.838430427e-01
      vertex -1.312003788e-01 -4.844416427e-01 -8.649293360e-01
    endloop
  endfacet
  facet normal -1.61443621e-01 -6.30460816e-01 -7.59246413e-01
    outer loop
      vertex -1.606220360e-01 -6.937804773e-01 -7.020464453e-01
      vertex -2.130228653e-01 -5.712516587e-01 -7.926492293e-01
      vertex -8.108629347e-02 -6.156420213e-01 -7.838430427e-01
    endloop
  endfacet
  facet normal -2.11220996e-01 -5.00141955e-01 -8.39787899e-01
    outer loop
      vertex -2.598919133e-01 -4.338885640e-01 -8.626684800e-01
      vertex -1.312003788e-01 -4.844416427e-01 -8.649293360e-01
      vertex -2.130228653e-01 -5.712516587e-01 -7.926492293e-01
    endloop
  endfacet
  facet normal -1.32792529e-01 -5.57284142e-01 -8.19634387e-01
    outer loop
      vertex -8.108629347e-02 -6.156420213e-01 -7.838430427e-01
      vertex -2.130228653e-01 -5.712516587e-01 -7.926492293e-01
      vertex -1.312003788e-01 -4.844416427e-01 -8.649293360e-01
    endloop
  endfacet
  facet normal -3.13421759e-01 -7.59998894e-01 -5.69357957e-01
    outer loop
      vertex -3.090169947e-01 -8.090169947e-01 -5.000000000e-01
      vertex -3.717480347e-01 -7.071067813e-01 -6.015009547e-01
      vertex -2.370863253e-01 -7.586523000e-01 -6.068251493e-01
    endloop
  endfacet
  facet normal -3.71743458e-01 -6.49100841e-01 -6.63682830e-01
    outer loop
      vertex -4.253254040e-01 -5.877852520e-01 -6.881909600e-01
      vertex -2.960045920e-01 -6.474118933e-01 -7.023098467e-01
      vertex -3.717480347e-01 -7.071067813e-01 -6.015009547e-01
    endloop
  endfacet
  facet normal -2.39219216e-01 -7.02258401e-01 -6.70527632e-01
    outer loop
      vertex -1.606220360e-01 -6.937804773e-01 -7.020464453e-01
      vertex -2.370863253e-01 -7.586523000e-01 -6.068251493e-01
      vertex -2.960045920e-01 -6.474118933e-01 -7.023098467e-01
    endloop
  endfacet
  facet normal -2.96210100e-01 -7.07576229e-01 -6.41557056e-01
    outer loop
      vertex -3.717480347e-01 -7.071067813e-01 -6.015009547e-01
      vertex -2.960045920e-01 -6.474118933e-01 -7.023098467e-01
      vertex -2.370863253e-01 -7.586523000e-01 -6.068251493e-01
    endloop
  endfacet
  facet normal -4.57621692e-01 -3.82478568e-01 -8.02678349e-01
    outer loop
      vertex -5.000000000e-01 -3.090169947e-01 -8.090169947e-01
      vertex -3.836137333e-01 -3.750385680e-01 -8.439114747e-01
      vertex -4.684298507e-01 -4.539905000e-01 -7.579354200e-01
    endloop
  endfacet
  facet normal -3.37457178e-01 -4.45068077e-01 -8.29479994e-01
    outer loop
      vertex -2.598919133e-01 -4.338885640e-01 -8.626684800e-01
      vertex -3.461530147e-01 -5.161216200e-01 -7.834516987e-01
      vertex -3.836137333e-01 -3.750385680e-01 -8.439114747e-01
    endloop
  endfacet
  facet normal -4.20207922e-01 -5.22219227e-01 -7.42099980e-01
    outer loop
      vertex -4.253254040e-01 -5.877852520e-01 -6.881909600e-01
      vertex -4.684298507e-01 -4.539905000e-01 -7.579354200e-01
      vertex -3.461530147e-01 -5.161216200e-01 -7.834516987e-01
    endloop
  endfacet
  facet normal -3.95175087e-01 -4.48482532e-01 -8.01685768e-01
    outer loop
      vertex -3.836137333e-01 -3.750385680e-01 -8.439114747e-01
      vertex -3.461530147e-01 -5.161216200e-01 -7.834516987e-01
      vertex -4.684298507e-01 -4.539905000e-01 -7.579354200e-01
    endloop
  endfacet
  facet normal -2.17328056e-01 -6.38726558e-01 -7.38103584e-01
    outer loop
      vertex -1.606220360e-01 -6.937804773e-01 -7.020464453e-01
      vertex -2.960045920e-01 -6.474118933e-01 -7.023098467e-01
      vertex -2.130228653e-01 -5.712516587e-01 -7.926492293e-01
    endloop
  endfacet
  facet normal -3.49825549e-01 -5.85563456e-01 -7.31257495e-01
    outer loop
      vertex -4.253254040e-01 -5.877852520e-01 -6.881909600e-01
      vertex -3.461530147e-01 -5.161216200e-01 -7.834516987e-01
      vertex -2.960045920e-01 -6.474118933e-01 -7.023098467e-01
    endloop
  endfacet
  facet normal -2.67098819e-01 -5.08425010e-01 -8.18634369e-01
    outer loop
      vertex -2.598919133e-01 -4.338885640e-01 -8.626684800e-01
      vertex -2.130228653e-01 -5.712516587e-01 -7.926492293e-01
      vertex -3.461530147e-01 -5.161216200e-01 -7.834516987e-01
    endloop
  endfacet
  facet normal -2.93108471e-01 -5.81153824e-01 -7.59175643e-01
    outer loop
      vertex -2.960045920e-01 -6.474118933e-01 -7.023098467e-01
      vertex -3.461530147e-01 -5.161216200e-01 -7.834516987e-01
      vertex -2.130228653e-01 -5.712516587e-01 -7.926492293e-01
    endloop
  endfacet
  facet normal -5.46249634e-01 -8.33679433e-01 -8.11784483e-02
    outer loop
      vertex -5.257311120e-01 -8.506508080e-01 0.00000000e+00
      vertex -6.156420213e-01 -7.838430427e-01 -8.108629347e-02
      vertex -4.844416427e-01 -8.649293360e-01 -1.312003788e-01
    endloop
  endfacet
  facet normal -6.30460816e-01 -7.59246413e-01 -1.61443621e-01
    outer loop
      vertex -6.937804773e-01 -7.020464453e-01 -1.606220360e-01
      vertex -5.712516587e-01 -7.926492293e-01 -2.130228653e-01
      vertex -6.156420213e-01 -7.838430427e-01 -8.108629347e-02
    endloop
  endfacet
  facet normal -5.00141955e-01 -8.39787899e-01 -2.11220996e-01
    outer loop
      vertex -4.338885640e-01 -8.626684800e-01 -2.598919133e-01
      vertex -4.844416427e-01 -8.649293360e-01 -1.312003788e-01
      vertex -5.712516587e-01 -7.926492293e-01 -2.130228653e-01
    endloop
  endfacet
  facet normal -5.57284142e-01 -8.19634387e-01 -1.32792529e-01
    outer loop
      vertex -6.156420213e-01 -7.838430427e-01 -8.108629347e-02
      vertex -5.712516587e-01 -7.926492293e-01 -2.130228653e-01
      vertex -4.844416427e-01 -8.649293360e-01 -1.312003788e-01
    endloop
  endfacet
  facet normal -7.59998894e-01 -5.69357957e-01 -3.13421759e-01
    outer loop
      vertex -8.090169947e-01 -5.000000000e-01 -3.090169947e-01
      vertex -7.071067813e-01 -6.015009547e-01 -3.717480347e-01
      vertex -7.586523000e-01 -6.068251493e-01 -2.370863253e-01
    endloop
  endfacet
  facet normal -6.49100841e-01 -6.63682830e-01 -3.71743458e-01
    outer loop
      vertex -5.877852520e-01 -6.881909600e-01 -4.253254040e-01
      vertex -6.474118933e-01 -7.023098467e-01 -2.960045920e-01
      vertex -7.071067813e-01 -6.015009547e-01 -3.717480347e-01
    endloop
  endfacet
  facet normal -7.02258401e-01 -6.70527632e-01 -2.39219216e-01
    outer loop
      vertex -6.937804773e-01 -7.020464453e-01 -1.606220360e-01
      vertex -7.586523000e-01 -6.068251493e-01 -2.370863253e-01
      vertex -6.474118933e-01 -7.023098467e-01 -2.960045920e-01
    endloop
  endfacet
  facet normal -7.07576229e-01 -6.41557056e-01 -2.96210100e-01
    outer loop
      vertex -7.071067813e-01 -6.015009547e-01 -3.717480347e-01
      vertex -6.474118933e-01 -7.023098467e-01 -2.960045920e-01
      vertex -7.586523000e-01 -6.068251493e-01 -2.370863253e-01
    endloop
  endfacet
  facet normal -3.82478568e-01 -8.02678349e-01 -4.57621692e-01
    outer loop
      vertex -3.090169947e-01 -8.090169947e-01 -5.000000000e-01
      vertex -3.750385680e-01 -8.439114747e-01 -3.836137333e-01
      vertex -4.539905000e-01 -7.579354200e-01 -4.684298507e-01
    endloop
  endfacet
  facet normal -4.45068077e-01 -8.29479994e-01 -3.37457178e-01
    outer loop
      vertex -4.338885640e-01 -8.626684800e-01 -2.598919133e-01
      vertex -5.161216200e-01 -7.834516987e-01 -3.461530147e-01
      vertex -3.750385680e-01 -8.439114747e-01 -3.836137333e-01
    endloop
  endfacet
  facet normal -5.22219227e-01 -7.42099980e-01 -4.20207922e-01
    outer loop
      vertex -5.877852520e-01 -6.881909600e-01 -4.253254040e-01
      vertex -4.539905000e-01 -7.579354200e-01 -4.684298507e-01
      vertex -5.161216200e-01 -7.834516987e-01 -3.461530147e-01
    endloop
  endfacet
  facet normal -4.48482532e-01 -8.01685768e-01 -3.95175087e-01
    outer loop
      vertex -3.750385680e-01 -8.439114747e-01 -3.836137333e-01
      vertex -5.161216200e-01 -7.834516987e-01 -3.461530147e-01
      vertex -4.539905000e-01 -7.579354200e-01 -4.684298507e-01
    endloop
  endfacet
  facet normal -6.38726558e-01 -7.38103584e-01 -2.17328056e-01
    outer loop
      vertex -6.937804773e-01 -7.020464453e-01 -1.606220360e-01
      vertex -6.474118933e-01 -7.023098467e-01 -2.960045920e-01
      vertex -5.712516587e-01 -7.926492293e-01 -2.130228653e-01
    endloop
  endfacet
  facet normal -5.85563456e-01 -7.31257495e-01 -3.49825549e-01
    outer loop
      vertex -5.877852520e-01 -6.881909600e-01 -4.253254040e-01
      vertex -5.161216200e-01 -7.834516987e-01 -3.461530147e-01
      vertex -6.474118933e-01 -7.023098467e-01 -2.960045920e-01
    endloop
  endfacet
  facet normal -5.08425010e-01 -8.18634369e-01 -2.67098819e-01
    outer loop
      vertex -4.338885640e-01 -8.626684800e-01 -2.598919133e-01
      vertex -5.712516587e-01 -7.926492293e-01 -2.130228653e-01
      vertex -5.161216200e-01 -7.834516987e-01 -3.461530147e-01
    endloop
  endfacet
  facet normal -5.81153824e-01 -7.59175643e-01 -2.93108471e-01
    outer loop
      vertex -6.474118933e-01 -7.023098467e-01 -2.960045920e-01
      vertex -5.161216200e-01 -7.834516987e-01 -3.461530147e-01
      vertex -5.712516587e-01 -7.926492293e-01 -2.130228653e-01
    endloop
  endfacet
  facet normal -8.33679433e-01 -8.11784483e-02 -5.46249634e-01
    outer loop
      vertex -8.506508080e-01 0.00000000e+00 -5.257311120e-01
      vertex -7.838430427e-01 -8.108629347e-02 -6.156420213e-01
      vertex -8.649293360e-01 -1.312003788e-01 -4.844416427e-01
    endloop
  endfacet
  facet normal -7.59246413e-01 -1.61443621e-01 -6.30460816e-01
    outer loop
      vertex -7.020464453e-01 -1.606220360e-01 -6.937804773e-01
      vertex -7.926492293e-01 -2.130228653e-01 -5.712516587e-01
      vertex -7.838430427e-01 -8.108629347e-02 -6.156420213e-01
    endloop
  endfacet
  facet normal -8.39787899e-01 -2.11220996e-01 -5.00141955e-01
    outer loop
      vertex -8.626684800e-01 -2.598919133e-01 -4.338885640e-01
      vertex -8.649293360e-01 -1.312003788e-01 -4.844416427e-01
      vertex -7.926492293e-01 -2.130228653e-01 -5.712516587e-01
    endloop
  endfacet
  facet normal -8.19634387e-01 -1.32792529e-01 -5.57284142e-01
    outer loop
      vertex -7.838430427e-01 -8.108629347e-02 -6.156420213e-01
      vertex -7.926492293e-01 -2.130228653e-01 -5.712516587e-01
      vertex -8.649293360e-01 -1.312003788e-01 -4.844416427e-01
    endloop
  endfacet
  facet normal -5.69357957e-01 -3.13421759e-01 -7.59998894e-01
    outer loop
      vertex -5.000000000e-01 -3.090169947e-01 -8.090169947e-01
      vertex -6.015009547e-01 -3.717480347e-01 -7.071067813e-01
      vertex -6.068251493e-01 -2.370863253e-01 -7.586523000e-01
    endloop
  endfacet
  facet normal -6.63682830e-01 -3.71743458e-01 -6.49100841e-01
    outer loop
      vertex -6.881909600e-01 -4.253254040e-01 -5.877852520e-01
      vertex -7.023098467e-01 -2.960045920e-01 -6.474118933e-01
      vertex -6.015009547e-01 -3.717480347e-01 -7.071067813e-01
    endloop
  endfacet
  facet normal -6.70527632e-01 -2.39219216e-01 -7.02258401e-01
    outer loop
      vertex -7.020464453e-01 -1.606220360e-01 -6.937804773e-01
      vertex -6.068251493e-01 -2.370863253e-01 -7.586523000e-01
      vertex -7.023098467e-01 -2.960045920e-01 -6.474118933e-01
    endloop
  endfacet
  facet normal -6.41557056e-01 -2.96210100e-01 -7.07576229e-01
    outer loop
      vertex -6.015009547e-01 -3.717480347e-01 -7.071067813e-01
      vertex -7.023098467e-01 -2.960045920e-01 -6.474118933e-01
      vertex -6.068251493e-01 -2.370863253e-01 -7.586523000e-01
    endloop
  endfacet
  facet normal -8.02678349e-01 -4.57621692e-01 -3.82478568e-01
    outer loop
      vertex -8.090169947e-01 -5.000000000e-01 -3.090169947e-01
      vertex -8.439114747e-01 -3.836137333e-01 -3.750385680e-01
      vertex -7.579354200e-01 -4.684298507e-01 -4.539905000e-01
    endloop
  endfacet
  facet normal -8.29479994e-01 -3.37457178e-01 -4.45068077e-01
    outer loop
      vertex -8.626684800e-01 -2.598919133e-01 -4.338885640e-01
      vertex -7.834516987e-01 -3.461530147e-01 -5.161216200e-01
      vertex -8.439114747e-01 -3.836137333e-01 -3.750385680e-01
    endloop
  endfacet
  facet normal -7.42099980e-01 -4.20207922e-01 -5.22219227e-01
    outer loop
      vertex -6.881909600e-01 -4.253254040e-01 -5.877852520e-01
      vertex -7.579354200e-01 -4.684298507e-01 -4.539905000e-01
      vertex -7.834516987e-01 -3.461530147e-01 -5.161216200e-01
    endloop
  endfacet
  facet normal -8.01685768e-01 -3.95175087e-01 -4.48482532e-01
    outer loop
      vertex -8.439114747e-01 -3.836137333e-01 -3.750385680e-01
      vertex -7.834516987e-01 -3.461530147e-01 -5.161216200e-01
      vertex -7.579354200e-01 -4.684298507e-01 -4.539905000e-01
    endloop
  endfacet
  facet normal -7.38103584e-01 -2.17328056e-01 -6.38726558e-01
    outer loop
      vertex -7.020464453e-01 -1.606220360e-01 -6.937804773e-01
      vertex -7.023098467e-01 -2.960045920e-01 -6.474118933e-01
      vertex -7.926492293e-01 -2.130228653e-01 -5.712516587e-01
    endloop
  endfacet
  facet normal -7.31257495e-01 -3.49825549e-01 -5.85563456e-01
    outer loop
      vertex -6.881909600e-01 -4.253254040e-01 -5.877852520e-01
      vertex -7.834516987e-01 -3.461530147e-01 -5.161216200e-01
      vertex -7.023098467e-01 -2.960045920e-01 -6.474118933e-01
    endloop
  endfacet
  facet normal -8.18634369e-01 -2.67098819e-01 -5.08425010e-01
    outer loop
      vertex -8.626684800e-01 -2.598919133e-01 -4.338885640e-01
      vertex -7.926492293e-01 -2.130228653e-01 -5.712516587e-01
      vertex -7.834516987e-01 -3.461530147e-01 -5.161216200e-01
    endloop
  endfacet
  facet normal -7.59175643e-01 -2.93108471e-01 -5.81153824e-01
    outer loop
      vertex -7.023098467e-01 -2.960045920e-01 -6.474118933e-01
      vertex -7.834516987e-01 -3.461530147e-01 -5.161216200e-01
      vertex -7.926492293e-01 -2.130228653e-01 -5.712516587e-01
    endloop
  endfacet
  facet normal -3.82234319e-01 -7.59513561e-01 -5.26342166e-01
    outer loop
      vertex -3.090169947e-01 -8.090169947e-01 -5.000000000e-01
      vertex -4.539905000e-01 -7.579354200e-01 -4.684298507e-01
      vertex -3.717480347e-01 -7.071067813e-01 -6.015009547e-01
    endloop
  endfacet
  facet normal -5.21886550e-01 -6.99011079e-01 -4.88894611e-01
    outer loop
      vertex -5.877852520e-01 -6.881909600e-01 -4.253254040e-01
      vertex -5.133754413e-01 -6.465777920e-01 -5.642542120e-01
      vertex -4.539905000e-01 -7.579354200e-01 -4.684298507e-01
    endloop
  endfacet
  facet normal -4.40461021e-01 -6.48687335e-01 -6.20643884e-01
    outer loop
      vertex -4.253254040e-01 -5.877852520e-01 -6.881909600e-01
      vertex -3.717480347e-01 -7.071067813e-01 -6.015009547e-01
      vertex -5.133754413e-01 -6.465777920e-01 -5.642542120e-01
    endloop
  endfacet
  facet normal -4.46516882e-01 -7.08442591e-01 -5.46563600e-01
    outer loop
      vertex -4.539905000e-01 -7.579354200e-01 -4.684298507e-01
      vertex -5.133754413e-01 -6.465777920e-01 -5.642542120e-01
      vertex -3.717480347e-01 -7.071067813e-01 -6.015009547e-01
    endloop
  endfacet
  facet normal -7.59513561e-01 -5.26342166e-01 -3.82234319e-01
    outer loop
      vertex -8.090169947e-01 -5.000000000e-01 -3.090169947e-01
      vertex -7.579354200e-01 -4.684298507e-01 -4.539905000e-01
      vertex -7.071067813e-01 -6.015009547e-01 -3.717480347e-01
    endloop
  endfacet
  facet normal -6.99011079e-01 -4.88894611e-01 -5.21886550e-01
    outer loop
      vertex -6.881909600e-01 -4.253254040e-01 -5.877852520e-01
      vertex -6.465777920e-01 -5.642542120e-01 -5.133754413e-01
      vertex -7.579354200e-01 -4.684298507e-01 -4.539905000e-01
    endloop
  endfacet
  facet normal -6.48687335e-01 -6.20643884e-01 -4.40461021e-01
    outer loop
      vertex -5.877852520e-01 -6.881909600e-01 -4.253254040e-01
      vertex -7.071067813e-01 -6.015009547e-01 -3.717480347e-01
      vertex -6.465777920e-01 -5.642542120e-01 -5.133754413e-01
    endloop
  endfacet
  facet normal -7.08442591e-01 -5.46563600e-01 -4.46516882e-01
    outer loop
      vertex -7.579354200e-01 -4.684298507e-01 -4.539905000e-01
      vertex -6.465777920e-01 -5.642542120e-01 -5.133754413e-01
      vertex -7.071067813e-01 -6.015009547e-01 -3.717480347e-01
    endloop
  endfacet
  facet normal -5.26342166e-01 -3.82234319e-01 -7.59513561e-01
    outer loop
      vertex -5.000000000e-01 -3.090169947e-01 -8.090169947e-01
      vertex -4.684298507e-01 -4.539905000e-01 -7.579354200e-01
      vertex -6.015009547e-01 -3.717480347e-01 -7.071067813e-01
    endloop
  endfacet
  facet normal -4.88894611e-01 -5.21886550e-01 -6.99011079e-01
    outer loop
      vertex -4.253254040e-01 -5.877852520e-01 -6.881909600e-01
      vertex -5.642542120e-01 -5.133754413e-01 -6.465777920e-01
      vertex -4.684298507e-01 -4.539905000e-01 -7.579354200e-01
    endloop
  endfacet
  facet normal -6.20643884e-01 -4.40461021e-01 -6.48687335e-01
    outer loop
      vertex -6.881909600e-01 -4.253254040e-01 -5.877852520e-01
      vertex -6.015009547e-01 -3.717480347e-01 -7.071067813e-01
      vertex -5.642542120e-01 -5.133754413e-01 -6.465777920e-01
    endloop
  endfacet
  facet normal -5.46563600e-01 -4.46516882e-01 -7.08442591e-01
    outer loop
      vertex -4.684298507e-01 -4.539905000e-01 -7.579354200e-01
      vertex -5.642542120e-01 -5.133754413e-01 -6.465777920e-01
      vertex -6.015009547e-01 -3.717480347e-01 -7.071067813e-01
    endloop
  endfacet
  facet normal -5.85158785e-01 -6.35471510e-01 -5.03751085e-01
    outer loop
      vertex -5.877852520e-01 -6.881909600e-01 -4.253254040e-01
      vertex -6.465777920e-01 -5.642542120e-01 -5.133754413e-01
      vertex -5.133754413e-01 -6.465777920e-01 -5.642542120e-01
    endloop
  endfacet
  facet normal -6.35471510e-01 -5.03751085e-01 -5.85158785e-01
    outer loop
      vertex -6.881909600e-01 -4.253254040e-01 -5.877852520e-01
      vertex -5.642542120e-01 -5.133754413e-01 -6.465777920e-01
      vertex -6.465777920e-01 -5.642542120e-01 -5.133754413e-01
    endloop
  endfacet
  facet normal -5.03751085e-01 -5.85158785e-01 -6.35471510e-01
    outer loop
      vertex -4.253254040e-01 -5.877852520e-01 -6.881909600e-01
      vertex -5.133754413e-01 -6.465777920e-01 -5.642542120e-01
      vertex -5.642542120e-01 -5.133754413e-01 -6.465777920e-01
    endloop
  endfacet
  facet normal -5.77350269e-01 -5.77350269e-01 -5.77350269e-01
    outer loop
      vertex -6.465777920e-01 -5.642542120e-01 -5.133754413e-01
      vertex -5.642542120e-01 -5.133754413e-01 -6.465777920e-01
      vertex -5.133754413e-01 -6.465777920e-01 -5.642542120e-01
    endloop
  endfacet
  facet normal 8.02672025e-01 0.00000000e+00 -5.96420674e-01
    outer loop
      vertex 8.506508080e-01 0.00000000e+00 -5.257311120e-01
      vertex 7.838430427e-01 -8.108629347e-02 -6.156420213e-01
      vertex 7.838430427e-01 8.108629347e-02 -6.156420213e-01
    endloop
  endfacet
  facet normal 7.28344548e-01 -8.05414856e-02 -6.80461086e-01
    outer loop
      vertex 7.020464453e-01 -1.606220360e-01 -6.937804773e-01
      vertex 7.112817347e-01 0.00000000e+00 -7.029070307e-01
      vertex 7.838430427e-01 -8.108629347e-02 -6.156420213e-01
    endloop
  endfacet
  facet normal 7.28344548e-01 8.05414856e-02 -6.80461086e-01
    outer loop
      vertex 7.020464453e-01 1.606220360e-01 -6.937804773e-01
      vertex 7.838430427e-01 8.108629347e-02 -6.156420213e-01
      vertex 7.112817347e-01 0.00000000e+00 -7.029070307e-01
    endloop
  endfacet
  facet normal 7.68912155e-01 0.00000000e+00 -6.39354439e-01
    outer loop
      vertex 7.838430427e-01 -8.108629347e-02 -6.156420213e-01
      vertex 7.112817347e-01 0.00000000e+00 -7.029070307e-01
      vertex 7.838430427e-01 8.108629347e-02 -6.156420213e-01
    endloop
  endfacet
  facet normal 5.38761957e-01 -2.33320392e-01 -8.09504261e-01
    outer loop
      vertex 5.000000000e-01 -3.090169947e-01 -8.090169947e-01
      vertex 5.192584893e-01 -1.564344653e-01 -8.401778853e-01
      vertex 6.068251493e-01 -2.370863253e-01 -7.586523000e-01
    endloop
  endfacet
  facet normal 5.51642150e-01 -7.84171500e-02 -8.30386469e-01
    outer loop
      vertex 5.257311120e-01 0.00000000e+00 -8.506508080e-01
      vertex 6.202395827e-01 -8.114185160e-02 -7.802043707e-01
      vertex 5.192584893e-01 -1.564344653e-01 -8.401778853e-01
    endloop
  endfacet
  facet normal 6.39868422e-01 -1.58952361e-01 -7.51866045e-01
    outer loop
      vertex 7.020464453e-01 -1.606220360e-01 -6.937804773e-01
      vertex 6.068251493e-01 -2.370863253e-01 -7.586523000e-01
      vertex 6.202395827e-01 -8.114185160e-02 -7.802043707e-01
    endloop
  endfacet
  facet normal 5.89578591e-01 -1.60128712e-01 -7.91679153e-01
    outer loop
      vertex 5.192584893e-01 -1.564344653e-01 -8.401778853e-01
      vertex 6.202395827e-01 -8.114185160e-02 -7.802043707e-01
      vertex 6.068251493e-01 -2.370863253e-01 -7.586523000e-01
    endloop
  endfacet
  facet normal 5.38761957e-01 2.33320392e-01 -8.09504261e-01
    outer loop
      vertex 5.000000000e-01 3.090169947e-01 -8.090169947e-01
      vertex 6.068251493e-01 2.370863253e-01 -7.586523000e-01
      vertex 5.192584893e-01 1.564344653e-01 -8.401778853e-01
    endloop
  endfacet
  facet normal 6.39868422e-01 1.58952361e-01 -7.51866045e-01
    outer loop
      vertex 7.020464453e-01 1.606220360e-01 -6.937804773e-01
      vertex 6.202395827e-01 8.114185160e-02 -7.802043707e-01
      vertex 6.068251493e-01 2.370863253e-01 -7.586523000e-01
    endloop
  endfacet
  facet normal 5.51642150e-01 7.84171500e-02 -8.30386469e-01
    outer loop
      vertex 5.257311120e-01 0.00000000e+00 -8.506508080e-01
      vertex 5.192584893e-01 1.564344653e-01 -8.401778853e-01
      vertex 6.202395827e-01 8.114185160e-02 -7.802043707e-01
    endloop
  endfacet
  facet normal 5.89578591e-01 1.60128712e-01 -7.91679153e-01
    outer loop
      vertex 6.068251493e-01 2.370863253e-01 -7.586523000e-01
      vertex 6.202395827e-01 8.114185160e-02 -7.802043707e-01
      vertex 5.192584893e-01 1.564344653e-01 -8.401778853e-01
    endloop
  endfacet
  facet normal 6.85851676e-01 -8.05307856e-02 -7.23271921e-01
    outer loop
      vertex 7.020464453e-01 -1.606220360e-01 -6.937804773e-01
      vertex 6.202395827e-01 -8.114185160e-02 -7.802043707e-01
      vertex 7.112817347e-01 0.00000000e+00 -7.029070307e-01
    endloop
  endfacet
  facet normal 5.97636026e-01 0.00000000e+00 -8.01767535e-01
    outer loop
      vertex 5.257311120e-01 0.00000000e+00 -8.506508080e-01
      vertex 6.202395827e-01 8.114185160e-02 -7.802043707e-01
      vertex 6.202395827e-01 -8.114185160e-02 -7.802043707e-01
    endloop
  endfacet
  facet normal 6.85851676e-01 8.05307856e-02 -7.23271921e-01
    outer loop
      vertex 7.020464453e-01 1.606220360e-01 -6.937804773e-01
      vertex 7.112817347e-01 0.00000000e+00 -7.029070307e-01
      vertex 6.202395827e-01 8.114185160e-02 -7.802043707e-01
    endloop
  endfacet
  facet normal 6.47218169e-01 0.00000000e+00 -7.62304822e-01
    outer loop
      vertex 6.202395827e-01 -8.114185160e-02 -7.802043707e-01
      vertex 6.202395827e-01 8.114185160e-02 -7.802043707e-01
      vertex 7.112817347e-01 0.00000000e+00 -7.029070307e-01
    endloop
  endfacet
  facet normal 5.01710402e-02 -4.65071185e-01 -8.83850473e-01
    outer loop
      vertex 0.00000000e+00 -5.257311120e-01 -8.506508080e-01
      vertex 0.00000000e+00 -4.033553480e-01 -9.150434213e-01
      vertex 1.312003788e-01 -4.844416427e-01 -8.649293360e-01
    endloop
  endfacet
  facet normal 5.00002693e-02 -3.38698334e-01 -9.39565544e-01
    outer loop
      vertex 0.00000000e+00 -2.732665293e-01 -9.619383573e-01
      vertex 1.316553713e-01 -3.582287933e-01 -9.243046000e-01
      vertex 0.00000000e+00 -4.033553480e-01 -9.150434213e-01
    endloop
  endfacet
  facet normal 1.80319130e-01 -4.19239820e-01 -8.89788168e-01
    outer loop
      vertex 2.598919133e-01 -4.338885640e-01 -8.626684800e-01
      vertex 1.312003788e-01 -4.844416427e-01 -8.649293360e-01
      vertex 1.316553713e-01 -3.582287933e-01 -9.243046000e-01
    endloop
  endfacet
  facet normal 8.20702965e-02 -4.24491613e-01 -9.01704684e-01
    outer loop
      vertex 0.00000000e+00 -4.033553480e-01 -9.150434213e-01
      vertex 1.316553713e-01 -3.582287933e-01 -9.243046000e-01
      vertex 1.312003788e-01 -4.844416427e-01 -8.649293360e-01
    endloop
  endfacet
  facet normal 4.95053672e-02 -6.90568093e-02 -9.96383649e-01
    outer loop
      vertex 0.00000000e+00 0.00000000e+00 -1.000000000e+00
      vertex 1.330711041e-01 -8.224246533e-02 -9.876883400e-01
      vertex 0.00000000e+00 -1.379522427e-01 -9.904388813e-01
    endloop
  endfacet
  facet normal 1.81285628e-01 -1.50475768e-01 -9.71850073e-01
    outer loop
      vertex 2.628655560e-01 -1.624598480e-01 -9.510565160e-01
      vertex 1.327924768e-01 -2.201170280e-01 -9.663925973e-01
      vertex 1.330711041e-01 -8.224246533e-02 -9.876883400e-01
    endloop
  endfacet
  facet normal 4.96076443e-02 -2.05848861e-01 -9.77325600e-01
    outer loop
      vertex 0.00000000e+00 -2.732665293e-01 -9.619383573e-01
      vertex 0.00000000e+00 -1.379522427e-01 -9.904388813e-01
      vertex 1.327924768e-01 -2.201170280e-01 -9.663925973e-01
    endloop
  endfacet
  facet normal 8.41029235e-02 -1.52272431e-01 -9.84753677e-01
    outer loop
      vertex 1.330711041e-01 -8.224246533e-02 -9.876883400e-01
      vertex 1.327924768e-01 -2.201170280e-01 -9.663925973e-01
      vertex 0.00000000e+00 -1.379522427e-01 -9.904388813e-01
    endloop
  endfacet
  facet normal 4.27025692e-01 -3.02377202e-01 -8.52183716e-01
    outer loop
      vertex 5.000000000e-01 -3.090169947e-01 -8.090169947e-01
      vertex 3.836137333e-01 -3.750385680e-01 -8.439114747e-01
      vertex 3.861873853e-01 -2.386769307e-01 -8.910065240e-01
    endloop
  endfacet
  facet normal 3.06797967e-01 -3.64801223e-01 -8.79087638e-01
    outer loop
      vertex 2.598919133e-01 -4.338885640e-01 -8.626684800e-01
      vertex 2.640827507e-01 -3.012588787e-01 -9.162441747e-01
      vertex 3.836137333e-01 -3.750385680e-01 -8.439114747e-01
    endloop
  endfacet
  facet normal 3.08167242e-01 -2.28892918e-01 -9.23385609e-01
    outer loop
      vertex 2.628655560e-01 -1.624598480e-01 -9.510565160e-01
      vertex 3.861873853e-01 -2.386769307e-01 -8.910065240e-01
      vertex 2.640827507e-01 -3.012588787e-01 -9.162441747e-01
    endloop
  endfacet
  facet normal 3.43196621e-01 -3.12401143e-01 -8.85788691e-01
    outer loop
      vertex 3.836137333e-01 -3.750385680e-01 -8.439114747e-01
      vertex 2.640827507e-01 -3.012588787e-01 -9.162441747e-01
      vertex 3.861873853e-01 -2.386769307e-01 -8.910065240e-01
    endloop
  endfacet
  facet normal 8.45453627e-02 -2.91096954e-01 -9.52950495e-01
    outer loop
      vertex 0.00000000e+00 -2.732665293e-01 -9.619383573e-01
      vertex 1.327924768e-01 -2.201170280e-01 -9.663925973e-01
      vertex 1.316553713e-01 -3.582287933e-01 -9.243046000e-01
    endloop
  endfacet
  facet normal 2.16204079e-01 -2.35737907e-01 -9.47461575e-01
    outer loop
      vertex 2.628655560e-01 -1.624598480e-01 -9.510565160e-01
      vertex 2.640827507e-01 -3.012588787e-01 -9.162441747e-01
      vertex 1.327924768e-01 -2.201170280e-01 -9.663925973e-01
    endloop
  endfacet
  facet normal 2.14846911e-01 -3.71627739e-01 -9.03179732e-01
    outer loop
      vertex 2.598919133e-01 -4.338885640e-01 -8.626684800e-01
      vertex 1.316553713e-01 -3.582287933e-01 -9.243046000e-01
      vertex 2.640827507e-01 -3.012588787e-01 -9.162441747e-01
    endloop
  endfacet
  facet normal 1.81150998e-01 -2.88045353e-01 -9.40326640e-01
    outer loop
      vertex 1.327924768e-01 -2.201170280e-01 -9.663925973e-01
      vertex 2.640827507e-01 -3.012588787e-01 -9.162441747e-01
      vertex 1.316553713e-01 -3.582287933e-01 -9.243046000e-01
    endloop
  endfacet
  facet normal 5.01710402e-02 4.65071185e-01 -8.83850473e-01
    outer loop
      vertex 0.00000000e+00 5.257311120e-01 -8.506508080e-01
      vertex 1.312003788e-01 4.844416427e-01 -8.649293360e-01
      vertex 0.00000000e+00 4.033553480e-01 -9.150434213e-01
    endloop
  endfacet
  facet normal 1.80319130e-01 4.19239820e-01 -8.89788168e-01
    outer loop
      vertex 2.598919133e-01 4.338885640e-01 -8.626684800e-01
      vertex 1.316553713e-01 3.582287933e-01 -9.243046000e-01
      vertex 1.312003788e-01 4.844416427e-01 -8.649293360e-01
    endloop
  endfacet
  facet normal 5.00002693e-02 3.38698334e-01 -9.39565544e-01
    outer loop
      vertex 0.00000000e+00 2.732665293e-01 -9.619383573e-01
      vertex 0.00000000e+00 4.033553480e-01 -9.150434213e-01
      vertex 1.316553713e-01 3.582287933e-01 -9.243046000e-01
    endloop
  endfacet
  facet normal 8.20702965e-02 4.24491613e-01 -9.01704684e-01
    outer loop
      vertex 1.312003788e-01 4.844416427e-01 -8.649293360e-01
      vertex 1.316553713e-01 3.582287933e-01 -9.243046000e-01
      vertex 0.00000000e+00 4.033553480e-01 -9.150434213e-01
    endloop
  endfacet
  facet normal 4.27025692e-01 3.02377202e-01 -8.52183716e-01
    outer loop
      vertex 5.000000000e-01 3.090169947e-01 -8.090169947e-01
      vertex 3.861873853e-01 2.386769307e-01 -8.910065240e-01
      vertex 3.836137333e-01 3.750385680e-01 -8.439114747e-01
    endloop
  endfacet
  facet normal 3.08167242e-01 2.28892918e-01 -9.23385609e-01
    outer loop
      vertex 2.628655560e-01 1.624598480e-01 -9.510565160e-01
      vertex 2.640827507e-01 3.012588787e-01 -9.162441747e-01
      vertex 3.861873853e-01 2.386769307e-01 -8.910065240e-01
    endloop
  endfacet
  facet normal 3.06797967e-01 3.64801223e-01 -8.79087638e-01
    outer loop
      vertex 2.598919133e-01 4.338885640e-01 -8.626684800e-01
      vertex 3.836137333e-01 3.750385680e-01 -8.439114747e-01
      vertex 2.640827507e-01 3.012588787e-01 -9.162441747e-01
    endloop
  endfacet
  facet normal 3.43196621e-01 3.12401143e-01 -8.85788691e-01
    outer loop
      vertex 3.861873853e-01 2.386769307e-01 -8.910065240e-01
      vertex 2.640827507e-01 3.012588787e-01 -9.162441747e-01
      vertex 3.836137333e-01 3.750385680e-01 -8.439114747e-01
    endloop
  endfacet
  facet normal 4.95053672e-02 6.90568093e-02 -9.96383649e-01
    outer loop
      vertex 0.00000000e+00 0.00000000e+00 -1.000000000e+00
      vertex 0.00000000e+00 1.379522427e-01 -9.904388813e-01
      vertex 1.330711041e-01 8.224246533e-02 -9.876883400e-01
    endloop
  endfacet
  facet normal 4.96076443e-02 2.05848861e-01 -9.77325600e-01
    outer loop
      vertex 0.00000000e+00 2.732665293e-01 -9.619383573e-01
      vertex 1.327924768e-01 2.201170280e-01 -9.663925973e-01
      vertex 0.00000000e+00 1.379522427e-01 -9.904388813e-01
    endloop
  endfacet
  facet normal 1.81285628e-01 1.50475768e-01 -9.71850073e-01
    outer loop
      vertex 2.628655560e-01 1.624598480e-01 -9.510565160e-01
      vertex 1.330711041e-01 8.224246533e-02 -9.876883400e-01
      vertex 1.327924768e-01 2.201170280e-01 -9.663925973e-01
    endloop
  endfacet
  facet normal 8.41029235e-02 1.52272431e-01 -9.84753677e-01
    outer loop
      vertex 0.00000000e+00 1.379522427e-01 -9.904388813e-01
      vertex 1.327924768e-01 2.201170280e-01 -9.663925973e-01
      vertex 1.330711041e-01 8.224246533e-02 -9.876883400e-01
    endloop
  endfacet
  facet normal 2.14846911e-01 3.71627739e-01 -9.03179732e-01
    outer loop
      vertex 2.598919133e-01 4.338885640e-01 -8.626684800e-01
      vertex 2.640827507e-01 3.012588787e-01 -9.162441747e-01
      vertex 1.316553713e-01 3.582287933e-01 -9.243046000e-01
    endloop
  endfacet
  facet normal 2.16204079e-01 2.35737907e-01 -9.47461575e-01
    outer loop
      vertex 2.628655560e-01 1.624598480e-01 -9.510565160e-01
      vertex 1.327924768e-01 2.201170280e-01 -9.663925973e-01
      vertex 2.640827507e-01 3.012588787e-01 -9.162441747e-01
    endloop
  endfacet
  facet normal 8.45453627e-02 2.91096954e-01 -9.52950495e-01
    outer loop
      vertex 0.00000000e+00 2.732665293e-01 -9.619383573e-01
      vertex 1.316553713e-01 3.582287933e-01 -9.243046000e-01
      vertex 1.327924768e-01 2.201170280e-01 -9.663925973e-01
    endloop
  endfacet
  facet normal 1.81150998e-01 2.88045353e-01 -9.40326640e-01
    outer loop
      vertex 2.640827507e-01 3.012588787e-01 -9.162441747e-01
      vertex 1.327924768e-01 2.201170280e-01 -9.663925973e-01
      vertex 1.316553713e-01 3.582287933e-01 -9.243046000e-01
    endloop
  endfacet
  facet normal 4.69405196e-01 -2.33171395e-01 -8.51639515e-01
    outer loop
      vertex 5.000000000e-01 -3.090169947e-01 -8.090169947e-01
      vertex 3.861873853e-01 -2.386769307e-01 -8.910065240e-01
      vertex 5.192584893e-01 -1.564344653e-01 -8.401778853e-01
    endloop
  endfacet
  facet normal 3.50587076e-01 -1.59792724e-01 -9.22797371e-01
    outer loop
      vertex 2.628655560e-01 -1.624598480e-01 -9.510565160e-01
      vertex 3.996070520e-01 -8.232358000e-02 -9.129824933e-01
      vertex 3.861873853e-01 -2.386769307e-01 -8.910065240e-01
    endloop
  endfacet
  facet normal 4.82336350e-01 -7.83671947e-02 -8.72473626e-01
    outer loop
      vertex 5.257311120e-01 0.00000000e+00 -8.506508080e-01
      vertex 5.192584893e-01 -1.564344653e-01 -8.401778853e-01
      vertex 3.996070520e-01 -8.232358000e-02 -9.129824933e-01
    endloop
  endfacet
  facet normal 4.37841600e-01 -1.61878990e-01 -8.84358483e-01
    outer loop
      vertex 3.861873853e-01 -2.386769307e-01 -8.910065240e-01
      vertex 3.996070520e-01 -8.232358000e-02 -9.129824933e-01
      vertex 5.192584893e-01 -1.564344653e-01 -8.401778853e-01
    endloop
  endfacet
  facet normal 9.21259537e-02 0.00000000e+00 -9.95747362e-01
    outer loop
      vertex 0.00000000e+00 0.00000000e+00 -1.000000000e+00
      vertex 1.330711041e-01 8.224246533e-02 -9.876883400e-01
      vertex 1.330711041e-01 -8.224246533e-02 -9.876883400e-01
    endloop
  endfacet
  facet normal 2.23786292e-01 8.14255288e-02 -9.71230961e-01
    outer loop
      vertex 2.628655560e-01 1.624598480e-01 -9.510565160e-01
      vertex 2.664047013e-01 0.00000000e+00 -9.638612640e-01
      vertex 1.330711041e-01 8.224246533e-02 -9.876883400e-01
    endloop
  endfacet
  facet normal 2.23786292e-01 -8.14255288e-02 -9.71230961e-01
    outer loop
      vertex 2.628655560e-01 -1.624598480e-01 -9.510565160e-01
      vertex 1.330711041e-01 -8.224246533e-02 -9.876883400e-01
      vertex 2.664047013e-01 0.00000000e+00 -9.638612640e-01
    endloop
  endfacet
  facet normal 1.75915892e-01 0.00000000e+00 -9.84405201e-01
    outer loop
      vertex 1.330711041e-01 8.224246533e-02 -9.876883400e-01
      vertex 2.664047013e-01 0.00000000e+00 -9.638612640e-01
      vertex 1.330711041e-01 -8.224246533e-02 -9.876883400e-01
    endloop
  endfacet
  facet normal 4.69405196e-01 2.33171395e-01 -8.51639515e-01
    outer loop
      vertex 5.000000000e-01 3.090169947e-01 -8.090169947e-01
      vertex 5.192584893e-01 1.564344653e-01 -8.401778853e-01
      vertex 3.861873853e-01 2.386769307e-01 -8.910065240e-01
    endloop
  endfacet
  facet normal 4.82336350e-01 7.83671947e-02 -8.72473626e-01
    outer loop
      vertex 5.257311120e-01 0.00000000e+00 -8.506508080e-01
      vertex 3.996070520e-01 8.232358000e-02 -9.129824933e-01
      vertex 5.192584893e-01 1.564344653e-01 -8.401778853e-01
    endloop
  endfacet
  facet normal 3.50587076e-01 1.59792724e-01 -9.22797371e-01
    outer loop
      vertex 2.628655560e-01 1.624598480e-01 -9.510565160e-01
      vertex 3.861873853e-01 2.386769307e-01 -8.910065240e-01
      vertex 3.996070520e-01 8.232358000e-02 -9.129824933e-01
    endloop
  endfacet
  facet normal 4.37841600e-01 1.61878990e-01 -8.84358483e-01
    outer loop
      vertex 5.192584893e-01 1.564344653e-01 -8.401778853e-01
      vertex 3.996070520e-01 8.232358000e-02 -9.129824933e-01
      vertex 3.861873853e-01 2.386769307e-01 -8.910065240e-01
    endloop
  endfacet
  facet normal 3.11335293e-01 -8.14076995e-02 -9.46806803e-01
    outer loop
      vertex 2.628655560e-01 -1.624598480e-01 -9.510565160e-01
      vertex 2.664047013e-01 0.00000000e+00 -9.638612640e-01
      vertex 3.996070520e-01 -8.232358000e-02 -9.129824933e-01
    endloop
  endfacet
  facet normal 3.11335293e-01 8.14076995e-02 -9.46806803e-01
    outer loop
      vertex 2.628655560e-01 1.624598480e-01 -9.510565160e-01
      vertex 3.996070520e-01 8.232358000e-02 -9.129824933e-01
      vertex 2.664047013e-01 0.00000000e+00 -9.638612640e-01
    endloop
  endfacet
  facet normal 4.43055717e-01 0.00000000e+00 -8.96494078e-01
    outer loop
      vertex 5.257311120e-01 0.00000000e+00 -8.506508080e-01
      vertex 3.996070520e-01 -8.232358000e-02 -9.129824933e-01
      vertex 3.996070520e-01 8.232358000e-02 -9.129824933e-01
    endloop
  endfacet
  facet normal 3.56822090e-01 0.00000000e+00 -9.34172359e-01
    outer loop
      vertex 2.664047013e-01 0.00000000e+00 -9.638612640e-01
      vertex 3.996070520e-01 8.232358000e-02 -9.129824933e-01
      vertex 3.996070520e-01 -8.232358000e-02 -9.129824933e-01
    endloop
  endfacet
  facet normal 8.83850473e-01 5.01710402e-02 4.65071185e-01
    outer loop
      vertex 8.506508080e-01 0.00000000e+00 5.257311120e-01
      vertex 9.150434213e-01 0.00000000e+00 4.033553480e-01
      vertex 8.649293360e-01 1.312003788e-01 4.844416427e-01
    endloop
  endfacet
  facet normal 9.39565544e-01 5.00002693e-02 3.38698334e-01
    outer loop
      vertex 9.619383573e-01 0.00000000e+00 2.732665293e-01
      vertex 9.243046000e-01 1.316553713e-01 3.582287933e-01
      vertex 9.150434213e-01 0.00000000e+00 4.033553480e-01
    endloop
  endfacet
  facet normal 8.89788168e-01 1.80319130e-01 4.19239820e-01
    outer loop
      vertex 8.626684800e-01 2.598919133e-01 4.338885640e-01
      vertex 8.649293360e-01 1.312003788e-01 4.844416427e-01
      vertex 9.243046000e-01 1.316553713e-01 3.582287933e-01
    endloop
  endfacet
  facet normal 9.01704684e-01 8.20702965e-02 4.24491613e-01
    outer loop
      vertex 9.150434213e-01 0.00000000e+00 4.033553480e-01
      vertex 9.243046000e-01 1.316553713e-01 3.582287933e-01
      vertex 8.649293360e-01 1.312003788e-01 4.844416427e-01
    endloop
  endfacet
  facet normal 9.96383649e-01 4.95053672e-02 6.90568093e-02
    outer loop
      vertex 1.000000000e+00 0.00000000e+00 0.00000000e+00
      vertex 9.876883400e-01 1.330711041e-01 8.224246533e-02
      vertex 9.904388813e-01 0.00000000e+00 1.379522427e-01
    endloop
  endfacet
  facet normal 9.71850073e-01 1.81285628e-01 1.50475768e-01
    outer loop
      vertex 9.510565160e-01 2.628655560e-01 1.624598480e-01
      vertex 9.663925973e-01 1.327924768e-01 2.201170280e-01
      vertex 9.876883400e-01 1.330711041e-01 8.224246533e-02
    endloop
  endfacet
  facet normal 9.77325600e-01 4.96076443e-02 2.05848861e-01
    outer loop
      vertex 9.619383573e-01 0.00000000e+00 2.732665293e-01
      vertex 9.904388813e-01 0.00000000e+00 1.379522427e-01
      vertex 9.663925973e-01 1.327924768e-01 2.201170280e-01
    endloop
  endfacet
  facet normal 9.84753677e-01 8.41029235e-02 1.52272431e-01
    outer loop
      vertex 9.876883400e-01 1.330711041e-01 8.224246533e-02
      vertex 9.663925973e-01 1.327924768e-01 2.201170280e-01
      vertex 9.904388813e-01 0.00000000e+00 1.379522427e-01
    endloop
  endfacet
  facet normal 8.52183716e-01 4.27025692e-01 3.02377202e-01
    outer loop
      vertex 8.090169947e-01 5.000000000e-01 3.090169947e-01
      vertex 8.439114747e-01 3.836137333e-01 3.750385680e-01
      vertex 8.910065240e-01 3.861873853e-01 2.386769307e-01
    endloop
  endfacet
  facet normal 8.79087638e-01 3.06797967e-01 3.64801223e-01
    outer loop
      vertex 8.626684800e-01 2.598919133e-01 4.338885640e-01
      vertex 9.162441747e-01 2.640827507e-01 3.012588787e-01
      vertex 8.439114747e-01 3.836137333e-01 3.750385680e-01
    endloop
  endfacet
  facet normal 9.23385609e-01 3.08167242e-01 2.28892918e-01
    outer loop
      vertex 9.510565160e-01 2.628655560e-01 1.624598480e-01
      vertex 8.910065240e-01 3.861873853e-01 2.386769307e-01
      vertex 9.162441747e-01 2.640827507e-01 3.012588787e-01
    endloop
  endfacet
  facet normal 8.85788691e-01 3.43196621e-01 3.12401143e-01
    outer loop
      vertex 8.439114747e-01 3.836137333e-01 3.750385680e-01
      vertex 9.162441747e-01 2.640827507e-01 3.012588787e-01
      vertex 8.910065240e-01 3.861873853e-01 2.386769307e-01
    endloop
  endfacet
  facet normal 9.52950495e-01 8.45453627e-02 2.91096954e-01
    outer loop
      vertex 9.619383573e-01 0.00000000e+00 2.732665293e-01
      vertex 9.663925973e-01 1.327924768e-01 2.201170280e-01
      vertex 9.243046000e-01 1.316553713e-01 3.582287933e-01
    endloop
  endfacet
  facet normal 9.47461575e-01 2.16204079e-01 2.35737907e-01
    outer loop
      vertex 9.510565160e-01 2.628655560e-01 1.624598480e-01
      vertex 9.162441747e-01 2.640827507e-01 3.012588787e-01
      vertex 9.663925973e-01 1.327924768e-01 2.201170280e-01
    endloop
  endfacet
  facet normal 9.03179732e-01 2.14846911e-01 3.71627739e-01
    outer loop
      vertex 8.626684800e-01 2.598919133e-01 4.338885640e-01
      vertex 9.243046000e-01 1.316553713e-01 3.582287933e-01
      vertex 9.162441747e-01 2.640827507e-01 3.012588787e-01
    endloop
  endfacet
  facet normal 9.40326640e-01 1.81150998e-01 2.88045353e-01
    outer loop
      vertex 9.663925973e-01 1.327924768e-01 2.201170280e-01
      vertex 9.162441747e-01 2.640827507e-01 3.012588787e-01
      vertex 9.243046000e-01 1.316553713e-01 3.582287933e-01
    endloop
  endfacet
  facet normal 8.83850473e-01 5.01710402e-02 -4.65071185e-01
    outer loop
      vertex 8.506508080e-01 0.00000000e+00 -5.257311120e-01
      vertex 8.649293360e-01 1.312003788e-01 -4.844416427e-01
      vertex 9.150434213e-01 0.00000000e+00 -4.033553480e-01
    endloop
  endfacet
  facet normal 8.89788168e-01 1.80319130e-01 -4.19239820e-01
    outer loop
      vertex 8.626684800e-01 2.598919133e-01 -4.338885640e-01
      vertex 9.243046000e-01 1.316553713e-01 -3.582287933e-01
      vertex 8.649293360e-01 1.312003788e-01 -4.844416427e-01
    endloop
  endfacet
  facet normal 9.39565544e-01 5.00002693e-02 -3.38698334e-01
    outer loop
      vertex 9.619383573e-01 0.00000000e+00 -2.732665293e-01
      vertex 9.150434213e-01 0.00000000e+00 -4.033553480e-01
      vertex 9.243046000e-01 1.316553713e-01 -3.582287933e-01
    endloop
  endfacet
  facet normal 9.01704684e-01 8.20702965e-02 -4.24491613e-01
    outer loop
      vertex 8.649293360e-01 1.312003788e-01 -4.844416427e-01
      vertex 9.243046000e-01 1.316553713e-01 -3.582287933e-01
      vertex 9.150434213e-01 0.00000000e+00 -4.033553480e-01
    endloop
  endfacet
  facet normal 8.52183716e-01 4.27025692e-01 -3.02377202e-01
    outer loop
      vertex 8.090169947e-01 5.000000000e-01 -3.090169947e-01
      vertex 8.910065240e-01 3.861873853e-01 -2.386769307e-01
      vertex 8.439114747e-01 3.836137333e-01 -3.750385680e-01
    endloop
  endfacet
  facet normal 9.23385609e-01 3.08167242e-01 -2.28892918e-01
    outer loop
      vertex 9.510565160e-01 2.628655560e-01 -1.624598480e-01
      vertex 9.162441747e-01 2.640827507e-01 -3.012588787e-01
      vertex 8.910065240e-01 3.861873853e-01 -2.386769307e-01
    endloop
  endfacet
  facet normal 8.79087638e-01 3.06797967e-01 -3.64801223e-01
    outer loop
      vertex 8.626684800e-01 2.598919133e-01 -4.338885640e-01
      vertex 8.439114747e-01 3.836137333e-01 -3.750385680e-01
      vertex 9.162441747e-01 2.640827507e-01 -3.012588787e-01
    endloop
  endfacet
  facet normal 8.85788691e-01 3.43196621e-01 -3.12401143e-01
    outer loop
      vertex 8.910065240e-01 3.861873853e-01 -2.386769307e-01
      vertex 9.162441747e-01 2.640827507e-01 -3.012588787e-01
      vertex 8.439114747e-01 3.836137333e-01 -3.750385680e-01
    endloop
  endfacet
  facet normal 9.96383649e-01 4.95053672e-02 -6.90568093e-02
    outer loop
      vertex 1.000000000e+00 0.00000000e+00 0.00000000e+00
      vertex 9.904388813e-01 0.00000000e+00 -1.379522427e-01
      vertex 9.876883400e-01 1.330711041e-01 -8.224246533e-02
    endloop
  endfacet
  facet normal 9.77325600e-01 4.96076443e-02 -2.05848861e-01
    outer loop
      vertex 9.619383573e-01 0.00000000e+00 -2.732665293e-01
      vertex 9.663925973e-01 1.327924768e-01 -2.201170280e-01
      vertex 9.904388813e-01 0.00000000e+00 -1.379522427e-01
    endloop
  endfacet
  facet normal 9.71850073e-01 1.81285628e-01 -1.50475768e-01
    outer loop
      vertex 9.510565160e-01 2.628655560e-01 -1.624598480e-01
      vertex 9.876883400e-01 1.330711041e-01 -8.224246533e-02
      vertex 9.663925973e-01 1.327924768e-01 -2.201170280e-01
    endloop
  endfacet
  facet normal 9.84753677e-01 8.41029235e-02 -1.52272431e-01
    outer loop
      vertex 9.904388813e-01 0.00000000e+00 -1.379522427e-01
      vertex 9.663925973e-01 1.327924768e-01 -2.201170280e-01
      vertex 9.876883400e-01 1.330711041e-01 -8.224246533e-02
    endloop
  endfacet
  facet normal 9.03179732e-01 2.14846911e-01 -3.71627739e-01
    outer loop
      vertex 8.626684800e-01 2.598919133e-01 -4.338885640e-01
      vertex 9.162441747e-01 2.640827507e-01 -3.012588787e-01
      vertex 9.243046000e-01 1.316553713e-01 -3.582287933e-01
    endloop
  endfacet
  facet normal 9.47461575e-01 2.16204079e-01 -2.35737907e-01
    outer loop
      vertex 9.510565160e-01 2.628655560e-01 -1.624598480e-01
      vertex 9.663925973e-01 1.327924768e-01 -2.201170280e-01
      vertex 9.162441747e-01 2.640827507e-01 -3.012588787e-01
    endloop
  endfacet
  facet normal 9.52950495e-01 8.45453627e-02 -2.91096954e-01
    outer loop
      vertex 9.619383573e-01 0.00000000e+00 -2.732665293e-01
      vertex 9.243046000e-01 1.316553713e-01 -3.582287933e-01
      vertex 9.663925973e-01 1.327924768e-01 -2.201170280e-01
    endloop
  endfacet
  facet normal 9.40326640e-01 1.81150998e-01 -2.88045353e-01
    outer loop
      vertex 9.162441747e-01 2.640827507e-01 -3.012588787e-01
      vertex 9.663925973e-01 1.327924768e-01 -2.201170280e-01
      vertex 9.243046000e-01 1.316553713e-01 -3.582287933e-01
    endloop
  endfacet
  facet normal 5.96420674e-01 8.02672025e-01 0.00000000e+00
    outer loop
      vertex 5.257311120e-01 8.506508080e-01 0.00000000e+00
      vertex 6.156420213e-01 7.838430427e-01 8.108629347e-02
      vertex 6.156420213e-01 7.838430427e-01 -8.108629347e-02
    endloop
  endfacet
  facet normal 6.80461086e-01 7.28344548e-01 8.05414856e-02
    outer loop
      vertex 6.937804773e-01 7.020464453e-01 1.606220360e-01
      vertex 7.029070307e-01 7.112817347e-01 0.00000000e+00
      vertex 6.156420213e-01 7.838430427e-01 8.108629347e-02
    endloop
  endfacet
  facet normal 6.80461086e-01 7.28344548e-01 -8.05414856e-02
    outer loop
      vertex 6.937804773e-01 7.020464453e-01 -1.606220360e-01
      vertex 6.156420213e-01 7.838430427e-01 -8.108629347e-02
      vertex 7.029070307e-01 7.112817347e-01 0.00000000e+00
    endloop
  endfacet
  facet normal 6.39354439e-01 7.68912155e-01 0.00000000e+00
    outer loop
      vertex 6.156420213e-01 7.838430427e-01 8.108629347e-02
      vertex 7.029070307e-01 7.112817347e-01 0.00000000e+00
      vertex 6.156420213e-01 7.838430427e-01 -8.108629347e-02
    endloop
  endfacet
  facet normal 8.09504261e-01 5.38761957e-01 2.33320392e-01
    outer loop
      vertex 8.090169947e-01 5.000000000e-01 3.090169947e-01
      vertex 8.401778853e-01 5.192584893e-01 1.564344653e-01
      vertex 7.586523000e-01 6.068251493e-01 2.370863253e-01
    endloop
  endfacet
  facet normal 8.30386469e-01 5.51642150e-01 7.84171500e-02
    outer loop
      vertex 8.506508080e-01 5.257311120e-01 0.00000000e+00
      vertex 7.802043707e-01 6.202395827e-01 8.114185160e-02
      vertex 8.401778853e-01 5.192584893e-01 1.564344653e-01
    endloop
  endfacet
  facet normal 7.51866045e-01 6.39868422e-01 1.58952361e-01
    outer loop
      vertex 6.937804773e-01 7.020464453e-01 1.606220360e-01
      vertex 7.586523000e-01 6.068251493e-01 2.370863253e-01
      vertex 7.802043707e-01 6.202395827e-01 8.114185160e-02
    endloop
  endfacet
  facet normal 7.91679153e-01 5.89578591e-01 1.60128712e-01
    outer loop
      vertex 8.401778853e-01 5.192584893e-01 1.564344653e-01
      vertex 7.802043707e-01 6.202395827e-01 8.114185160e-02
      vertex 7.586523000e-01 6.068251493e-01 2.370863253e-01
    endloop
  endfacet
  facet normal 8.09504261e-01 5.38761957e-01 -2.33320392e-01
    outer loop
      vertex 8.090169947e-01 5.000000000e-01 -3.090169947e-01
      vertex 7.586523000e-01 6.068251493e-01 -2.370863253e-01
      vertex 8.401778853e-01 5.192584893e-01 -1.564344653e-01
    endloop
  endfacet
  facet normal 7.51866045e-01 6.39868422e-01 -1.58952361e-01
    outer loop
      vertex 6.937804773e-01 7.020464453e-01 -1.606220360e-01
      vertex 7.802043707e-01 6.202395827e-01 -8.114185160e-02
      vertex 7.586523000e-01 6.068251493e-01 -2.370863253e-01
    endloop
  endfacet
  facet normal 8.30386469e-01 5.51642150e-01 -7.84171500e-02
    outer loop
      vertex 8.506508080e-01 5.257311120e-01 0.00000000e+00
      vertex 8.401778853e-01 5.192584893e-01 -1.564344653e-01
      vertex 7.802043707e-01 6.202395827e-01 -8.114185160e-02
    endloop
  endfacet
  facet normal 7.91679153e-01 5.89578591e-01 -1.60128712e-01
    outer loop
      vertex 7.586523000e-01 6.068251493e-01 -2.370863253e-01
      vertex 7.802043707e-01 6.202395827e-01 -8.114185160e-02
      vertex 8.401778853e-01 5.192584893e-01 -1.564344653e-01
    endloop
  endfacet
  facet normal 7.23271921e-01 6.85851676e-01 8.05307856e-02
    outer loop
      vertex 6.937804773e-01 7.020464453e-01 1.606220360e-01
      vertex 7.802043707e-01 6.202395827e-01 8.114185160e-02
      vertex 7.029070307e-01 7.112817347e-01 0.00000000e+00
    endloop
  endfacet
  facet normal 8.01767535e-01 5.97636026e-01 0.00000000e+00
    outer loop
      vertex 8.506508080e-01 5.257311120e-01 0.00000000e+00
      vertex 7.802043707e-01 6.202395827e-01 -8.114185160e-02
      vertex 7.802043707e-01 6.202395827e-01 8.114185160e-02
    endloop
  endfacet
  facet normal 7.23271921e-01 6.85851676e-01 -8.05307856e-02
    outer loop
      vertex 6.937804773e-01 7.020464453e-01 -1.606220360e-01
      vertex 7.029070307e-01 7.112817347e-01 0.00000000e+00
      vertex 7.802043707e-01 6.202395827e-01 -8.114185160e-02
    endloop
  endfacet
  facet normal 7.62304822e-01 6.47218169e-01 0.00000000e+00
    outer loop
      vertex 7.802043707e-01 6.202395827e-01 8.114185160e-02
      vertex 7.802043707e-01 6.202395827e-01 -8.114185160e-02
      vertex 7.029070307e-01 7.112817347e-01 0.00000000e+00
    endloop
  endfacet
  facet normal 9.95747362e-01 9.21259537e-02 0.00000000e+00
    outer loop
      vertex 1.000000000e+00 0.00000000e+00 0.00000000e+00
      vertex 9.876883400e-01 1.330711041e-01 -8.224246533e-02
      vertex 9.876883400e-01 1.330711041e-01 8.224246533e-02
    endloop
  endfacet
  facet normal 9.71230961e-01 2.23786292e-01 -8.14255288e-02
    outer loop
      vertex 9.510565160e-01 2.628655560e-01 -1.624598480e-01
      vertex 9.638612640e-01 2.664047013e-01 0.00000000e+00
      vertex 9.876883400e-01 1.330711041e-01 -8.224246533e-02
    endloop
  endfacet
  facet normal 9.71230961e-01 2.23786292e-01 8.14255288e-02
    outer loop
      vertex 9.510565160e-01 2.628655560e-01 1.624598480e-01
      vertex 9.876883400e-01 1.330711041e-01 8.224246533e-02
      vertex 9.638612640e-01 2.664047013e-01 0.00000000e+00
    endloop
  endfacet
  facet normal 9.84405201e-01 1.75915892e-01 -0.00000000e+00
    outer loop
      vertex 9.876883400e-01 1.330711041e-01 -8.224246533e-02
      vertex 9.638612640e-01 2.664047013e-01 0.00000000e+00
      vertex 9.876883400e-01 1.330711041e-01 8.224246533e-02
    endloop
  endfacet
  facet normal 8.51639515e-01 4.69405196e-01 -2.33171395e-01
    outer loop
      vertex 8.090169947e-01 5.000000000e-01 -3.090169947e-01
      vertex 8.401778853e-01 5.192584893e-01 -1.564344653e-01
      vertex 8.910065240e-01 3.861873853e-01 -2.386769307e-01
    endloop
  endfacet
  facet normal 8.72473626e-01 4.82336350e-01 -7.83671947e-02
    outer loop
      vertex 8.506508080e-01 5.257311120e-01 0.00000000e+00
      vertex 9.129824933e-01 3.996070520e-01 -8.232358000e-02
      vertex 8.401778853e-01 5.192584893e-01 -1.564344653e-01
    endloop
  endfacet
  facet normal 9.22797371e-01 3.50587076e-01 -1.59792724e-01
    outer loop
      vertex 9.510565160e-01 2.628655560e-01 -1.624598480e-01
      vertex 8.910065240e-01 3.861873853e-01 -2.386769307e-01
      vertex 9.129824933e-01 3.996070520e-01 -8.232358000e-02
    endloop
  endfacet
  facet normal 8.84358483e-01 4.37841600e-01 -1.61878990e-01
    outer loop
      vertex 8.401778853e-01 5.192584893e-01 -1.564344653e-01
      vertex 9.129824933e-01 3.996070520e-01 -8.232358000e-02
      vertex 8.910065240e-01 3.861873853e-01 -2.386769307e-01
    endloop
  endfacet
  facet normal 8.51639515e-01 4.69405196e-01 2.33171395e-01
    outer loop
      vertex 8.090169947e-01 5.000000000e-01 3.090169947e-01
      vertex 8.910065240e-01 3.861873853e-01 2.386769307e-01
      vertex 8.401778853e-01 5.192584893e-01 1.564344653e-01
    endloop
  endfacet
  facet normal 9.22797371e-01 3.50587076e-01 1.59792724e-01
    outer loop
      vertex 9.510565160e-01 2.628655560e-01 1.624598480e-01
      vertex 9.129824933e-01 3.996070520e-01 8.232358000e-02
      vertex 8.910065240e-01 3.861873853e-01 2.386769307e-01
    endloop
  endfacet
  facet normal 8.72473626e-01 4.82336350e-01 7.83671947e-02
    outer loop
      vertex 8.506508080e-01 5.257311120e-01 0.00000000e+00
      vertex 8.401778853e-01 5.192584893e-01 1.564344653e-01
      vertex 9.129824933e-01 3.996070520e-01 8.232358000e-02
    endloop
  endfacet
  facet normal 8.84358483e-01 4.37841600e-01 1.61878990e-01
    outer loop
      vertex 8.910065240e-01 3.861873853e-01 2.386769307e-01
      vertex 9.129824933e-01 3.996070520e-01 8.232358000e-02
      vertex 8.401778853e-01 5.192584893e-01 1.564344653e-01
    endloop
  endfacet
  facet normal 9.46806803e-01 3.11335293e-01 -8.14076995e-02
    outer loop
      vertex 9.510565160e-01 2.628655560e-01 -1.624598480e-01
      vertex 9.129824933e-01 3.996070520e-01 -8.232358000e-02
      vertex 9.638612640e-01 2.664047013e-01 0.00000000e+00
    endloop
  endfacet
  facet normal 8.96494078e-01 4.43055717e-01 0.00000000e+00
    outer loop
      vertex 8.506508080e-01 5.257311120e-01 0.00000000e+00
      vertex 9.129824933e-01 3.996070520e-01 8.232358000e-02
      vertex 9.129824933e-01 3.996070520e-01 -8.232358000e-02
    endloop
  endfacet
  facet normal 9.46806803e-01 3.11335293e-01 8.14076995e-02
    outer loop
      vertex 9.510565160e-01 2.628655560e-01 1.624598480e-01
      vertex 9.638612640e-01 2.664047013e-01 0.00000000e+00
      vertex 9.129824933e-01 3.996070520e-01 8.232358000e-02
    endloop
  endfacet
  facet normal 9.34172359e-01 3.56822090e-01 -0.00000000e+00
    outer loop
      vertex 9.129824933e-01 3.996070520e-01 -8.232358000e-02
      vertex 9.129824933e-01 3.996070520e-01 8.232358000e-02
      vertex 9.638612640e-01 2.664047013e-01 0.00000000e+00
    endloop
  endfacet
endsolid sphere
