solid sphere
  facet normal -5.46249634e-01 8.33679433e-01 8.11784483e-02
    outer loop
      vertex -3.94298334e-03 6.37988106e-03 0.00000000e+00
      vertex -4.61731516e-03 5.87882282e-03 6.08147201e-04
      vertex -3.63331232e-03 6.48697002e-03 9.84002841e-04
    endloop
  endfacet
  facet normal -6.30460816e-01 7.59246413e-01 1.61443621e-01
    outer loop
      vertex -5.20335358e-03 5.26534834e-03 1.20466527e-03
      vertex -4.28438744e-03 5.94486922e-03 1.59767149e-03
      vertex -4.61731516e-03 5.87882282e-03 6.08147201e-04
    endloop
  endfacet
  facet normal -5.00141955e-01 8.39787899e-01 2.11220996e-01
    outer loop
      vertex -3.25416423e-03 6.47001360e-03 1.94918935e-03
      vertex -3.63331232e-03 6.48697002e-03 9.84002841e-04
      vertex -4.28438744e-03 5.94486922e-03 1.59767149e-03
    endloop
  endfacet
  facet normal -5.57284142e-01 8.19634387e-01 1.32792529e-01
    outer loop
      vertex -4.61731516e-03 5.87882282e-03 6.08147201e-04
      vertex -4.28438744e-03 5.94486922e-03 1.59767149e-03
      vertex -3.63331232e-03 6.48697002e-03 9.84002841e-04
    endloop
  endfacet
  facet normal -7.59998894e-01 5.69357957e-01 3.13421759e-01
    outer loop
      vertex -6.06762746e-03 3.75000000e-03 2.31762746e-03
      vertex -5.30330086e-03 4.51125716e-03 2.78811026e-03
      vertex -5.68989225e-03 4.55118862e-03 1.77814744e-03
    endloop
  endfacet
  facet normal -6.49100841e-01 6.63682830e-01 3.71743458e-01
    outer loop
      vertex -4.40838939e-03 5.16143220e-03 3.18994053e-03
      vertex -4.85558920e-03 5.26732385e-03 2.22003444e-03
      vertex -5.30330086e-03 4.51125716e-03 2.78811026e-03
    endloop
  endfacet
  facet normal -7.02258401e-01 6.70527632e-01 2.39219216e-01
    outer loop
      vertex -5.20335358e-03 5.26534834e-03 1.20466527e-03
      vertex -5.68989225e-03 4.55118862e-03 1.77814744e-03
      vertex -4.85558920e-03 5.26732385e-03 2.22003444e-03
    endloop
  endfacet
  facet normal -7.07576229e-01 6.41557056e-01 2.96210100e-01
    outer loop
      vertex -5.30330086e-03 4.51125716e-03 2.78811026e-03
      vertex -4.85558920e-03 5.26732385e-03 2.22003444e-03
      vertex -5.68989225e-03 4.55118862e-03 1.77814744e-03
    endloop
  endfacet
  facet normal -3.82478568e-01 8.02678349e-01 4.57621692e-01
    outer loop
      vertex -2.31762746e-03 6.06762746e-03 3.75000000e-03
      vertex -2.81278926e-03 6.32933606e-03 2.87710300e-03
      vertex -3.40492875e-03 5.68451565e-03 3.51322388e-03
    endloop
  endfacet
  facet normal -4.45068077e-01 8.29479994e-01 3.37457178e-01
    outer loop
      vertex -3.25416423e-03 6.47001360e-03 1.94918935e-03
      vertex -3.87091215e-03 5.87588774e-03 2.59614761e-03
      vertex -2.81278926e-03 6.32933606e-03 2.87710300e-03
    endloop
  endfacet
  facet normal -5.22219227e-01 7.42099980e-01 4.20207922e-01
    outer loop
      vertex -4.40838939e-03 5.16143220e-03 3.18994053e-03
      vertex -3.40492875e-03 5.68451565e-03 3.51322388e-03
      vertex -3.87091215e-03 5.87588774e-03 2.59614761e-03
    endloop
  endfacet
  facet normal -4.48482532e-01 8.01685768e-01 3.95175087e-01
    outer loop
      vertex -2.81278926e-03 6.32933606e-03 2.87710300e-03
      vertex -3.87091215e-03 5.87588774e-03 2.59614761e-03
      vertex -3.40492875e-03 5.68451565e-03 3.51322388e-03
    endloop
  endfacet
  facet normal -6.38726558e-01 7.38103584e-01 2.17328056e-01
    outer loop
      vertex -5.20335358e-03 5.26534834e-03 1.20466527e-03
      vertex -4.85558920e-03 5.26732385e-03 2.22003444e-03
      vertex -4.28438744e-03 5.94486922e-03 1.59767149e-03
    endloop
  endfacet
  facet normal -5.85563456e-01 7.31257495e-01 3.49825549e-01
    outer loop
      vertex -4.40838939e-03 5.16143220e-03 3.18994053e-03
      vertex -3.87091215e-03 5.87588774e-03 2.59614761e-03
      vertex -4.85558920e-03 5.26732385e-03 2.22003444e-03
    endloop
  endfacet
  facet normal -5.08425010e-01 8.18634369e-01 2.67098819e-01
    outer loop
      vertex -3.25416423e-03 6.47001360e-03 1.94918935e-03
      vertex -4.28438744e-03 5.94486922e-03 1.59767149e-03
      vertex -3.87091215e-03 5.87588774e-03 2.59614761e-03
    endloop
  endfacet
  facet normal -5.81153824e-01 7.59175643e-01 2.93108471e-01
    outer loop
      vertex -4.85558920e-03 5.26732385e-03 2.22003444e-03
      vertex -3.87091215e-03 5.87588774e-03 2.59614761e-03
      vertex -4.28438744e-03 5.94486922e-03 1.59767149e-03
    endloop
  endfacet
  facet normal -8.33679433e-01 8.11784483e-02 5.46249634e-01
    outer loop
      vertex -6.37988106e-03 0.00000000e+00 3.94298334e-03
      vertex -5.87882282e-03 6.08147201e-04 4.61731516e-03
      vertex -6.48697002e-03 9.84002841e-04 3.63331232e-03
    endloop
  endfacet
  facet normal -7.59246413e-01 1.61443621e-01 6.30460816e-01
    outer loop
      vertex -5.26534834e-03 1.20466527e-03 5.20335358e-03
      vertex -5.94486922e-03 1.59767149e-03 4.28438744e-03
      vertex -5.87882282e-03 6.08147201e-04 4.61731516e-03
    endloop
  endfacet
  facet normal -8.39787899e-01 2.11220996e-01 5.00141955e-01
    outer loop
      vertex -6.47001360e-03 1.94918935e-03 3.25416423e-03
      vertex -6.48697002e-03 9.84002841e-04 3.63331232e-03
      vertex -5.94486922e-03 1.59767149e-03 4.28438744e-03
    endloop
  endfacet
  facet normal -8.19634387e-01 1.32792529e-01 5.57284142e-01
    outer loop
      vertex -5.87882282e-03 6.08147201e-04 4.61731516e-03
      vertex -5.94486922e-03 1.59767149e-03 4.28438744e-03
      vertex -6.48697002e-03 9.84002841e-04 3.63331232e-03
    endloop
  endfacet
  facet normal -5.69357957e-01 3.13421759e-01 7.59998894e-01
    outer loop
      vertex -3.75000000e-03 2.31762746e-03 6.06762746e-03
      vertex -4.51125716e-03 2.78811026e-03 5.30330086e-03
      vertex -4.55118862e-03 1.77814744e-03 5.68989225e-03
    endloop
  endfacet
  facet normal -6.63682830e-01 3.71743458e-01 6.49100841e-01
    outer loop
      vertex -5.16143220e-03 3.18994053e-03 4.40838939e-03
      vertex -5.26732385e-03 2.22003444e-03 4.85558920e-03
      vertex -4.51125716e-03 2.78811026e-03 5.30330086e-03
    endloop
  endfacet
  facet normal -6.70527632e-01 2.39219216e-01 7.02258401e-01
    outer loop
      vertex -5.26534834e-03 1.20466527e-03 5.20335358e-03
      vertex -4.55118862e-03 1.77814744e-03 5.68989225e-03
      vertex -5.26732385e-03 2.22003444e-03 4.85558920e-03
    endloop
  endfacet
  facet normal -6.41557056e-01 2.96210100e-01 7.07576229e-01
    outer loop
      vertex -4.51125716e-03 2.78811026e-03 5.30330086e-03
      vertex -5.26732385e-03 2.22003444e-03 4.85558920e-03
      vertex -4.55118862e-03 1.77814744e-03 5.68989225e-03
    endloop
  endfacet
  facet normal -8.02678349e-01 4.57621692e-01 3.82478568e-01
    outer loop
      vertex -6.06762746e-03 3.75000000e-03 2.31762746e-03
      vertex -6.32933606e-03 2.87710300e-03 2.81278926e-03
      vertex -5.68451565e-03 3.51322388e-03 3.40492875e-03
    endloop
  endfacet
  facet normal -8.29479994e-01 3.37457178e-01 4.45068077e-01
    outer loop
      vertex -6.47001360e-03 1.94918935e-03 3.25416423e-03
      vertex -5.87588774e-03 2.59614761e-03 3.87091215e-03
      vertex -6.32933606e-03 2.87710300e-03 2.81278926e-03
    endloop
  endfacet
  facet normal -7.42099980e-01 4.20207922e-01 5.22219227e-01
    outer loop
      vertex -5.16143220e-03 3.18994053e-03 4.40838939e-03
      vertex -5.68451565e-03 3.51322388e-03 3.40492875e-03
      vertex -5.87588774e-03 2.59614761e-03 3.87091215e-03
    endloop
  endfacet
  facet normal -8.01685768e-01 3.95175087e-01 4.48482532e-01
    outer loop
      vertex -6.32933606e-03 2.87710300e-03 2.81278926e-03
      vertex -5.87588774e-03 2.59614761e-03 3.87091215e-03
      vertex -5.68451565e-03 3.51322388e-03 3.40492875e-03
    endloop
  endfacet
  facet normal -7.38103584e-01 2.17328056e-01 6.38726558e-01
    outer loop
      vertex -5.26534834e-03 1.20466527e-03 5.20335358e-03
      vertex -5.26732385e-03 2.22003444e-03 4.85558920e-03
      vertex -5.94486922e-03 1.59767149e-03 4.28438744e-03
    endloop
  endfacet
  facet normal -7.31257495e-01 3.49825549e-01 5.85563456e-01
    outer loop
      vertex -5.16143220e-03 3.18994053e-03 4.40838939e-03
      vertex -5.87588774e-03 2.59614761e-03 3.87091215e-03
      vertex -5.26732385e-03 2.22003444e-03 4.85558920e-03
    endloop
  endfacet
  facet normal -8.18634369e-01 2.67098819e-01 5.08425010e-01
    outer loop
      vertex -6.47001360e-03 1.94918935e-03 3.25416423e-03
      vertex -5.94486922e-03 1.59767149e-03 4.28438744e-03
      vertex -5.87588774e-03 2.59614761e-03 3.87091215e-03
    endloop
  endfacet
  facet normal -7.59175643e-01 2.93108471e-01 5.81153824e-01
    outer loop
      vertex -5.26732385e-03 2.22003444e-03 4.85558920e-03
      vertex -5.87588774e-03 2.59614761e-03 3.87091215e-03
      vertex -5.94486922e-03 1.59767149e-03 4.28438744e-03
    endloop
  endfacet
  facet normal -8.11784483e-02 5.46249634e-01 8.33679433e-01
    outer loop
      vertex 0.00000000e+00 3.94298334e-03 6.37988106e-03
      vertex -6.08147201e-04 4.61731516e-03 5.87882282e-03
      vertex -9.84002841e-04 3.63331232e-03 6.48697002e-03
    endloop
  endfacet
  facet normal -1.61443621e-01 6.30460816e-01 7.59246413e-01
    outer loop
      vertex -1.20466527e-03 5.20335358e-03 5.26534834e-03
      vertex -1.59767149e-03 4.28438744e-03 5.94486922e-03
      vertex -6.08147201e-04 4.61731516e-03 5.87882282e-03
    endloop
  endfacet
  facet normal -2.11220996e-01 5.00141955e-01 8.39787899e-01
    outer loop
      vertex -1.94918935e-03 3.25416423e-03 6.47001360e-03
      vertex -9.84002841e-04 3.63331232e-03 6.48697002e-03
      vertex -1.59767149e-03 4.28438744e-03 5.94486922e-03
    endloop
  endfacet
  facet normal -1.32792529e-01 5.57284142e-01 8.19634387e-01
    outer loop
      vertex -6.08147201e-04 4.61731516e-03 5.87882282e-03
      vertex -1.59767149e-03 4.28438744e-03 5.94486922e-03
      vertex -9.84002841e-04 3.63331232e-03 6.48697002e-03
    endloop
  endfacet
  facet normal -3.13421759e-01 7.59998894e-01 5.69357957e-01
    outer loop
      vertex -2.31762746e-03 6.06762746e-03 3.75000000e-03
      vertex -2.78811026e-03 5.30330086e-03 4.51125716e-03
      vertex -1.77814744e-03 5.68989225e-03 4.55118862e-03
    endloop
  endfacet
  facet normal -3.71743458e-01 6.49100841e-01 6.63682830e-01
    outer loop
      vertex -3.18994053e-03 4.40838939e-03 5.16143220e-03
      vertex -2.22003444e-03 4.85558920e-03 5.26732385e-03
      vertex -2.78811026e-03 5.30330086e-03 4.51125716e-03
    endloop
  endfacet
  facet normal -2.39219216e-01 7.02258401e-01 6.70527632e-01
    outer loop
      vertex -1.20466527e-03 5.20335358e-03 5.26534834e-03
      vertex -1.77814744e-03 5.68989225e-03 4.55118862e-03
      vertex -2.22003444e-03 4.85558920e-03 5.26732385e-03
    endloop
  endfacet
  facet normal -2.96210100e-01 7.07576229e-01 6.41557056e-01
    outer loop
      vertex -2.78811026e-03 5.30330086e-03 4.51125716e-03
      vertex -2.22003444e-03 4.85558920e-03 5.26732385e-03
      vertex -1.77814744e-03 5.68989225e-03 4.55118862e-03
    endloop
  endfacet
  facet normal -4.57621692e-01 3.82478568e-01 8.02678349e-01
    outer loop
      vertex -3.75000000e-03 2.31762746e-03 6.06762746e-03
      vertex -2.87710300e-03 2.81278926e-03 6.32933606e-03
      vertex -3.51322388e-03 3.40492875e-03 5.68451565e-03
    endloop
  endfacet
  facet normal -3.37457178e-01 4.45068077e-01 8.29479994e-01
    outer loop
      vertex -1.94918935e-03 3.25416423e-03 6.47001360e-03
      vertex -2.59614761e-03 3.87091215e-03 5.87588774e-03
      vertex -2.87710300e-03 2.81278926e-03 6.32933606e-03
    endloop
  endfacet
  facet normal -4.20207922e-01 5.22219227e-01 7.42099980e-01
    outer loop
      vertex -3.18994053e-03 4.40838939e-03 5.16143220e-03
      vertex -3.51322388e-03 3.40492875e-03 5.68451565e-03
      vertex -2.59614761e-03 3.87091215e-03 5.87588774e-03
    endloop
  endfacet
  facet normal -3.95175087e-01 4.48482532e-01 8.01685768e-01
    outer loop
      vertex -2.87710300e-03 2.81278926e-03 6.32933606e-03
      vertex -2.59614761e-03 3.87091215e-03 5.87588774e-03
      vertex -3.51322388e-03 3.40492875e-03 5.68451565e-03
    endloop
  endfacet
  facet normal -2.17328056e-01 6.38726558e-01 7.38103584e-01
    outer loop
      vertex -1.20466527e-03 5.20335358e-03 5.26534834e-03
      vertex -2.22003444e-03 4.85558920e-03 5.26732385e-03
      vertex -1.59767149e-03 4.28438744e-03 5.94486922e-03
    endloop
  endfacet
  facet normal -3.49825549e-01 5.85563456e-01 7.31257495e-01
    outer loop
      vertex -3.18994053e-03 4.40838939e-03 5.16143220e-03
      vertex -2.59614761e-03 3.87091215e-03 5.87588774e-03
      vertex -2.22003444e-03 4.85558920e-03 5.26732385e-03
    endloop
  endfacet
  facet normal -2.67098819e-01 5.08425010e-01 8.18634369e-01
    outer loop
      vertex -1.94918935e-03 3.25416423e-03 6.47001360e-03
      vertex -1.59767149e-03 4.28438744e-03 5.94486922e-03
      vertex -2.59614761e-03 3.87091215e-03 5.87588774e-03
    endloop
  endfacet
  facet normal -2.93108471e-01 5.81153824e-01 7.59175643e-01
    outer loop
      vertex -2.22003444e-03 4.85558920e-03 5.26732385e-03
      vertex -2.59614761e-03 3.87091215e-03 5.87588774e-03
      vertex -1.59767149e-03 4.28438744e-03 5.94486922e-03
    endloop
  endfacet
  facet normal -7.59513561e-01 5.26342166e-01 3.82234319e-01
    outer loop
      vertex -6.06762746e-03 3.75000000e-03 2.31762746e-03
      vertex -5.68451565e-03 3.51322388e-03 3.40492875e-03
      vertex -5.30330086e-03 4.51125716e-03 2.78811026e-03
    endloop
  endfacet
  facet normal -6.99011079e-01 4.88894611e-01 5.21886550e-01
    outer loop
      vertex -5.16143220e-03 3.18994053e-03 4.40838939e-03
      vertex -4.84933344e-03 4.23190659e-03 3.85031581e-03
      vertex -5.68451565e-03 3.51322388e-03 3.40492875e-03
    endloop
  endfacet
  facet normal -6.48687335e-01 6.20643884e-01 4.40461021e-01
    outer loop
      vertex -4.40838939e-03 5.16143220e-03 3.18994053e-03
      vertex -5.30330086e-03 4.51125716e-03 2.78811026e-03
      vertex -4.84933344e-03 4.23190659e-03 3.85031581e-03
    endloop
  endfacet
  facet normal -7.08442591e-01 5.46563600e-01 4.46516882e-01
    outer loop
      vertex -5.68451565e-03 3.51322388e-03 3.40492875e-03
      vertex -4.84933344e-03 4.23190659e-03 3.85031581e-03
      vertex -5.30330086e-03 4.51125716e-03 2.78811026e-03
    endloop
  endfacet
  facet normal -5.26342166e-01 3.82234319e-01 7.59513561e-01
    outer loop
      vertex -3.75000000e-03 2.31762746e-03 6.06762746e-03
      vertex -3.51322388e-03 3.40492875e-03 5.68451565e-03
      vertex -4.51125716e-03 2.78811026e-03 5.30330086e-03
    endloop
  endfacet
  facet normal -4.88894611e-01 5.21886550e-01 6.99011079e-01
    outer loop
      vertex -3.18994053e-03 4.40838939e-03 5.16143220e-03
      vertex -4.23190659e-03 3.85031581e-03 4.84933344e-03
      vertex -3.51322388e-03 3.40492875e-03 5.68451565e-03
    endloop
  endfacet
  facet normal -6.20643884e-01 4.40461021e-01 6.48687335e-01
    outer loop
      vertex -5.16143220e-03 3.18994053e-03 4.40838939e-03
      vertex -4.51125716e-03 2.78811026e-03 5.30330086e-03
      vertex -4.23190659e-03 3.85031581e-03 4.84933344e-03
    endloop
  endfacet
  facet normal -5.46563600e-01 4.46516882e-01 7.08442591e-01
    outer loop
      vertex -3.51322388e-03 3.40492875e-03 5.68451565e-03
      vertex -4.23190659e-03 3.85031581e-03 4.84933344e-03
      vertex -4.51125716e-03 2.78811026e-03 5.30330086e-03
    endloop
  endfacet
  facet normal -3.82234319e-01 7.59513561e-01 5.26342166e-01
    outer loop
      vertex -2.31762746e-03 6.06762746e-03 3.75000000e-03
      vertex -3.40492875e-03 5.68451565e-03 3.51322388e-03
      vertex -2.78811026e-03 5.30330086e-03 4.51125716e-03
    endloop
  endfacet
  facet normal -5.21886550e-01 6.99011079e-01 4.88894611e-01
    outer loop
      vertex -4.40838939e-03 5.16143220e-03 3.18994053e-03
      vertex -3.85031581e-03 4.84933344e-03 4.23190659e-03
      vertex -3.40492875e-03 5.68451565e-03 3.51322388e-03
    endloop
  endfacet
  facet normal -4.40461021e-01 6.48687335e-01 6.20643884e-01
    outer loop
      vertex -3.18994053e-03 4.40838939e-03 5.16143220e-03
      vertex -2.78811026e-03 5.30330086e-03 4.51125716e-03
      vertex -3.85031581e-03 4.84933344e-03 4.23190659e-03
    endloop
  endfacet
  facet normal -4.46516882e-01 7.08442591e-01 5.46563600e-01
    outer loop
      vertex -3.40492875e-03 5.68451565e-03 3.51322388e-03
      vertex -3.85031581e-03 4.84933344e-03 4.23190659e-03
      vertex -2.78811026e-03 5.30330086e-03 4.51125716e-03
    endloop
  endfacet
  facet normal -6.35471510e-01 5.03751085e-01 5.85158785e-01
    outer loop
      vertex -5.16143220e-03 3.18994053e-03 4.40838939e-03
      vertex -4.23190659e-03 3.85031581e-03 4.84933344e-03
      vertex -4.84933344e-03 4.23190659e-03 3.85031581e-03
    endloop
  endfacet
  facet normal -5.03751085e-01 5.85158785e-01 6.35471510e-01
    outer loop
      vertex -3.18994053e-03 4.40838939e-03 5.16143220e-03
      vertex -3.85031581e-03 4.84933344e-03 4.23190659e-03
      vertex -4.23190659e-03 3.85031581e-03 4.84933344e-03
    endloop
  endfacet
  facet normal -5.85158785e-01 6.35471510e-01 5.03751085e-01
    outer loop
      vertex -4.40838939e-03 5.16143220e-03 3.18994053e-03
      vertex -4.84933344e-03 4.23190659e-03 3.85031581e-03
      vertex -3.85031581e-03 4.84933344e-03 4.23190659e-03
    endloop
  endfacet
  facet normal -5.77350269e-01 5.77350269e-01 5.77350269e-01
    outer loop
      vertex -4.23190659e-03 3.85031581e-03 4.84933344e-03
      vertex -3.85031581e-03 4.84933344e-03 4.23190659e-03
      vertex -4.84933344e-03 4.23190659e-03 3.85031581e-03
    endloop
  endfacet
  facet normal -4.65071185e-01 8.83850473e-01 5.01710402e-02
    outer loop
      vertex -3.94298334e-03 6.37988106e-03 0.00000000e+00
      vertex -3.63331232e-03 6.48697002e-03 9.84002841e-04
      vertex -3.02516511e-03 6.86282566e-03 0.00000000e+00
    endloop
  endfacet
  facet normal -4.19239820e-01 8.89788168e-01 1.80319130e-01
    outer loop
      vertex -3.25416423e-03 6.47001360e-03 1.94918935e-03
      vertex -2.68671595e-03 6.93228450e-03 9.87415285e-04
      vertex -3.63331232e-03 6.48697002e-03 9.84002841e-04
    endloop
  endfacet
  facet normal -3.38698334e-01 9.39565544e-01 5.00002693e-02
    outer loop
      vertex -2.04949897e-03 7.21453768e-03 0.00000000e+00
      vertex -3.02516511e-03 6.86282566e-03 0.00000000e+00
      vertex -2.68671595e-03 6.93228450e-03 9.87415285e-04
    endloop
  endfacet
  facet normal -4.24491613e-01 9.01704684e-01 8.20702965e-02
    outer loop
      vertex -3.63331232e-03 6.48697002e-03 9.84002841e-04
      vertex -2.68671595e-03 6.93228450e-03 9.87415285e-04
      vertex -3.02516511e-03 6.86282566e-03 0.00000000e+00
    endloop
  endfacet
  facet normal -3.02377202e-01 8.52183716e-01 4.27025692e-01
    outer loop
      vertex -2.31762746e-03 6.06762746e-03 3.75000000e-03
      vertex -1.79007698e-03 6.68254893e-03 2.89640539e-03
      vertex -2.81278926e-03 6.32933606e-03 2.87710300e-03
    endloop
  endfacet
  facet normal -2.28892918e-01 9.23385609e-01 3.08167242e-01
    outer loop
      vertex -1.21844886e-03 7.13292387e-03 1.97149167e-03
      vertex -2.25944159e-03 6.87183131e-03 1.98062063e-03
      vertex -1.79007698e-03 6.68254893e-03 2.89640539e-03
    endloop
  endfacet
  facet normal -3.64801223e-01 8.79087638e-01 3.06797967e-01
    outer loop
      vertex -3.25416423e-03 6.47001360e-03 1.94918935e-03
      vertex -2.81278926e-03 6.32933606e-03 2.87710300e-03
      vertex -2.25944159e-03 6.87183131e-03 1.98062063e-03
    endloop
  endfacet
  facet normal -3.12401143e-01 8.85788691e-01 3.43196621e-01
    outer loop
      vertex -1.79007698e-03 6.68254893e-03 2.89640539e-03
      vertex -2.25944159e-03 6.87183131e-03 1.98062063e-03
      vertex -2.81278926e-03 6.32933606e-03 2.87710300e-03
    endloop
  endfacet
  facet normal -6.90568093e-02 9.96383649e-01 4.95053672e-02
    outer loop
      vertex 0.00000000e+00 7.50000000e-03 0.00000000e+00
      vertex -1.03464182e-03 7.42829161e-03 0.00000000e+00
      vertex -6.16818490e-04 7.40766255e-03 9.98033281e-04
    endloop
  endfacet
  facet normal -2.05848861e-01 9.77325600e-01 4.96076443e-02
    outer loop
      vertex -2.04949897e-03 7.21453768e-03 0.00000000e+00
      vertex -1.65087771e-03 7.24794448e-03 9.95943576e-04
      vertex -1.03464182e-03 7.42829161e-03 0.00000000e+00
    endloop
  endfacet
  facet normal -1.50475768e-01 9.71850073e-01 1.81285628e-01
    outer loop
      vertex -1.21844886e-03 7.13292387e-03 1.97149167e-03
      vertex -6.16818490e-04 7.40766255e-03 9.98033281e-04
      vertex -1.65087771e-03 7.24794448e-03 9.95943576e-04
    endloop
  endfacet
  facet normal -1.52272431e-01 9.84753677e-01 8.41029235e-02
    outer loop
      vertex -1.03464182e-03 7.42829161e-03 0.00000000e+00
      vertex -1.65087771e-03 7.24794448e-03 9.95943576e-04
      vertex -6.16818490e-04 7.40766255e-03 9.98033281e-04
    endloop
  endfacet
  facet normal -3.71627739e-01 9.03179732e-01 2.14846911e-01
    outer loop
      vertex -3.25416423e-03 6.47001360e-03 1.94918935e-03
      vertex -2.25944159e-03 6.87183131e-03 1.98062063e-03
      vertex -2.68671595e-03 6.93228450e-03 9.87415285e-04
    endloop
  endfacet
  facet normal -2.35737907e-01 9.47461575e-01 2.16204079e-01
    outer loop
      vertex -1.21844886e-03 7.13292387e-03 1.97149167e-03
      vertex -1.65087771e-03 7.24794448e-03 9.95943576e-04
      vertex -2.25944159e-03 6.87183131e-03 1.98062063e-03
    endloop
  endfacet
  facet normal -2.91096954e-01 9.52950495e-01 8.45453627e-02
    outer loop
      vertex -2.04949897e-03 7.21453768e-03 0.00000000e+00
      vertex -2.68671595e-03 6.93228450e-03 9.87415285e-04
      vertex -1.65087771e-03 7.24794448e-03 9.95943576e-04
    endloop
  endfacet
  facet normal -2.88045353e-01 9.40326640e-01 1.81150998e-01
    outer loop
      vertex -2.25944159e-03 6.87183131e-03 1.98062063e-03
      vertex -1.65087771e-03 7.24794448e-03 9.95943576e-04
      vertex -2.68671595e-03 6.93228450e-03 9.87415285e-04
    endloop
  endfacet
  facet normal 0.00000000e+00 5.96420674e-01 8.02672025e-01
    outer loop
      vertex 0.00000000e+00 3.94298334e-03 6.37988106e-03
      vertex 6.08147201e-04 4.61731516e-03 5.87882282e-03
      vertex -6.08147201e-04 4.61731516e-03 5.87882282e-03
    endloop
  endfacet
  facet normal 8.05414856e-02 6.80461086e-01 7.28344548e-01
    outer loop
      vertex 1.20466527e-03 5.20335358e-03 5.26534834e-03
      vertex 0.00000000e+00 5.27180273e-03 5.33461301e-03
      vertex 6.08147201e-04 4.61731516e-03 5.87882282e-03
    endloop
  endfacet
  facet normal -8.05414856e-02 6.80461086e-01 7.28344548e-01
    outer loop
      vertex -1.20466527e-03 5.20335358e-03 5.26534834e-03
      vertex -6.08147201e-04 4.61731516e-03 5.87882282e-03
      vertex 0.00000000e+00 5.27180273e-03 5.33461301e-03
    endloop
  endfacet
  facet normal 0.00000000e+00 6.39354439e-01 7.68912155e-01
    outer loop
      vertex 6.08147201e-04 4.61731516e-03 5.87882282e-03
      vertex 0.00000000e+00 5.27180273e-03 5.33461301e-03
      vertex -6.08147201e-04 4.61731516e-03 5.87882282e-03
    endloop
  endfacet
  facet normal 2.33320392e-01 8.09504261e-01 5.38761957e-01
    outer loop
      vertex 2.31762746e-03 6.06762746e-03 3.75000000e-03
      vertex 1.17325849e-03 6.30133414e-03 3.89443867e-03
      vertex 1.77814744e-03 5.68989225e-03 4.55118862e-03
    endloop
  endfacet
  facet normal 7.84171500e-02 8.30386469e-01 5.51642150e-01
    outer loop
      vertex 0.00000000e+00 6.37988106e-03 3.94298334e-03
      vertex 6.08563887e-04 5.85153278e-03 4.65179687e-03
      vertex 1.17325849e-03 6.30133414e-03 3.89443867e-03
    endloop
  endfacet
  facet normal 1.58952361e-01 7.51866045e-01 6.39868422e-01
    outer loop
      vertex 1.20466527e-03 5.20335358e-03 5.26534834e-03
      vertex 1.77814744e-03 5.68989225e-03 4.55118862e-03
      vertex 6.08563887e-04 5.85153278e-03 4.65179687e-03
    endloop
  endfacet
  facet normal 1.60128712e-01 7.91679153e-01 5.89578591e-01
    outer loop
      vertex 1.17325849e-03 6.30133414e-03 3.89443867e-03
      vertex 6.08563887e-04 5.85153278e-03 4.65179687e-03
      vertex 1.77814744e-03 5.68989225e-03 4.55118862e-03
    endloop
  endfacet
  facet normal -2.33320392e-01 8.09504261e-01 5.38761957e-01
    outer loop
      vertex -2.31762746e-03 6.06762746e-03 3.75000000e-03
      vertex -1.77814744e-03 5.68989225e-03 4.55118862e-03
      vertex -1.17325849e-03 6.30133414e-03 3.89443867e-03
    endloop
  endfacet
  facet normal -1.58952361e-01 7.51866045e-01 6.39868422e-01
    outer loop
      vertex -1.20466527e-03 5.20335358e-03 5.26534834e-03
      vertex -6.08563887e-04 5.85153278e-03 4.65179687e-03
      vertex -1.77814744e-03 5.68989225e-03 4.55118862e-03
    endloop
  endfacet
  facet normal -7.84171500e-02 8.30386469e-01 5.51642150e-01
    outer loop
      vertex 0.00000000e+00 6.37988106e-03 3.94298334e-03
      vertex -1.17325849e-03 6.30133414e-03 3.89443867e-03
      vertex -6.08563887e-04 5.85153278e-03 4.65179687e-03
    endloop
  endfacet
  facet normal -1.60128712e-01 7.91679153e-01 5.89578591e-01
    outer loop
      vertex -1.77814744e-03 5.68989225e-03 4.55118862e-03
      vertex -6.08563887e-04 5.85153278e-03 4.65179687e-03
      vertex -1.17325849e-03 6.30133414e-03 3.89443867e-03
    endloop
  endfacet
  facet normal 8.05307856e-02 7.23271921e-01 6.85851676e-01
    outer loop
      vertex 1.20466527e-03 5.20335358e-03 5.26534834e-03
      vertex 6.08563887e-04 5.85153278e-03 4.65179687e-03
      vertex 0.00000000e+00 5.27180273e-03 5.33461301e-03
    endloop
  endfacet
  facet normal 0.00000000e+00 8.01767535e-01 5.97636026e-01
    outer loop
      vertex 0.00000000e+00 6.37988106e-03 3.94298334e-03
      vertex -6.08563887e-04 5.85153278e-03 4.65179687e-03
      vertex 6.08563887e-04 5.85153278e-03 4.65179687e-03
    endloop
  endfacet
  facet normal -8.05307856e-02 7.23271921e-01 6.85851676e-01
    outer loop
      vertex -1.20466527e-03 5.20335358e-03 5.26534834e-03
      vertex 0.00000000e+00 5.27180273e-03 5.33461301e-03
      vertex -6.08563887e-04 5.85153278e-03 4.65179687e-03
    endloop
  endfacet
  facet normal 0.00000000e+00 7.62304822e-01 6.47218169e-01
    outer loop
      vertex 6.08563887e-04 5.85153278e-03 4.65179687e-03
      vertex -6.08563887e-04 5.85153278e-03 4.65179687e-03
      vertex 0.00000000e+00 5.27180273e-03 5.33461301e-03
    endloop
  endfacet
  facet normal 4.65071185e-01 8.83850473e-01 5.01710402e-02
    outer loop
      vertex 3.94298334e-03 6.37988106e-03 0.00000000e+00
      vertex 3.02516511e-03 6.86282566e-03 0.00000000e+00
      vertex 3.63331232e-03 6.48697002e-03 9.84002841e-04
    endloop
  endfacet
  facet normal 3.38698334e-01 9.39565544e-01 5.00002693e-02
    outer loop
      vertex 2.04949897e-03 7.21453768e-03 0.00000000e+00
      vertex 2.68671595e-03 6.93228450e-03 9.87415285e-04
      vertex 3.02516511e-03 6.86282566e-03 0.00000000e+00
    endloop
  endfacet
  facet normal 4.19239820e-01 8.89788168e-01 1.80319130e-01
    outer loop
      vertex 3.25416423e-03 6.47001360e-03 1.94918935e-03
      vertex 3.63331232e-03 6.48697002e-03 9.84002841e-04
      vertex 2.68671595e-03 6.93228450e-03 9.87415285e-04
    endloop
  endfacet
  facet normal 4.24491613e-01 9.01704684e-01 8.20702965e-02
    outer loop
      vertex 3.02516511e-03 6.86282566e-03 0.00000000e+00
      vertex 2.68671595e-03 6.93228450e-03 9.87415285e-04
      vertex 3.63331232e-03 6.48697002e-03 9.84002841e-04
    endloop
  endfacet
  facet normal 6.90568093e-02 9.96383649e-01 4.95053672e-02
    outer loop
      vertex 0.00000000e+00 7.50000000e-03 0.00000000e+00
      vertex 6.16818490e-04 7.40766255e-03 9.98033281e-04
      vertex 1.03464182e-03 7.42829161e-03 0.00000000e+00
    endloop
  endfacet
  facet normal 1.50475768e-01 9.71850073e-01 1.81285628e-01
    outer loop
      vertex 1.21844886e-03 7.13292387e-03 1.97149167e-03
      vertex 1.65087771e-03 7.24794448e-03 9.95943576e-04
      vertex 6.16818490e-04 7.40766255e-03 9.98033281e-04
    endloop
  endfacet
  facet normal 2.05848861e-01 9.77325600e-01 4.96076443e-02
    outer loop
      vertex 2.04949897e-03 7.21453768e-03 0.00000000e+00
      vertex 1.03464182e-03 7.42829161e-03 0.00000000e+00
      vertex 1.65087771e-03 7.24794448e-03 9.95943576e-04
    endloop
  endfacet
  facet normal 1.52272431e-01 9.84753677e-01 8.41029235e-02
    outer loop
      vertex 6.16818490e-04 7.40766255e-03 9.98033281e-04
      vertex 1.65087771e-03 7.24794448e-03 9.95943576e-04
      vertex 1.03464182e-03 7.42829161e-03 0.00000000e+00
    endloop
  endfacet
  facet normal 3.02377202e-01 8.52183716e-01 4.27025692e-01
    outer loop
      vertex 2.31762746e-03 6.06762746e-03 3.75000000e-03
      vertex 2.81278926e-03 6.32933606e-03 2.87710300e-03
      vertex 1.79007698e-03 6.68254893e-03 2.89640539e-03
    endloop
  endfacet
  facet normal 3.64801223e-01 8.79087638e-01 3.06797967e-01
    outer loop
      vertex 3.25416423e-03 6.47001360e-03 1.94918935e-03
      vertex 2.25944159e-03 6.87183131e-03 1.98062063e-03
      vertex 2.81278926e-03 6.32933606e-03 2.87710300e-03
    endloop
  endfacet
  facet normal 2.28892918e-01 9.23385609e-01 3.08167242e-01
    outer loop
      vertex 1.21844886e-03 7.13292387e-03 1.97149167e-03
      vertex 1.79007698e-03 6.68254893e-03 2.89640539e-03
      vertex 2.25944159e-03 6.87183131e-03 1.98062063e-03
    endloop
  endfacet
  facet normal 3.12401143e-01 8.85788691e-01 3.43196621e-01
    outer loop
      vertex 2.81278926e-03 6.32933606e-03 2.87710300e-03
      vertex 2.25944159e-03 6.87183131e-03 1.98062063e-03
      vertex 1.79007698e-03 6.68254893e-03 2.89640539e-03
    endloop
  endfacet
  facet normal 2.91096954e-01 9.52950495e-01 8.45453627e-02
    outer loop
      vertex 2.04949897e-03 7.21453768e-03 0.00000000e+00
      vertex 1.65087771e-03 7.24794448e-03 9.95943576e-04
      vertex 2.68671595e-03 6.93228450e-03 9.87415285e-04
    endloop
  endfacet
  facet normal 2.35737907e-01 9.47461575e-01 2.16204079e-01
    outer loop
      vertex 1.21844886e-03 7.13292387e-03 1.97149167e-03
      vertex 2.25944159e-03 6.87183131e-03 1.98062063e-03
      vertex 1.65087771e-03 7.24794448e-03 9.95943576e-04
    endloop
  endfacet
  facet normal 3.71627739e-01 9.03179732e-01 2.14846911e-01
    outer loop
      vertex 3.25416423e-03 6.47001360e-03 1.94918935e-03
      vertex 2.68671595e-03 6.93228450e-03 9.87415285e-04
      vertex 2.25944159e-03 6.87183131e-03 1.98062063e-03
    endloop
  endfacet
  facet normal 2.88045353e-01 9.40326640e-01 1.81150998e-01
    outer loop
      vertex 1.65087771e-03 7.24794448e-03 9.95943576e-04
      vertex 2.25944159e-03 6.87183131e-03 1.98062063e-03
      vertex 2.68671595e-03 6.93228450e-03 9.87415285e-04
    endloop
  endfacet
  facet normal -2.33171395e-01 8.51639515e-01 4.69405196e-01
    outer loop
      vertex -2.31762746e-03 6.06762746e-03 3.75000000e-03
      vertex -1.17325849e-03 6.30133414e-03 3.89443867e-03
      vertex -1.79007698e-03 6.68254893e-03 2.89640539e-03
    endloop
  endfacet
  facet normal -7.83671947e-02 8.72473626e-01 4.82336350e-01
    outer loop
      vertex 0.00000000e+00 6.37988106e-03 3.94298334e-03
      vertex -6.17426850e-04 6.84736870e-03 2.99705289e-03
      vertex -1.17325849e-03 6.30133414e-03 3.89443867e-03
    endloop
  endfacet
  facet normal -1.59792724e-01 9.22797371e-01 3.50587076e-01
    outer loop
      vertex -1.21844886e-03 7.13292387e-03 1.97149167e-03
      vertex -1.79007698e-03 6.68254893e-03 2.89640539e-03
      vertex -6.17426850e-04 6.84736870e-03 2.99705289e-03
    endloop
  endfacet
  facet normal -1.61878990e-01 8.84358483e-01 4.37841600e-01
    outer loop
      vertex -1.17325849e-03 6.30133414e-03 3.89443867e-03
      vertex -6.17426850e-04 6.84736870e-03 2.99705289e-03
      vertex -1.79007698e-03 6.68254893e-03 2.89640539e-03
    endloop
  endfacet
  facet normal 2.33171395e-01 8.51639515e-01 4.69405196e-01
    outer loop
      vertex 2.31762746e-03 6.06762746e-03 3.75000000e-03
      vertex 1.79007698e-03 6.68254893e-03 2.89640539e-03
      vertex 1.17325849e-03 6.30133414e-03 3.89443867e-03
    endloop
  endfacet
  facet normal 1.59792724e-01 9.22797371e-01 3.50587076e-01
    outer loop
      vertex 1.21844886e-03 7.13292387e-03 1.97149167e-03
      vertex 6.17426850e-04 6.84736870e-03 2.99705289e-03
      vertex 1.79007698e-03 6.68254893e-03 2.89640539e-03
    endloop
  endfacet
  facet normal 7.83671947e-02 8.72473626e-01 4.82336350e-01
    outer loop
      vertex 0.00000000e+00 6.37988106e-03 3.94298334e-03
      vertex 1.17325849e-03 6.30133414e-03 3.89443867e-03
      vertex 6.17426850e-04 6.84736870e-03 2.99705289e-03
    endloop
  endfacet
  facet normal 1.61878990e-01 8.84358483e-01 4.37841600e-01
    outer loop
      vertex 1.79007698e-03 6.68254893e-03 2.89640539e-03
      vertex 6.17426850e-04 6.84736870e-03 2.99705289e-03
      vertex 1.17325849e-03 6.30133414e-03 3.89443867e-03
    endloop
  endfacet
  facet normal 0.00000000e+00 9.95747362e-01 9.21259537e-02
    outer loop
      vertex 0.00000000e+00 7.50000000e-03 0.00000000e+00
      vertex -6.16818490e-04 7.40766255e-03 9.98033281e-04
      vertex 6.16818490e-04 7.40766255e-03 9.98033281e-04
    endloop
  endfacet
  facet normal -8.14255288e-02 9.71230961e-01 2.23786292e-01
    outer loop
      vertex -1.21844886e-03 7.13292387e-03 1.97149167e-03
      vertex 0.00000000e+00 7.22895948e-03 1.99803526e-03
      vertex -6.16818490e-04 7.40766255e-03 9.98033281e-04
    endloop
  endfacet
  facet normal 8.14255288e-02 9.71230961e-01 2.23786292e-01
    outer loop
      vertex 1.21844886e-03 7.13292387e-03 1.97149167e-03
      vertex 6.16818490e-04 7.40766255e-03 9.98033281e-04
      vertex 0.00000000e+00 7.22895948e-03 1.99803526e-03
    endloop
  endfacet
  facet normal -0.00000000e+00 9.84405201e-01 1.75915892e-01
    outer loop
      vertex -6.16818490e-04 7.40766255e-03 9.98033281e-04
      vertex 0.00000000e+00 7.22895948e-03 1.99803526e-03
      vertex 6.16818490e-04 7.40766255e-03 9.98033281e-04
    endloop
  endfacet
  facet normal 0.00000000e+00 8.96494078e-01 4.43055717e-01
    outer loop
      vertex 0.00000000e+00 6.37988106e-03 3.94298334e-03
      vertex 6.17426850e-04 6.84736870e-03 2.99705289e-03
      vertex -6.17426850e-04 6.84736870e-03 2.99705289e-03
    endloop
  endfacet
  facet normal 8.14076995e-02 9.46806803e-01 3.11335293e-01
    outer loop
      vertex 1.21844886e-03 7.13292387e-03 1.97149167e-03
      vertex 0.00000000e+00 7.22895948e-03 1.99803526e-03
      vertex 6.17426850e-04 6.84736870e-03 2.99705289e-03
    endloop
  endfacet
  facet normal -8.14076995e-02 9.46806803e-01 3.11335293e-01
    outer loop
      vertex -1.21844886e-03 7.13292387e-03 1.97149167e-03
      vertex -6.17426850e-04 6.84736870e-03 2.99705289e-03
      vertex 0.00000000e+00 7.22895948e-03 1.99803526e-03
    endloop
  endfacet
  facet normal 0.00000000e+00 9.34172359e-01 3.56822090e-01
    outer loop
      vertex 6.17426850e-04 6.84736870e-03 2.99705289e-03
      vertex 0.00000000e+00 7.22895948e-03 1.99803526e-03
      vertex -6.17426850e-04 6.84736870e-03 2.99705289e-03
    endloop
  endfacet
  facet normal -4.65071185e-01 8.83850473e-01 -5.01710402e-02
    outer loop
      vertex -3.94298334e-03 6.37988106e-03 0.00000000e+00
      vertex -3.02516511e-03 6.86282566e-03 0.00000000e+00
      vertex -3.63331232e-03 6.48697002e-03 -9.84002841e-04
    endloop
  endfacet
  facet normal -3.38698334e-01 9.39565544e-01 -5.00002693e-02
    outer loop
      vertex -2.04949897e-03 7.21453768e-03 0.00000000e+00
      vertex -2.68671595e-03 6.93228450e-03 -9.87415285e-04
      vertex -3.02516511e-03 6.86282566e-03 0.00000000e+00
    endloop
  endfacet
  facet normal -4.19239820e-01 8.89788168e-01 -1.80319130e-01
    outer loop
      vertex -3.25416423e-03 6.47001360e-03 -1.94918935e-03
      vertex -3.63331232e-03 6.48697002e-03 -9.84002841e-04
      vertex -2.68671595e-03 6.93228450e-03 -9.87415285e-04
    endloop
  endfacet
  facet normal -4.24491613e-01 9.01704684e-01 -8.20702965e-02
    outer loop
      vertex -3.02516511e-03 6.86282566e-03 0.00000000e+00
      vertex -2.68671595e-03 6.93228450e-03 -9.87415285e-04
      vertex -3.63331232e-03 6.48697002e-03 -9.84002841e-04
    endloop
  endfacet
  facet normal -6.90568093e-02 9.96383649e-01 -4.95053672e-02
    outer loop
      vertex 0.00000000e+00 7.50000000e-03 0.00000000e+00
      vertex -6.16818490e-04 7.40766255e-03 -9.98033281e-04
      vertex -1.03464182e-03 7.42829161e-03 0.00000000e+00
    endloop
  endfacet
  facet normal -1.50475768e-01 9.71850073e-01 -1.81285628e-01
    outer loop
      vertex -1.21844886e-03 7.13292387e-03 -1.97149167e-03
      vertex -1.65087771e-03 7.24794448e-03 -9.95943576e-04
      vertex -6.16818490e-04 7.40766255e-03 -9.98033281e-04
    endloop
  endfacet
  facet normal -2.05848861e-01 9.77325600e-01 -4.96076443e-02
    outer loop
      vertex -2.04949897e-03 7.21453768e-03 0.00000000e+00
      vertex -1.03464182e-03 7.42829161e-03 0.00000000e+00
      vertex -1.65087771e-03 7.24794448e-03 -9.95943576e-04
    endloop
  endfacet
  facet normal -1.52272431e-01 9.84753677e-01 -8.41029235e-02
    outer loop
      vertex -6.16818490e-04 7.40766255e-03 -9.98033281e-04
      vertex -1.65087771e-03 7.24794448e-03 -9.95943576e-04
      vertex -1.03464182e-03 7.42829161e-03 0.00000000e+00
    endloop
  endfacet
  facet normal -3.02377202e-01 8.52183716e-01 -4.27025692e-01
    outer loop
      vertex -2.31762746e-03 6.06762746e-03 -3.75000000e-03
      vertex -2.81278926e-03 6.32933606e-03 -2.87710300e-03
      vertex -1.79007698e-03 6.68254893e-03 -2.89640539e-03
    endloop
  endfacet
  facet normal -3.64801223e-01 8.79087638e-01 -3.06797967e-01
    outer loop
      vertex -3.25416423e-03 6.47001360e-03 -1.94918935e-03
      vertex -2.25944159e-03 6.87183131e-03 -1.98062063e-03
      vertex -2.81278926e-03 6.32933606e-03 -2.87710300e-03
    endloop
  endfacet
  facet normal -2.28892918e-01 9.23385609e-01 -3.08167242e-01
    outer loop
      vertex -1.21844886e-03 7.13292387e-03 -1.97149167e-03
      vertex -1.79007698e-03 6.68254893e-03 -2.89640539e-03
      vertex -2.25944159e-03 6.87183131e-03 -1.98062063e-03
    endloop
  endfacet
  facet normal -3.12401143e-01 8.85788691e-01 -3.43196621e-01
    outer loop
      vertex -2.81278926e-03 6.32933606e-03 -2.87710300e-03
      vertex -2.25944159e-03 6.87183131e-03 -1.98062063e-03
      vertex -1.79007698e-03 6.68254893e-03 -2.89640539e-03
    endloop
  endfacet
  facet normal -2.91096954e-01 9.52950495e-01 -8.45453627e-02
    outer loop
      vertex -2.04949897e-03 7.21453768e-03 0.00000000e+00
      vertex -1.65087771e-03 7.24794448e-03 -9.95943576e-04
      vertex -2.68671595e-03 6.93228450e-03 -9.87415285e-04
    endloop
  endfacet
  facet normal -2.35737907e-01 9.47461575e-01 -2.16204079e-01
    outer loop
      vertex -1.21844886e-03 7.13292387e-03 -1.97149167e-03
      vertex -2.25944159e-03 6.87183131e-03 -1.98062063e-03
      vertex -1.65087771e-03 7.24794448e-03 -9.95943576e-04
    endloop
  endfacet
  facet normal -3.71627739e-01 9.03179732e-01 -2.14846911e-01
    outer loop
      vertex -3.25416423e-03 6.47001360e-03 -1.94918935e-03
      vertex -2.68671595e-03 6.93228450e-03 -9.87415285e-04
      vertex -2.25944159e-03 6.87183131e-03 -1.98062063e-03
    endloop
  endfacet
  facet normal -2.88045353e-01 9.40326640e-01 -1.81150998e-01
    outer loop
      vertex -1.65087771e-03 7.24794448e-03 -9.95943576e-04
      vertex -2.25944159e-03 6.87183131e-03 -1.98062063e-03
      vertex -2.68671595e-03 6.93228450e-03 -9.87415285e-04
    endloop
  endfacet
  facet normal 4.65071185e-01 8.83850473e-01 -5.01710402e-02
    outer loop
      vertex 3.94298334e-03 6.37988106e-03 0.00000000e+00
      vertex 3.63331232e-03 6.48697002e-03 -9.84002841e-04
      vertex 3.02516511e-03 6.86282566e-03 0.00000000e+00
    endloop
  endfacet
  facet normal 4.19239820e-01 8.89788168e-01 -1.80319130e-01
    outer loop
      vertex 3.25416423e-03 6.47001360e-03 -1.94918935e-03
      vertex 2.68671595e-03 6.93228450e-03 -9.87415285e-04
      vertex 3.63331232e-03 6.48697002e-03 -9.84002841e-04
    endloop
  endfacet
  facet normal 3.38698334e-01 9.39565544e-01 -5.00002693e-02
    outer loop
      vertex 2.04949897e-03 7.21453768e-03 0.00000000e+00
      vertex 3.02516511e-03 6.86282566e-03 0.00000000e+00
      vertex 2.68671595e-03 6.93228450e-03 -9.87415285e-04
    endloop
  endfacet
  facet normal 4.24491613e-01 9.01704684e-01 -8.20702965e-02
    outer loop
      vertex 3.63331232e-03 6.48697002e-03 -9.84002841e-04
      vertex 2.68671595e-03 6.93228450e-03 -9.87415285e-04
      vertex 3.02516511e-03 6.86282566e-03 0.00000000e+00
    endloop
  endfacet
  facet normal 3.02377202e-01 8.52183716e-01 -4.27025692e-01
    outer loop
      vertex 2.31762746e-03 6.06762746e-03 -3.75000000e-03
      vertex 1.79007698e-03 6.68254893e-03 -2.89640539e-03
      vertex 2.81278926e-03 6.32933606e-03 -2.87710300e-03
    endloop
  endfacet
  facet normal 2.28892918e-01 9.23385609e-01 -3.08167242e-01
    outer loop
      vertex 1.21844886e-03 7.13292387e-03 -1.97149167e-03
      vertex 2.25944159e-03 6.87183131e-03 -1.98062063e-03
      vertex 1.79007698e-03 6.68254893e-03 -2.89640539e-03
    endloop
  endfacet
  facet normal 3.64801223e-01 8.79087638e-01 -3.06797967e-01
    outer loop
      vertex 3.25416423e-03 6.47001360e-03 -1.94918935e-03
      vertex 2.81278926e-03 6.32933606e-03 -2.87710300e-03
      vertex 2.25944159e-03 6.87183131e-03 -1.98062063e-03
    endloop
  endfacet
  facet normal 3.12401143e-01 8.85788691e-01 -3.43196621e-01
    outer loop
      vertex 1.79007698e-03 6.68254893e-03 -2.89640539e-03
      vertex 2.25944159e-03 6.87183131e-03 -1.98062063e-03
      vertex 2.81278926e-03 6.32933606e-03 -2.87710300e-03
    endloop
  endfacet
  facet normal 6.90568093e-02 9.96383649e-01 -4.95053672e-02
    outer loop
      vertex 0.00000000e+00 7.50000000e-03 0.00000000e+00
      vertex 1.03464182e-03 7.42829161e-03 0.00000000e+00
      vertex 6.16818490e-04 7.40766255e-03 -9.98033281e-04
    endloop
  endfacet
  facet normal 2.05848861e-01 9.77325600e-01 -4.96076443e-02
    outer loop
      vertex 2.04949897e-03 7.21453768e-03 0.00000000e+00
      vertex 1.65087771e-03 7.24794448e-03 -9.95943576e-04
      vertex 1.03464182e-03 7.42829161e-03 0.00000000e+00
    endloop
  endfacet
  facet normal 1.50475768e-01 9.71850073e-01 -1.81285628e-01
    outer loop
      vertex 1.21844886e-03 7.13292387e-03 -1.97149167e-03
      vertex 6.16818490e-04 7.40766255e-03 -9.98033281e-04
      vertex 1.65087771e-03 7.24794448e-03 -9.95943576e-04
    endloop
  endfacet
  facet normal 1.52272431e-01 9.84753677e-01 -8.41029235e-02
    outer loop
      vertex 1.03464182e-03 7.42829161e-03 0.00000000e+00
      vertex 1.65087771e-03 7.24794448e-03 -9.95943576e-04
      vertex 6.16818490e-04 7.40766255e-03 -9.98033281e-04
    endloop
  endfacet
  facet normal 3.71627739e-01 9.03179732e-01 -2.14846911e-01
    outer loop
      vertex 3.25416423e-03 6.47001360e-03 -1.94918935e-03
      vertex 2.25944159e-03 6.87183131e-03 -1.98062063e-03
      vertex 2.68671595e-03 6.93228450e-03 -9.87415285e-04
    endloop
  endfacet
  facet normal 2.35737907e-01 9.47461575e-01 -2.16204079e-01
    outer loop
      vertex 1.21844886e-03 7.13292387e-03 -1.97149167e-03
      vertex 1.65087771e-03 7.24794448e-03 -9.95943576e-04
      vertex 2.25944159e-03 6.87183131e-03 -1.98062063e-03
    endloop
  endfacet
  facet normal 2.91096954e-01 9.52950495e-01 -8.45453627e-02
    outer loop
      vertex 2.04949897e-03 7.21453768e-03 0.00000000e+00
      vertex 2.68671595e-03 6.93228450e-03 -9.87415285e-04
      vertex 1.65087771e-03 7.24794448e-03 -9.95943576e-04
    endloop
  endfacet
  facet normal 2.88045353e-01 9.40326640e-01 -1.81150998e-01
    outer loop
      vertex 2.25944159e-03 6.87183131e-03 -1.98062063e-03
      vertex 1.65087771e-03 7.24794448e-03 -9.95943576e-04
      vertex 2.68671595e-03 6.93228450e-03 -9.87415285e-04
    endloop
  endfacet
  facet normal 0.00000000e+00 5.96420674e-01 -8.02672025e-01
    outer loop
      vertex 0.00000000e+00 3.94298334e-03 -6.37988106e-03
      vertex -6.08147201e-04 4.61731516e-03 -5.87882282e-03
      vertex 6.08147201e-04 4.61731516e-03 -5.87882282e-03
    endloop
  endfacet
  facet normal -8.05414856e-02 6.80461086e-01 -7.28344548e-01
    outer loop
      vertex -1.20466527e-03 5.20335358e-03 -5.26534834e-03
      vertex 0.00000000e+00 5.27180273e-03 -5.33461301e-03
      vertex -6.08147201e-04 4.61731516e-03 -5.87882282e-03
    endloop
  endfacet
  facet normal 8.05414856e-02 6.80461086e-01 -7.28344548e-01
    outer loop
      vertex 1.20466527e-03 5.20335358e-03 -5.26534834e-03
      vertex 6.08147201e-04 4.61731516e-03 -5.87882282e-03
      vertex 0.00000000e+00 5.27180273e-03 -5.33461301e-03
    endloop
  endfacet
  facet normal 0.00000000e+00 6.39354439e-01 -7.68912155e-01
    outer loop
      vertex -6.08147201e-04 4.61731516e-03 -5.87882282e-03
      vertex 0.00000000e+00 5.27180273e-03 -5.33461301e-03
      vertex 6.08147201e-04 4.61731516e-03 -5.87882282e-03
    endloop
  endfacet
  facet normal -2.33320392e-01 8.09504261e-01 -5.38761957e-01
    outer loop
      vertex -2.31762746e-03 6.06762746e-03 -3.75000000e-03
      vertex -1.17325849e-03 6.30133414e-03 -3.89443867e-03
      vertex -1.77814744e-03 5.68989225e-03 -4.55118862e-03
    endloop
  endfacet
  facet normal -7.84171500e-02 8.30386469e-01 -5.51642150e-01
    outer loop
      vertex 0.00000000e+00 6.37988106e-03 -3.94298334e-03
      vertex -6.08563887e-04 5.85153278e-03 -4.65179687e-03
      vertex -1.17325849e-03 6.30133414e-03 -3.89443867e-03
    endloop
  endfacet
  facet normal -1.58952361e-01 7.51866045e-01 -6.39868422e-01
    outer loop
      vertex -1.20466527e-03 5.20335358e-03 -5.26534834e-03
      vertex -1.77814744e-03 5.68989225e-03 -4.55118862e-03
      vertex -6.08563887e-04 5.85153278e-03 -4.65179687e-03
    endloop
  endfacet
  facet normal -1.60128712e-01 7.91679153e-01 -5.89578591e-01
    outer loop
      vertex -1.17325849e-03 6.30133414e-03 -3.89443867e-03
      vertex -6.08563887e-04 5.85153278e-03 -4.65179687e-03
      vertex -1.77814744e-03 5.68989225e-03 -4.55118862e-03
    endloop
  endfacet
  facet normal 2.33320392e-01 8.09504261e-01 -5.38761957e-01
    outer loop
      vertex 2.31762746e-03 6.06762746e-03 -3.75000000e-03
      vertex 1.77814744e-03 5.68989225e-03 -4.55118862e-03
      vertex 1.17325849e-03 6.30133414e-03 -3.89443867e-03
    endloop
  endfacet
  facet normal 1.58952361e-01 7.51866045e-01 -6.39868422e-01
    outer loop
      vertex 1.20466527e-03 5.20335358e-03 -5.26534834e-03
      vertex 6.08563887e-04 5.85153278e-03 -4.65179687e-03
      vertex 1.77814744e-03 5.68989225e-03 -4.55118862e-03
    endloop
  endfacet
  facet normal 7.84171500e-02 8.30386469e-01 -5.51642150e-01
    outer loop
      vertex 0.00000000e+00 6.37988106e-03 -3.94298334e-03
      vertex 1.17325849e-03 6.30133414e-03 -3.89443867e-03
      vertex 6.08563887e-04 5.85153278e-03 -4.65179687e-03
    endloop
  endfacet
  facet normal 1.60128712e-01 7.91679153e-01 -5.89578591e-01
    outer loop
      vertex 1.77814744e-03 5.68989225e-03 -4.55118862e-03
      vertex 6.08563887e-04 5.85153278e-03 -4.65179687e-03
      vertex 1.17325849e-03 6.30133414e-03 -3.89443867e-03
    endloop
  endfacet
  facet normal -8.05307856e-02 7.23271921e-01 -6.85851676e-01
    outer loop
      vertex -1.20466527e-03 5.20335358e-03 -5.26534834e-03
      vertex -6.08563887e-04 5.85153278e-03 -4.65179687e-03
      vertex 0.00000000e+00 5.27180273e-03 -5.33461301e-03
    endloop
  endfacet
  facet normal 0.00000000e+00 8.01767535e-01 -5.97636026e-01
    outer loop
      vertex 0.00000000e+00 6.37988106e-03 -3.94298334e-03
      vertex 6.08563887e-04 5.85153278e-03 -4.65179687e-03
      vertex -6.08563887e-04 5.85153278e-03 -4.65179687e-03
    endloop
  endfacet
  facet normal 8.05307856e-02 7.23271921e-01 -6.85851676e-01
    outer loop
      vertex 1.20466527e-03 5.20335358e-03 -5.26534834e-03
      vertex 0.00000000e+00 5.27180273e-03 -5.33461301e-03
      vertex 6.08563887e-04 5.85153278e-03 -4.65179687e-03
    endloop
  endfacet
  facet normal 0.00000000e+00 7.62304822e-01 -6.47218169e-01
    outer loop
      vertex -6.08563887e-04 5.85153278e-03 -4.65179687e-03
      vertex 6.08563887e-04 5.85153278e-03 -4.65179687e-03
      vertex 0.00000000e+00 5.27180273e-03 -5.33461301e-03
    endloop
  endfacet
  facet normal 0.00000000e+00 9.95747362e-01 -9.21259537e-02
    outer loop
      vertex 0.00000000e+00 7.50000000e-03 0.00000000e+00
      vertex 6.16818490e-04 7.40766255e-03 -9.98033281e-04
      vertex -6.16818490e-04 7.40766255e-03 -9.98033281e-04
    endloop
  endfacet
  facet normal 8.14255288e-02 9.71230961e-01 -2.23786292e-01
    outer loop
      vertex 1.21844886e-03 7.13292387e-03 -1.97149167e-03
      vertex 0.00000000e+00 7.22895948e-03 -1.99803526e-03
      vertex 6.16818490e-04 7.40766255e-03 -9.98033281e-04
    endloop
  endfacet
  facet normal -8.14255288e-02 9.71230961e-01 -2.23786292e-01
    outer loop
      vertex -1.21844886e-03 7.13292387e-03 -1.97149167e-03
      vertex -6.16818490e-04 7.40766255e-03 -9.98033281e-04
      vertex 0.00000000e+00 7.22895948e-03 -1.99803526e-03
    endloop
  endfacet
  facet normal 0.00000000e+00 9.84405201e-01 -1.75915892e-01
    outer loop
      vertex 6.16818490e-04 7.40766255e-03 -9.98033281e-04
      vertex 0.00000000e+00 7.22895948e-03 -1.99803526e-03
      vertex -6.16818490e-04 7.40766255e-03 -9.98033281e-04
    endloop
  endfacet
  facet normal 2.33171395e-01 8.51639515e-01 -4.69405196e-01
    outer loop
      vertex 2.31762746e-03 6.06762746e-03 -3.75000000e-03
      vertex 1.17325849e-03 6.30133414e-03 -3.89443867e-03
      vertex 1.79007698e-03 6.68254893e-03 -2.89640539e-03
    endloop
  endfacet
  facet normal 7.83671947e-02 8.72473626e-01 -4.82336350e-01
    outer loop
      vertex 0.00000000e+00 6.37988106e-03 -3.94298334e-03
      vertex 6.17426850e-04 6.84736870e-03 -2.99705289e-03
      vertex 1.17325849e-03 6.30133414e-03 -3.89443867e-03
    endloop
  endfacet
  facet normal 1.59792724e-01 9.22797371e-01 -3.50587076e-01
    outer loop
      vertex 1.21844886e-03 7.13292387e-03 -1.97149167e-03
      vertex 1.79007698e-03 6.68254893e-03 -2.89640539e-03
      vertex 6.17426850e-04 6.84736870e-03 -2.99705289e-03
    endloop
  endfacet
  facet normal 1.61878990e-01 8.84358483e-01 -4.37841600e-01
    outer loop
      vertex 1.17325849e-03 6.30133414e-03 -3.89443867e-03
      vertex 6.17426850e-04 6.84736870e-03 -2.99705289e-03
      vertex 1.79007698e-03 6.68254893e-03 -2.89640539e-03
    endloop
  endfacet
  facet normal -2.33171395e-01 8.51639515e-01 -4.69405196e-01
    outer loop
      vertex -2.31762746e-03 6.06762746e-03 -3.75000000e-03
      vertex -1.79007698e-03 6.68254893e-03 -2.89640539e-03
      vertex -1.17325849e-03 6.30133414e-03 -3.89443867e-03
    endloop
  endfacet
  facet normal -1.59792724e-01 9.22797371e-01 -3.50587076e-01
    outer loop
      vertex -1.21844886e-03 7.13292387e-03 -1.97149167e-03
      vertex -6.17426850e-04 6.84736870e-03 -2.99705289e-03
      vertex -1.79007698e-03 6.68254893e-03 -2.89640539e-03
    endloop
  endfacet
  facet normal -7.83671947e-02 8.72473626e-01 -4.82336350e-01
    outer loop
      vertex 0.00000000e+00 6.37988106e-03 -3.94298334e-03
      vertex -1.17325849e-03 6.30133414e-03 -3.89443867e-03
      vertex -6.17426850e-04 6.84736870e-03 -2.99705289e-03
    endloop
  endfacet
  facet normal -1.61878990e-01 8.84358483e-01 -4.37841600e-01
    outer loop
      vertex -1.79007698e-03 6.68254893e-03 -2.89640539e-03
      vertex -6.17426850e-04 6.84736870e-03 -2.99705289e-03
      vertex -1.17325849e-03 6.30133414e-03 -3.89443867e-03
    endloop
  endfacet
  facet normal 8.14076995e-02 9.46806803e-01 -3.11335293e-01
    outer loop
      vertex 1.21844886e-03 7.13292387e-03 -1.97149167e-03
      vertex 6.17426850e-04 6.84736870e-03 -2.99705289e-03
      vertex 0.00000000e+00 7.22895948e-03 -1.99803526e-03
    endloop
  endfacet
  facet normal 0.00000000e+00 8.96494078e-01 -4.43055717e-01
    outer loop
      vertex 0.00000000e+00 6.37988106e-03 -3.94298334e-03
      vertex -6.17426850e-04 6.84736870e-03 -2.99705289e-03
      vertex 6.17426850e-04 6.84736870e-03 -2.99705289e-03
    endloop
  endfacet
  facet normal -8.14076995e-02 9.46806803e-01 -3.11335293e-01
    outer loop
      vertex -1.21844886e-03 7.13292387e-03 -1.97149167e-03
      vertex 0.00000000e+00 7.22895948e-03 -1.99803526e-03
      vertex -6.17426850e-04 6.84736870e-03 -2.99705289e-03
    endloop
  endfacet
  facet normal 0.00000000e+00 9.34172359e-01 -3.56822090e-01
    outer loop
      vertex 6.17426850e-04 6.84736870e-03 -2.99705289e-03
      vertex -6.17426850e-04 6.84736870e-03 -2.99705289e-03
      vertex 0.00000000e+00 7.22895948e-03 -1.99803526e-03
    endloop
  endfacet
  facet normal -5.46249634e-01 8.33679433e-01 -8.11784483e-02
    outer loop
      vertex -3.94298334e-03 6.37988106e-03 0.00000000e+00
      vertex -3.63331232e-03 6.48697002e-03 -9.84002841e-04
      vertex -4.61731516e-03 5.87882282e-03 -6.08147201e-04
    endloop
  endfacet
  facet normal -5.00141955e-01 8.39787899e-01 -2.11220996e-01
    outer loop
      vertex -3.25416423e-03 6.47001360e-03 -1.94918935e-03
      vertex -4.28438744e-03 5.94486922e-03 -1.59767149e-03
      vertex -3.63331232e-03 6.48697002e-03 -9.84002841e-04
    endloop
  endfacet
  facet normal -6.30460816e-01 7.59246413e-01 -1.61443621e-01
    outer loop
      vertex -5.20335358e-03 5.26534834e-03 -1.20466527e-03
      vertex -4.61731516e-03 5.87882282e-03 -6.08147201e-04
      vertex -4.28438744e-03 5.94486922e-03 -1.59767149e-03
    endloop
  endfacet
  facet normal -5.57284142e-01 8.19634387e-01 -1.32792529e-01
    outer loop
      vertex -3.63331232e-03 6.48697002e-03 -9.84002841e-04
      vertex -4.28438744e-03 5.94486922e-03 -1.59767149e-03
      vertex -4.61731516e-03 5.87882282e-03 -6.08147201e-04
    endloop
  endfacet
  facet normal -3.82478568e-01 8.02678349e-01 -4.57621692e-01
    outer loop
      vertex -2.31762746e-03 6.06762746e-03 -3.75000000e-03
      vertex -3.40492875e-03 5.68451565e-03 -3.51322388e-03
      vertex -2.81278926e-03 6.32933606e-03 -2.87710300e-03
    endloop
  endfacet
  facet normal -5.22219227e-01 7.42099980e-01 -4.20207922e-01
    outer loop
      vertex -4.40838939e-03 5.16143220e-03 -3.18994053e-03
      vertex -3.87091215e-03 5.87588774e-03 -2.59614761e-03
      vertex -3.40492875e-03 5.68451565e-03 -3.51322388e-03
    endloop
  endfacet
  facet normal -4.45068077e-01 8.29479994e-01 -3.37457178e-01
    outer loop
      vertex -3.25416423e-03 6.47001360e-03 -1.94918935e-03
      vertex -2.81278926e-03 6.32933606e-03 -2.87710300e-03
      vertex -3.87091215e-03 5.87588774e-03 -2.59614761e-03
    endloop
  endfacet
  facet normal -4.48482532e-01 8.01685768e-01 -3.95175087e-01
    outer loop
      vertex -3.40492875e-03 5.68451565e-03 -3.51322388e-03
      vertex -3.87091215e-03 5.87588774e-03 -2.59614761e-03
      vertex -2.81278926e-03 6.32933606e-03 -2.87710300e-03
    endloop
  endfacet
  facet normal -7.59998894e-01 5.69357957e-01 -3.13421759e-01
    outer loop
      vertex -6.06762746e-03 3.75000000e-03 -2.31762746e-03
      vertex -5.68989225e-03 4.55118862e-03 -1.77814744e-03
      vertex -5.30330086e-03 4.51125716e-03 -2.78811026e-03
    endloop
  endfacet
  facet normal -7.02258401e-01 6.70527632e-01 -2.39219216e-01
    outer loop
      vertex -5.20335358e-03 5.26534834e-03 -1.20466527e-03
      vertex -4.85558920e-03 5.26732385e-03 -2.22003444e-03
      vertex -5.68989225e-03 4.55118862e-03 -1.77814744e-03
    endloop
  endfacet
  facet normal -6.49100841e-01 6.63682830e-01 -3.71743458e-01
    outer loop
      vertex -4.40838939e-03 5.16143220e-03 -3.18994053e-03
      vertex -5.30330086e-03 4.51125716e-03 -2.78811026e-03
      vertex -4.85558920e-03 5.26732385e-03 -2.22003444e-03
    endloop
  endfacet
  facet normal -7.07576229e-01 6.41557056e-01 -2.96210100e-01
    outer loop
      vertex -5.68989225e-03 4.55118862e-03 -1.77814744e-03
      vertex -4.85558920e-03 5.26732385e-03 -2.22003444e-03
      vertex -5.30330086e-03 4.51125716e-03 -2.78811026e-03
    endloop
  endfacet
  facet normal -5.08425010e-01 8.18634369e-01 -2.67098819e-01
    outer loop
      vertex -3.25416423e-03 6.47001360e-03 -1.94918935e-03
      vertex -3.87091215e-03 5.87588774e-03 -2.59614761e-03
      vertex -4.28438744e-03 5.94486922e-03 -1.59767149e-03
    endloop
  endfacet
  facet normal -5.85563456e-01 7.31257495e-01 -3.49825549e-01
    outer loop
      vertex -4.40838939e-03 5.16143220e-03 -3.18994053e-03
      vertex -4.85558920e-03 5.26732385e-03 -2.22003444e-03
      vertex -3.87091215e-03 5.87588774e-03 -2.59614761e-03
    endloop
  endfacet
  facet normal -6.38726558e-01 7.38103584e-01 -2.17328056e-01
    outer loop
      vertex -5.20335358e-03 5.26534834e-03 -1.20466527e-03
      vertex -4.28438744e-03 5.94486922e-03 -1.59767149e-03
      vertex -4.85558920e-03 5.26732385e-03 -2.22003444e-03
    endloop
  endfacet
  facet normal -5.81153824e-01 7.59175643e-01 -2.93108471e-01
    outer loop
      vertex -3.87091215e-03 5.87588774e-03 -2.59614761e-03
      vertex -4.85558920e-03 5.26732385e-03 -2.22003444e-03
      vertex -4.28438744e-03 5.94486922e-03 -1.59767149e-03
    endloop
  endfacet
  facet normal -8.11784483e-02 5.46249634e-01 -8.33679433e-01
    outer loop
      vertex 0.00000000e+00 3.94298334e-03 -6.37988106e-03
      vertex -9.84002841e-04 3.63331232e-03 -6.48697002e-03
      vertex -6.08147201e-04 4.61731516e-03 -5.87882282e-03
    endloop
  endfacet
  facet normal -2.11220996e-01 5.00141955e-01 -8.39787899e-01
    outer loop
      vertex -1.94918935e-03 3.25416423e-03 -6.47001360e-03
      vertex -1.59767149e-03 4.28438744e-03 -5.94486922e-03
      vertex -9.84002841e-04 3.63331232e-03 -6.48697002e-03
    endloop
  endfacet
  facet normal -1.61443621e-01 6.30460816e-01 -7.59246413e-01
    outer loop
      vertex -1.20466527e-03 5.20335358e-03 -5.26534834e-03
      vertex -6.08147201e-04 4.61731516e-03 -5.87882282e-03
      vertex -1.59767149e-03 4.28438744e-03 -5.94486922e-03
    endloop
  endfacet
  facet normal -1.32792529e-01 5.57284142e-01 -8.19634387e-01
    outer loop
      vertex -9.84002841e-04 3.63331232e-03 -6.48697002e-03
      vertex -1.59767149e-03 4.28438744e-03 -5.94486922e-03
      vertex -6.08147201e-04 4.61731516e-03 -5.87882282e-03
    endloop
  endfacet
  facet normal -4.57621692e-01 3.82478568e-01 -8.02678349e-01
    outer loop
      vertex -3.75000000e-03 2.31762746e-03 -6.06762746e-03
      vertex -3.51322388e-03 3.40492875e-03 -5.68451565e-03
      vertex -2.87710300e-03 2.81278926e-03 -6.32933606e-03
    endloop
  endfacet
  facet normal -4.20207922e-01 5.22219227e-01 -7.42099980e-01
    outer loop
      vertex -3.18994053e-03 4.40838939e-03 -5.16143220e-03
      vertex -2.59614761e-03 3.87091215e-03 -5.87588774e-03
      vertex -3.51322388e-03 3.40492875e-03 -5.68451565e-03
    endloop
  endfacet
  facet normal -3.37457178e-01 4.45068077e-01 -8.29479994e-01
    outer loop
      vertex -1.94918935e-03 3.25416423e-03 -6.47001360e-03
      vertex -2.87710300e-03 2.81278926e-03 -6.32933606e-03
      vertex -2.59614761e-03 3.87091215e-03 -5.87588774e-03
    endloop
  endfacet
  facet normal -3.95175087e-01 4.48482532e-01 -8.01685768e-01
    outer loop
      vertex -3.51322388e-03 3.40492875e-03 -5.68451565e-03
      vertex -2.59614761e-03 3.87091215e-03 -5.87588774e-03
      vertex -2.87710300e-03 2.81278926e-03 -6.32933606e-03
    endloop
  endfacet
  facet normal -3.13421759e-01 7.59998894e-01 -5.69357957e-01
    outer loop
      vertex -2.31762746e-03 6.06762746e-03 -3.75000000e-03
      vertex -1.77814744e-03 5.68989225e-03 -4.55118862e-03
      vertex -2.78811026e-03 5.30330086e-03 -4.51125716e-03
    endloop
  endfacet
  facet normal -2.39219216e-01 7.02258401e-01 -6.70527632e-01
    outer loop
      vertex -1.20466527e-03 5.20335358e-03 -5.26534834e-03
      vertex -2.22003444e-03 4.85558920e-03 -5.26732385e-03
      vertex -1.77814744e-03 5.68989225e-03 -4.55118862e-03
    endloop
  endfacet
  facet normal -3.71743458e-01 6.49100841e-01 -6.63682830e-01
    outer loop
      vertex -3.18994053e-03 4.40838939e-03 -5.16143220e-03
      vertex -2.78811026e-03 5.30330086e-03 -4.51125716e-03
      vertex -2.22003444e-03 4.85558920e-03 -5.26732385e-03
    endloop
  endfacet
  facet normal -2.96210100e-01 7.07576229e-01 -6.41557056e-01
    outer loop
      vertex -1.77814744e-03 5.68989225e-03 -4.55118862e-03
      vertex -2.22003444e-03 4.85558920e-03 -5.26732385e-03
      vertex -2.78811026e-03 5.30330086e-03 -4.51125716e-03
    endloop
  endfacet
  facet normal -2.67098819e-01 5.08425010e-01 -8.18634369e-01
    outer loop
      vertex -1.94918935e-03 3.25416423e-03 -6.47001360e-03
      vertex -2.59614761e-03 3.87091215e-03 -5.87588774e-03
      vertex -1.59767149e-03 4.28438744e-03 -5.94486922e-03
    endloop
  endfacet
  facet normal -3.49825549e-01 5.85563456e-01 -7.31257495e-01
    outer loop
      vertex -3.18994053e-03 4.40838939e-03 -5.16143220e-03
      vertex -2.22003444e-03 4.85558920e-03 -5.26732385e-03
      vertex -2.59614761e-03 3.87091215e-03 -5.87588774e-03
    endloop
  endfacet
  facet normal -2.17328056e-01 6.38726558e-01 -7.38103584e-01
    outer loop
      vertex -1.20466527e-03 5.20335358e-03 -5.26534834e-03
      vertex -1.59767149e-03 4.28438744e-03 -5.94486922e-03
      vertex -2.22003444e-03 4.85558920e-03 -5.26732385e-03
    endloop
  endfacet
  facet normal -2.93108471e-01 5.81153824e-01 -7.59175643e-01
    outer loop
      vertex -2.59614761e-03 3.87091215e-03 -5.87588774e-03
      vertex -2.22003444e-03 4.85558920e-03 -5.26732385e-03
      vertex -1.59767149e-03 4.28438744e-03 -5.94486922e-03
    endloop
  endfacet
  facet normal -8.33679433e-01 8.11784483e-02 -5.46249634e-01
    outer loop
      vertex -6.37988106e-03 0.00000000e+00 -3.94298334e-03
      vertex -6.48697002e-03 9.84002841e-04 -3.63331232e-03
      vertex -5.87882282e-03 6.08147201e-04 -4.61731516e-03
    endloop
  endfacet
  facet normal -8.39787899e-01 2.11220996e-01 -5.00141955e-01
    outer loop
      vertex -6.47001360e-03 1.94918935e-03 -3.25416423e-03
      vertex -5.94486922e-03 1.59767149e-03 -4.28438744e-03
      vertex -6.48697002e-03 9.84002841e-04 -3.63331232e-03
    endloop
  endfacet
  facet normal -7.59246413e-01 1.61443621e-01 -6.30460816e-01
    outer loop
      vertex -5.26534834e-03 1.20466527e-03 -5.20335358e-03
      vertex -5.87882282e-03 6.08147201e-04 -4.61731516e-03
      vertex -5.94486922e-03 1.59767149e-03 -4.28438744e-03
    endloop
  endfacet
  facet normal -8.19634387e-01 1.32792529e-01 -5.57284142e-01
    outer loop
      vertex -6.48697002e-03 9.84002841e-04 -3.63331232e-03
      vertex -5.94486922e-03 1.59767149e-03 -4.28438744e-03
      vertex -5.87882282e-03 6.08147201e-04 -4.61731516e-03
    endloop
  endfacet
  facet normal -8.02678349e-01 4.57621692e-01 -3.82478568e-01
    outer loop
      vertex -6.06762746e-03 3.75000000e-03 -2.31762746e-03
      vertex -5.68451565e-03 3.51322388e-03 -3.40492875e-03
      vertex -6.32933606e-03 2.87710300e-03 -2.81278926e-03
    endloop
  endfacet
  facet normal -7.42099980e-01 4.20207922e-01 -5.22219227e-01
    outer loop
      vertex -5.16143220e-03 3.18994053e-03 -4.40838939e-03
      vertex -5.87588774e-03 2.59614761e-03 -3.87091215e-03
      vertex -5.68451565e-03 3.51322388e-03 -3.40492875e-03
    endloop
  endfacet
  facet normal -8.29479994e-01 3.37457178e-01 -4.45068077e-01
    outer loop
      vertex -6.47001360e-03 1.94918935e-03 -3.25416423e-03
      vertex -6.32933606e-03 2.87710300e-03 -2.81278926e-03
      vertex -5.87588774e-03 2.59614761e-03 -3.87091215e-03
    endloop
  endfacet
  facet normal -8.01685768e-01 3.95175087e-01 -4.48482532e-01
    outer loop
      vertex -5.68451565e-03 3.51322388e-03 -3.40492875e-03
      vertex -5.87588774e-03 2.59614761e-03 -3.87091215e-03
      vertex -6.32933606e-03 2.87710300e-03 -2.81278926e-03
    endloop
  endfacet
  facet normal -5.69357957e-01 3.13421759e-01 -7.59998894e-01
    outer loop
      vertex -3.75000000e-03 2.31762746e-03 -6.06762746e-03
      vertex -4.55118862e-03 1.77814744e-03 -5.68989225e-03
      vertex -4.51125716e-03 2.78811026e-03 -5.30330086e-03
    endloop
  endfacet
  facet normal -6.70527632e-01 2.39219216e-01 -7.02258401e-01
    outer loop
      vertex -5.26534834e-03 1.20466527e-03 -5.20335358e-03
      vertex -5.26732385e-03 2.22003444e-03 -4.85558920e-03
      vertex -4.55118862e-03 1.77814744e-03 -5.68989225e-03
    endloop
  endfacet
  facet normal -6.63682830e-01 3.71743458e-01 -6.49100841e-01
    outer loop
      vertex -5.16143220e-03 3.18994053e-03 -4.40838939e-03
      vertex -4.51125716e-03 2.78811026e-03 -5.30330086e-03
      vertex -5.26732385e-03 2.22003444e-03 -4.85558920e-03
    endloop
  endfacet
  facet normal -6.41557056e-01 2.96210100e-01 -7.07576229e-01
    outer loop
      vertex -4.55118862e-03 1.77814744e-03 -5.68989225e-03
      vertex -5.26732385e-03 2.22003444e-03 -4.85558920e-03
      vertex -4.51125716e-03 2.78811026e-03 -5.30330086e-03
    endloop
  endfacet
  facet normal -8.18634369e-01 2.67098819e-01 -5.08425010e-01
    outer loop
      vertex -6.47001360e-03 1.94918935e-03 -3.25416423e-03
      vertex -5.87588774e-03 2.59614761e-03 -3.87091215e-03
      vertex -5.94486922e-03 1.59767149e-03 -4.28438744e-03
    endloop
  endfacet
  facet normal -7.31257495e-01 3.49825549e-01 -5.85563456e-01
    outer loop
      vertex -5.16143220e-03 3.18994053e-03 -4.40838939e-03
      vertex -5.26732385e-03 2.22003444e-03 -4.85558920e-03
      vertex -5.87588774e-03 2.59614761e-03 -3.87091215e-03
    endloop
  endfacet
  facet normal -7.38103584e-01 2.17328056e-01 -6.38726558e-01
    outer loop
      vertex -5.26534834e-03 1.20466527e-03 -5.20335358e-03
      vertex -5.94486922e-03 1.59767149e-03 -4.28438744e-03
      vertex -5.26732385e-03 2.22003444e-03 -4.85558920e-03
    endloop
  endfacet
  facet normal -7.59175643e-01 2.93108471e-01 -5.81153824e-01
    outer loop
      vertex -5.87588774e-03 2.59614761e-03 -3.87091215e-03
      vertex -5.26732385e-03 2.22003444e-03 -4.85558920e-03
      vertex -5.94486922e-03 1.59767149e-03 -4.28438744e-03
    endloop
  endfacet
  facet normal -3.82234319e-01 7.59513561e-01 -5.26342166e-01
    outer loop
      vertex -2.31762746e-03 6.06762746e-03 -3.75000000e-03
      vertex -2.78811026e-03 5.30330086e-03 -4.51125716e-03
      vertex -3.40492875e-03 5.68451565e-03 -3.51322388e-03
    endloop
  endfacet
  facet normal -4.40461021e-01 6.48687335e-01 -6.20643884e-01
    outer loop
      vertex -3.18994053e-03 4.40838939e-03 -5.16143220e-03
      vertex -3.85031581e-03 4.84933344e-03 -4.23190659e-03
      vertex -2.78811026e-03 5.30330086e-03 -4.51125716e-03
    endloop
  endfacet
  facet normal -5.21886550e-01 6.99011079e-01 -4.88894611e-01
    outer loop
      vertex -4.40838939e-03 5.16143220e-03 -3.18994053e-03
      vertex -3.40492875e-03 5.68451565e-03 -3.51322388e-03
      vertex -3.85031581e-03 4.84933344e-03 -4.23190659e-03
    endloop
  endfacet
  facet normal -4.46516882e-01 7.08442591e-01 -5.46563600e-01
    outer loop
      vertex -2.78811026e-03 5.30330086e-03 -4.51125716e-03
      vertex -3.85031581e-03 4.84933344e-03 -4.23190659e-03
      vertex -3.40492875e-03 5.68451565e-03 -3.51322388e-03
    endloop
  endfacet
  facet normal -5.26342166e-01 3.82234319e-01 -7.59513561e-01
    outer loop
      vertex -3.75000000e-03 2.31762746e-03 -6.06762746e-03
      vertex -4.51125716e-03 2.78811026e-03 -5.30330086e-03
      vertex -3.51322388e-03 3.40492875e-03 -5.68451565e-03
    endloop
  endfacet
  facet normal -6.20643884e-01 4.40461021e-01 -6.48687335e-01
    outer loop
      vertex -5.16143220e-03 3.18994053e-03 -4.40838939e-03
      vertex -4.23190659e-03 3.85031581e-03 -4.84933344e-03
      vertex -4.51125716e-03 2.78811026e-03 -5.30330086e-03
    endloop
  endfacet
  facet normal -4.88894611e-01 5.21886550e-01 -6.99011079e-01
    outer loop
      vertex -3.18994053e-03 4.40838939e-03 -5.16143220e-03
      vertex -3.51322388e-03 3.40492875e-03 -5.68451565e-03
      vertex -4.23190659e-03 3.85031581e-03 -4.84933344e-03
    endloop
  endfacet
  facet normal -5.46563600e-01 4.46516882e-01 -7.08442591e-01
    outer loop
      vertex -4.51125716e-03 2.78811026e-03 -5.30330086e-03
      vertex -4.23190659e-03 3.85031581e-03 -4.84933344e-03
      vertex -3.51322388e-03 3.40492875e-03 -5.68451565e-03
    endloop
  endfacet
  facet normal -7.59513561e-01 5.26342166e-01 -3.82234319e-01
    outer loop
      vertex -6.06762746e-03 3.75000000e-03 -2.31762746e-03
      vertex -5.30330086e-03 4.51125716e-03 -2.78811026e-03
      vertex -5.68451565e-03 3.51322388e-03 -3.40492875e-03
    endloop
  endfacet
  facet normal -6.48687335e-01 6.20643884e-01 -4.40461021e-01
    outer loop
      vertex -4.40838939e-03 5.16143220e-03 -3.18994053e-03
      vertex -4.84933344e-03 4.23190659e-03 -3.85031581e-03
      vertex -5.30330086e-03 4.51125716e-03 -2.78811026e-03
    endloop
  endfacet
  facet normal -6.99011079e-01 4.88894611e-01 -5.21886550e-01
    outer loop
      vertex -5.16143220e-03 3.18994053e-03 -4.40838939e-03
      vertex -5.68451565e-03 3.51322388e-03 -3.40492875e-03
      vertex -4.84933344e-03 4.23190659e-03 -3.85031581e-03
    endloop
  endfacet
  facet normal -7.08442591e-01 5.46563600e-01 -4.46516882e-01
    outer loop
      vertex -5.30330086e-03 4.51125716e-03 -2.78811026e-03
      vertex -4.84933344e-03 4.23190659e-03 -3.85031581e-03
      vertex -5.68451565e-03 3.51322388e-03 -3.40492875e-03
    endloop
  endfacet
  facet normal -5.03751085e-01 5.85158785e-01 -6.35471510e-01
    outer loop
      vertex -3.18994053e-03 4.40838939e-03 -5.16143220e-03
      vertex -4.23190659e-03 3.85031581e-03 -4.84933344e-03
      vertex -3.85031581e-03 4.84933344e-03 -4.23190659e-03
    endloop
  endfacet
  facet normal -6.35471510e-01 5.03751085e-01 -5.85158785e-01
    outer loop
      vertex -5.16143220e-03 3.18994053e-03 -4.40838939e-03
      vertex -4.84933344e-03 4.23190659e-03 -3.85031581e-03
      vertex -4.23190659e-03 3.85031581e-03 -4.84933344e-03
    endloop
  endfacet
  facet normal -5.85158785e-01 6.35471510e-01 -5.03751085e-01
    outer loop
      vertex -4.40838939e-03 5.16143220e-03 -3.18994053e-03
      vertex -3.85031581e-03 4.84933344e-03 -4.23190659e-03
      vertex -4.84933344e-03 4.23190659e-03 -3.85031581e-03
    endloop
  endfacet
  facet normal -5.77350269e-01 5.77350269e-01 -5.77350269e-01
    outer loop
      vertex -4.23190659e-03 3.85031581e-03 -4.84933344e-03
      vertex -4.84933344e-03 4.23190659e-03 -3.85031581e-03
      vertex -3.85031581e-03 4.84933344e-03 -4.23190659e-03
    endloop
  endfacet
  facet normal -5.96420674e-01 8.02672025e-01 0.00000000e+00
    outer loop
      vertex -3.94298334e-03 6.37988106e-03 0.00000000e+00
      vertex -4.61731516e-03 5.87882282e-03 -6.08147201e-04
      vertex -4.61731516e-03 5.87882282e-03 6.08147201e-04
    endloop
  endfacet
  facet normal -6.80461086e-01 7.28344548e-01 -8.05414856e-02
    outer loop
      vertex -5.20335358e-03 5.26534834e-03 -1.20466527e-03
      vertex -5.27180273e-03 5.33461301e-03 0.00000000e+00
      vertex -4.61731516e-03 5.87882282e-03 -6.08147201e-04
    endloop
  endfacet
  facet normal -6.80461086e-01 7.28344548e-01 8.05414856e-02
    outer loop
      vertex -5.20335358e-03 5.26534834e-03 1.20466527e-03
      vertex -4.61731516e-03 5.87882282e-03 6.08147201e-04
      vertex -5.27180273e-03 5.33461301e-03 0.00000000e+00
    endloop
  endfacet
  facet normal -6.39354439e-01 7.68912155e-01 0.00000000e+00
    outer loop
      vertex -4.61731516e-03 5.87882282e-03 -6.08147201e-04
      vertex -5.27180273e-03 5.33461301e-03 0.00000000e+00
      vertex -4.61731516e-03 5.87882282e-03 6.08147201e-04
    endloop
  endfacet
  facet normal -8.09504261e-01 5.38761957e-01 -2.33320392e-01
    outer loop
      vertex -6.06762746e-03 3.75000000e-03 -2.31762746e-03
      vertex -6.30133414e-03 3.89443867e-03 -1.17325849e-03
      vertex -5.68989225e-03 4.55118862e-03 -1.77814744e-03
    endloop
  endfacet
  facet normal -8.30386469e-01 5.51642150e-01 -7.84171500e-02
    outer loop
      vertex -6.37988106e-03 3.94298334e-03 0.00000000e+00
      vertex -5.85153278e-03 4.65179687e-03 -6.08563887e-04
      vertex -6.30133414e-03 3.89443867e-03 -1.17325849e-03
    endloop
  endfacet
  facet normal -7.51866045e-01 6.39868422e-01 -1.58952361e-01
    outer loop
      vertex -5.20335358e-03 5.26534834e-03 -1.20466527e-03
      vertex -5.68989225e-03 4.55118862e-03 -1.77814744e-03
      vertex -5.85153278e-03 4.65179687e-03 -6.08563887e-04
    endloop
  endfacet
  facet normal -7.91679153e-01 5.89578591e-01 -1.60128712e-01
    outer loop
      vertex -6.30133414e-03 3.89443867e-03 -1.17325849e-03
      vertex -5.85153278e-03 4.65179687e-03 -6.08563887e-04
      vertex -5.68989225e-03 4.55118862e-03 -1.77814744e-03
    endloop
  endfacet
  facet normal -8.09504261e-01 5.38761957e-01 2.33320392e-01
    outer loop
      vertex -6.06762746e-03 3.75000000e-03 2.31762746e-03
      vertex -5.68989225e-03 4.55118862e-03 1.77814744e-03
      vertex -6.30133414e-03 3.89443867e-03 1.17325849e-03
    endloop
  endfacet
  facet normal -7.51866045e-01 6.39868422e-01 1.58952361e-01
    outer loop
      vertex -5.20335358e-03 5.26534834e-03 1.20466527e-03
      vertex -5.85153278e-03 4.65179687e-03 6.08563887e-04
      vertex -5.68989225e-03 4.55118862e-03 1.77814744e-03
    endloop
  endfacet
  facet normal -8.30386469e-01 5.51642150e-01 7.84171500e-02
    outer loop
      vertex -6.37988106e-03 3.94298334e-03 0.00000000e+00
      vertex -6.30133414e-03 3.89443867e-03 1.17325849e-03
      vertex -5.85153278e-03 4.65179687e-03 6.08563887e-04
    endloop
  endfacet
  facet normal -7.91679153e-01 5.89578591e-01 1.60128712e-01
    outer loop
      vertex -5.68989225e-03 4.55118862e-03 1.77814744e-03
      vertex -5.85153278e-03 4.65179687e-03 6.08563887e-04
      vertex -6.30133414e-03 3.89443867e-03 1.17325849e-03
    endloop
  endfacet
  facet normal -7.23271921e-01 6.85851676e-01 -8.05307856e-02
    outer loop
      vertex -5.20335358e-03 5.26534834e-03 -1.20466527e-03
      vertex -5.85153278e-03 4.65179687e-03 -6.08563887e-04
      vertex -5.27180273e-03 5.33461301e-03 0.00000000e+00
    endloop
  endfacet
  facet normal -8.01767535e-01 5.97636026e-01 0.00000000e+00
    outer loop
      vertex -6.37988106e-03 3.94298334e-03 0.00000000e+00
      vertex -5.85153278e-03 4.65179687e-03 6.08563887e-04
      vertex -5.85153278e-03 4.65179687e-03 -6.08563887e-04
    endloop
  endfacet
  facet normal -7.23271921e-01 6.85851676e-01 8.05307856e-02
    outer loop
      vertex -5.20335358e-03 5.26534834e-03 1.20466527e-03
      vertex -5.27180273e-03 5.33461301e-03 0.00000000e+00
      vertex -5.85153278e-03 4.65179687e-03 6.08563887e-04
    endloop
  endfacet
  facet normal -7.62304822e-01 6.47218169e-01 0.00000000e+00
    outer loop
      vertex -5.85153278e-03 4.65179687e-03 -6.08563887e-04
      vertex -5.85153278e-03 4.65179687e-03 6.08563887e-04
      vertex -5.27180273e-03 5.33461301e-03 0.00000000e+00
    endloop
  endfacet
  facet normal -8.83850473e-01 5.01710402e-02 -4.65071185e-01
    outer loop
      vertex -6.37988106e-03 0.00000000e+00 -3.94298334e-03
      vertex -6.86282566e-03 0.00000000e+00 -3.02516511e-03
      vertex -6.48697002e-03 9.84002841e-04 -3.63331232e-03
    endloop
  endfacet
  facet normal -9.39565544e-01 5.00002693e-02 -3.38698334e-01
    outer loop
      vertex -7.21453768e-03 0.00000000e+00 -2.04949897e-03
      vertex -6.93228450e-03 9.87415285e-04 -2.68671595e-03
      vertex -6.86282566e-03 0.00000000e+00 -3.02516511e-03
    endloop
  endfacet
  facet normal -8.89788168e-01 1.80319130e-01 -4.19239820e-01
    outer loop
      vertex -6.47001360e-03 1.94918935e-03 -3.25416423e-03
      vertex -6.48697002e-03 9.84002841e-04 -3.63331232e-03
      vertex -6.93228450e-03 9.87415285e-04 -2.68671595e-03
    endloop
  endfacet
  facet normal -9.01704684e-01 8.20702965e-02 -4.24491613e-01
    outer loop
      vertex -6.86282566e-03 0.00000000e+00 -3.02516511e-03
      vertex -6.93228450e-03 9.87415285e-04 -2.68671595e-03
      vertex -6.48697002e-03 9.84002841e-04 -3.63331232e-03
    endloop
  endfacet
  facet normal -9.96383649e-01 4.95053672e-02 -6.90568093e-02
    outer loop
      vertex -7.50000000e-03 0.00000000e+00 0.00000000e+00
      vertex -7.40766255e-03 9.98033281e-04 -6.16818490e-04
      vertex -7.42829161e-03 0.00000000e+00 -1.03464182e-03
    endloop
  endfacet
  facet normal -9.71850073e-01 1.81285628e-01 -1.50475768e-01
    outer loop
      vertex -7.13292387e-03 1.97149167e-03 -1.21844886e-03
      vertex -7.24794448e-03 9.95943576e-04 -1.65087771e-03
      vertex -7.40766255e-03 9.98033281e-04 -6.16818490e-04
    endloop
  endfacet
  facet normal -9.77325600e-01 4.96076443e-02 -2.05848861e-01
    outer loop
      vertex -7.21453768e-03 0.00000000e+00 -2.04949897e-03
      vertex -7.42829161e-03 0.00000000e+00 -1.03464182e-03
      vertex -7.24794448e-03 9.95943576e-04 -1.65087771e-03
    endloop
  endfacet
  facet normal -9.84753677e-01 8.41029235e-02 -1.52272431e-01
    outer loop
      vertex -7.40766255e-03 9.98033281e-04 -6.16818490e-04
      vertex -7.24794448e-03 9.95943576e-04 -1.65087771e-03
      vertex -7.42829161e-03 0.00000000e+00 -1.03464182e-03
    endloop
  endfacet
  facet normal -8.52183716e-01 4.27025692e-01 -3.02377202e-01
    outer loop
      vertex -6.06762746e-03 3.75000000e-03 -2.31762746e-03
      vertex -6.32933606e-03 2.87710300e-03 -2.81278926e-03
      vertex -6.68254893e-03 2.89640539e-03 -1.79007698e-03
    endloop
  endfacet
  facet normal -8.79087638e-01 3.06797967e-01 -3.64801223e-01
    outer loop
      vertex -6.47001360e-03 1.94918935e-03 -3.25416423e-03
      vertex -6.87183131e-03 1.98062063e-03 -2.25944159e-03
      vertex -6.32933606e-03 2.87710300e-03 -2.81278926e-03
    endloop
  endfacet
  facet normal -9.23385609e-01 3.08167242e-01 -2.28892918e-01
    outer loop
      vertex -7.13292387e-03 1.97149167e-03 -1.21844886e-03
      vertex -6.68254893e-03 2.89640539e-03 -1.79007698e-03
      vertex -6.87183131e-03 1.98062063e-03 -2.25944159e-03
    endloop
  endfacet
  facet normal -8.85788691e-01 3.43196621e-01 -3.12401143e-01
    outer loop
      vertex -6.32933606e-03 2.87710300e-03 -2.81278926e-03
      vertex -6.87183131e-03 1.98062063e-03 -2.25944159e-03
      vertex -6.68254893e-03 2.89640539e-03 -1.79007698e-03
    endloop
  endfacet
  facet normal -9.52950495e-01 8.45453627e-02 -2.91096954e-01
    outer loop
      vertex -7.21453768e-03 0.00000000e+00 -2.04949897e-03
      vertex -7.24794448e-03 9.95943576e-04 -1.65087771e-03
      vertex -6.93228450e-03 9.87415285e-04 -2.68671595e-03
    endloop
  endfacet
  facet normal -9.47461575e-01 2.16204079e-01 -2.35737907e-01
    outer loop
      vertex -7.13292387e-03 1.97149167e-03 -1.21844886e-03
      vertex -6.87183131e-03 1.98062063e-03 -2.25944159e-03
      vertex -7.24794448e-03 9.95943576e-04 -1.65087771e-03
    endloop
  endfacet
  facet normal -9.03179732e-01 2.14846911e-01 -3.71627739e-01
    outer loop
      vertex -6.47001360e-03 1.94918935e-03 -3.25416423e-03
      vertex -6.93228450e-03 9.87415285e-04 -2.68671595e-03
      vertex -6.87183131e-03 1.98062063e-03 -2.25944159e-03
    endloop
  endfacet
  facet normal -9.40326640e-01 1.81150998e-01 -2.88045353e-01
    outer loop
      vertex -7.24794448e-03 9.95943576e-04 -1.65087771e-03
      vertex -6.87183131e-03 1.98062063e-03 -2.25944159e-03
      vertex -6.93228450e-03 9.87415285e-04 -2.68671595e-03
    endloop
  endfacet
  facet normal -8.83850473e-01 5.01710402e-02 4.65071185e-01
    outer loop
      vertex -6.37988106e-03 0.00000000e+00 3.94298334e-03
      vertex -6.48697002e-03 9.84002841e-04 3.63331232e-03
      vertex -6.86282566e-03 0.00000000e+00 3.02516511e-03
    endloop
  endfacet
  facet normal -8.89788168e-01 1.80319130e-01 4.19239820e-01
    outer loop
      vertex -6.47001360e-03 1.94918935e-03 3.25416423e-03
      vertex -6.93228450e-03 9.87415285e-04 2.68671595e-03
      vertex -6.48697002e-03 9.84002841e-04 3.63331232e-03
    endloop
  endfacet
  facet normal -9.39565544e-01 5.00002693e-02 3.38698334e-01
    outer loop
      vertex -7.21453768e-03 0.00000000e+00 2.04949897e-03
      vertex -6.86282566e-03 0.00000000e+00 3.02516511e-03
      vertex -6.93228450e-03 9.87415285e-04 2.68671595e-03
    endloop
  endfacet
  facet normal -9.01704684e-01 8.20702965e-02 4.24491613e-01
    outer loop
      vertex -6.48697002e-03 9.84002841e-04 3.63331232e-03
      vertex -6.93228450e-03 9.87415285e-04 2.68671595e-03
      vertex -6.86282566e-03 0.00000000e+00 3.02516511e-03
    endloop
  endfacet
  facet normal -8.52183716e-01 4.27025692e-01 3.02377202e-01
    outer loop
      vertex -6.06762746e-03 3.75000000e-03 2.31762746e-03
      vertex -6.68254893e-03 2.89640539e-03 1.79007698e-03
      vertex -6.32933606e-03 2.87710300e-03 2.81278926e-03
    endloop
  endfacet
  facet normal -9.23385609e-01 3.08167242e-01 2.28892918e-01
    outer loop
      vertex -7.13292387e-03 1.97149167e-03 1.21844886e-03
      vertex -6.87183131e-03 1.98062063e-03 2.25944159e-03
      vertex -6.68254893e-03 2.89640539e-03 1.79007698e-03
    endloop
  endfacet
  facet normal -8.79087638e-01 3.06797967e-01 3.64801223e-01
    outer loop
      vertex -6.47001360e-03 1.94918935e-03 3.25416423e-03
      vertex -6.32933606e-03 2.87710300e-03 2.81278926e-03
      vertex -6.87183131e-03 1.98062063e-03 2.25944159e-03
    endloop
  endfacet
  facet normal -8.85788691e-01 3.43196621e-01 3.12401143e-01
    outer loop
      vertex -6.68254893e-03 2.89640539e-03 1.79007698e-03
      vertex -6.87183131e-03 1.98062063e-03 2.25944159e-03
      vertex -6.32933606e-03 2.87710300e-03 2.81278926e-03
    endloop
  endfacet
  facet normal -9.96383649e-01 4.95053672e-02 6.90568093e-02
    outer loop
      vertex -7.50000000e-03 0.00000000e+00 0.00000000e+00
      vertex -7.42829161e-03 0.00000000e+00 1.03464182e-03
      vertex -7.40766255e-03 9.98033281e-04 6.16818490e-04
    endloop
  endfacet
  facet normal -9.77325600e-01 4.96076443e-02 2.05848861e-01
    outer loop
      vertex -7.21453768e-03 0.00000000e+00 2.04949897e-03
      vertex -7.24794448e-03 9.95943576e-04 1.65087771e-03
      vertex -7.42829161e-03 0.00000000e+00 1.03464182e-03
    endloop
  endfacet
  facet normal -9.71850073e-01 1.81285628e-01 1.50475768e-01
    outer loop
      vertex -7.13292387e-03 1.97149167e-03 1.21844886e-03
      vertex -7.40766255e-03 9.98033281e-04 6.16818490e-04
      vertex -7.24794448e-03 9.95943576e-04 1.65087771e-03
    endloop
  endfacet
  facet normal -9.84753677e-01 8.41029235e-02 1.52272431e-01
    outer loop
      vertex -7.42829161e-03 0.00000000e+00 1.03464182e-03
      vertex -7.24794448e-03 9.95943576e-04 1.65087771e-03
      vertex -7.40766255e-03 9.98033281e-04 6.16818490e-04
    endloop
  endfacet
  facet normal -9.03179732e-01 2.14846911e-01 3.71627739e-01
    outer loop
      vertex -6.47001360e-03 1.94918935e-03 3.25416423e-03
      vertex -6.87183131e-03 1.98062063e-03 2.25944159e-03
      vertex -6.93228450e-03 9.87415285e-04 2.68671595e-03
    endloop
  endfacet
  facet normal -9.47461575e-01 2.16204079e-01 2.35737907e-01
    outer loop
      vertex -7.13292387e-03 1.97149167e-03 1.21844886e-03
      vertex -7.24794448e-03 9.95943576e-04 1.65087771e-03
      vertex -6.87183131e-03 1.98062063e-03 2.25944159e-03
    endloop
  endfacet
  facet normal -9.52950495e-01 8.45453627e-02 2.91096954e-01
    outer loop
      vertex -7.21453768e-03 0.00000000e+00 2.04949897e-03
      vertex -6.93228450e-03 9.87415285e-04 2.68671595e-03
      vertex -7.24794448e-03 9.95943576e-04 1.65087771e-03
    endloop
  endfacet
  facet normal -9.40326640e-01 1.81150998e-01 2.88045353e-01
    outer loop
      vertex -6.87183131e-03 1.98062063e-03 2.25944159e-03
      vertex -7.24794448e-03 9.95943576e-04 1.65087771e-03
      vertex -6.93228450e-03 9.87415285e-04 2.68671595e-03
    endloop
  endfacet
  facet normal -8.51639515e-01 4.69405196e-01 -2.33171395e-01
    outer loop
      vertex -6.06762746e-03 3.75000000e-03 -2.31762746e-03
      vertex -6.68254893e-03 2.89640539e-03 -1.79007698e-03
      vertex -6.30133414e-03 3.89443867e-03 -1.17325849e-03
    endloop
  endfacet
  facet normal -9.22797371e-01 3.50587076e-01 -1.59792724e-01
    outer loop
      vertex -7.13292387e-03 1.97149167e-03 -1.21844886e-03
      vertex -6.84736870e-03 2.99705289e-03 -6.17426850e-04
      vertex -6.68254893e-03 2.89640539e-03 -1.79007698e-03
    endloop
  endfacet
  facet normal -8.72473626e-01 4.82336350e-01 -7.83671947e-02
    outer loop
      vertex -6.37988106e-03 3.94298334e-03 0.00000000e+00
      vertex -6.30133414e-03 3.89443867e-03 -1.17325849e-03
      vertex -6.84736870e-03 2.99705289e-03 -6.17426850e-04
    endloop
  endfacet
  facet normal -8.84358483e-01 4.37841600e-01 -1.61878990e-01
    outer loop
      vertex -6.68254893e-03 2.89640539e-03 -1.79007698e-03
      vertex -6.84736870e-03 2.99705289e-03 -6.17426850e-04
      vertex -6.30133414e-03 3.89443867e-03 -1.17325849e-03
    endloop
  endfacet
  facet normal -9.95747362e-01 9.21259537e-02 0.00000000e+00
    outer loop
      vertex -7.50000000e-03 0.00000000e+00 0.00000000e+00
      vertex -7.40766255e-03 9.98033281e-04 6.16818490e-04
      vertex -7.40766255e-03 9.98033281e-04 -6.16818490e-04
    endloop
  endfacet
  facet normal -9.71230961e-01 2.23786292e-01 8.14255288e-02
    outer loop
      vertex -7.13292387e-03 1.97149167e-03 1.21844886e-03
      vertex -7.22895948e-03 1.99803526e-03 0.00000000e+00
      vertex -7.40766255e-03 9.98033281e-04 6.16818490e-04
    endloop
  endfacet
  facet normal -9.71230961e-01 2.23786292e-01 -8.14255288e-02
    outer loop
      vertex -7.13292387e-03 1.97149167e-03 -1.21844886e-03
      vertex -7.40766255e-03 9.98033281e-04 -6.16818490e-04
      vertex -7.22895948e-03 1.99803526e-03 0.00000000e+00
    endloop
  endfacet
  facet normal -9.84405201e-01 1.75915892e-01 0.00000000e+00
    outer loop
      vertex -7.40766255e-03 9.98033281e-04 6.16818490e-04
      vertex -7.22895948e-03 1.99803526e-03 0.00000000e+00
      vertex -7.40766255e-03 9.98033281e-04 -6.16818490e-04
    endloop
  endfacet
  facet normal -8.51639515e-01 4.69405196e-01 2.33171395e-01
    outer loop
      vertex -6.06762746e-03 3.75000000e-03 2.31762746e-03
      vertex -6.30133414e-03 3.89443867e-03 1.17325849e-03
      vertex -6.68254893e-03 2.89640539e-03 1.79007698e-03
    endloop
  endfacet
  facet normal -8.72473626e-01 4.82336350e-01 7.83671947e-02
    outer loop
      vertex -6.37988106e-03 3.94298334e-03 0.00000000e+00
      vertex -6.84736870e-03 2.99705289e-03 6.17426850e-04
      vertex -6.30133414e-03 3.89443867e-03 1.17325849e-03
    endloop
  endfacet
  facet normal -9.22797371e-01 3.50587076e-01 1.59792724e-01
    outer loop
      vertex -7.13292387e-03 1.97149167e-03 1.21844886e-03
      vertex -6.68254893e-03 2.89640539e-03 1.79007698e-03
      vertex -6.84736870e-03 2.99705289e-03 6.17426850e-04
    endloop
  endfacet
  facet normal -8.84358483e-01 4.37841600e-01 1.61878990e-01
    outer loop
      vertex -6.30133414e-03 3.89443867e-03 1.17325849e-03
      vertex -6.84736870e-03 2.99705289e-03 6.17426850e-04
      vertex -6.68254893e-03 2.89640539e-03 1.79007698e-03
    endloop
  endfacet
  facet normal -9.46806803e-01 3.11335293e-01 -8.14076995e-02
    outer loop
      vertex -7.13292387e-03 1.97149167e-03 -1.21844886e-03
      vertex -7.22895948e-03 1.99803526e-03 0.00000000e+00
      vertex -6.84736870e-03 2.99705289e-03 -6.17426850e-04
    endloop
  endfacet
  facet normal -9.46806803e-01 3.11335293e-01 8.14076995e-02
    outer loop
      vertex -7.13292387e-03 1.97149167e-03 1.21844886e-03
      vertex -6.84736870e-03 2.99705289e-03 6.17426850e-04
      vertex -7.22895948e-03 1.99803526e-03 0.00000000e+00
    endloop
  endfacet
  facet normal -8.96494078e-01 4.43055717e-01 0.00000000e+00
    outer loop
      vertex -6.37988106e-03 3.94298334e-03 0.00000000e+00
      vertex -6.84736870e-03 2.99705289e-03 -6.17426850e-04
      vertex -6.84736870e-03 2.99705289e-03 6.17426850e-04
    endloop
  endfacet
  facet normal -9.34172359e-01 3.56822090e-01 0.00000000e+00
    outer loop
      vertex -7.22895948e-03 1.99803526e-03 0.00000000e+00
      vertex -6.84736870e-03 2.99705289e-03 6.17426850e-04
      vertex -6.84736870e-03 2.99705289e-03 -6.17426850e-04
    endloop
  endfacet
  facet normal 5.46249634e-01 8.33679433e-01 8.11784483e-02
    outer loop
      vertex 3.94298334e-03 6.37988106e-03 0.00000000e+00
      vertex 3.63331232e-03 6.48697002e-03 9.84002841e-04
      vertex 4.61731516e-03 5.87882282e-03 6.08147201e-04
    endloop
  endfacet
  facet normal 5.00141955e-01 8.39787899e-01 2.11220996e-01
    outer loop
      vertex 3.25416423e-03 6.47001360e-03 1.94918935e-03
      vertex 4.28438744e-03 5.94486922e-03 1.59767149e-03
      vertex 3.63331232e-03 6.48697002e-03 9.84002841e-04
    endloop
  endfacet
  facet normal 6.30460816e-01 7.59246413e-01 1.61443621e-01
    outer loop
      vertex 5.20335358e-03 5.26534834e-03 1.20466527e-03
      vertex 4.61731516e-03 5.87882282e-03 6.08147201e-04
      vertex 4.28438744e-03 5.94486922e-03 1.59767149e-03
    endloop
  endfacet
  facet normal 5.57284142e-01 8.19634387e-01 1.32792529e-01
    outer loop
      vertex 3.63331232e-03 6.48697002e-03 9.84002841e-04
      vertex 4.28438744e-03 5.94486922e-03 1.59767149e-03
      vertex 4.61731516e-03 5.87882282e-03 6.08147201e-04
    endloop
  endfacet
  facet normal 3.82478568e-01 8.02678349e-01 4.57621692e-01
    outer loop
      vertex 2.31762746e-03 6.06762746e-03 3.75000000e-03
      vertex 3.40492875e-03 5.68451565e-03 3.51322388e-03
      vertex 2.81278926e-03 6.32933606e-03 2.87710300e-03
    endloop
  endfacet
  facet normal 5.22219227e-01 7.42099980e-01 4.20207922e-01
    outer loop
      vertex 4.40838939e-03 5.16143220e-03 3.18994053e-03
      vertex 3.87091215e-03 5.87588774e-03 2.59614761e-03
      vertex 3.40492875e-03 5.68451565e-03 3.51322388e-03
    endloop
  endfacet
  facet normal 4.45068077e-01 8.29479994e-01 3.37457178e-01
    outer loop
      vertex 3.25416423e-03 6.47001360e-03 1.94918935e-03
      vertex 2.81278926e-03 6.32933606e-03 2.87710300e-03
      vertex 3.87091215e-03 5.87588774e-03 2.59614761e-03
    endloop
  endfacet
  facet normal 4.48482532e-01 8.01685768e-01 3.95175087e-01
    outer loop
      vertex 3.40492875e-03 5.68451565e-03 3.51322388e-03
      vertex 3.87091215e-03 5.87588774e-03 2.59614761e-03
      vertex 2.81278926e-03 6.32933606e-03 2.87710300e-03
    endloop
  endfacet
  facet normal 7.59998894e-01 5.69357957e-01 3.13421759e-01
    outer loop
      vertex 6.06762746e-03 3.75000000e-03 2.31762746e-03
      vertex 5.68989225e-03 4.55118862e-03 1.77814744e-03
      vertex 5.30330086e-03 4.51125716e-03 2.78811026e-03
    endloop
  endfacet
  facet normal 7.02258401e-01 6.70527632e-01 2.39219216e-01
    outer loop
      vertex 5.20335358e-03 5.26534834e-03 1.20466527e-03
      vertex 4.85558920e-03 5.26732385e-03 2.22003444e-03
      vertex 5.68989225e-03 4.55118862e-03 1.77814744e-03
    endloop
  endfacet
  facet normal 6.49100841e-01 6.63682830e-01 3.71743458e-01
    outer loop
      vertex 4.40838939e-03 5.16143220e-03 3.18994053e-03
      vertex 5.30330086e-03 4.51125716e-03 2.78811026e-03
      vertex 4.85558920e-03 5.26732385e-03 2.22003444e-03
    endloop
  endfacet
  facet normal 7.07576229e-01 6.41557056e-01 2.96210100e-01
    outer loop
      vertex 5.68989225e-03 4.55118862e-03 1.77814744e-03
      vertex 4.85558920e-03 5.26732385e-03 2.22003444e-03
      vertex 5.30330086e-03 4.51125716e-03 2.78811026e-03
    endloop
  endfacet
  facet normal 5.08425010e-01 8.18634369e-01 2.67098819e-01
    outer loop
      vertex 3.25416423e-03 6.47001360e-03 1.94918935e-03
      vertex 3.87091215e-03 5.87588774e-03 2.59614761e-03
      vertex 4.28438744e-03 5.94486922e-03 1.59767149e-03
    endloop
  endfacet
  facet normal 5.85563456e-01 7.31257495e-01 3.49825549e-01
    outer loop
      vertex 4.40838939e-03 5.16143220e-03 3.18994053e-03
      vertex 4.85558920e-03 5.26732385e-03 2.22003444e-03
      vertex 3.87091215e-03 5.87588774e-03 2.59614761e-03
    endloop
  endfacet
  facet normal 6.38726558e-01 7.38103584e-01 2.17328056e-01
    outer loop
      vertex 5.20335358e-03 5.26534834e-03 1.20466527e-03
      vertex 4.28438744e-03 5.94486922e-03 1.59767149e-03
      vertex 4.85558920e-03 5.26732385e-03 2.22003444e-03
    endloop
  endfacet
  facet normal 5.81153824e-01 7.59175643e-01 2.93108471e-01
    outer loop
      vertex 3.87091215e-03 5.87588774e-03 2.59614761e-03
      vertex 4.85558920e-03 5.26732385e-03 2.22003444e-03
      vertex 4.28438744e-03 5.94486922e-03 1.59767149e-03
    endloop
  endfacet
  facet normal 8.11784483e-02 5.46249634e-01 8.33679433e-01
    outer loop
      vertex 0.00000000e+00 3.94298334e-03 6.37988106e-03
      vertex 9.84002841e-04 3.63331232e-03 6.48697002e-03
      vertex 6.08147201e-04 4.61731516e-03 5.87882282e-03
    endloop
  endfacet
  facet normal 2.11220996e-01 5.00141955e-01 8.39787899e-01
    outer loop
      vertex 1.94918935e-03 3.25416423e-03 6.47001360e-03
      vertex 1.59767149e-03 4.28438744e-03 5.94486922e-03
      vertex 9.84002841e-04 3.63331232e-03 6.48697002e-03
    endloop
  endfacet
  facet normal 1.61443621e-01 6.30460816e-01 7.59246413e-01
    outer loop
      vertex 1.20466527e-03 5.20335358e-03 5.26534834e-03
      vertex 6.08147201e-04 4.61731516e-03 5.87882282e-03
      vertex 1.59767149e-03 4.28438744e-03 5.94486922e-03
    endloop
  endfacet
  facet normal 1.32792529e-01 5.57284142e-01 8.19634387e-01
    outer loop
      vertex 9.84002841e-04 3.63331232e-03 6.48697002e-03
      vertex 1.59767149e-03 4.28438744e-03 5.94486922e-03
      vertex 6.08147201e-04 4.61731516e-03 5.87882282e-03
    endloop
  endfacet
  facet normal 4.57621692e-01 3.82478568e-01 8.02678349e-01
    outer loop
      vertex 3.75000000e-03 2.31762746e-03 6.06762746e-03
      vertex 3.51322388e-03 3.40492875e-03 5.68451565e-03
      vertex 2.87710300e-03 2.81278926e-03 6.32933606e-03
    endloop
  endfacet
  facet normal 4.20207922e-01 5.22219227e-01 7.42099980e-01
    outer loop
      vertex 3.18994053e-03 4.40838939e-03 5.16143220e-03
      vertex 2.59614761e-03 3.87091215e-03 5.87588774e-03
      vertex 3.51322388e-03 3.40492875e-03 5.68451565e-03
    endloop
  endfacet
  facet normal 3.37457178e-01 4.45068077e-01 8.29479994e-01
    outer loop
      vertex 1.94918935e-03 3.25416423e-03 6.47001360e-03
      vertex 2.87710300e-03 2.81278926e-03 6.32933606e-03
      vertex 2.59614761e-03 3.87091215e-03 5.87588774e-03
    endloop
  endfacet
  facet normal 3.95175087e-01 4.48482532e-01 8.01685768e-01
    outer loop
      vertex 3.51322388e-03 3.40492875e-03 5.68451565e-03
      vertex 2.59614761e-03 3.87091215e-03 5.87588774e-03
      vertex 2.87710300e-03 2.81278926e-03 6.32933606e-03
    endloop
  endfacet
  facet normal 3.13421759e-01 7.59998894e-01 5.69357957e-01
    outer loop
      vertex 2.31762746e-03 6.06762746e-03 3.75000000e-03
      vertex 1.77814744e-03 5.68989225e-03 4.55118862e-03
      vertex 2.78811026e-03 5.30330086e-03 4.51125716e-03
    endloop
  endfacet
  facet normal 2.39219216e-01 7.02258401e-01 6.70527632e-01
    outer loop
      vertex 1.20466527e-03 5.20335358e-03 5.26534834e-03
      vertex 2.22003444e-03 4.85558920e-03 5.26732385e-03
      vertex 1.77814744e-03 5.68989225e-03 4.55118862e-03
    endloop
  endfacet
  facet normal 3.71743458e-01 6.49100841e-01 6.63682830e-01
    outer loop
      vertex 3.18994053e-03 4.40838939e-03 5.16143220e-03
      vertex 2.78811026e-03 5.30330086e-03 4.51125716e-03
      vertex 2.22003444e-03 4.85558920e-03 5.26732385e-03
    endloop
  endfacet
  facet normal 2.96210100e-01 7.07576229e-01 6.41557056e-01
    outer loop
      vertex 1.77814744e-03 5.68989225e-03 4.55118862e-03
      vertex 2.22003444e-03 4.85558920e-03 5.26732385e-03
      vertex 2.78811026e-03 5.30330086e-03 4.51125716e-03
    endloop
  endfacet
  facet normal 2.67098819e-01 5.08425010e-01 8.18634369e-01
    outer loop
      vertex 1.94918935e-03 3.25416423e-03 6.47001360e-03
      vertex 2.59614761e-03 3.87091215e-03 5.87588774e-03
      vertex 1.59767149e-03 4.28438744e-03 5.94486922e-03
    endloop
  endfacet
  facet normal 3.49825549e-01 5.85563456e-01 7.31257495e-01
    outer loop
      vertex 3.18994053e-03 4.40838939e-03 5.16143220e-03
      vertex 2.22003444e-03 4.85558920e-03 5.26732385e-03
      vertex 2.59614761e-03 3.87091215e-03 5.87588774e-03
    endloop
  endfacet
  facet normal 2.17328056e-01 6.38726558e-01 7.38103584e-01
    outer loop
      vertex 1.20466527e-03 5.20335358e-03 5.26534834e-03
      vertex 1.59767149e-03 4.28438744e-03 5.94486922e-03
      vertex 2.22003444e-03 4.85558920e-03 5.26732385e-03
    endloop
  endfacet
  facet normal 2.93108471e-01 5.81153824e-01 7.59175643e-01
    outer loop
      vertex 2.59614761e-03 3.87091215e-03 5.87588774e-03
      vertex 2.22003444e-03 4.85558920e-03 5.26732385e-03
      vertex 1.59767149e-03 4.28438744e-03 5.94486922e-03
    endloop
  endfacet
  facet normal 8.33679433e-01 8.11784483e-02 5.46249634e-01
    outer loop
      vertex 6.37988106e-03 0.00000000e+00 3.94298334e-03
      vertex 6.48697002e-03 9.84002841e-04 3.63331232e-03
      vertex 5.87882282e-03 6.08147201e-04 4.61731516e-03
    endloop
  endfacet
  facet normal 8.39787899e-01 2.11220996e-01 5.00141955e-01
    outer loop
      vertex 6.47001360e-03 1.94918935e-03 3.25416423e-03
      vertex 5.94486922e-03 1.59767149e-03 4.28438744e-03
      vertex 6.48697002e-03 9.84002841e-04 3.63331232e-03
    endloop
  endfacet
  facet normal 7.59246413e-01 1.61443621e-01 6.30460816e-01
    outer loop
      vertex 5.26534834e-03 1.20466527e-03 5.20335358e-03
      vertex 5.87882282e-03 6.08147201e-04 4.61731516e-03
      vertex 5.94486922e-03 1.59767149e-03 4.28438744e-03
    endloop
  endfacet
  facet normal 8.19634387e-01 1.32792529e-01 5.57284142e-01
    outer loop
      vertex 6.48697002e-03 9.84002841e-04 3.63331232e-03
      vertex 5.94486922e-03 1.59767149e-03 4.28438744e-03
      vertex 5.87882282e-03 6.08147201e-04 4.61731516e-03
    endloop
  endfacet
  facet normal 8.02678349e-01 4.57621692e-01 3.82478568e-01
    outer loop
      vertex 6.06762746e-03 3.75000000e-03 2.31762746e-03
      vertex 5.68451565e-03 3.51322388e-03 3.40492875e-03
      vertex 6.32933606e-03 2.87710300e-03 2.81278926e-03
    endloop
  endfacet
  facet normal 7.42099980e-01 4.20207922e-01 5.22219227e-01
    outer loop
      vertex 5.16143220e-03 3.18994053e-03 4.40838939e-03
      vertex 5.87588774e-03 2.59614761e-03 3.87091215e-03
      vertex 5.68451565e-03 3.51322388e-03 3.40492875e-03
    endloop
  endfacet
  facet normal 8.29479994e-01 3.37457178e-01 4.45068077e-01
    outer loop
      vertex 6.47001360e-03 1.94918935e-03 3.25416423e-03
      vertex 6.32933606e-03 2.87710300e-03 2.81278926e-03
      vertex 5.87588774e-03 2.59614761e-03 3.87091215e-03
    endloop
  endfacet
  facet normal 8.01685768e-01 3.95175087e-01 4.48482532e-01
    outer loop
      vertex 5.68451565e-03 3.51322388e-03 3.40492875e-03
      vertex 5.87588774e-03 2.59614761e-03 3.87091215e-03
      vertex 6.32933606e-03 2.87710300e-03 2.81278926e-03
    endloop
  endfacet
  facet normal 5.69357957e-01 3.13421759e-01 7.59998894e-01
    outer loop
      vertex 3.75000000e-03 2.31762746e-03 6.06762746e-03
      vertex 4.55118862e-03 1.77814744e-03 5.68989225e-03
      vertex 4.51125716e-03 2.78811026e-03 5.30330086e-03
    endloop
  endfacet
  facet normal 6.70527632e-01 2.39219216e-01 7.02258401e-01
    outer loop
      vertex 5.26534834e-03 1.20466527e-03 5.20335358e-03
      vertex 5.26732385e-03 2.22003444e-03 4.85558920e-03
      vertex 4.55118862e-03 1.77814744e-03 5.68989225e-03
    endloop
  endfacet
  facet normal 6.63682830e-01 3.71743458e-01 6.49100841e-01
    outer loop
      vertex 5.16143220e-03 3.18994053e-03 4.40838939e-03
      vertex 4.51125716e-03 2.78811026e-03 5.30330086e-03
      vertex 5.26732385e-03 2.22003444e-03 4.85558920e-03
    endloop
  endfacet
  facet normal 6.41557056e-01 2.96210100e-01 7.07576229e-01
    outer loop
      vertex 4.55118862e-03 1.77814744e-03 5.68989225e-03
      vertex 5.26732385e-03 2.22003444e-03 4.85558920e-03
      vertex 4.51125716e-03 2.78811026e-03 5.30330086e-03
    endloop
  endfacet
  facet normal 8.18634369e-01 2.67098819e-01 5.08425010e-01
    outer loop
      vertex 6.47001360e-03 1.94918935e-03 3.25416423e-03
      vertex 5.87588774e-03 2.59614761e-03 3.87091215e-03
      vertex 5.94486922e-03 1.59767149e-03 4.28438744e-03
    endloop
  endfacet
  facet normal 7.31257495e-01 3.49825549e-01 5.85563456e-01
    outer loop
      vertex 5.16143220e-03 3.18994053e-03 4.40838939e-03
      vertex 5.26732385e-03 2.22003444e-03 4.85558920e-03
      vertex 5.87588774e-03 2.59614761e-03 3.87091215e-03
    endloop
  endfacet
  facet normal 7.38103584e-01 2.17328056e-01 6.38726558e-01
    outer loop
      vertex 5.26534834e-03 1.20466527e-03 5.20335358e-03
      vertex 5.94486922e-03 1.59767149e-03 4.28438744e-03
      vertex 5.26732385e-03 2.22003444e-03 4.85558920e-03
    endloop
  endfacet
  facet normal 7.59175643e-01 2.93108471e-01 5.81153824e-01
    outer loop
      vertex 5.87588774e-03 2.59614761e-03 3.87091215e-03
      vertex 5.26732385e-03 2.22003444e-03 4.85558920e-03
      vertex 5.94486922e-03 1.59767149e-03 4.28438744e-03
    endloop
  endfacet
  facet normal 3.82234319e-01 7.59513561e-01 5.26342166e-01
    outer loop
      vertex 2.31762746e-03 6.06762746e-03 3.75000000e-03
      vertex 2.78811026e-03 5.30330086e-03 4.51125716e-03
      vertex 3.40492875e-03 5.68451565e-03 3.51322388e-03
    endloop
  endfacet
  facet normal 4.40461021e-01 6.48687335e-01 6.20643884e-01
    outer loop
      vertex 3.18994053e-03 4.40838939e-03 5.16143220e-03
      vertex 3.85031581e-03 4.84933344e-03 4.23190659e-03
      vertex 2.78811026e-03 5.30330086e-03 4.51125716e-03
    endloop
  endfacet
  facet normal 5.21886550e-01 6.99011079e-01 4.88894611e-01
    outer loop
      vertex 4.40838939e-03 5.16143220e-03 3.18994053e-03
      vertex 3.40492875e-03 5.68451565e-03 3.51322388e-03
      vertex 3.85031581e-03 4.84933344e-03 4.23190659e-03
    endloop
  endfacet
  facet normal 4.46516882e-01 7.08442591e-01 5.46563600e-01
    outer loop
      vertex 2.78811026e-03 5.30330086e-03 4.51125716e-03
      vertex 3.85031581e-03 4.84933344e-03 4.23190659e-03
      vertex 3.40492875e-03 5.68451565e-03 3.51322388e-03
    endloop
  endfacet
  facet normal 5.26342166e-01 3.82234319e-01 7.59513561e-01
    outer loop
      vertex 3.75000000e-03 2.31762746e-03 6.06762746e-03
      vertex 4.51125716e-03 2.78811026e-03 5.30330086e-03
      vertex 3.51322388e-03 3.40492875e-03 5.68451565e-03
    endloop
  endfacet
  facet normal 6.20643884e-01 4.40461021e-01 6.48687335e-01
    outer loop
      vertex 5.16143220e-03 3.18994053e-03 4.40838939e-03
      vertex 4.23190659e-03 3.85031581e-03 4.84933344e-03
      vertex 4.51125716e-03 2.78811026e-03 5.30330086e-03
    endloop
  endfacet
  facet normal 4.88894611e-01 5.21886550e-01 6.99011079e-01
    outer loop
      vertex 3.18994053e-03 4.40838939e-03 5.16143220e-03
      vertex 3.51322388e-03 3.40492875e-03 5.68451565e-03
      vertex 4.23190659e-03 3.85031581e-03 4.84933344e-03
    endloop
  endfacet
  facet normal 5.46563600e-01 4.46516882e-01 7.08442591e-01
    outer loop
      vertex 4.51125716e-03 2.78811026e-03 5.30330086e-03
      vertex 4.23190659e-03 3.85031581e-03 4.84933344e-03
      vertex 3.51322388e-03 3.40492875e-03 5.68451565e-03
    endloop
  endfacet
  facet normal 7.59513561e-01 5.26342166e-01 3.82234319e-01
    outer loop
      vertex 6.06762746e-03 3.75000000e-03 2.31762746e-03
      vertex 5.30330086e-03 4.51125716e-03 2.78811026e-03
      vertex 5.68451565e-03 3.51322388e-03 3.40492875e-03
    endloop
  endfacet
  facet normal 6.48687335e-01 6.20643884e-01 4.40461021e-01
    outer loop
      vertex 4.40838939e-03 5.16143220e-03 3.18994053e-03
      vertex 4.84933344e-03 4.23190659e-03 3.85031581e-03
      vertex 5.30330086e-03 4.51125716e-03 2.78811026e-03
    endloop
  endfacet
  facet normal 6.99011079e-01 4.88894611e-01 5.21886550e-01
    outer loop
      vertex 5.16143220e-03 3.18994053e-03 4.40838939e-03
      vertex 5.68451565e-03 3.51322388e-03 3.40492875e-03
      vertex 4.84933344e-03 4.23190659e-03 3.85031581e-03
    endloop
  endfacet
  facet normal 7.08442591e-01 5.46563600e-01 4.46516882e-01
    outer loop
      vertex 5.30330086e-03 4.51125716e-03 2.78811026e-03
      vertex 4.84933344e-03 4.23190659e-03 3.85031581e-03
      vertex 5.68451565e-03 3.51322388e-03 3.40492875e-03
    endloop
  endfacet
  facet normal 5.03751085e-01 5.85158785e-01 6.35471510e-01
    outer loop
      vertex 3.18994053e-03 4.40838939e-03 5.16143220e-03
      vertex 4.23190659e-03 3.85031581e-03 4.84933344e-03
      vertex 3.85031581e-03 4.84933344e-03 4.23190659e-03
    endloop
  endfacet
  facet normal 6.35471510e-01 5.03751085e-01 5.85158785e-01
    outer loop
      vertex 5.16143220e-03 3.18994053e-03 4.40838939e-03
      vertex 4.84933344e-03 4.23190659e-03 3.85031581e-03
      vertex 4.23190659e-03 3.85031581e-03 4.84933344e-03
    endloop
  endfacet
  facet normal 5.85158785e-01 6.35471510e-01 5.03751085e-01
    outer loop
      vertex 4.40838939e-03 5.16143220e-03 3.18994053e-03
      vertex 3.85031581e-03 4.84933344e-03 4.23190659e-03
      vertex 4.84933344e-03 4.23190659e-03 3.85031581e-03
    endloop
  endfacet
  facet normal 5.77350269e-01 5.77350269e-01 5.77350269e-01
    outer loop
      vertex 4.23190659e-03 3.85031581e-03 4.84933344e-03
      vertex 4.84933344e-03 4.23190659e-03 3.85031581e-03
      vertex 3.85031581e-03 4.84933344e-03 4.23190659e-03
    endloop
  endfacet
  facet normal -5.01710402e-02 4.65071185e-01 8.83850473e-01
    outer loop
      vertex 0.00000000e+00 3.94298334e-03 6.37988106e-03
      vertex -9.84002841e-04 3.63331232e-03 6.48697002e-03
      vertex 0.00000000e+00 3.02516511e-03 6.86282566e-03
    endloop
  endfacet
  facet normal -1.80319130e-01 4.19239820e-01 8.89788168e-01
    outer loop
      vertex -1.94918935e-03 3.25416423e-03 6.47001360e-03
      vertex -9.87415285e-04 2.68671595e-03 6.93228450e-03
      vertex -9.84002841e-04 3.63331232e-03 6.48697002e-03
    endloop
  endfacet
  facet normal -5.00002693e-02 3.38698334e-01 9.39565544e-01
    outer loop
      vertex 0.00000000e+00 2.04949897e-03 7.21453768e-03
      vertex 0.00000000e+00 3.02516511e-03 6.86282566e-03
      vertex -9.87415285e-04 2.68671595e-03 6.93228450e-03
    endloop
  endfacet
  facet normal -8.20702965e-02 4.24491613e-01 9.01704684e-01
    outer loop
      vertex -9.84002841e-04 3.63331232e-03 6.48697002e-03
      vertex -9.87415285e-04 2.68671595e-03 6.93228450e-03
      vertex 0.00000000e+00 3.02516511e-03 6.86282566e-03
    endloop
  endfacet
  facet normal -4.27025692e-01 3.02377202e-01 8.52183716e-01
    outer loop
      vertex -3.75000000e-03 2.31762746e-03 6.06762746e-03
      vertex -2.89640539e-03 1.79007698e-03 6.68254893e-03
      vertex -2.87710300e-03 2.81278926e-03 6.32933606e-03
    endloop
  endfacet
  facet normal -3.08167242e-01 2.28892918e-01 9.23385609e-01
    outer loop
      vertex -1.97149167e-03 1.21844886e-03 7.13292387e-03
      vertex -1.98062063e-03 2.25944159e-03 6.87183131e-03
      vertex -2.89640539e-03 1.79007698e-03 6.68254893e-03
    endloop
  endfacet
  facet normal -3.06797967e-01 3.64801223e-01 8.79087638e-01
    outer loop
      vertex -1.94918935e-03 3.25416423e-03 6.47001360e-03
      vertex -2.87710300e-03 2.81278926e-03 6.32933606e-03
      vertex -1.98062063e-03 2.25944159e-03 6.87183131e-03
    endloop
  endfacet
  facet normal -3.43196621e-01 3.12401143e-01 8.85788691e-01
    outer loop
      vertex -2.89640539e-03 1.79007698e-03 6.68254893e-03
      vertex -1.98062063e-03 2.25944159e-03 6.87183131e-03
      vertex -2.87710300e-03 2.81278926e-03 6.32933606e-03
    endloop
  endfacet
  facet normal -4.95053672e-02 6.90568093e-02 9.96383649e-01
    outer loop
      vertex 0.00000000e+00 0.00000000e+00 7.50000000e-03
      vertex 0.00000000e+00 1.03464182e-03 7.42829161e-03
      vertex -9.98033281e-04 6.16818490e-04 7.40766255e-03
    endloop
  endfacet
  facet normal -4.96076443e-02 2.05848861e-01 9.77325600e-01
    outer loop
      vertex 0.00000000e+00 2.04949897e-03 7.21453768e-03
      vertex -9.95943576e-04 1.65087771e-03 7.24794448e-03
      vertex 0.00000000e+00 1.03464182e-03 7.42829161e-03
    endloop
  endfacet
  facet normal -1.81285628e-01 1.50475768e-01 9.71850073e-01
    outer loop
      vertex -1.97149167e-03 1.21844886e-03 7.13292387e-03
      vertex -9.98033281e-04 6.16818490e-04 7.40766255e-03
      vertex -9.95943576e-04 1.65087771e-03 7.24794448e-03
    endloop
  endfacet
  facet normal -8.41029235e-02 1.52272431e-01 9.84753677e-01
    outer loop
      vertex 0.00000000e+00 1.03464182e-03 7.42829161e-03
      vertex -9.95943576e-04 1.65087771e-03 7.24794448e-03
      vertex -9.98033281e-04 6.16818490e-04 7.40766255e-03
    endloop
  endfacet
  facet normal -2.14846911e-01 3.71627739e-01 9.03179732e-01
    outer loop
      vertex -1.94918935e-03 3.25416423e-03 6.47001360e-03
      vertex -1.98062063e-03 2.25944159e-03 6.87183131e-03
      vertex -9.87415285e-04 2.68671595e-03 6.93228450e-03
    endloop
  endfacet
  facet normal -2.16204079e-01 2.35737907e-01 9.47461575e-01
    outer loop
      vertex -1.97149167e-03 1.21844886e-03 7.13292387e-03
      vertex -9.95943576e-04 1.65087771e-03 7.24794448e-03
      vertex -1.98062063e-03 2.25944159e-03 6.87183131e-03
    endloop
  endfacet
  facet normal -8.45453627e-02 2.91096954e-01 9.52950495e-01
    outer loop
      vertex 0.00000000e+00 2.04949897e-03 7.21453768e-03
      vertex -9.87415285e-04 2.68671595e-03 6.93228450e-03
      vertex -9.95943576e-04 1.65087771e-03 7.24794448e-03
    endloop
  endfacet
  facet normal -1.81150998e-01 2.88045353e-01 9.40326640e-01
    outer loop
      vertex -1.98062063e-03 2.25944159e-03 6.87183131e-03
      vertex -9.95943576e-04 1.65087771e-03 7.24794448e-03
      vertex -9.87415285e-04 2.68671595e-03 6.93228450e-03
    endloop
  endfacet
  facet normal -8.02672025e-01 0.00000000e+00 5.96420674e-01
    outer loop
      vertex -6.37988106e-03 0.00000000e+00 3.94298334e-03
      vertex -5.87882282e-03 -6.08147201e-04 4.61731516e-03
      vertex -5.87882282e-03 6.08147201e-04 4.61731516e-03
    endloop
  endfacet
  facet normal -7.28344548e-01 -8.05414856e-02 6.80461086e-01
    outer loop
      vertex -5.26534834e-03 -1.20466527e-03 5.20335358e-03
      vertex -5.33461301e-03 0.00000000e+00 5.27180273e-03
      vertex -5.87882282e-03 -6.08147201e-04 4.61731516e-03
    endloop
  endfacet
  facet normal -7.28344548e-01 8.05414856e-02 6.80461086e-01
    outer loop
      vertex -5.26534834e-03 1.20466527e-03 5.20335358e-03
      vertex -5.87882282e-03 6.08147201e-04 4.61731516e-03
      vertex -5.33461301e-03 0.00000000e+00 5.27180273e-03
    endloop
  endfacet
  facet normal -7.68912155e-01 0.00000000e+00 6.39354439e-01
    outer loop
      vertex -5.87882282e-03 -6.08147201e-04 4.61731516e-03
      vertex -5.33461301e-03 0.00000000e+00 5.27180273e-03
      vertex -5.87882282e-03 6.08147201e-04 4.61731516e-03
    endloop
  endfacet
  facet normal -5.38761957e-01 -2.33320392e-01 8.09504261e-01
    outer loop
      vertex -3.75000000e-03 -2.31762746e-03 6.06762746e-03
      vertex -3.89443867e-03 -1.17325849e-03 6.30133414e-03
      vertex -4.55118862e-03 -1.77814744e-03 5.68989225e-03
    endloop
  endfacet
  facet normal -5.51642150e-01 -7.84171500e-02 8.30386469e-01
    outer loop
      vertex -3.94298334e-03 0.00000000e+00 6.37988106e-03
      vertex -4.65179687e-03 -6.08563887e-04 5.85153278e-03
      vertex -3.89443867e-03 -1.17325849e-03 6.30133414e-03
    endloop
  endfacet
  facet normal -6.39868422e-01 -1.58952361e-01 7.51866045e-01
    outer loop
      vertex -5.26534834e-03 -1.20466527e-03 5.20335358e-03
      vertex -4.55118862e-03 -1.77814744e-03 5.68989225e-03
      vertex -4.65179687e-03 -6.08563887e-04 5.85153278e-03
    endloop
  endfacet
  facet normal -5.89578591e-01 -1.60128712e-01 7.91679153e-01
    outer loop
      vertex -3.89443867e-03 -1.17325849e-03 6.30133414e-03
      vertex -4.65179687e-03 -6.08563887e-04 5.85153278e-03
      vertex -4.55118862e-03 -1.77814744e-03 5.68989225e-03
    endloop
  endfacet
  facet normal -5.38761957e-01 2.33320392e-01 8.09504261e-01
    outer loop
      vertex -3.75000000e-03 2.31762746e-03 6.06762746e-03
      vertex -4.55118862e-03 1.77814744e-03 5.68989225e-03
      vertex -3.89443867e-03 1.17325849e-03 6.30133414e-03
    endloop
  endfacet
  facet normal -6.39868422e-01 1.58952361e-01 7.51866045e-01
    outer loop
      vertex -5.26534834e-03 1.20466527e-03 5.20335358e-03
      vertex -4.65179687e-03 6.08563887e-04 5.85153278e-03
      vertex -4.55118862e-03 1.77814744e-03 5.68989225e-03
    endloop
  endfacet
  facet normal -5.51642150e-01 7.84171500e-02 8.30386469e-01
    outer loop
      vertex -3.94298334e-03 0.00000000e+00 6.37988106e-03
      vertex -3.89443867e-03 1.17325849e-03 6.30133414e-03
      vertex -4.65179687e-03 6.08563887e-04 5.85153278e-03
    endloop
  endfacet
  facet normal -5.89578591e-01 1.60128712e-01 7.91679153e-01
    outer loop
      vertex -4.55118862e-03 1.77814744e-03 5.68989225e-03
      vertex -4.65179687e-03 6.08563887e-04 5.85153278e-03
      vertex -3.89443867e-03 1.17325849e-03 6.30133414e-03
    endloop
  endfacet
  facet normal -6.85851676e-01 -8.05307856e-02 7.23271921e-01
    outer loop
      vertex -5.26534834e-03 -1.20466527e-03 5.20335358e-03
      vertex -4.65179687e-03 -6.08563887e-04 5.85153278e-03
      vertex -5.33461301e-03 0.00000000e+00 5.27180273e-03
    endloop
  endfacet
  facet normal -5.97636026e-01 0.00000000e+00 8.01767535e-01
    outer loop
      vertex -3.94298334e-03 0.00000000e+00 6.37988106e-03
      vertex -4.65179687e-03 6.08563887e-04 5.85153278e-03
      vertex -4.65179687e-03 -6.08563887e-04 5.85153278e-03
    endloop
  endfacet
  facet normal -6.85851676e-01 8.05307856e-02 7.23271921e-01
    outer loop
      vertex -5.26534834e-03 1.20466527e-03 5.20335358e-03
      vertex -5.33461301e-03 0.00000000e+00 5.27180273e-03
      vertex -4.65179687e-03 6.08563887e-04 5.85153278e-03
    endloop
  endfacet
  facet normal -6.47218169e-01 0.00000000e+00 7.62304822e-01
    outer loop
      vertex -4.65179687e-03 -6.08563887e-04 5.85153278e-03
      vertex -4.65179687e-03 6.08563887e-04 5.85153278e-03
      vertex -5.33461301e-03 0.00000000e+00 5.27180273e-03
    endloop
  endfacet
  facet normal -5.01710402e-02 -4.65071185e-01 8.83850473e-01
    outer loop
      vertex 0.00000000e+00 -3.94298334e-03 6.37988106e-03
      vertex 0.00000000e+00 -3.02516511e-03 6.86282566e-03
      vertex -9.84002841e-04 -3.63331232e-03 6.48697002e-03
    endloop
  endfacet
  facet normal -5.00002693e-02 -3.38698334e-01 9.39565544e-01
    outer loop
      vertex 0.00000000e+00 -2.04949897e-03 7.21453768e-03
      vertex -9.87415285e-04 -2.68671595e-03 6.93228450e-03
      vertex 0.00000000e+00 -3.02516511e-03 6.86282566e-03
    endloop
  endfacet
  facet normal -1.80319130e-01 -4.19239820e-01 8.89788168e-01
    outer loop
      vertex -1.94918935e-03 -3.25416423e-03 6.47001360e-03
      vertex -9.84002841e-04 -3.63331232e-03 6.48697002e-03
      vertex -9.87415285e-04 -2.68671595e-03 6.93228450e-03
    endloop
  endfacet
  facet normal -8.20702965e-02 -4.24491613e-01 9.01704684e-01
    outer loop
      vertex 0.00000000e+00 -3.02516511e-03 6.86282566e-03
      vertex -9.87415285e-04 -2.68671595e-03 6.93228450e-03
      vertex -9.84002841e-04 -3.63331232e-03 6.48697002e-03
    endloop
  endfacet
  facet normal -4.95053672e-02 -6.90568093e-02 9.96383649e-01
    outer loop
      vertex 0.00000000e+00 0.00000000e+00 7.50000000e-03
      vertex -9.98033281e-04 -6.16818490e-04 7.40766255e-03
      vertex 0.00000000e+00 -1.03464182e-03 7.42829161e-03
    endloop
  endfacet
  facet normal -1.81285628e-01 -1.50475768e-01 9.71850073e-01
    outer loop
      vertex -1.97149167e-03 -1.21844886e-03 7.13292387e-03
      vertex -9.95943576e-04 -1.65087771e-03 7.24794448e-03
      vertex -9.98033281e-04 -6.16818490e-04 7.40766255e-03
    endloop
  endfacet
  facet normal -4.96076443e-02 -2.05848861e-01 9.77325600e-01
    outer loop
      vertex 0.00000000e+00 -2.04949897e-03 7.21453768e-03
      vertex 0.00000000e+00 -1.03464182e-03 7.42829161e-03
      vertex -9.95943576e-04 -1.65087771e-03 7.24794448e-03
    endloop
  endfacet
  facet normal -8.41029235e-02 -1.52272431e-01 9.84753677e-01
    outer loop
      vertex -9.98033281e-04 -6.16818490e-04 7.40766255e-03
      vertex -9.95943576e-04 -1.65087771e-03 7.24794448e-03
      vertex 0.00000000e+00 -1.03464182e-03 7.42829161e-03
    endloop
  endfacet
  facet normal -4.27025692e-01 -3.02377202e-01 8.52183716e-01
    outer loop
      vertex -3.75000000e-03 -2.31762746e-03 6.06762746e-03
      vertex -2.87710300e-03 -2.81278926e-03 6.32933606e-03
      vertex -2.89640539e-03 -1.79007698e-03 6.68254893e-03
    endloop
  endfacet
  facet normal -3.06797967e-01 -3.64801223e-01 8.79087638e-01
    outer loop
      vertex -1.94918935e-03 -3.25416423e-03 6.47001360e-03
      vertex -1.98062063e-03 -2.25944159e-03 6.87183131e-03
      vertex -2.87710300e-03 -2.81278926e-03 6.32933606e-03
    endloop
  endfacet
  facet normal -3.08167242e-01 -2.28892918e-01 9.23385609e-01
    outer loop
      vertex -1.97149167e-03 -1.21844886e-03 7.13292387e-03
      vertex -2.89640539e-03 -1.79007698e-03 6.68254893e-03
      vertex -1.98062063e-03 -2.25944159e-03 6.87183131e-03
    endloop
  endfacet
  facet normal -3.43196621e-01 -3.12401143e-01 8.85788691e-01
    outer loop
      vertex -2.87710300e-03 -2.81278926e-03 6.32933606e-03
      vertex -1.98062063e-03 -2.25944159e-03 6.87183131e-03
      vertex -2.89640539e-03 -1.79007698e-03 6.68254893e-03
    endloop
  endfacet
  facet normal -8.45453627e-02 -2.91096954e-01 9.52950495e-01
    outer loop
      vertex 0.00000000e+00 -2.04949897e-03 7.21453768e-03
      vertex -9.95943576e-04 -1.65087771e-03 7.24794448e-03
      vertex -9.87415285e-04 -2.68671595e-03 6.93228450e-03
    endloop
  endfacet
  facet normal -2.16204079e-01 -2.35737907e-01 9.47461575e-01
    outer loop
      vertex -1.97149167e-03 -1.21844886e-03 7.13292387e-03
      vertex -1.98062063e-03 -2.25944159e-03 6.87183131e-03
      vertex -9.95943576e-04 -1.65087771e-03 7.24794448e-03
    endloop
  endfacet
  facet normal -2.14846911e-01 -3.71627739e-01 9.03179732e-01
    outer loop
      vertex -1.94918935e-03 -3.25416423e-03 6.47001360e-03
      vertex -9.87415285e-04 -2.68671595e-03 6.93228450e-03
      vertex -1.98062063e-03 -2.25944159e-03 6.87183131e-03
    endloop
  endfacet
  facet normal -1.81150998e-01 -2.88045353e-01 9.40326640e-01
    outer loop
      vertex -9.95943576e-04 -1.65087771e-03 7.24794448e-03
      vertex -1.98062063e-03 -2.25944159e-03 6.87183131e-03
      vertex -9.87415285e-04 -2.68671595e-03 6.93228450e-03
    endloop
  endfacet
  facet normal -4.69405196e-01 2.33171395e-01 8.51639515e-01
    outer loop
      vertex -3.75000000e-03 2.31762746e-03 6.06762746e-03
      vertex -3.89443867e-03 1.17325849e-03 6.30133414e-03
      vertex -2.89640539e-03 1.79007698e-03 6.68254893e-03
    endloop
  endfacet
  facet normal -4.82336350e-01 7.83671947e-02 8.72473626e-01
    outer loop
      vertex -3.94298334e-03 0.00000000e+00 6.37988106e-03
      vertex -2.99705289e-03 6.17426850e-04 6.84736870e-03
      vertex -3.89443867e-03 1.17325849e-03 6.30133414e-03
    endloop
  endfacet
  facet normal -3.50587076e-01 1.59792724e-01 9.22797371e-01
    outer loop
      vertex -1.97149167e-03 1.21844886e-03 7.13292387e-03
      vertex -2.89640539e-03 1.79007698e-03 6.68254893e-03
      vertex -2.99705289e-03 6.17426850e-04 6.84736870e-03
    endloop
  endfacet
  facet normal -4.37841600e-01 1.61878990e-01 8.84358483e-01
    outer loop
      vertex -3.89443867e-03 1.17325849e-03 6.30133414e-03
      vertex -2.99705289e-03 6.17426850e-04 6.84736870e-03
      vertex -2.89640539e-03 1.79007698e-03 6.68254893e-03
    endloop
  endfacet
  facet normal -4.69405196e-01 -2.33171395e-01 8.51639515e-01
    outer loop
      vertex -3.75000000e-03 -2.31762746e-03 6.06762746e-03
      vertex -2.89640539e-03 -1.79007698e-03 6.68254893e-03
      vertex -3.89443867e-03 -1.17325849e-03 6.30133414e-03
    endloop
  endfacet
  facet normal -3.50587076e-01 -1.59792724e-01 9.22797371e-01
    outer loop
      vertex -1.97149167e-03 -1.21844886e-03 7.13292387e-03
      vertex -2.99705289e-03 -6.17426850e-04 6.84736870e-03
      vertex -2.89640539e-03 -1.79007698e-03 6.68254893e-03
    endloop
  endfacet
  facet normal -4.82336350e-01 -7.83671947e-02 8.72473626e-01
    outer loop
      vertex -3.94298334e-03 0.00000000e+00 6.37988106e-03
      vertex -3.89443867e-03 -1.17325849e-03 6.30133414e-03
      vertex -2.99705289e-03 -6.17426850e-04 6.84736870e-03
    endloop
  endfacet
  facet normal -4.37841600e-01 -1.61878990e-01 8.84358483e-01
    outer loop
      vertex -2.89640539e-03 -1.79007698e-03 6.68254893e-03
      vertex -2.99705289e-03 -6.17426850e-04 6.84736870e-03
      vertex -3.89443867e-03 -1.17325849e-03 6.30133414e-03
    endloop
  endfacet
  facet normal -9.21259537e-02 0.00000000e+00 9.95747362e-01
    outer loop
      vertex 0.00000000e+00 0.00000000e+00 7.50000000e-03
      vertex -9.98033281e-04 6.16818490e-04 7.40766255e-03
      vertex -9.98033281e-04 -6.16818490e-04 7.40766255e-03
    endloop
  endfacet
  facet normal -2.23786292e-01 8.14255288e-02 9.71230961e-01
    outer loop
      vertex -1.97149167e-03 1.21844886e-03 7.13292387e-03
      vertex -1.99803526e-03 0.00000000e+00 7.22895948e-03
      vertex -9.98033281e-04 6.16818490e-04 7.40766255e-03
    endloop
  endfacet
  facet normal -2.23786292e-01 -8.14255288e-02 9.71230961e-01
    outer loop
      vertex -1.97149167e-03 -1.21844886e-03 7.13292387e-03
      vertex -9.98033281e-04 -6.16818490e-04 7.40766255e-03
      vertex -1.99803526e-03 0.00000000e+00 7.22895948e-03
    endloop
  endfacet
  facet normal -1.75915892e-01 0.00000000e+00 9.84405201e-01
    outer loop
      vertex -9.98033281e-04 6.16818490e-04 7.40766255e-03
      vertex -1.99803526e-03 0.00000000e+00 7.22895948e-03
      vertex -9.98033281e-04 -6.16818490e-04 7.40766255e-03
    endloop
  endfacet
  facet normal -4.43055717e-01 0.00000000e+00 8.96494078e-01
    outer loop
      vertex -3.94298334e-03 0.00000000e+00 6.37988106e-03
      vertex -2.99705289e-03 -6.17426850e-04 6.84736870e-03
      vertex -2.99705289e-03 6.17426850e-04 6.84736870e-03
    endloop
  endfacet
  facet normal -3.11335293e-01 -8.14076995e-02 9.46806803e-01
    outer loop
      vertex -1.97149167e-03 -1.21844886e-03 7.13292387e-03
      vertex -1.99803526e-03 0.00000000e+00 7.22895948e-03
      vertex -2.99705289e-03 -6.17426850e-04 6.84736870e-03
    endloop
  endfacet
  facet normal -3.11335293e-01 8.14076995e-02 9.46806803e-01
    outer loop
      vertex -1.97149167e-03 1.21844886e-03 7.13292387e-03
      vertex -2.99705289e-03 6.17426850e-04 6.84736870e-03
      vertex -1.99803526e-03 0.00000000e+00 7.22895948e-03
    endloop
  endfacet
  facet normal -3.56822090e-01 0.00000000e+00 9.34172359e-01
    outer loop
      vertex -2.99705289e-03 -6.17426850e-04 6.84736870e-03
      vertex -1.99803526e-03 0.00000000e+00 7.22895948e-03
      vertex -2.99705289e-03 6.17426850e-04 6.84736870e-03
    endloop
  endfacet
  facet normal -8.83850473e-01 -5.01710402e-02 4.65071185e-01
    outer loop
      vertex -6.37988106e-03 0.00000000e+00 3.94298334e-03
      vertex -6.86282566e-03 0.00000000e+00 3.02516511e-03
      vertex -6.48697002e-03 -9.84002841e-04 3.63331232e-03
    endloop
  endfacet
  facet normal -9.39565544e-01 -5.00002693e-02 3.38698334e-01
    outer loop
      vertex -7.21453768e-03 0.00000000e+00 2.04949897e-03
      vertex -6.93228450e-03 -9.87415285e-04 2.68671595e-03
      vertex -6.86282566e-03 0.00000000e+00 3.02516511e-03
    endloop
  endfacet
  facet normal -8.89788168e-01 -1.80319130e-01 4.19239820e-01
    outer loop
      vertex -6.47001360e-03 -1.94918935e-03 3.25416423e-03
      vertex -6.48697002e-03 -9.84002841e-04 3.63331232e-03
      vertex -6.93228450e-03 -9.87415285e-04 2.68671595e-03
    endloop
  endfacet
  facet normal -9.01704684e-01 -8.20702965e-02 4.24491613e-01
    outer loop
      vertex -6.86282566e-03 0.00000000e+00 3.02516511e-03
      vertex -6.93228450e-03 -9.87415285e-04 2.68671595e-03
      vertex -6.48697002e-03 -9.84002841e-04 3.63331232e-03
    endloop
  endfacet
  facet normal -9.96383649e-01 -4.95053672e-02 6.90568093e-02
    outer loop
      vertex -7.50000000e-03 0.00000000e+00 0.00000000e+00
      vertex -7.40766255e-03 -9.98033281e-04 6.16818490e-04
      vertex -7.42829161e-03 0.00000000e+00 1.03464182e-03
    endloop
  endfacet
  facet normal -9.71850073e-01 -1.81285628e-01 1.50475768e-01
    outer loop
      vertex -7.13292387e-03 -1.97149167e-03 1.21844886e-03
      vertex -7.24794448e-03 -9.95943576e-04 1.65087771e-03
      vertex -7.40766255e-03 -9.98033281e-04 6.16818490e-04
    endloop
  endfacet
  facet normal -9.77325600e-01 -4.96076443e-02 2.05848861e-01
    outer loop
      vertex -7.21453768e-03 0.00000000e+00 2.04949897e-03
      vertex -7.42829161e-03 0.00000000e+00 1.03464182e-03
      vertex -7.24794448e-03 -9.95943576e-04 1.65087771e-03
    endloop
  endfacet
  facet normal -9.84753677e-01 -8.41029235e-02 1.52272431e-01
    outer loop
      vertex -7.40766255e-03 -9.98033281e-04 6.16818490e-04
      vertex -7.24794448e-03 -9.95943576e-04 1.65087771e-03
      vertex -7.42829161e-03 0.00000000e+00 1.03464182e-03
    endloop
  endfacet
  facet normal -8.52183716e-01 -4.27025692e-01 3.02377202e-01
    outer loop
      vertex -6.06762746e-03 -3.75000000e-03 2.31762746e-03
      vertex -6.32933606e-03 -2.87710300e-03 2.81278926e-03
      vertex -6.68254893e-03 -2.89640539e-03 1.79007698e-03
    endloop
  endfacet
  facet normal -8.79087638e-01 -3.06797967e-01 3.64801223e-01
    outer loop
      vertex -6.47001360e-03 -1.94918935e-03 3.25416423e-03
      vertex -6.87183131e-03 -1.98062063e-03 2.25944159e-03
      vertex -6.32933606e-03 -2.87710300e-03 2.81278926e-03
    endloop
  endfacet
  facet normal -9.23385609e-01 -3.08167242e-01 2.28892918e-01
    outer loop
      vertex -7.13292387e-03 -1.97149167e-03 1.21844886e-03
      vertex -6.68254893e-03 -2.89640539e-03 1.79007698e-03
      vertex -6.87183131e-03 -1.98062063e-03 2.25944159e-03
    endloop
  endfacet
  facet normal -8.85788691e-01 -3.43196621e-01 3.12401143e-01
    outer loop
      vertex -6.32933606e-03 -2.87710300e-03 2.81278926e-03
      vertex -6.87183131e-03 -1.98062063e-03 2.25944159e-03
      vertex -6.68254893e-03 -2.89640539e-03 1.79007698e-03
    endloop
  endfacet
  facet normal -9.52950495e-01 -8.45453627e-02 2.91096954e-01
    outer loop
      vertex -7.21453768e-03 0.00000000e+00 2.04949897e-03
      vertex -7.24794448e-03 -9.95943576e-04 1.65087771e-03
      vertex -6.93228450e-03 -9.87415285e-04 2.68671595e-03
    endloop
  endfacet
  facet normal -9.47461575e-01 -2.16204079e-01 2.35737907e-01
    outer loop
      vertex -7.13292387e-03 -1.97149167e-03 1.21844886e-03
      vertex -6.87183131e-03 -1.98062063e-03 2.25944159e-03
      vertex -7.24794448e-03 -9.95943576e-04 1.65087771e-03
    endloop
  endfacet
  facet normal -9.03179732e-01 -2.14846911e-01 3.71627739e-01
    outer loop
      vertex -6.47001360e-03 -1.94918935e-03 3.25416423e-03
      vertex -6.93228450e-03 -9.87415285e-04 2.68671595e-03
      vertex -6.87183131e-03 -1.98062063e-03 2.25944159e-03
    endloop
  endfacet
  facet normal -9.40326640e-01 -1.81150998e-01 2.88045353e-01
    outer loop
      vertex -7.24794448e-03 -9.95943576e-04 1.65087771e-03
      vertex -6.87183131e-03 -1.98062063e-03 2.25944159e-03
      vertex -6.93228450e-03 -9.87415285e-04 2.68671595e-03
    endloop
  endfacet
  facet normal -8.83850473e-01 -5.01710402e-02 -4.65071185e-01
    outer loop
      vertex -6.37988106e-03 0.00000000e+00 -3.94298334e-03
      vertex -6.48697002e-03 -9.84002841e-04 -3.63331232e-03
      vertex -6.86282566e-03 0.00000000e+00 -3.02516511e-03
    endloop
  endfacet
  facet normal -8.89788168e-01 -1.80319130e-01 -4.19239820e-01
    outer loop
      vertex -6.47001360e-03 -1.94918935e-03 -3.25416423e-03
      vertex -6.93228450e-03 -9.87415285e-04 -2.68671595e-03
      vertex -6.48697002e-03 -9.84002841e-04 -3.63331232e-03
    endloop
  endfacet
  facet normal -9.39565544e-01 -5.00002693e-02 -3.38698334e-01
    outer loop
      vertex -7.21453768e-03 0.00000000e+00 -2.04949897e-03
      vertex -6.86282566e-03 0.00000000e+00 -3.02516511e-03
      vertex -6.93228450e-03 -9.87415285e-04 -2.68671595e-03
    endloop
  endfacet
  facet normal -9.01704684e-01 -8.20702965e-02 -4.24491613e-01
    outer loop
      vertex -6.48697002e-03 -9.84002841e-04 -3.63331232e-03
      vertex -6.93228450e-03 -9.87415285e-04 -2.68671595e-03
      vertex -6.86282566e-03 0.00000000e+00 -3.02516511e-03
    endloop
  endfacet
  facet normal -8.52183716e-01 -4.27025692e-01 -3.02377202e-01
    outer loop
      vertex -6.06762746e-03 -3.75000000e-03 -2.31762746e-03
      vertex -6.68254893e-03 -2.89640539e-03 -1.79007698e-03
      vertex -6.32933606e-03 -2.87710300e-03 -2.81278926e-03
    endloop
  endfacet
  facet normal -9.23385609e-01 -3.08167242e-01 -2.28892918e-01
    outer loop
      vertex -7.13292387e-03 -1.97149167e-03 -1.21844886e-03
      vertex -6.87183131e-03 -1.98062063e-03 -2.25944159e-03
      vertex -6.68254893e-03 -2.89640539e-03 -1.79007698e-03
    endloop
  endfacet
  facet normal -8.79087638e-01 -3.06797967e-01 -3.64801223e-01
    outer loop
      vertex -6.47001360e-03 -1.94918935e-03 -3.25416423e-03
      vertex -6.32933606e-03 -2.87710300e-03 -2.81278926e-03
      vertex -6.87183131e-03 -1.98062063e-03 -2.25944159e-03
    endloop
  endfacet
  facet normal -8.85788691e-01 -3.43196621e-01 -3.12401143e-01
    outer loop
      vertex -6.68254893e-03 -2.89640539e-03 -1.79007698e-03
      vertex -6.87183131e-03 -1.98062063e-03 -2.25944159e-03
      vertex -6.32933606e-03 -2.87710300e-03 -2.81278926e-03
    endloop
  endfacet
  facet normal -9.96383649e-01 -4.95053672e-02 -6.90568093e-02
    outer loop
      vertex -7.50000000e-03 0.00000000e+00 0.00000000e+00
      vertex -7.42829161e-03 0.00000000e+00 -1.03464182e-03
      vertex -7.40766255e-03 -9.98033281e-04 -6.16818490e-04
    endloop
  endfacet
  facet normal -9.77325600e-01 -4.96076443e-02 -2.05848861e-01
    outer loop
      vertex -7.21453768e-03 0.00000000e+00 -2.04949897e-03
      vertex -7.24794448e-03 -9.95943576e-04 -1.65087771e-03
      vertex -7.42829161e-03 0.00000000e+00 -1.03464182e-03
    endloop
  endfacet
  facet normal -9.71850073e-01 -1.81285628e-01 -1.50475768e-01
    outer loop
      vertex -7.13292387e-03 -1.97149167e-03 -1.21844886e-03
      vertex -7.40766255e-03 -9.98033281e-04 -6.16818490e-04
      vertex -7.24794448e-03 -9.95943576e-04 -1.65087771e-03
    endloop
  endfacet
  facet normal -9.84753677e-01 -8.41029235e-02 -1.52272431e-01
    outer loop
      vertex -7.42829161e-03 0.00000000e+00 -1.03464182e-03
      vertex -7.24794448e-03 -9.95943576e-04 -1.65087771e-03
      vertex -7.40766255e-03 -9.98033281e-04 -6.16818490e-04
    endloop
  endfacet
  facet normal -9.03179732e-01 -2.14846911e-01 -3.71627739e-01
    outer loop
      vertex -6.47001360e-03 -1.94918935e-03 -3.25416423e-03
      vertex -6.87183131e-03 -1.98062063e-03 -2.25944159e-03
      vertex -6.93228450e-03 -9.87415285e-04 -2.68671595e-03
    endloop
  endfacet
  facet normal -9.47461575e-01 -2.16204079e-01 -2.35737907e-01
    outer loop
      vertex -7.13292387e-03 -1.97149167e-03 -1.21844886e-03
      vertex -7.24794448e-03 -9.95943576e-04 -1.65087771e-03
      vertex -6.87183131e-03 -1.98062063e-03 -2.25944159e-03
    endloop
  endfacet
  facet normal -9.52950495e-01 -8.45453627e-02 -2.91096954e-01
    outer loop
      vertex -7.21453768e-03 0.00000000e+00 -2.04949897e-03
      vertex -6.93228450e-03 -9.87415285e-04 -2.68671595e-03
      vertex -7.24794448e-03 -9.95943576e-04 -1.65087771e-03
    endloop
  endfacet
  facet normal -9.40326640e-01 -1.81150998e-01 -2.88045353e-01
    outer loop
      vertex -6.87183131e-03 -1.98062063e-03 -2.25944159e-03
      vertex -7.24794448e-03 -9.95943576e-04 -1.65087771e-03
      vertex -6.93228450e-03 -9.87415285e-04 -2.68671595e-03
    endloop
  endfacet
  facet normal -5.96420674e-01 -8.02672025e-01 0.00000000e+00
    outer loop
      vertex -3.94298334e-03 -6.37988106e-03 0.00000000e+00
      vertex -4.61731516e-03 -5.87882282e-03 6.08147201e-04
      vertex -4.61731516e-03 -5.87882282e-03 -6.08147201e-04
    endloop
  endfacet
  facet normal -6.80461086e-01 -7.28344548e-01 8.05414856e-02
    outer loop
      vertex -5.20335358e-03 -5.26534834e-03 1.20466527e-03
      vertex -5.27180273e-03 -5.33461301e-03 0.00000000e+00
      vertex -4.61731516e-03 -5.87882282e-03 6.08147201e-04
    endloop
  endfacet
  facet normal -6.80461086e-01 -7.28344548e-01 -8.05414856e-02
    outer loop
      vertex -5.20335358e-03 -5.26534834e-03 -1.20466527e-03
      vertex -4.61731516e-03 -5.87882282e-03 -6.08147201e-04
      vertex -5.27180273e-03 -5.33461301e-03 0.00000000e+00
    endloop
  endfacet
  facet normal -6.39354439e-01 -7.68912155e-01 -0.00000000e+00
    outer loop
      vertex -4.61731516e-03 -5.87882282e-03 6.08147201e-04
      vertex -5.27180273e-03 -5.33461301e-03 0.00000000e+00
      vertex -4.61731516e-03 -5.87882282e-03 -6.08147201e-04
    endloop
  endfacet
  facet normal -8.09504261e-01 -5.38761957e-01 2.33320392e-01
    outer loop
      vertex -6.06762746e-03 -3.75000000e-03 2.31762746e-03
      vertex -6.30133414e-03 -3.89443867e-03 1.17325849e-03
      vertex -5.68989225e-03 -4.55118862e-03 1.77814744e-03
    endloop
  endfacet
  facet normal -8.30386469e-01 -5.51642150e-01 7.84171500e-02
    outer loop
      vertex -6.37988106e-03 -3.94298334e-03 0.00000000e+00
      vertex -5.85153278e-03 -4.65179687e-03 6.08563887e-04
      vertex -6.30133414e-03 -3.89443867e-03 1.17325849e-03
    endloop
  endfacet
  facet normal -7.51866045e-01 -6.39868422e-01 1.58952361e-01
    outer loop
      vertex -5.20335358e-03 -5.26534834e-03 1.20466527e-03
      vertex -5.68989225e-03 -4.55118862e-03 1.77814744e-03
      vertex -5.85153278e-03 -4.65179687e-03 6.08563887e-04
    endloop
  endfacet
  facet normal -7.91679153e-01 -5.89578591e-01 1.60128712e-01
    outer loop
      vertex -6.30133414e-03 -3.89443867e-03 1.17325849e-03
      vertex -5.85153278e-03 -4.65179687e-03 6.08563887e-04
      vertex -5.68989225e-03 -4.55118862e-03 1.77814744e-03
    endloop
  endfacet
  facet normal -8.09504261e-01 -5.38761957e-01 -2.33320392e-01
    outer loop
      vertex -6.06762746e-03 -3.75000000e-03 -2.31762746e-03
      vertex -5.68989225e-03 -4.55118862e-03 -1.77814744e-03
      vertex -6.30133414e-03 -3.89443867e-03 -1.17325849e-03
    endloop
  endfacet
  facet normal -7.51866045e-01 -6.39868422e-01 -1.58952361e-01
    outer loop
      vertex -5.20335358e-03 -5.26534834e-03 -1.20466527e-03
      vertex -5.85153278e-03 -4.65179687e-03 -6.08563887e-04
      vertex -5.68989225e-03 -4.55118862e-03 -1.77814744e-03
    endloop
  endfacet
  facet normal -8.30386469e-01 -5.51642150e-01 -7.84171500e-02
    outer loop
      vertex -6.37988106e-03 -3.94298334e-03 0.00000000e+00
      vertex -6.30133414e-03 -3.89443867e-03 -1.17325849e-03
      vertex -5.85153278e-03 -4.65179687e-03 -6.08563887e-04
    endloop
  endfacet
  facet normal -7.91679153e-01 -5.89578591e-01 -1.60128712e-01
    outer loop
      vertex -5.68989225e-03 -4.55118862e-03 -1.77814744e-03
      vertex -5.85153278e-03 -4.65179687e-03 -6.08563887e-04
      vertex -6.30133414e-03 -3.89443867e-03 -1.17325849e-03
    endloop
  endfacet
  facet normal -7.23271921e-01 -6.85851676e-01 8.05307856e-02
    outer loop
      vertex -5.20335358e-03 -5.26534834e-03 1.20466527e-03
      vertex -5.85153278e-03 -4.65179687e-03 6.08563887e-04
      vertex -5.27180273e-03 -5.33461301e-03 0.00000000e+00
    endloop
  endfacet
  facet normal -8.01767535e-01 -5.97636026e-01 0.00000000e+00
    outer loop
      vertex -6.37988106e-03 -3.94298334e-03 0.00000000e+00
      vertex -5.85153278e-03 -4.65179687e-03 -6.08563887e-04
      vertex -5.85153278e-03 -4.65179687e-03 6.08563887e-04
    endloop
  endfacet
  facet normal -7.23271921e-01 -6.85851676e-01 -8.05307856e-02
    outer loop
      vertex -5.20335358e-03 -5.26534834e-03 -1.20466527e-03
      vertex -5.27180273e-03 -5.33461301e-03 0.00000000e+00
      vertex -5.85153278e-03 -4.65179687e-03 -6.08563887e-04
    endloop
  endfacet
  facet normal -7.62304822e-01 -6.47218169e-01 -0.00000000e+00
    outer loop
      vertex -5.85153278e-03 -4.65179687e-03 6.08563887e-04
      vertex -5.85153278e-03 -4.65179687e-03 -6.08563887e-04
      vertex -5.27180273e-03 -5.33461301e-03 0.00000000e+00
    endloop
  endfacet
  facet normal -9.95747362e-01 -9.21259537e-02 0.00000000e+00
    outer loop
      vertex -7.50000000e-03 0.00000000e+00 0.00000000e+00
      vertex -7.40766255e-03 -9.98033281e-04 -6.16818490e-04
      vertex -7.40766255e-03 -9.98033281e-04 6.16818490e-04
    endloop
  endfacet
  facet normal -9.71230961e-01 -2.23786292e-01 -8.14255288e-02
    outer loop
      vertex -7.13292387e-03 -1.97149167e-03 -1.21844886e-03
      vertex -7.22895948e-03 -1.99803526e-03 0.00000000e+00
      vertex -7.40766255e-03 -9.98033281e-04 -6.16818490e-04
    endloop
  endfacet
  facet normal -9.71230961e-01 -2.23786292e-01 8.14255288e-02
    outer loop
      vertex -7.13292387e-03 -1.97149167e-03 1.21844886e-03
      vertex -7.40766255e-03 -9.98033281e-04 6.16818490e-04
      vertex -7.22895948e-03 -1.99803526e-03 0.00000000e+00
    endloop
  endfacet
  facet normal -9.84405201e-01 -1.75915892e-01 0.00000000e+00
    outer loop
      vertex -7.40766255e-03 -9.98033281e-04 -6.16818490e-04
      vertex -7.22895948e-03 -1.99803526e-03 0.00000000e+00
      vertex -7.40766255e-03 -9.98033281e-04 6.16818490e-04
    endloop
  endfacet
  facet normal -8.51639515e-01 -4.69405196e-01 -2.33171395e-01
    outer loop
      vertex -6.06762746e-03 -3.75000000e-03 -2.31762746e-03
      vertex -6.30133414e-03 -3.89443867e-03 -1.17325849e-03
      vertex -6.68254893e-03 -2.89640539e-03 -1.79007698e-03
    endloop
  endfacet
  facet normal -8.72473626e-01 -4.82336350e-01 -7.83671947e-02
    outer loop
      vertex -6.37988106e-03 -3.94298334e-03 0.00000000e+00
      vertex -6.84736870e-03 -2.99705289e-03 -6.17426850e-04
      vertex -6.30133414e-03 -3.89443867e-03 -1.17325849e-03
    endloop
  endfacet
  facet normal -9.22797371e-01 -3.50587076e-01 -1.59792724e-01
    outer loop
      vertex -7.13292387e-03 -1.97149167e-03 -1.21844886e-03
      vertex -6.68254893e-03 -2.89640539e-03 -1.79007698e-03
      vertex -6.84736870e-03 -2.99705289e-03 -6.17426850e-04
    endloop
  endfacet
  facet normal -8.84358483e-01 -4.37841600e-01 -1.61878990e-01
    outer loop
      vertex -6.30133414e-03 -3.89443867e-03 -1.17325849e-03
      vertex -6.84736870e-03 -2.99705289e-03 -6.17426850e-04
      vertex -6.68254893e-03 -2.89640539e-03 -1.79007698e-03
    endloop
  endfacet
  facet normal -8.51639515e-01 -4.69405196e-01 2.33171395e-01
    outer loop
      vertex -6.06762746e-03 -3.75000000e-03 2.31762746e-03
      vertex -6.68254893e-03 -2.89640539e-03 1.79007698e-03
      vertex -6.30133414e-03 -3.89443867e-03 1.17325849e-03
    endloop
  endfacet
  facet normal -9.22797371e-01 -3.50587076e-01 1.59792724e-01
    outer loop
      vertex -7.13292387e-03 -1.97149167e-03 1.21844886e-03
      vertex -6.84736870e-03 -2.99705289e-03 6.17426850e-04
      vertex -6.68254893e-03 -2.89640539e-03 1.79007698e-03
    endloop
  endfacet
  facet normal -8.72473626e-01 -4.82336350e-01 7.83671947e-02
    outer loop
      vertex -6.37988106e-03 -3.94298334e-03 0.00000000e+00
      vertex -6.30133414e-03 -3.89443867e-03 1.17325849e-03
      vertex -6.84736870e-03 -2.99705289e-03 6.17426850e-04
    endloop
  endfacet
  facet normal -8.84358483e-01 -4.37841600e-01 1.61878990e-01
    outer loop
      vertex -6.68254893e-03 -2.89640539e-03 1.79007698e-03
      vertex -6.84736870e-03 -2.99705289e-03 6.17426850e-04
      vertex -6.30133414e-03 -3.89443867e-03 1.17325849e-03
    endloop
  endfacet
  facet normal -9.46806803e-01 -3.11335293e-01 -8.14076995e-02
    outer loop
      vertex -7.13292387e-03 -1.97149167e-03 -1.21844886e-03
      vertex -6.84736870e-03 -2.99705289e-03 -6.17426850e-04
      vertex -7.22895948e-03 -1.99803526e-03 0.00000000e+00
    endloop
  endfacet
  facet normal -8.96494078e-01 -4.43055717e-01 0.00000000e+00
    outer loop
      vertex -6.37988106e-03 -3.94298334e-03 0.00000000e+00
      vertex -6.84736870e-03 -2.99705289e-03 6.17426850e-04
      vertex -6.84736870e-03 -2.99705289e-03 -6.17426850e-04
    endloop
  endfacet
  facet normal -9.46806803e-01 -3.11335293e-01 8.14076995e-02
    outer loop
      vertex -7.13292387e-03 -1.97149167e-03 1.21844886e-03
      vertex -7.22895948e-03 -1.99803526e-03 0.00000000e+00
      vertex -6.84736870e-03 -2.99705289e-03 6.17426850e-04
    endloop
  endfacet
  facet normal -9.34172359e-01 -3.56822090e-01 0.00000000e+00
    outer loop
      vertex -6.84736870e-03 -2.99705289e-03 -6.17426850e-04
      vertex -6.84736870e-03 -2.99705289e-03 6.17426850e-04
      vertex -7.22895948e-03 -1.99803526e-03 0.00000000e+00
    endloop
  endfacet
  facet normal -8.02672025e-01 0.00000000e+00 -5.96420674e-01
    outer loop
      vertex -6.37988106e-03 0.00000000e+00 -3.94298334e-03
      vertex -5.87882282e-03 6.08147201e-04 -4.61731516e-03
      vertex -5.87882282e-03 -6.08147201e-04 -4.61731516e-03
    endloop
  endfacet
  facet normal -7.28344548e-01 8.05414856e-02 -6.80461086e-01
    outer loop
      vertex -5.26534834e-03 1.20466527e-03 -5.20335358e-03
      vertex -5.33461301e-03 0.00000000e+00 -5.27180273e-03
      vertex -5.87882282e-03 6.08147201e-04 -4.61731516e-03
    endloop
  endfacet
  facet normal -7.28344548e-01 -8.05414856e-02 -6.80461086e-01
    outer loop
      vertex -5.26534834e-03 -1.20466527e-03 -5.20335358e-03
      vertex -5.87882282e-03 -6.08147201e-04 -4.61731516e-03
      vertex -5.33461301e-03 0.00000000e+00 -5.27180273e-03
    endloop
  endfacet
  facet normal -7.68912155e-01 -0.00000000e+00 -6.39354439e-01
    outer loop
      vertex -5.87882282e-03 6.08147201e-04 -4.61731516e-03
      vertex -5.33461301e-03 0.00000000e+00 -5.27180273e-03
      vertex -5.87882282e-03 -6.08147201e-04 -4.61731516e-03
    endloop
  endfacet
  facet normal -5.38761957e-01 2.33320392e-01 -8.09504261e-01
    outer loop
      vertex -3.75000000e-03 2.31762746e-03 -6.06762746e-03
      vertex -3.89443867e-03 1.17325849e-03 -6.30133414e-03
      vertex -4.55118862e-03 1.77814744e-03 -5.68989225e-03
    endloop
  endfacet
  facet normal -5.51642150e-01 7.84171500e-02 -8.30386469e-01
    outer loop
      vertex -3.94298334e-03 0.00000000e+00 -6.37988106e-03
      vertex -4.65179687e-03 6.08563887e-04 -5.85153278e-03
      vertex -3.89443867e-03 1.17325849e-03 -6.30133414e-03
    endloop
  endfacet
  facet normal -6.39868422e-01 1.58952361e-01 -7.51866045e-01
    outer loop
      vertex -5.26534834e-03 1.20466527e-03 -5.20335358e-03
      vertex -4.55118862e-03 1.77814744e-03 -5.68989225e-03
      vertex -4.65179687e-03 6.08563887e-04 -5.85153278e-03
    endloop
  endfacet
  facet normal -5.89578591e-01 1.60128712e-01 -7.91679153e-01
    outer loop
      vertex -3.89443867e-03 1.17325849e-03 -6.30133414e-03
      vertex -4.65179687e-03 6.08563887e-04 -5.85153278e-03
      vertex -4.55118862e-03 1.77814744e-03 -5.68989225e-03
    endloop
  endfacet
  facet normal -5.38761957e-01 -2.33320392e-01 -8.09504261e-01
    outer loop
      vertex -3.75000000e-03 -2.31762746e-03 -6.06762746e-03
      vertex -4.55118862e-03 -1.77814744e-03 -5.68989225e-03
      vertex -3.89443867e-03 -1.17325849e-03 -6.30133414e-03
    endloop
  endfacet
  facet normal -6.39868422e-01 -1.58952361e-01 -7.51866045e-01
    outer loop
      vertex -5.26534834e-03 -1.20466527e-03 -5.20335358e-03
      vertex -4.65179687e-03 -6.08563887e-04 -5.85153278e-03
      vertex -4.55118862e-03 -1.77814744e-03 -5.68989225e-03
    endloop
  endfacet
  facet normal -5.51642150e-01 -7.84171500e-02 -8.30386469e-01
    outer loop
      vertex -3.94298334e-03 0.00000000e+00 -6.37988106e-03
      vertex -3.89443867e-03 -1.17325849e-03 -6.30133414e-03
      vertex -4.65179687e-03 -6.08563887e-04 -5.85153278e-03
    endloop
  endfacet
  facet normal -5.89578591e-01 -1.60128712e-01 -7.91679153e-01
    outer loop
      vertex -4.55118862e-03 -1.77814744e-03 -5.68989225e-03
      vertex -4.65179687e-03 -6.08563887e-04 -5.85153278e-03
      vertex -3.89443867e-03 -1.17325849e-03 -6.30133414e-03
    endloop
  endfacet
  facet normal -6.85851676e-01 8.05307856e-02 -7.23271921e-01
    outer loop
      vertex -5.26534834e-03 1.20466527e-03 -5.20335358e-03
      vertex -4.65179687e-03 6.08563887e-04 -5.85153278e-03
      vertex -5.33461301e-03 0.00000000e+00 -5.27180273e-03
    endloop
  endfacet
  facet normal -5.97636026e-01 0.00000000e+00 -8.01767535e-01
    outer loop
      vertex -3.94298334e-03 0.00000000e+00 -6.37988106e-03
      vertex -4.65179687e-03 -6.08563887e-04 -5.85153278e-03
      vertex -4.65179687e-03 6.08563887e-04 -5.85153278e-03
    endloop
  endfacet
  facet normal -6.85851676e-01 -8.05307856e-02 -7.23271921e-01
    outer loop
      vertex -5.26534834e-03 -1.20466527e-03 -5.20335358e-03
      vertex -5.33461301e-03 0.00000000e+00 -5.27180273e-03
      vertex -4.65179687e-03 -6.08563887e-04 -5.85153278e-03
    endloop
  endfacet
  facet normal -6.47218169e-01 -0.00000000e+00 -7.62304822e-01
    outer loop
      vertex -4.65179687e-03 6.08563887e-04 -5.85153278e-03
      vertex -4.65179687e-03 -6.08563887e-04 -5.85153278e-03
      vertex -5.33461301e-03 0.00000000e+00 -5.27180273e-03
    endloop
  endfacet
  facet normal -5.01710402e-02 4.65071185e-01 -8.83850473e-01
    outer loop
      vertex 0.00000000e+00 3.94298334e-03 -6.37988106e-03
      vertex 0.00000000e+00 3.02516511e-03 -6.86282566e-03
      vertex -9.84002841e-04 3.63331232e-03 -6.48697002e-03
    endloop
  endfacet
  facet normal -5.00002693e-02 3.38698334e-01 -9.39565544e-01
    outer loop
      vertex 0.00000000e+00 2.04949897e-03 -7.21453768e-03
      vertex -9.87415285e-04 2.68671595e-03 -6.93228450e-03
      vertex 0.00000000e+00 3.02516511e-03 -6.86282566e-03
    endloop
  endfacet
  facet normal -1.80319130e-01 4.19239820e-01 -8.89788168e-01
    outer loop
      vertex -1.94918935e-03 3.25416423e-03 -6.47001360e-03
      vertex -9.84002841e-04 3.63331232e-03 -6.48697002e-03
      vertex -9.87415285e-04 2.68671595e-03 -6.93228450e-03
    endloop
  endfacet
  facet normal -8.20702965e-02 4.24491613e-01 -9.01704684e-01
    outer loop
      vertex 0.00000000e+00 3.02516511e-03 -6.86282566e-03
      vertex -9.87415285e-04 2.68671595e-03 -6.93228450e-03
      vertex -9.84002841e-04 3.63331232e-03 -6.48697002e-03
    endloop
  endfacet
  facet normal -4.95053672e-02 6.90568093e-02 -9.96383649e-01
    outer loop
      vertex 0.00000000e+00 0.00000000e+00 -7.50000000e-03
      vertex -9.98033281e-04 6.16818490e-04 -7.40766255e-03
      vertex 0.00000000e+00 1.03464182e-03 -7.42829161e-03
    endloop
  endfacet
  facet normal -1.81285628e-01 1.50475768e-01 -9.71850073e-01
    outer loop
      vertex -1.97149167e-03 1.21844886e-03 -7.13292387e-03
      vertex -9.95943576e-04 1.65087771e-03 -7.24794448e-03
      vertex -9.98033281e-04 6.16818490e-04 -7.40766255e-03
    endloop
  endfacet
  facet normal -4.96076443e-02 2.05848861e-01 -9.77325600e-01
    outer loop
      vertex 0.00000000e+00 2.04949897e-03 -7.21453768e-03
      vertex 0.00000000e+00 1.03464182e-03 -7.42829161e-03
      vertex -9.95943576e-04 1.65087771e-03 -7.24794448e-03
    endloop
  endfacet
  facet normal -8.41029235e-02 1.52272431e-01 -9.84753677e-01
    outer loop
      vertex -9.98033281e-04 6.16818490e-04 -7.40766255e-03
      vertex -9.95943576e-04 1.65087771e-03 -7.24794448e-03
      vertex 0.00000000e+00 1.03464182e-03 -7.42829161e-03
    endloop
  endfacet
  facet normal -4.27025692e-01 3.02377202e-01 -8.52183716e-01
    outer loop
      vertex -3.75000000e-03 2.31762746e-03 -6.06762746e-03
      vertex -2.87710300e-03 2.81278926e-03 -6.32933606e-03
      vertex -2.89640539e-03 1.79007698e-03 -6.68254893e-03
    endloop
  endfacet
  facet normal -3.06797967e-01 3.64801223e-01 -8.79087638e-01
    outer loop
      vertex -1.94918935e-03 3.25416423e-03 -6.47001360e-03
      vertex -1.98062063e-03 2.25944159e-03 -6.87183131e-03
      vertex -2.87710300e-03 2.81278926e-03 -6.32933606e-03
    endloop
  endfacet
  facet normal -3.08167242e-01 2.28892918e-01 -9.23385609e-01
    outer loop
      vertex -1.97149167e-03 1.21844886e-03 -7.13292387e-03
      vertex -2.89640539e-03 1.79007698e-03 -6.68254893e-03
      vertex -1.98062063e-03 2.25944159e-03 -6.87183131e-03
    endloop
  endfacet
  facet normal -3.43196621e-01 3.12401143e-01 -8.85788691e-01
    outer loop
      vertex -2.87710300e-03 2.81278926e-03 -6.32933606e-03
      vertex -1.98062063e-03 2.25944159e-03 -6.87183131e-03
      vertex -2.89640539e-03 1.79007698e-03 -6.68254893e-03
    endloop
  endfacet
  facet normal -8.45453627e-02 2.91096954e-01 -9.52950495e-01
    outer loop
      vertex 0.00000000e+00 2.04949897e-03 -7.21453768e-03
      vertex -9.95943576e-04 1.65087771e-03 -7.24794448e-03
      vertex -9.87415285e-04 2.68671595e-03 -6.93228450e-03
    endloop
  endfacet
  facet normal -2.16204079e-01 2.35737907e-01 -9.47461575e-01
    outer loop
      vertex -1.97149167e-03 1.21844886e-03 -7.13292387e-03
      vertex -1.98062063e-03 2.25944159e-03 -6.87183131e-03
      vertex -9.95943576e-04 1.65087771e-03 -7.24794448e-03
    endloop
  endfacet
  facet normal -2.14846911e-01 3.71627739e-01 -9.03179732e-01
    outer loop
      vertex -1.94918935e-03 3.25416423e-03 -6.47001360e-03
      vertex -9.87415285e-04 2.68671595e-03 -6.93228450e-03
      vertex -1.98062063e-03 2.25944159e-03 -6.87183131e-03
    endloop
  endfacet
  facet normal -1.81150998e-01 2.88045353e-01 -9.40326640e-01
    outer loop
      vertex -9.95943576e-04 1.65087771e-03 -7.24794448e-03
      vertex -1.98062063e-03 2.25944159e-03 -6.87183131e-03
      vertex -9.87415285e-04 2.68671595e-03 -6.93228450e-03
    endloop
  endfacet
  facet normal -5.01710402e-02 -4.65071185e-01 -8.83850473e-01
    outer loop
      vertex 0.00000000e+00 -3.94298334e-03 -6.37988106e-03
      vertex -9.84002841e-04 -3.63331232e-03 -6.48697002e-03
      vertex 0.00000000e+00 -3.02516511e-03 -6.86282566e-03
    endloop
  endfacet
  facet normal -1.80319130e-01 -4.19239820e-01 -8.89788168e-01
    outer loop
      vertex -1.94918935e-03 -3.25416423e-03 -6.47001360e-03
      vertex -9.87415285e-04 -2.68671595e-03 -6.93228450e-03
      vertex -9.84002841e-04 -3.63331232e-03 -6.48697002e-03
    endloop
  endfacet
  facet normal -5.00002693e-02 -3.38698334e-01 -9.39565544e-01
    outer loop
      vertex 0.00000000e+00 -2.04949897e-03 -7.21453768e-03
      vertex 0.00000000e+00 -3.02516511e-03 -6.86282566e-03
      vertex -9.87415285e-04 -2.68671595e-03 -6.93228450e-03
    endloop
  endfacet
  facet normal -8.20702965e-02 -4.24491613e-01 -9.01704684e-01
    outer loop
      vertex -9.84002841e-04 -3.63331232e-03 -6.48697002e-03
      vertex -9.87415285e-04 -2.68671595e-03 -6.93228450e-03
      vertex 0.00000000e+00 -3.02516511e-03 -6.86282566e-03
    endloop
  endfacet
  facet normal -4.27025692e-01 -3.02377202e-01 -8.52183716e-01
    outer loop
      vertex -3.75000000e-03 -2.31762746e-03 -6.06762746e-03
      vertex -2.89640539e-03 -1.79007698e-03 -6.68254893e-03
      vertex -2.87710300e-03 -2.81278926e-03 -6.32933606e-03
    endloop
  endfacet
  facet normal -3.08167242e-01 -2.28892918e-01 -9.23385609e-01
    outer loop
      vertex -1.97149167e-03 -1.21844886e-03 -7.13292387e-03
      vertex -1.98062063e-03 -2.25944159e-03 -6.87183131e-03
      vertex -2.89640539e-03 -1.79007698e-03 -6.68254893e-03
    endloop
  endfacet
  facet normal -3.06797967e-01 -3.64801223e-01 -8.79087638e-01
    outer loop
      vertex -1.94918935e-03 -3.25416423e-03 -6.47001360e-03
      vertex -2.87710300e-03 -2.81278926e-03 -6.32933606e-03
      vertex -1.98062063e-03 -2.25944159e-03 -6.87183131e-03
    endloop
  endfacet
  facet normal -3.43196621e-01 -3.12401143e-01 -8.85788691e-01
    outer loop
      vertex -2.89640539e-03 -1.79007698e-03 -6.68254893e-03
      vertex -1.98062063e-03 -2.25944159e-03 -6.87183131e-03
      vertex -2.87710300e-03 -2.81278926e-03 -6.32933606e-03
    endloop
  endfacet
  facet normal -4.95053672e-02 -6.90568093e-02 -9.96383649e-01
    outer loop
      vertex 0.00000000e+00 0.00000000e+00 -7.50000000e-03
      vertex 0.00000000e+00 -1.03464182e-03 -7.42829161e-03
      vertex -9.98033281e-04 -6.16818490e-04 -7.40766255e-03
    endloop
  endfacet
  facet normal -4.96076443e-02 -2.05848861e-01 -9.77325600e-01
    outer loop
      vertex 0.00000000e+00 -2.04949897e-03 -7.21453768e-03
      vertex -9.95943576e-04 -1.65087771e-03 -7.24794448e-03
      vertex 0.00000000e+00 -1.03464182e-03 -7.42829161e-03
    endloop
  endfacet
  facet normal -1.81285628e-01 -1.50475768e-01 -9.71850073e-01
    outer loop
      vertex -1.97149167e-03 -1.21844886e-03 -7.13292387e-03
      vertex -9.98033281e-04 -6.16818490e-04 -7.40766255e-03
      vertex -9.95943576e-04 -1.65087771e-03 -7.24794448e-03
    endloop
  endfacet
  facet normal -8.41029235e-02 -1.52272431e-01 -9.84753677e-01
    outer loop
      vertex 0.00000000e+00 -1.03464182e-03 -7.42829161e-03
      vertex -9.95943576e-04 -1.65087771e-03 -7.24794448e-03
      vertex -9.98033281e-04 -6.16818490e-04 -7.40766255e-03
    endloop
  endfacet
  facet normal -2.14846911e-01 -3.71627739e-01 -9.03179732e-01
    outer loop
      vertex -1.94918935e-03 -3.25416423e-03 -6.47001360e-03
      vertex -1.98062063e-03 -2.25944159e-03 -6.87183131e-03
      vertex -9.87415285e-04 -2.68671595e-03 -6.93228450e-03
    endloop
  endfacet
  facet normal -2.16204079e-01 -2.35737907e-01 -9.47461575e-01
    outer loop
      vertex -1.97149167e-03 -1.21844886e-03 -7.13292387e-03
      vertex -9.95943576e-04 -1.65087771e-03 -7.24794448e-03
      vertex -1.98062063e-03 -2.25944159e-03 -6.87183131e-03
    endloop
  endfacet
  facet normal -8.45453627e-02 -2.91096954e-01 -9.52950495e-01
    outer loop
      vertex 0.00000000e+00 -2.04949897e-03 -7.21453768e-03
      vertex -9.87415285e-04 -2.68671595e-03 -6.93228450e-03
      vertex -9.95943576e-04 -1.65087771e-03 -7.24794448e-03
    endloop
  endfacet
  facet normal -1.81150998e-01 -2.88045353e-01 -9.40326640e-01
    outer loop
      vertex -1.98062063e-03 -2.25944159e-03 -6.87183131e-03
      vertex -9.95943576e-04 -1.65087771e-03 -7.24794448e-03
      vertex -9.87415285e-04 -2.68671595e-03 -6.93228450e-03
    endloop
  endfacet
  facet normal -4.69405196e-01 2.33171395e-01 -8.51639515e-01
    outer loop
      vertex -3.75000000e-03 2.31762746e-03 -6.06762746e-03
      vertex -2.89640539e-03 1.79007698e-03 -6.68254893e-03
      vertex -3.89443867e-03 1.17325849e-03 -6.30133414e-03
    endloop
  endfacet
  facet normal -3.50587076e-01 1.59792724e-01 -9.22797371e-01
    outer loop
      vertex -1.97149167e-03 1.21844886e-03 -7.13292387e-03
      vertex -2.99705289e-03 6.17426850e-04 -6.84736870e-03
      vertex -2.89640539e-03 1.79007698e-03 -6.68254893e-03
    endloop
  endfacet
  facet normal -4.82336350e-01 7.83671947e-02 -8.72473626e-01
    outer loop
      vertex -3.94298334e-03 0.00000000e+00 -6.37988106e-03
      vertex -3.89443867e-03 1.17325849e-03 -6.30133414e-03
      vertex -2.99705289e-03 6.17426850e-04 -6.84736870e-03
    endloop
  endfacet
  facet normal -4.37841600e-01 1.61878990e-01 -8.84358483e-01
    outer loop
      vertex -2.89640539e-03 1.79007698e-03 -6.68254893e-03
      vertex -2.99705289e-03 6.17426850e-04 -6.84736870e-03
      vertex -3.89443867e-03 1.17325849e-03 -6.30133414e-03
    endloop
  endfacet
  facet normal -9.21259537e-02 0.00000000e+00 -9.95747362e-01
    outer loop
      vertex 0.00000000e+00 0.00000000e+00 -7.50000000e-03
      vertex -9.98033281e-04 -6.16818490e-04 -7.40766255e-03
      vertex -9.98033281e-04 6.16818490e-04 -7.40766255e-03
    endloop
  endfacet
  facet normal -2.23786292e-01 -8.14255288e-02 -9.71230961e-01
    outer loop
      vertex -1.97149167e-03 -1.21844886e-03 -7.13292387e-03
      vertex -1.99803526e-03 0.00000000e+00 -7.22895948e-03
      vertex -9.98033281e-04 -6.16818490e-04 -7.40766255e-03
    endloop
  endfacet
  facet normal -2.23786292e-01 8.14255288e-02 -9.71230961e-01
    outer loop
      vertex -1.97149167e-03 1.21844886e-03 -7.13292387e-03
      vertex -9.98033281e-04 6.16818490e-04 -7.40766255e-03
      vertex -1.99803526e-03 0.00000000e+00 -7.22895948e-03
    endloop
  endfacet
  facet normal -1.75915892e-01 0.00000000e+00 -9.84405201e-01
    outer loop
      vertex -9.98033281e-04 -6.16818490e-04 -7.40766255e-03
      vertex -1.99803526e-03 0.00000000e+00 -7.22895948e-03
      vertex -9.98033281e-04 6.16818490e-04 -7.40766255e-03
    endloop
  endfacet
  facet normal -4.69405196e-01 -2.33171395e-01 -8.51639515e-01
    outer loop
      vertex -3.75000000e-03 -2.31762746e-03 -6.06762746e-03
      vertex -3.89443867e-03 -1.17325849e-03 -6.30133414e-03
      vertex -2.89640539e-03 -1.79007698e-03 -6.68254893e-03
    endloop
  endfacet
  facet normal -4.82336350e-01 -7.83671947e-02 -8.72473626e-01
    outer loop
      vertex -3.94298334e-03 0.00000000e+00 -6.37988106e-03
      vertex -2.99705289e-03 -6.17426850e-04 -6.84736870e-03
      vertex -3.89443867e-03 -1.17325849e-03 -6.30133414e-03
    endloop
  endfacet
  facet normal -3.50587076e-01 -1.59792724e-01 -9.22797371e-01
    outer loop
      vertex -1.97149167e-03 -1.21844886e-03 -7.13292387e-03
      vertex -2.89640539e-03 -1.79007698e-03 -6.68254893e-03
      vertex -2.99705289e-03 -6.17426850e-04 -6.84736870e-03
    endloop
  endfacet
  facet normal -4.37841600e-01 -1.61878990e-01 -8.84358483e-01
    outer loop
      vertex -3.89443867e-03 -1.17325849e-03 -6.30133414e-03
      vertex -2.99705289e-03 -6.17426850e-04 -6.84736870e-03
      vertex -2.89640539e-03 -1.79007698e-03 -6.68254893e-03
    endloop
  endfacet
  facet normal -3.11335293e-01 8.14076995e-02 -9.46806803e-01
    outer loop
      vertex -1.97149167e-03 1.21844886e-03 -7.13292387e-03
      vertex -1.99803526e-03 0.00000000e+00 -7.22895948e-03
      vertex -2.99705289e-03 6.17426850e-04 -6.84736870e-03
    endloop
  endfacet
  facet normal -3.11335293e-01 -8.14076995e-02 -9.46806803e-01
    outer loop
      vertex -1.97149167e-03 -1.21844886e-03 -7.13292387e-03
      vertex -2.99705289e-03 -6.17426850e-04 -6.84736870e-03
      vertex -1.99803526e-03 0.00000000e+00 -7.22895948e-03
    endloop
  endfacet
  facet normal -4.43055717e-01 0.00000000e+00 -8.96494078e-01
    outer loop
      vertex -3.94298334e-03 0.00000000e+00 -6.37988106e-03
      vertex -2.99705289e-03 6.17426850e-04 -6.84736870e-03
      vertex -2.99705289e-03 -6.17426850e-04 -6.84736870e-03
    endloop
  endfacet
  facet normal -3.56822090e-01 0.00000000e+00 -9.34172359e-01
    outer loop
      vertex -1.99803526e-03 0.00000000e+00 -7.22895948e-03
      vertex -2.99705289e-03 -6.17426850e-04 -6.84736870e-03
      vertex -2.99705289e-03 6.17426850e-04 -6.84736870e-03
    endloop
  endfacet
  facet normal 8.11784483e-02 5.46249634e-01 -8.33679433e-01
    outer loop
      vertex 0.00000000e+00 3.94298334e-03 -6.37988106e-03
      vertex 6.08147201e-04 4.61731516e-03 -5.87882282e-03
      vertex 9.84002841e-04 3.63331232e-03 -6.48697002e-03
    endloop
  endfacet
  facet normal 1.61443621e-01 6.30460816e-01 -7.59246413e-01
    outer loop
      vertex 1.20466527e-03 5.20335358e-03 -5.26534834e-03
      vertex 1.59767149e-03 4.28438744e-03 -5.94486922e-03
      vertex 6.08147201e-04 4.61731516e-03 -5.87882282e-03
    endloop
  endfacet
  facet normal 2.11220996e-01 5.00141955e-01 -8.39787899e-01
    outer loop
      vertex 1.94918935e-03 3.25416423e-03 -6.47001360e-03
      vertex 9.84002841e-04 3.63331232e-03 -6.48697002e-03
      vertex 1.59767149e-03 4.28438744e-03 -5.94486922e-03
    endloop
  endfacet
  facet normal 1.32792529e-01 5.57284142e-01 -8.19634387e-01
    outer loop
      vertex 6.08147201e-04 4.61731516e-03 -5.87882282e-03
      vertex 1.59767149e-03 4.28438744e-03 -5.94486922e-03
      vertex 9.84002841e-04 3.63331232e-03 -6.48697002e-03
    endloop
  endfacet
  facet normal 3.13421759e-01 7.59998894e-01 -5.69357957e-01
    outer loop
      vertex 2.31762746e-03 6.06762746e-03 -3.75000000e-03
      vertex 2.78811026e-03 5.30330086e-03 -4.51125716e-03
      vertex 1.77814744e-03 5.68989225e-03 -4.55118862e-03
    endloop
  endfacet
  facet normal 3.71743458e-01 6.49100841e-01 -6.63682830e-01
    outer loop
      vertex 3.18994053e-03 4.40838939e-03 -5.16143220e-03
      vertex 2.22003444e-03 4.85558920e-03 -5.26732385e-03
      vertex 2.78811026e-03 5.30330086e-03 -4.51125716e-03
    endloop
  endfacet
  facet normal 2.39219216e-01 7.02258401e-01 -6.70527632e-01
    outer loop
      vertex 1.20466527e-03 5.20335358e-03 -5.26534834e-03
      vertex 1.77814744e-03 5.68989225e-03 -4.55118862e-03
      vertex 2.22003444e-03 4.85558920e-03 -5.26732385e-03
    endloop
  endfacet
  facet normal 2.96210100e-01 7.07576229e-01 -6.41557056e-01
    outer loop
      vertex 2.78811026e-03 5.30330086e-03 -4.51125716e-03
      vertex 2.22003444e-03 4.85558920e-03 -5.26732385e-03
      vertex 1.77814744e-03 5.68989225e-03 -4.55118862e-03
    endloop
  endfacet
  facet normal 4.57621692e-01 3.82478568e-01 -8.02678349e-01
    outer loop
      vertex 3.75000000e-03 2.31762746e-03 -6.06762746e-03
      vertex 2.87710300e-03 2.81278926e-03 -6.32933606e-03
      vertex 3.51322388e-03 3.40492875e-03 -5.68451565e-03
    endloop
  endfacet
  facet normal 3.37457178e-01 4.45068077e-01 -8.29479994e-01
    outer loop
      vertex 1.94918935e-03 3.25416423e-03 -6.47001360e-03
      vertex 2.59614761e-03 3.87091215e-03 -5.87588774e-03
      vertex 2.87710300e-03 2.81278926e-03 -6.32933606e-03
    endloop
  endfacet
  facet normal 4.20207922e-01 5.22219227e-01 -7.42099980e-01
    outer loop
      vertex 3.18994053e-03 4.40838939e-03 -5.16143220e-03
      vertex 3.51322388e-03 3.40492875e-03 -5.68451565e-03
      vertex 2.59614761e-03 3.87091215e-03 -5.87588774e-03
    endloop
  endfacet
  facet normal 3.95175087e-01 4.48482532e-01 -8.01685768e-01
    outer loop
      vertex 2.87710300e-03 2.81278926e-03 -6.32933606e-03
      vertex 2.59614761e-03 3.87091215e-03 -5.87588774e-03
      vertex 3.51322388e-03 3.40492875e-03 -5.68451565e-03
    endloop
  endfacet
  facet normal 2.17328056e-01 6.38726558e-01 -7.38103584e-01
    outer loop
      vertex 1.20466527e-03 5.20335358e-03 -5.26534834e-03
      vertex 2.22003444e-03 4.85558920e-03 -5.26732385e-03
      vertex 1.59767149e-03 4.28438744e-03 -5.94486922e-03
    endloop
  endfacet
  facet normal 3.49825549e-01 5.85563456e-01 -7.31257495e-01
    outer loop
      vertex 3.18994053e-03 4.40838939e-03 -5.16143220e-03
      vertex 2.59614761e-03 3.87091215e-03 -5.87588774e-03
      vertex 2.22003444e-03 4.85558920e-03 -5.26732385e-03
    endloop
  endfacet
  facet normal 2.67098819e-01 5.08425010e-01 -8.18634369e-01
    outer loop
      vertex 1.94918935e-03 3.25416423e-03 -6.47001360e-03
      vertex 1.59767149e-03 4.28438744e-03 -5.94486922e-03
      vertex 2.59614761e-03 3.87091215e-03 -5.87588774e-03
    endloop
  endfacet
  facet normal 2.93108471e-01 5.81153824e-01 -7.59175643e-01
    outer loop
      vertex 2.22003444e-03 4.85558920e-03 -5.26732385e-03
      vertex 2.59614761e-03 3.87091215e-03 -5.87588774e-03
      vertex 1.59767149e-03 4.28438744e-03 -5.94486922e-03
    endloop
  endfacet
  facet normal 5.46249634e-01 8.33679433e-01 -8.11784483e-02
    outer loop
      vertex 3.94298334e-03 6.37988106e-03 0.00000000e+00
      vertex 4.61731516e-03 5.87882282e-03 -6.08147201e-04
      vertex 3.63331232e-03 6.48697002e-03 -9.84002841e-04
    endloop
  endfacet
  facet normal 6.30460816e-01 7.59246413e-01 -1.61443621e-01
    outer loop
      vertex 5.20335358e-03 5.26534834e-03 -1.20466527e-03
      vertex 4.28438744e-03 5.94486922e-03 -1.59767149e-03
      vertex 4.61731516e-03 5.87882282e-03 -6.08147201e-04
    endloop
  endfacet
  facet normal 5.00141955e-01 8.39787899e-01 -2.11220996e-01
    outer loop
      vertex 3.25416423e-03 6.47001360e-03 -1.94918935e-03
      vertex 3.63331232e-03 6.48697002e-03 -9.84002841e-04
      vertex 4.28438744e-03 5.94486922e-03 -1.59767149e-03
    endloop
  endfacet
  facet normal 5.57284142e-01 8.19634387e-01 -1.32792529e-01
    outer loop
      vertex 4.61731516e-03 5.87882282e-03 -6.08147201e-04
      vertex 4.28438744e-03 5.94486922e-03 -1.59767149e-03
      vertex 3.63331232e-03 6.48697002e-03 -9.84002841e-04
    endloop
  endfacet
  facet normal 7.59998894e-01 5.69357957e-01 -3.13421759e-01
    outer loop
      vertex 6.06762746e-03 3.75000000e-03 -2.31762746e-03
      vertex 5.30330086e-03 4.51125716e-03 -2.78811026e-03
      vertex 5.68989225e-03 4.55118862e-03 -1.77814744e-03
    endloop
  endfacet
  facet normal 6.49100841e-01 6.63682830e-01 -3.71743458e-01
    outer loop
      vertex 4.40838939e-03 5.16143220e-03 -3.18994053e-03
      vertex 4.85558920e-03 5.26732385e-03 -2.22003444e-03
      vertex 5.30330086e-03 4.51125716e-03 -2.78811026e-03
    endloop
  endfacet
  facet normal 7.02258401e-01 6.70527632e-01 -2.39219216e-01
    outer loop
      vertex 5.20335358e-03 5.26534834e-03 -1.20466527e-03
      vertex 5.68989225e-03 4.55118862e-03 -1.77814744e-03
      vertex 4.85558920e-03 5.26732385e-03 -2.22003444e-03
    endloop
  endfacet
  facet normal 7.07576229e-01 6.41557056e-01 -2.96210100e-01
    outer loop
      vertex 5.30330086e-03 4.51125716e-03 -2.78811026e-03
      vertex 4.85558920e-03 5.26732385e-03 -2.22003444e-03
      vertex 5.68989225e-03 4.55118862e-03 -1.77814744e-03
    endloop
  endfacet
  facet normal 3.82478568e-01 8.02678349e-01 -4.57621692e-01
    outer loop
      vertex 2.31762746e-03 6.06762746e-03 -3.75000000e-03
      vertex 2.81278926e-03 6.32933606e-03 -2.87710300e-03
      vertex 3.40492875e-03 5.68451565e-03 -3.51322388e-03
    endloop
  endfacet
  facet normal 4.45068077e-01 8.29479994e-01 -3.37457178e-01
    outer loop
      vertex 3.25416423e-03 6.47001360e-03 -1.94918935e-03
      vertex 3.87091215e-03 5.87588774e-03 -2.59614761e-03
      vertex 2.81278926e-03 6.32933606e-03 -2.87710300e-03
    endloop
  endfacet
  facet normal 5.22219227e-01 7.42099980e-01 -4.20207922e-01
    outer loop
      vertex 4.40838939e-03 5.16143220e-03 -3.18994053e-03
      vertex 3.40492875e-03 5.68451565e-03 -3.51322388e-03
      vertex 3.87091215e-03 5.87588774e-03 -2.59614761e-03
    endloop
  endfacet
  facet normal 4.48482532e-01 8.01685768e-01 -3.95175087e-01
    outer loop
      vertex 2.81278926e-03 6.32933606e-03 -2.87710300e-03
      vertex 3.87091215e-03 5.87588774e-03 -2.59614761e-03
      vertex 3.40492875e-03 5.68451565e-03 -3.51322388e-03
    endloop
  endfacet
  facet normal 6.38726558e-01 7.38103584e-01 -2.17328056e-01
    outer loop
      vertex 5.20335358e-03 5.26534834e-03 -1.20466527e-03
      vertex 4.85558920e-03 5.26732385e-03 -2.22003444e-03
      vertex 4.28438744e-03 5.94486922e-03 -1.59767149e-03
    endloop
  endfacet
  facet normal 5.85563456e-01 7.31257495e-01 -3.49825549e-01
    outer loop
      vertex 4.40838939e-03 5.16143220e-03 -3.18994053e-03
      vertex 3.87091215e-03 5.87588774e-03 -2.59614761e-03
      vertex 4.85558920e-03 5.26732385e-03 -2.22003444e-03
    endloop
  endfacet
  facet normal 5.08425010e-01 8.18634369e-01 -2.67098819e-01
    outer loop
      vertex 3.25416423e-03 6.47001360e-03 -1.94918935e-03
      vertex 4.28438744e-03 5.94486922e-03 -1.59767149e-03
      vertex 3.87091215e-03 5.87588774e-03 -2.59614761e-03
    endloop
  endfacet
  facet normal 5.81153824e-01 7.59175643e-01 -2.93108471e-01
    outer loop
      vertex 4.85558920e-03 5.26732385e-03 -2.22003444e-03
      vertex 3.87091215e-03 5.87588774e-03 -2.59614761e-03
      vertex 4.28438744e-03 5.94486922e-03 -1.59767149e-03
    endloop
  endfacet
  facet normal 8.33679433e-01 8.11784483e-02 -5.46249634e-01
    outer loop
      vertex 6.37988106e-03 0.00000000e+00 -3.94298334e-03
      vertex 5.87882282e-03 6.08147201e-04 -4.61731516e-03
      vertex 6.48697002e-03 9.84002841e-04 -3.63331232e-03
    endloop
  endfacet
  facet normal 7.59246413e-01 1.61443621e-01 -6.30460816e-01
    outer loop
      vertex 5.26534834e-03 1.20466527e-03 -5.20335358e-03
      vertex 5.94486922e-03 1.59767149e-03 -4.28438744e-03
      vertex 5.87882282e-03 6.08147201e-04 -4.61731516e-03
    endloop
  endfacet
  facet normal 8.39787899e-01 2.11220996e-01 -5.00141955e-01
    outer loop
      vertex 6.47001360e-03 1.94918935e-03 -3.25416423e-03
      vertex 6.48697002e-03 9.84002841e-04 -3.63331232e-03
      vertex 5.94486922e-03 1.59767149e-03 -4.28438744e-03
    endloop
  endfacet
  facet normal 8.19634387e-01 1.32792529e-01 -5.57284142e-01
    outer loop
      vertex 5.87882282e-03 6.08147201e-04 -4.61731516e-03
      vertex 5.94486922e-03 1.59767149e-03 -4.28438744e-03
      vertex 6.48697002e-03 9.84002841e-04 -3.63331232e-03
    endloop
  endfacet
  facet normal 5.69357957e-01 3.13421759e-01 -7.59998894e-01
    outer loop
      vertex 3.75000000e-03 2.31762746e-03 -6.06762746e-03
      vertex 4.51125716e-03 2.78811026e-03 -5.30330086e-03
      vertex 4.55118862e-03 1.77814744e-03 -5.68989225e-03
    endloop
  endfacet
  facet normal 6.63682830e-01 3.71743458e-01 -6.49100841e-01
    outer loop
      vertex 5.16143220e-03 3.18994053e-03 -4.40838939e-03
      vertex 5.26732385e-03 2.22003444e-03 -4.85558920e-03
      vertex 4.51125716e-03 2.78811026e-03 -5.30330086e-03
    endloop
  endfacet
  facet normal 6.70527632e-01 2.39219216e-01 -7.02258401e-01
    outer loop
      vertex 5.26534834e-03 1.20466527e-03 -5.20335358e-03
      vertex 4.55118862e-03 1.77814744e-03 -5.68989225e-03
      vertex 5.26732385e-03 2.22003444e-03 -4.85558920e-03
    endloop
  endfacet
  facet normal 6.41557056e-01 2.96210100e-01 -7.07576229e-01
    outer loop
      vertex 4.51125716e-03 2.78811026e-03 -5.30330086e-03
      vertex 5.26732385e-03 2.22003444e-03 -4.85558920e-03
      vertex 4.55118862e-03 1.77814744e-03 -5.68989225e-03
    endloop
  endfacet
  facet normal 8.02678349e-01 4.57621692e-01 -3.82478568e-01
    outer loop
      vertex 6.06762746e-03 3.75000000e-03 -2.31762746e-03
      vertex 6.32933606e-03 2.87710300e-03 -2.81278926e-03
      vertex 5.68451565e-03 3.51322388e-03 -3.40492875e-03
    endloop
  endfacet
  facet normal 8.29479994e-01 3.37457178e-01 -4.45068077e-01
    outer loop
      vertex 6.47001360e-03 1.94918935e-03 -3.25416423e-03
      vertex 5.87588774e-03 2.59614761e-03 -3.87091215e-03
      vertex 6.32933606e-03 2.87710300e-03 -2.81278926e-03
    endloop
  endfacet
  facet normal 7.42099980e-01 4.20207922e-01 -5.22219227e-01
    outer loop
      vertex 5.16143220e-03 3.18994053e-03 -4.40838939e-03
      vertex 5.68451565e-03 3.51322388e-03 -3.40492875e-03
      vertex 5.87588774e-03 2.59614761e-03 -3.87091215e-03
    endloop
  endfacet
  facet normal 8.01685768e-01 3.95175087e-01 -4.48482532e-01
    outer loop
      vertex 6.32933606e-03 2.87710300e-03 -2.81278926e-03
      vertex 5.87588774e-03 2.59614761e-03 -3.87091215e-03
      vertex 5.68451565e-03 3.51322388e-03 -3.40492875e-03
    endloop
  endfacet
  facet normal 7.38103584e-01 2.17328056e-01 -6.38726558e-01
    outer loop
      vertex 5.26534834e-03 1.20466527e-03 -5.20335358e-03
      vertex 5.26732385e-03 2.22003444e-03 -4.85558920e-03
      vertex 5.94486922e-03 1.59767149e-03 -4.28438744e-03
    endloop
  endfacet
  facet normal 7.31257495e-01 3.49825549e-01 -5.85563456e-01
    outer loop
      vertex 5.16143220e-03 3.18994053e-03 -4.40838939e-03
      vertex 5.87588774e-03 2.59614761e-03 -3.87091215e-03
      vertex 5.26732385e-03 2.22003444e-03 -4.85558920e-03
    endloop
  endfacet
  facet normal 8.18634369e-01 2.67098819e-01 -5.08425010e-01
    outer loop
      vertex 6.47001360e-03 1.94918935e-03 -3.25416423e-03
      vertex 5.94486922e-03 1.59767149e-03 -4.28438744e-03
      vertex 5.87588774e-03 2.59614761e-03 -3.87091215e-03
    endloop
  endfacet
  facet normal 7.59175643e-01 2.93108471e-01 -5.81153824e-01
    outer loop
      vertex 5.26732385e-03 2.22003444e-03 -4.85558920e-03
      vertex 5.87588774e-03 2.59614761e-03 -3.87091215e-03
      vertex 5.94486922e-03 1.59767149e-03 -4.28438744e-03
    endloop
  endfacet
  facet normal 3.82234319e-01 7.59513561e-01 -5.26342166e-01
    outer loop
      vertex 2.31762746e-03 6.06762746e-03 -3.75000000e-03
      vertex 3.40492875e-03 5.68451565e-03 -3.51322388e-03
      vertex 2.78811026e-03 5.30330086e-03 -4.51125716e-03
    endloop
  endfacet
  facet normal 5.21886550e-01 6.99011079e-01 -4.88894611e-01
    outer loop
      vertex 4.40838939e-03 5.16143220e-03 -3.18994053e-03
      vertex 3.85031581e-03 4.84933344e-03 -4.23190659e-03
      vertex 3.40492875e-03 5.68451565e-03 -3.51322388e-03
    endloop
  endfacet
  facet normal 4.40461021e-01 6.48687335e-01 -6.20643884e-01
    outer loop
      vertex 3.18994053e-03 4.40838939e-03 -5.16143220e-03
      vertex 2.78811026e-03 5.30330086e-03 -4.51125716e-03
      vertex 3.85031581e-03 4.84933344e-03 -4.23190659e-03
    endloop
  endfacet
  facet normal 4.46516882e-01 7.08442591e-01 -5.46563600e-01
    outer loop
      vertex 3.40492875e-03 5.68451565e-03 -3.51322388e-03
      vertex 3.85031581e-03 4.84933344e-03 -4.23190659e-03
      vertex 2.78811026e-03 5.30330086e-03 -4.51125716e-03
    endloop
  endfacet
  facet normal 7.59513561e-01 5.26342166e-01 -3.82234319e-01
    outer loop
      vertex 6.06762746e-03 3.75000000e-03 -2.31762746e-03
      vertex 5.68451565e-03 3.51322388e-03 -3.40492875e-03
      vertex 5.30330086e-03 4.51125716e-03 -2.78811026e-03
    endloop
  endfacet
  facet normal 6.99011079e-01 4.88894611e-01 -5.21886550e-01
    outer loop
      vertex 5.16143220e-03 3.18994053e-03 -4.40838939e-03
      vertex 4.84933344e-03 4.23190659e-03 -3.85031581e-03
      vertex 5.68451565e-03 3.51322388e-03 -3.40492875e-03
    endloop
  endfacet
  facet normal 6.48687335e-01 6.20643884e-01 -4.40461021e-01
    outer loop
      vertex 4.40838939e-03 5.16143220e-03 -3.18994053e-03
      vertex 5.30330086e-03 4.51125716e-03 -2.78811026e-03
      vertex 4.84933344e-03 4.23190659e-03 -3.85031581e-03
    endloop
  endfacet
  facet normal 7.08442591e-01 5.46563600e-01 -4.46516882e-01
    outer loop
      vertex 5.68451565e-03 3.51322388e-03 -3.40492875e-03
      vertex 4.84933344e-03 4.23190659e-03 -3.85031581e-03
      vertex 5.30330086e-03 4.51125716e-03 -2.78811026e-03
    endloop
  endfacet
  facet normal 5.26342166e-01 3.82234319e-01 -7.59513561e-01
    outer loop
      vertex 3.75000000e-03 2.31762746e-03 -6.06762746e-03
      vertex 3.51322388e-03 3.40492875e-03 -5.68451565e-03
      vertex 4.51125716e-03 2.78811026e-03 -5.30330086e-03
    endloop
  endfacet
  facet normal 4.88894611e-01 5.21886550e-01 -6.99011079e-01
    outer loop
      vertex 3.18994053e-03 4.40838939e-03 -5.16143220e-03
      vertex 4.23190659e-03 3.85031581e-03 -4.84933344e-03
      vertex 3.51322388e-03 3.40492875e-03 -5.68451565e-03
    endloop
  endfacet
  facet normal 6.20643884e-01 4.40461021e-01 -6.48687335e-01
    outer loop
      vertex 5.16143220e-03 3.18994053e-03 -4.40838939e-03
      vertex 4.51125716e-03 2.78811026e-03 -5.30330086e-03
      vertex 4.23190659e-03 3.85031581e-03 -4.84933344e-03
    endloop
  endfacet
  facet normal 5.46563600e-01 4.46516882e-01 -7.08442591e-01
    outer loop
      vertex 3.51322388e-03 3.40492875e-03 -5.68451565e-03
      vertex 4.23190659e-03 3.85031581e-03 -4.84933344e-03
      vertex 4.51125716e-03 2.78811026e-03 -5.30330086e-03
    endloop
  endfacet
  facet normal 5.85158785e-01 6.35471510e-01 -5.03751085e-01
    outer loop
      vertex 4.40838939e-03 5.16143220e-03 -3.18994053e-03
      vertex 4.84933344e-03 4.23190659e-03 -3.85031581e-03
      vertex 3.85031581e-03 4.84933344e-03 -4.23190659e-03
    endloop
  endfacet
  facet normal 6.35471510e-01 5.03751085e-01 -5.85158785e-01
    outer loop
      vertex 5.16143220e-03 3.18994053e-03 -4.40838939e-03
      vertex 4.23190659e-03 3.85031581e-03 -4.84933344e-03
      vertex 4.84933344e-03 4.23190659e-03 -3.85031581e-03
    endloop
  endfacet
  facet normal 5.03751085e-01 5.85158785e-01 -6.35471510e-01
    outer loop
      vertex 3.18994053e-03 4.40838939e-03 -5.16143220e-03
      vertex 3.85031581e-03 4.84933344e-03 -4.23190659e-03
      vertex 4.23190659e-03 3.85031581e-03 -4.84933344e-03
    endloop
  endfacet
  facet normal 5.77350269e-01 5.77350269e-01 -5.77350269e-01
    outer loop
      vertex 4.84933344e-03 4.23190659e-03 -3.85031581e-03
      vertex 4.23190659e-03 3.85031581e-03 -4.84933344e-03
      vertex 3.85031581e-03 4.84933344e-03 -4.23190659e-03
    endloop
  endfacet
  facet normal 5.46249634e-01 -8.33679433e-01 8.11784483e-02
    outer loop
      vertex 3.94298334e-03 -6.37988106e-03 0.00000000e+00
      vertex 4.61731516e-03 -5.87882282e-03 6.08147201e-04
      vertex 3.63331232e-03 -6.48697002e-03 9.84002841e-04
    endloop
  endfacet
  facet normal 6.30460816e-01 -7.59246413e-01 1.61443621e-01
    outer loop
      vertex 5.20335358e-03 -5.26534834e-03 1.20466527e-03
      vertex 4.28438744e-03 -5.94486922e-03 1.59767149e-03
      vertex 4.61731516e-03 -5.87882282e-03 6.08147201e-04
    endloop
  endfacet
  facet normal 5.00141955e-01 -8.39787899e-01 2.11220996e-01
    outer loop
      vertex 3.25416423e-03 -6.47001360e-03 1.94918935e-03
      vertex 3.63331232e-03 -6.48697002e-03 9.84002841e-04
      vertex 4.28438744e-03 -5.94486922e-03 1.59767149e-03
    endloop
  endfacet
  facet normal 5.57284142e-01 -8.19634387e-01 1.32792529e-01
    outer loop
      vertex 4.61731516e-03 -5.87882282e-03 6.08147201e-04
      vertex 4.28438744e-03 -5.94486922e-03 1.59767149e-03
      vertex 3.63331232e-03 -6.48697002e-03 9.84002841e-04
    endloop
  endfacet
  facet normal 7.59998894e-01 -5.69357957e-01 3.13421759e-01
    outer loop
      vertex 6.06762746e-03 -3.75000000e-03 2.31762746e-03
      vertex 5.30330086e-03 -4.51125716e-03 2.78811026e-03
      vertex 5.68989225e-03 -4.55118862e-03 1.77814744e-03
    endloop
  endfacet
  facet normal 6.49100841e-01 -6.63682830e-01 3.71743458e-01
    outer loop
      vertex 4.40838939e-03 -5.16143220e-03 3.18994053e-03
      vertex 4.85558920e-03 -5.26732385e-03 2.22003444e-03
      vertex 5.30330086e-03 -4.51125716e-03 2.78811026e-03
    endloop
  endfacet
  facet normal 7.02258401e-01 -6.70527632e-01 2.39219216e-01
    outer loop
      vertex 5.20335358e-03 -5.26534834e-03 1.20466527e-03
      vertex 5.68989225e-03 -4.55118862e-03 1.77814744e-03
      vertex 4.85558920e-03 -5.26732385e-03 2.22003444e-03
    endloop
  endfacet
  facet normal 7.07576229e-01 -6.41557056e-01 2.96210100e-01
    outer loop
      vertex 5.30330086e-03 -4.51125716e-03 2.78811026e-03
      vertex 4.85558920e-03 -5.26732385e-03 2.22003444e-03
      vertex 5.68989225e-03 -4.55118862e-03 1.77814744e-03
    endloop
  endfacet
  facet normal 3.82478568e-01 -8.02678349e-01 4.57621692e-01
    outer loop
      vertex 2.31762746e-03 -6.06762746e-03 3.75000000e-03
      vertex 2.81278926e-03 -6.32933606e-03 2.87710300e-03
      vertex 3.40492875e-03 -5.68451565e-03 3.51322388e-03
    endloop
  endfacet
  facet normal 4.45068077e-01 -8.29479994e-01 3.37457178e-01
    outer loop
      vertex 3.25416423e-03 -6.47001360e-03 1.94918935e-03
      vertex 3.87091215e-03 -5.87588774e-03 2.59614761e-03
      vertex 2.81278926e-03 -6.32933606e-03 2.87710300e-03
    endloop
  endfacet
  facet normal 5.22219227e-01 -7.42099980e-01 4.20207922e-01
    outer loop
      vertex 4.40838939e-03 -5.16143220e-03 3.18994053e-03
      vertex 3.40492875e-03 -5.68451565e-03 3.51322388e-03
      vertex 3.87091215e-03 -5.87588774e-03 2.59614761e-03
    endloop
  endfacet
  facet normal 4.48482532e-01 -8.01685768e-01 3.95175087e-01
    outer loop
      vertex 2.81278926e-03 -6.32933606e-03 2.87710300e-03
      vertex 3.87091215e-03 -5.87588774e-03 2.59614761e-03
      vertex 3.40492875e-03 -5.68451565e-03 3.51322388e-03
    endloop
  endfacet
  facet normal 6.38726558e-01 -7.38103584e-01 2.17328056e-01
    outer loop
      vertex 5.20335358e-03 -5.26534834e-03 1.20466527e-03
      vertex 4.85558920e-03 -5.26732385e-03 2.22003444e-03
      vertex 4.28438744e-03 -5.94486922e-03 1.59767149e-03
    endloop
  endfacet
  facet normal 5.85563456e-01 -7.31257495e-01 3.49825549e-01
    outer loop
      vertex 4.40838939e-03 -5.16143220e-03 3.18994053e-03
      vertex 3.87091215e-03 -5.87588774e-03 2.59614761e-03
      vertex 4.85558920e-03 -5.26732385e-03 2.22003444e-03
    endloop
  endfacet
  facet normal 5.08425010e-01 -8.18634369e-01 2.67098819e-01
    outer loop
      vertex 3.25416423e-03 -6.47001360e-03 1.94918935e-03
      vertex 4.28438744e-03 -5.94486922e-03 1.59767149e-03
      vertex 3.87091215e-03 -5.87588774e-03 2.59614761e-03
    endloop
  endfacet
  facet normal 5.81153824e-01 -7.59175643e-01 2.93108471e-01
    outer loop
      vertex 4.85558920e-03 -5.26732385e-03 2.22003444e-03
      vertex 3.87091215e-03 -5.87588774e-03 2.59614761e-03
      vertex 4.28438744e-03 -5.94486922e-03 1.59767149e-03
    endloop
  endfacet
  facet normal 8.33679433e-01 -8.11784483e-02 5.46249634e-01
    outer loop
      vertex 6.37988106e-03 0.00000000e+00 3.94298334e-03
      vertex 5.87882282e-03 -6.08147201e-04 4.61731516e-03
      vertex 6.48697002e-03 -9.84002841e-04 3.63331232e-03
    endloop
  endfacet
  facet normal 7.59246413e-01 -1.61443621e-01 6.30460816e-01
    outer loop
      vertex 5.26534834e-03 -1.20466527e-03 5.20335358e-03
      vertex 5.94486922e-03 -1.59767149e-03 4.28438744e-03
      vertex 5.87882282e-03 -6.08147201e-04 4.61731516e-03
    endloop
  endfacet
  facet normal 8.39787899e-01 -2.11220996e-01 5.00141955e-01
    outer loop
      vertex 6.47001360e-03 -1.94918935e-03 3.25416423e-03
      vertex 6.48697002e-03 -9.84002841e-04 3.63331232e-03
      vertex 5.94486922e-03 -1.59767149e-03 4.28438744e-03
    endloop
  endfacet
  facet normal 8.19634387e-01 -1.32792529e-01 5.57284142e-01
    outer loop
      vertex 5.87882282e-03 -6.08147201e-04 4.61731516e-03
      vertex 5.94486922e-03 -1.59767149e-03 4.28438744e-03
      vertex 6.48697002e-03 -9.84002841e-04 3.63331232e-03
    endloop
  endfacet
  facet normal 5.69357957e-01 -3.13421759e-01 7.59998894e-01
    outer loop
      vertex 3.75000000e-03 -2.31762746e-03 6.06762746e-03
      vertex 4.51125716e-03 -2.78811026e-03 5.30330086e-03
      vertex 4.55118862e-03 -1.77814744e-03 5.68989225e-03
    endloop
  endfacet
  facet normal 6.63682830e-01 -3.71743458e-01 6.49100841e-01
    outer loop
      vertex 5.16143220e-03 -3.18994053e-03 4.40838939e-03
      vertex 5.26732385e-03 -2.22003444e-03 4.85558920e-03
      vertex 4.51125716e-03 -2.78811026e-03 5.30330086e-03
    endloop
  endfacet
  facet normal 6.70527632e-01 -2.39219216e-01 7.02258401e-01
    outer loop
      vertex 5.26534834e-03 -1.20466527e-03 5.20335358e-03
      vertex 4.55118862e-03 -1.77814744e-03 5.68989225e-03
      vertex 5.26732385e-03 -2.22003444e-03 4.85558920e-03
    endloop
  endfacet
  facet normal 6.41557056e-01 -2.96210100e-01 7.07576229e-01
    outer loop
      vertex 4.51125716e-03 -2.78811026e-03 5.30330086e-03
      vertex 5.26732385e-03 -2.22003444e-03 4.85558920e-03
      vertex 4.55118862e-03 -1.77814744e-03 5.68989225e-03
    endloop
  endfacet
  facet normal 8.02678349e-01 -4.57621692e-01 3.82478568e-01
    outer loop
      vertex 6.06762746e-03 -3.75000000e-03 2.31762746e-03
      vertex 6.32933606e-03 -2.87710300e-03 2.81278926e-03
      vertex 5.68451565e-03 -3.51322388e-03 3.40492875e-03
    endloop
  endfacet
  facet normal 8.29479994e-01 -3.37457178e-01 4.45068077e-01
    outer loop
      vertex 6.47001360e-03 -1.94918935e-03 3.25416423e-03
      vertex 5.87588774e-03 -2.59614761e-03 3.87091215e-03
      vertex 6.32933606e-03 -2.87710300e-03 2.81278926e-03
    endloop
  endfacet
  facet normal 7.42099980e-01 -4.20207922e-01 5.22219227e-01
    outer loop
      vertex 5.16143220e-03 -3.18994053e-03 4.40838939e-03
      vertex 5.68451565e-03 -3.51322388e-03 3.40492875e-03
      vertex 5.87588774e-03 -2.59614761e-03 3.87091215e-03
    endloop
  endfacet
  facet normal 8.01685768e-01 -3.95175087e-01 4.48482532e-01
    outer loop
      vertex 6.32933606e-03 -2.87710300e-03 2.81278926e-03
      vertex 5.87588774e-03 -2.59614761e-03 3.87091215e-03
      vertex 5.68451565e-03 -3.51322388e-03 3.40492875e-03
    endloop
  endfacet
  facet normal 7.38103584e-01 -2.17328056e-01 6.38726558e-01
    outer loop
      vertex 5.26534834e-03 -1.20466527e-03 5.20335358e-03
      vertex 5.26732385e-03 -2.22003444e-03 4.85558920e-03
      vertex 5.94486922e-03 -1.59767149e-03 4.28438744e-03
    endloop
  endfacet
  facet normal 7.31257495e-01 -3.49825549e-01 5.85563456e-01
    outer loop
      vertex 5.16143220e-03 -3.18994053e-03 4.40838939e-03
      vertex 5.87588774e-03 -2.59614761e-03 3.87091215e-03
      vertex 5.26732385e-03 -2.22003444e-03 4.85558920e-03
    endloop
  endfacet
  facet normal 8.18634369e-01 -2.67098819e-01 5.08425010e-01
    outer loop
      vertex 6.47001360e-03 -1.94918935e-03 3.25416423e-03
      vertex 5.94486922e-03 -1.59767149e-03 4.28438744e-03
      vertex 5.87588774e-03 -2.59614761e-03 3.87091215e-03
    endloop
  endfacet
  facet normal 7.59175643e-01 -2.93108471e-01 5.81153824e-01
    outer loop
      vertex 5.26732385e-03 -2.22003444e-03 4.85558920e-03
      vertex 5.87588774e-03 -2.59614761e-03 3.87091215e-03
      vertex 5.94486922e-03 -1.59767149e-03 4.28438744e-03
    endloop
  endfacet
  facet normal 8.11784483e-02 -5.46249634e-01 8.33679433e-01
    outer loop
      vertex 0.00000000e+00 -3.94298334e-03 6.37988106e-03
      vertex 6.08147201e-04 -4.61731516e-03 5.87882282e-03
      vertex 9.84002841e-04 -3.63331232e-03 6.48697002e-03
    endloop
  endfacet
  facet normal 1.61443621e-01 -6.30460816e-01 7.59246413e-01
    outer loop
      vertex 1.20466527e-03 -5.20335358e-03 5.26534834e-03
      vertex 1.59767149e-03 -4.28438744e-03 5.94486922e-03
      vertex 6.08147201e-04 -4.61731516e-03 5.87882282e-03
    endloop
  endfacet
  facet normal 2.11220996e-01 -5.00141955e-01 8.39787899e-01
    outer loop
      vertex 1.94918935e-03 -3.25416423e-03 6.47001360e-03
      vertex 9.84002841e-04 -3.63331232e-03 6.48697002e-03
      vertex 1.59767149e-03 -4.28438744e-03 5.94486922e-03
    endloop
  endfacet
  facet normal 1.32792529e-01 -5.57284142e-01 8.19634387e-01
    outer loop
      vertex 6.08147201e-04 -4.61731516e-03 5.87882282e-03
      vertex 1.59767149e-03 -4.28438744e-03 5.94486922e-03
      vertex 9.84002841e-04 -3.63331232e-03 6.48697002e-03
    endloop
  endfacet
  facet normal 3.13421759e-01 -7.59998894e-01 5.69357957e-01
    outer loop
      vertex 2.31762746e-03 -6.06762746e-03 3.75000000e-03
      vertex 2.78811026e-03 -5.30330086e-03 4.51125716e-03
      vertex 1.77814744e-03 -5.68989225e-03 4.55118862e-03
    endloop
  endfacet
  facet normal 3.71743458e-01 -6.49100841e-01 6.63682830e-01
    outer loop
      vertex 3.18994053e-03 -4.40838939e-03 5.16143220e-03
      vertex 2.22003444e-03 -4.85558920e-03 5.26732385e-03
      vertex 2.78811026e-03 -5.30330086e-03 4.51125716e-03
    endloop
  endfacet
  facet normal 2.39219216e-01 -7.02258401e-01 6.70527632e-01
    outer loop
      vertex 1.20466527e-03 -5.20335358e-03 5.26534834e-03
      vertex 1.77814744e-03 -5.68989225e-03 4.55118862e-03
      vertex 2.22003444e-03 -4.85558920e-03 5.26732385e-03
    endloop
  endfacet
  facet normal 2.96210100e-01 -7.07576229e-01 6.41557056e-01
    outer loop
      vertex 2.78811026e-03 -5.30330086e-03 4.51125716e-03
      vertex 2.22003444e-03 -4.85558920e-03 5.26732385e-03
      vertex 1.77814744e-03 -5.68989225e-03 4.55118862e-03
    endloop
  endfacet
  facet normal 4.57621692e-01 -3.82478568e-01 8.02678349e-01
    outer loop
      vertex 3.75000000e-03 -2.31762746e-03 6.06762746e-03
      vertex 2.87710300e-03 -2.81278926e-03 6.32933606e-03
      vertex 3.51322388e-03 -3.40492875e-03 5.68451565e-03
    endloop
  endfacet
  facet normal 3.37457178e-01 -4.45068077e-01 8.29479994e-01
    outer loop
      vertex 1.94918935e-03 -3.25416423e-03 6.47001360e-03
      vertex 2.59614761e-03 -3.87091215e-03 5.87588774e-03
      vertex 2.87710300e-03 -2.81278926e-03 6.32933606e-03
    endloop
  endfacet
  facet normal 4.20207922e-01 -5.22219227e-01 7.42099980e-01
    outer loop
      vertex 3.18994053e-03 -4.40838939e-03 5.16143220e-03
      vertex 3.51322388e-03 -3.40492875e-03 5.68451565e-03
      vertex 2.59614761e-03 -3.87091215e-03 5.87588774e-03
    endloop
  endfacet
  facet normal 3.95175087e-01 -4.48482532e-01 8.01685768e-01
    outer loop
      vertex 2.87710300e-03 -2.81278926e-03 6.32933606e-03
      vertex 2.59614761e-03 -3.87091215e-03 5.87588774e-03
      vertex 3.51322388e-03 -3.40492875e-03 5.68451565e-03
    endloop
  endfacet
  facet normal 2.17328056e-01 -6.38726558e-01 7.38103584e-01
    outer loop
      vertex 1.20466527e-03 -5.20335358e-03 5.26534834e-03
      vertex 2.22003444e-03 -4.85558920e-03 5.26732385e-03
      vertex 1.59767149e-03 -4.28438744e-03 5.94486922e-03
    endloop
  endfacet
  facet normal 3.49825549e-01 -5.85563456e-01 7.31257495e-01
    outer loop
      vertex 3.18994053e-03 -4.40838939e-03 5.16143220e-03
      vertex 2.59614761e-03 -3.87091215e-03 5.87588774e-03
      vertex 2.22003444e-03 -4.85558920e-03 5.26732385e-03
    endloop
  endfacet
  facet normal 2.67098819e-01 -5.08425010e-01 8.18634369e-01
    outer loop
      vertex 1.94918935e-03 -3.25416423e-03 6.47001360e-03
      vertex 1.59767149e-03 -4.28438744e-03 5.94486922e-03
      vertex 2.59614761e-03 -3.87091215e-03 5.87588774e-03
    endloop
  endfacet
  facet normal 2.93108471e-01 -5.81153824e-01 7.59175643e-01
    outer loop
      vertex 2.22003444e-03 -4.85558920e-03 5.26732385e-03
      vertex 2.59614761e-03 -3.87091215e-03 5.87588774e-03
      vertex 1.59767149e-03 -4.28438744e-03 5.94486922e-03
    endloop
  endfacet
  facet normal 7.59513561e-01 -5.26342166e-01 3.82234319e-01
    outer loop
      vertex 6.06762746e-03 -3.75000000e-03 2.31762746e-03
      vertex 5.68451565e-03 -3.51322388e-03 3.40492875e-03
      vertex 5.30330086e-03 -4.51125716e-03 2.78811026e-03
    endloop
  endfacet
  facet normal 6.99011079e-01 -4.88894611e-01 5.21886550e-01
    outer loop
      vertex 5.16143220e-03 -3.18994053e-03 4.40838939e-03
      vertex 4.84933344e-03 -4.23190659e-03 3.85031581e-03
      vertex 5.68451565e-03 -3.51322388e-03 3.40492875e-03
    endloop
  endfacet
  facet normal 6.48687335e-01 -6.20643884e-01 4.40461021e-01
    outer loop
      vertex 4.40838939e-03 -5.16143220e-03 3.18994053e-03
      vertex 5.30330086e-03 -4.51125716e-03 2.78811026e-03
      vertex 4.84933344e-03 -4.23190659e-03 3.85031581e-03
    endloop
  endfacet
  facet normal 7.08442591e-01 -5.46563600e-01 4.46516882e-01
    outer loop
      vertex 5.68451565e-03 -3.51322388e-03 3.40492875e-03
      vertex 4.84933344e-03 -4.23190659e-03 3.85031581e-03
      vertex 5.30330086e-03 -4.51125716e-03 2.78811026e-03
    endloop
  endfacet
  facet normal 5.26342166e-01 -3.82234319e-01 7.59513561e-01
    outer loop
      vertex 3.75000000e-03 -2.31762746e-03 6.06762746e-03
      vertex 3.51322388e-03 -3.40492875e-03 5.68451565e-03
      vertex 4.51125716e-03 -2.78811026e-03 5.30330086e-03
    endloop
  endfacet
  facet normal 4.88894611e-01 -5.21886550e-01 6.99011079e-01
    outer loop
      vertex 3.18994053e-03 -4.40838939e-03 5.16143220e-03
      vertex 4.23190659e-03 -3.85031581e-03 4.84933344e-03
      vertex 3.51322388e-03 -3.40492875e-03 5.68451565e-03
    endloop
  endfacet
  facet normal 6.20643884e-01 -4.40461021e-01 6.48687335e-01
    outer loop
      vertex 5.16143220e-03 -3.18994053e-03 4.40838939e-03
      vertex 4.51125716e-03 -2.78811026e-03 5.30330086e-03
      vertex 4.23190659e-03 -3.85031581e-03 4.84933344e-03
    endloop
  endfacet
  facet normal 5.46563600e-01 -4.46516882e-01 7.08442591e-01
    outer loop
      vertex 3.51322388e-03 -3.40492875e-03 5.68451565e-03
      vertex 4.23190659e-03 -3.85031581e-03 4.84933344e-03
      vertex 4.51125716e-03 -2.78811026e-03 5.30330086e-03
    endloop
  endfacet
  facet normal 3.82234319e-01 -7.59513561e-01 5.26342166e-01
    outer loop
      vertex 2.31762746e-03 -6.06762746e-03 3.75000000e-03
      vertex 3.40492875e-03 -5.68451565e-03 3.51322388e-03
      vertex 2.78811026e-03 -5.30330086e-03 4.51125716e-03
    endloop
  endfacet
  facet normal 5.21886550e-01 -6.99011079e-01 4.88894611e-01
    outer loop
      vertex 4.40838939e-03 -5.16143220e-03 3.18994053e-03
      vertex 3.85031581e-03 -4.84933344e-03 4.23190659e-03
      vertex 3.40492875e-03 -5.68451565e-03 3.51322388e-03
    endloop
  endfacet
  facet normal 4.40461021e-01 -6.48687335e-01 6.20643884e-01
    outer loop
      vertex 3.18994053e-03 -4.40838939e-03 5.16143220e-03
      vertex 2.78811026e-03 -5.30330086e-03 4.51125716e-03
      vertex 3.85031581e-03 -4.84933344e-03 4.23190659e-03
    endloop
  endfacet
  facet normal 4.46516882e-01 -7.08442591e-01 5.46563600e-01
    outer loop
      vertex 3.40492875e-03 -5.68451565e-03 3.51322388e-03
      vertex 3.85031581e-03 -4.84933344e-03 4.23190659e-03
      vertex 2.78811026e-03 -5.30330086e-03 4.51125716e-03
    endloop
  endfacet
  facet normal 6.35471510e-01 -5.03751085e-01 5.85158785e-01
    outer loop
      vertex 5.16143220e-03 -3.18994053e-03 4.40838939e-03
      vertex 4.23190659e-03 -3.85031581e-03 4.84933344e-03
      vertex 4.84933344e-03 -4.23190659e-03 3.85031581e-03
    endloop
  endfacet
  facet normal 5.03751085e-01 -5.85158785e-01 6.35471510e-01
    outer loop
      vertex 3.18994053e-03 -4.40838939e-03 5.16143220e-03
      vertex 3.85031581e-03 -4.84933344e-03 4.23190659e-03
      vertex 4.23190659e-03 -3.85031581e-03 4.84933344e-03
    endloop
  endfacet
  facet normal 5.85158785e-01 -6.35471510e-01 5.03751085e-01
    outer loop
      vertex 4.40838939e-03 -5.16143220e-03 3.18994053e-03
      vertex 4.84933344e-03 -4.23190659e-03 3.85031581e-03
      vertex 3.85031581e-03 -4.84933344e-03 4.23190659e-03
    endloop
  endfacet
  facet normal 5.77350269e-01 -5.77350269e-01 5.77350269e-01
    outer loop
      vertex 4.23190659e-03 -3.85031581e-03 4.84933344e-03
      vertex 3.85031581e-03 -4.84933344e-03 4.23190659e-03
      vertex 4.84933344e-03 -4.23190659e-03 3.85031581e-03
    endloop
  endfacet
  facet normal 4.65071185e-01 -8.83850473e-01 5.01710402e-02
    outer loop
      vertex 3.94298334e-03 -6.37988106e-03 0.00000000e+00
      vertex 3.63331232e-03 -6.48697002e-03 9.84002841e-04
      vertex 3.02516511e-03 -6.86282566e-03 0.00000000e+00
    endloop
  endfacet
  facet normal 4.19239820e-01 -8.89788168e-01 1.80319130e-01
    outer loop
      vertex 3.25416423e-03 -6.47001360e-03 1.94918935e-03
      vertex 2.68671595e-03 -6.93228450e-03 9.87415285e-04
      vertex 3.63331232e-03 -6.48697002e-03 9.84002841e-04
    endloop
  endfacet
  facet normal 3.38698334e-01 -9.39565544e-01 5.00002693e-02
    outer loop
      vertex 2.04949897e-03 -7.21453768e-03 0.00000000e+00
      vertex 3.02516511e-03 -6.86282566e-03 0.00000000e+00
      vertex 2.68671595e-03 -6.93228450e-03 9.87415285e-04
    endloop
  endfacet
  facet normal 4.24491613e-01 -9.01704684e-01 8.20702965e-02
    outer loop
      vertex 3.63331232e-03 -6.48697002e-03 9.84002841e-04
      vertex 2.68671595e-03 -6.93228450e-03 9.87415285e-04
      vertex 3.02516511e-03 -6.86282566e-03 0.00000000e+00
    endloop
  endfacet
  facet normal 3.02377202e-01 -8.52183716e-01 4.27025692e-01
    outer loop
      vertex 2.31762746e-03 -6.06762746e-03 3.75000000e-03
      vertex 1.79007698e-03 -6.68254893e-03 2.89640539e-03
      vertex 2.81278926e-03 -6.32933606e-03 2.87710300e-03
    endloop
  endfacet
  facet normal 2.28892918e-01 -9.23385609e-01 3.08167242e-01
    outer loop
      vertex 1.21844886e-03 -7.13292387e-03 1.97149167e-03
      vertex 2.25944159e-03 -6.87183131e-03 1.98062063e-03
      vertex 1.79007698e-03 -6.68254893e-03 2.89640539e-03
    endloop
  endfacet
  facet normal 3.64801223e-01 -8.79087638e-01 3.06797967e-01
    outer loop
      vertex 3.25416423e-03 -6.47001360e-03 1.94918935e-03
      vertex 2.81278926e-03 -6.32933606e-03 2.87710300e-03
      vertex 2.25944159e-03 -6.87183131e-03 1.98062063e-03
    endloop
  endfacet
  facet normal 3.12401143e-01 -8.85788691e-01 3.43196621e-01
    outer loop
      vertex 1.79007698e-03 -6.68254893e-03 2.89640539e-03
      vertex 2.25944159e-03 -6.87183131e-03 1.98062063e-03
      vertex 2.81278926e-03 -6.32933606e-03 2.87710300e-03
    endloop
  endfacet
  facet normal 6.90568093e-02 -9.96383649e-01 4.95053672e-02
    outer loop
      vertex 0.00000000e+00 -7.50000000e-03 0.00000000e+00
      vertex 1.03464182e-03 -7.42829161e-03 0.00000000e+00
      vertex 6.16818490e-04 -7.40766255e-03 9.98033281e-04
    endloop
  endfacet
  facet normal 2.05848861e-01 -9.77325600e-01 4.96076443e-02
    outer loop
      vertex 2.04949897e-03 -7.21453768e-03 0.00000000e+00
      vertex 1.65087771e-03 -7.24794448e-03 9.95943576e-04
      vertex 1.03464182e-03 -7.42829161e-03 0.00000000e+00
    endloop
  endfacet
  facet normal 1.50475768e-01 -9.71850073e-01 1.81285628e-01
    outer loop
      vertex 1.21844886e-03 -7.13292387e-03 1.97149167e-03
      vertex 6.16818490e-04 -7.40766255e-03 9.98033281e-04
      vertex 1.65087771e-03 -7.24794448e-03 9.95943576e-04
    endloop
  endfacet
  facet normal 1.52272431e-01 -9.84753677e-01 8.41029235e-02
    outer loop
      vertex 1.03464182e-03 -7.42829161e-03 0.00000000e+00
      vertex 1.65087771e-03 -7.24794448e-03 9.95943576e-04
      vertex 6.16818490e-04 -7.40766255e-03 9.98033281e-04
    endloop
  endfacet
  facet normal 3.71627739e-01 -9.03179732e-01 2.14846911e-01
    outer loop
      vertex 3.25416423e-03 -6.47001360e-03 1.94918935e-03
      vertex 2.25944159e-03 -6.87183131e-03 1.98062063e-03
      vertex 2.68671595e-03 -6.93228450e-03 9.87415285e-04
    endloop
  endfacet
  facet normal 2.35737907e-01 -9.47461575e-01 2.16204079e-01
    outer loop
      vertex 1.21844886e-03 -7.13292387e-03 1.97149167e-03
      vertex 1.65087771e-03 -7.24794448e-03 9.95943576e-04
      vertex 2.25944159e-03 -6.87183131e-03 1.98062063e-03
    endloop
  endfacet
  facet normal 2.91096954e-01 -9.52950495e-01 8.45453627e-02
    outer loop
      vertex 2.04949897e-03 -7.21453768e-03 0.00000000e+00
      vertex 2.68671595e-03 -6.93228450e-03 9.87415285e-04
      vertex 1.65087771e-03 -7.24794448e-03 9.95943576e-04
    endloop
  endfacet
  facet normal 2.88045353e-01 -9.40326640e-01 1.81150998e-01
    outer loop
      vertex 2.25944159e-03 -6.87183131e-03 1.98062063e-03
      vertex 1.65087771e-03 -7.24794448e-03 9.95943576e-04
      vertex 2.68671595e-03 -6.93228450e-03 9.87415285e-04
    endloop
  endfacet
  facet normal 0.00000000e+00 -5.96420674e-01 8.02672025e-01
    outer loop
      vertex 0.00000000e+00 -3.94298334e-03 6.37988106e-03
      vertex -6.08147201e-04 -4.61731516e-03 5.87882282e-03
      vertex 6.08147201e-04 -4.61731516e-03 5.87882282e-03
    endloop
  endfacet
  facet normal -8.05414856e-02 -6.80461086e-01 7.28344548e-01
    outer loop
      vertex -1.20466527e-03 -5.20335358e-03 5.26534834e-03
      vertex 0.00000000e+00 -5.27180273e-03 5.33461301e-03
      vertex -6.08147201e-04 -4.61731516e-03 5.87882282e-03
    endloop
  endfacet
  facet normal 8.05414856e-02 -6.80461086e-01 7.28344548e-01
    outer loop
      vertex 1.20466527e-03 -5.20335358e-03 5.26534834e-03
      vertex 6.08147201e-04 -4.61731516e-03 5.87882282e-03
      vertex 0.00000000e+00 -5.27180273e-03 5.33461301e-03
    endloop
  endfacet
  facet normal 0.00000000e+00 -6.39354439e-01 7.68912155e-01
    outer loop
      vertex -6.08147201e-04 -4.61731516e-03 5.87882282e-03
      vertex 0.00000000e+00 -5.27180273e-03 5.33461301e-03
      vertex 6.08147201e-04 -4.61731516e-03 5.87882282e-03
    endloop
  endfacet
  facet normal -2.33320392e-01 -8.09504261e-01 5.38761957e-01
    outer loop
      vertex -2.31762746e-03 -6.06762746e-03 3.75000000e-03
      vertex -1.17325849e-03 -6.30133414e-03 3.89443867e-03
      vertex -1.77814744e-03 -5.68989225e-03 4.55118862e-03
    endloop
  endfacet
  facet normal -7.84171500e-02 -8.30386469e-01 5.51642150e-01
    outer loop
      vertex 0.00000000e+00 -6.37988106e-03 3.94298334e-03
      vertex -6.08563887e-04 -5.85153278e-03 4.65179687e-03
      vertex -1.17325849e-03 -6.30133414e-03 3.89443867e-03
    endloop
  endfacet
  facet normal -1.58952361e-01 -7.51866045e-01 6.39868422e-01
    outer loop
      vertex -1.20466527e-03 -5.20335358e-03 5.26534834e-03
      vertex -1.77814744e-03 -5.68989225e-03 4.55118862e-03
      vertex -6.08563887e-04 -5.85153278e-03 4.65179687e-03
    endloop
  endfacet
  facet normal -1.60128712e-01 -7.91679153e-01 5.89578591e-01
    outer loop
      vertex -1.17325849e-03 -6.30133414e-03 3.89443867e-03
      vertex -6.08563887e-04 -5.85153278e-03 4.65179687e-03
      vertex -1.77814744e-03 -5.68989225e-03 4.55118862e-03
    endloop
  endfacet
  facet normal 2.33320392e-01 -8.09504261e-01 5.38761957e-01
    outer loop
      vertex 2.31762746e-03 -6.06762746e-03 3.75000000e-03
      vertex 1.77814744e-03 -5.68989225e-03 4.55118862e-03
      vertex 1.17325849e-03 -6.30133414e-03 3.89443867e-03
    endloop
  endfacet
  facet normal 1.58952361e-01 -7.51866045e-01 6.39868422e-01
    outer loop
      vertex 1.20466527e-03 -5.20335358e-03 5.26534834e-03
      vertex 6.08563887e-04 -5.85153278e-03 4.65179687e-03
      vertex 1.77814744e-03 -5.68989225e-03 4.55118862e-03
    endloop
  endfacet
  facet normal 7.84171500e-02 -8.30386469e-01 5.51642150e-01
    outer loop
      vertex 0.00000000e+00 -6.37988106e-03 3.94298334e-03
      vertex 1.17325849e-03 -6.30133414e-03 3.89443867e-03
      vertex 6.08563887e-04 -5.85153278e-03 4.65179687e-03
    endloop
  endfacet
  facet normal 1.60128712e-01 -7.91679153e-01 5.89578591e-01
    outer loop
      vertex 1.77814744e-03 -5.68989225e-03 4.55118862e-03
      vertex 6.08563887e-04 -5.85153278e-03 4.65179687e-03
      vertex 1.17325849e-03 -6.30133414e-03 3.89443867e-03
    endloop
  endfacet
  facet normal -8.05307856e-02 -7.23271921e-01 6.85851676e-01
    outer loop
      vertex -1.20466527e-03 -5.20335358e-03 5.26534834e-03
      vertex -6.08563887e-04 -5.85153278e-03 4.65179687e-03
      vertex 0.00000000e+00 -5.27180273e-03 5.33461301e-03
    endloop
  endfacet
  facet normal 0.00000000e+00 -8.01767535e-01 5.97636026e-01
    outer loop
      vertex 0.00000000e+00 -6.37988106e-03 3.94298334e-03
      vertex 6.08563887e-04 -5.85153278e-03 4.65179687e-03
      vertex -6.08563887e-04 -5.85153278e-03 4.65179687e-03
    endloop
  endfacet
  facet normal 8.05307856e-02 -7.23271921e-01 6.85851676e-01
    outer loop
      vertex 1.20466527e-03 -5.20335358e-03 5.26534834e-03
      vertex 0.00000000e+00 -5.27180273e-03 5.33461301e-03
      vertex 6.08563887e-04 -5.85153278e-03 4.65179687e-03
    endloop
  endfacet
  facet normal 0.00000000e+00 -7.62304822e-01 6.47218169e-01
    outer loop
      vertex -6.08563887e-04 -5.85153278e-03 4.65179687e-03
      vertex 6.08563887e-04 -5.85153278e-03 4.65179687e-03
      vertex 0.00000000e+00 -5.27180273e-03 5.33461301e-03
    endloop
  endfacet
  facet normal -4.65071185e-01 -8.83850473e-01 5.01710402e-02
    outer loop
      vertex -3.94298334e-03 -6.37988106e-03 0.00000000e+00
      vertex -3.02516511e-03 -6.86282566e-03 0.00000000e+00
      vertex -3.63331232e-03 -6.48697002e-03 9.84002841e-04
    endloop
  endfacet
  facet normal -3.38698334e-01 -9.39565544e-01 5.00002693e-02
    outer loop
      vertex -2.04949897e-03 -7.21453768e-03 0.00000000e+00
      vertex -2.68671595e-03 -6.93228450e-03 9.87415285e-04
      vertex -3.02516511e-03 -6.86282566e-03 0.00000000e+00
    endloop
  endfacet
  facet normal -4.19239820e-01 -8.89788168e-01 1.80319130e-01
    outer loop
      vertex -3.25416423e-03 -6.47001360e-03 1.94918935e-03
      vertex -3.63331232e-03 -6.48697002e-03 9.84002841e-04
      vertex -2.68671595e-03 -6.93228450e-03 9.87415285e-04
    endloop
  endfacet
  facet normal -4.24491613e-01 -9.01704684e-01 8.20702965e-02
    outer loop
      vertex -3.02516511e-03 -6.86282566e-03 0.00000000e+00
      vertex -2.68671595e-03 -6.93228450e-03 9.87415285e-04
      vertex -3.63331232e-03 -6.48697002e-03 9.84002841e-04
    endloop
  endfacet
  facet normal -6.90568093e-02 -9.96383649e-01 4.95053672e-02
    outer loop
      vertex 0.00000000e+00 -7.50000000e-03 0.00000000e+00
      vertex -6.16818490e-04 -7.40766255e-03 9.98033281e-04
      vertex -1.03464182e-03 -7.42829161e-03 0.00000000e+00
    endloop
  endfacet
  facet normal -1.50475768e-01 -9.71850073e-01 1.81285628e-01
    outer loop
      vertex -1.21844886e-03 -7.13292387e-03 1.97149167e-03
      vertex -1.65087771e-03 -7.24794448e-03 9.95943576e-04
      vertex -6.16818490e-04 -7.40766255e-03 9.98033281e-04
    endloop
  endfacet
  facet normal -2.05848861e-01 -9.77325600e-01 4.96076443e-02
    outer loop
      vertex -2.04949897e-03 -7.21453768e-03 0.00000000e+00
      vertex -1.03464182e-03 -7.42829161e-03 0.00000000e+00
      vertex -1.65087771e-03 -7.24794448e-03 9.95943576e-04
    endloop
  endfacet
  facet normal -1.52272431e-01 -9.84753677e-01 8.41029235e-02
    outer loop
      vertex -6.16818490e-04 -7.40766255e-03 9.98033281e-04
      vertex -1.65087771e-03 -7.24794448e-03 9.95943576e-04
      vertex -1.03464182e-03 -7.42829161e-03 0.00000000e+00
    endloop
  endfacet
  facet normal -3.02377202e-01 -8.52183716e-01 4.27025692e-01
    outer loop
      vertex -2.31762746e-03 -6.06762746e-03 3.75000000e-03
      vertex -2.81278926e-03 -6.32933606e-03 2.87710300e-03
      vertex -1.79007698e-03 -6.68254893e-03 2.89640539e-03
    endloop
  endfacet
  facet normal -3.64801223e-01 -8.79087638e-01 3.06797967e-01
    outer loop
      vertex -3.25416423e-03 -6.47001360e-03 1.94918935e-03
      vertex -2.25944159e-03 -6.87183131e-03 1.98062063e-03
      vertex -2.81278926e-03 -6.32933606e-03 2.87710300e-03
    endloop
  endfacet
  facet normal -2.28892918e-01 -9.23385609e-01 3.08167242e-01
    outer loop
      vertex -1.21844886e-03 -7.13292387e-03 1.97149167e-03
      vertex -1.79007698e-03 -6.68254893e-03 2.89640539e-03
      vertex -2.25944159e-03 -6.87183131e-03 1.98062063e-03
    endloop
  endfacet
  facet normal -3.12401143e-01 -8.85788691e-01 3.43196621e-01
    outer loop
      vertex -2.81278926e-03 -6.32933606e-03 2.87710300e-03
      vertex -2.25944159e-03 -6.87183131e-03 1.98062063e-03
      vertex -1.79007698e-03 -6.68254893e-03 2.89640539e-03
    endloop
  endfacet
  facet normal -2.91096954e-01 -9.52950495e-01 8.45453627e-02
    outer loop
      vertex -2.04949897e-03 -7.21453768e-03 0.00000000e+00
      vertex -1.65087771e-03 -7.24794448e-03 9.95943576e-04
      vertex -2.68671595e-03 -6.93228450e-03 9.87415285e-04
    endloop
  endfacet
  facet normal -2.35737907e-01 -9.47461575e-01 2.16204079e-01
    outer loop
      vertex -1.21844886e-03 -7.13292387e-03 1.97149167e-03
      vertex -2.25944159e-03 -6.87183131e-03 1.98062063e-03
      vertex -1.65087771e-03 -7.24794448e-03 9.95943576e-04
    endloop
  endfacet
  facet normal -3.71627739e-01 -9.03179732e-01 2.14846911e-01
    outer loop
      vertex -3.25416423e-03 -6.47001360e-03 1.94918935e-03
      vertex -2.68671595e-03 -6.93228450e-03 9.87415285e-04
      vertex -2.25944159e-03 -6.87183131e-03 1.98062063e-03
    endloop
  endfacet
  facet normal -2.88045353e-01 -9.40326640e-01 1.81150998e-01
    outer loop
      vertex -1.65087771e-03 -7.24794448e-03 9.95943576e-04
      vertex -2.25944159e-03 -6.87183131e-03 1.98062063e-03
      vertex -2.68671595e-03 -6.93228450e-03 9.87415285e-04
    endloop
  endfacet
  facet normal 2.33171395e-01 -8.51639515e-01 4.69405196e-01
    outer loop
      vertex 2.31762746e-03 -6.06762746e-03 3.75000000e-03
      vertex 1.17325849e-03 -6.30133414e-03 3.89443867e-03
      vertex 1.79007698e-03 -6.68254893e-03 2.89640539e-03
    endloop
  endfacet
  facet normal 7.83671947e-02 -8.72473626e-01 4.82336350e-01
    outer loop
      vertex 0.00000000e+00 -6.37988106e-03 3.94298334e-03
      vertex 6.17426850e-04 -6.84736870e-03 2.99705289e-03
      vertex 1.17325849e-03 -6.30133414e-03 3.89443867e-03
    endloop
  endfacet
  facet normal 1.59792724e-01 -9.22797371e-01 3.50587076e-01
    outer loop
      vertex 1.21844886e-03 -7.13292387e-03 1.97149167e-03
      vertex 1.79007698e-03 -6.68254893e-03 2.89640539e-03
      vertex 6.17426850e-04 -6.84736870e-03 2.99705289e-03
    endloop
  endfacet
  facet normal 1.61878990e-01 -8.84358483e-01 4.37841600e-01
    outer loop
      vertex 1.17325849e-03 -6.30133414e-03 3.89443867e-03
      vertex 6.17426850e-04 -6.84736870e-03 2.99705289e-03
      vertex 1.79007698e-03 -6.68254893e-03 2.89640539e-03
    endloop
  endfacet
  facet normal -2.33171395e-01 -8.51639515e-01 4.69405196e-01
    outer loop
      vertex -2.31762746e-03 -6.06762746e-03 3.75000000e-03
      vertex -1.79007698e-03 -6.68254893e-03 2.89640539e-03
      vertex -1.17325849e-03 -6.30133414e-03 3.89443867e-03
    endloop
  endfacet
  facet normal -1.59792724e-01 -9.22797371e-01 3.50587076e-01
    outer loop
      vertex -1.21844886e-03 -7.13292387e-03 1.97149167e-03
      vertex -6.17426850e-04 -6.84736870e-03 2.99705289e-03
      vertex -1.79007698e-03 -6.68254893e-03 2.89640539e-03
    endloop
  endfacet
  facet normal -7.83671947e-02 -8.72473626e-01 4.82336350e-01
    outer loop
      vertex 0.00000000e+00 -6.37988106e-03 3.94298334e-03
      vertex -1.17325849e-03 -6.30133414e-03 3.89443867e-03
      vertex -6.17426850e-04 -6.84736870e-03 2.99705289e-03
    endloop
  endfacet
  facet normal -1.61878990e-01 -8.84358483e-01 4.37841600e-01
    outer loop
      vertex -1.79007698e-03 -6.68254893e-03 2.89640539e-03
      vertex -6.17426850e-04 -6.84736870e-03 2.99705289e-03
      vertex -1.17325849e-03 -6.30133414e-03 3.89443867e-03
    endloop
  endfacet
  facet normal 0.00000000e+00 -9.95747362e-01 9.21259537e-02
    outer loop
      vertex 0.00000000e+00 -7.50000000e-03 0.00000000e+00
      vertex 6.16818490e-04 -7.40766255e-03 9.98033281e-04
      vertex -6.16818490e-04 -7.40766255e-03 9.98033281e-04
    endloop
  endfacet
  facet normal 8.14255288e-02 -9.71230961e-01 2.23786292e-01
    outer loop
      vertex 1.21844886e-03 -7.13292387e-03 1.97149167e-03
      vertex 0.00000000e+00 -7.22895948e-03 1.99803526e-03
      vertex 6.16818490e-04 -7.40766255e-03 9.98033281e-04
    endloop
  endfacet
  facet normal -8.14255288e-02 -9.71230961e-01 2.23786292e-01
    outer loop
      vertex -1.21844886e-03 -7.13292387e-03 1.97149167e-03
      vertex -6.16818490e-04 -7.40766255e-03 9.98033281e-04
      vertex 0.00000000e+00 -7.22895948e-03 1.99803526e-03
    endloop
  endfacet
  facet normal 0.00000000e+00 -9.84405201e-01 1.75915892e-01
    outer loop
      vertex 6.16818490e-04 -7.40766255e-03 9.98033281e-04
      vertex 0.00000000e+00 -7.22895948e-03 1.99803526e-03
      vertex -6.16818490e-04 -7.40766255e-03 9.98033281e-04
    endloop
  endfacet
  facet normal 0.00000000e+00 -8.96494078e-01 4.43055717e-01
    outer loop
      vertex 0.00000000e+00 -6.37988106e-03 3.94298334e-03
      vertex -6.17426850e-04 -6.84736870e-03 2.99705289e-03
      vertex 6.17426850e-04 -6.84736870e-03 2.99705289e-03
    endloop
  endfacet
  facet normal -8.14076995e-02 -9.46806803e-01 3.11335293e-01
    outer loop
      vertex -1.21844886e-03 -7.13292387e-03 1.97149167e-03
      vertex 0.00000000e+00 -7.22895948e-03 1.99803526e-03
      vertex -6.17426850e-04 -6.84736870e-03 2.99705289e-03
    endloop
  endfacet
  facet normal 8.14076995e-02 -9.46806803e-01 3.11335293e-01
    outer loop
      vertex 1.21844886e-03 -7.13292387e-03 1.97149167e-03
      vertex 6.17426850e-04 -6.84736870e-03 2.99705289e-03
      vertex 0.00000000e+00 -7.22895948e-03 1.99803526e-03
    endloop
  endfacet
  facet normal 0.00000000e+00 -9.34172359e-01 3.56822090e-01
    outer loop
      vertex -6.17426850e-04 -6.84736870e-03 2.99705289e-03
      vertex 0.00000000e+00 -7.22895948e-03 1.99803526e-03
      vertex 6.17426850e-04 -6.84736870e-03 2.99705289e-03
    endloop
  endfacet
  facet normal 4.65071185e-01 -8.83850473e-01 -5.01710402e-02
    outer loop
      vertex 3.94298334e-03 -6.37988106e-03 0.00000000e+00
      vertex 3.02516511e-03 -6.86282566e-03 0.00000000e+00
      vertex 3.63331232e-03 -6.48697002e-03 -9.84002841e-04
    endloop
  endfacet
  facet normal 3.38698334e-01 -9.39565544e-01 -5.00002693e-02
    outer loop
      vertex 2.04949897e-03 -7.21453768e-03 0.00000000e+00
      vertex 2.68671595e-03 -6.93228450e-03 -9.87415285e-04
      vertex 3.02516511e-03 -6.86282566e-03 0.00000000e+00
    endloop
  endfacet
  facet normal 4.19239820e-01 -8.89788168e-01 -1.80319130e-01
    outer loop
      vertex 3.25416423e-03 -6.47001360e-03 -1.94918935e-03
      vertex 3.63331232e-03 -6.48697002e-03 -9.84002841e-04
      vertex 2.68671595e-03 -6.93228450e-03 -9.87415285e-04
    endloop
  endfacet
  facet normal 4.24491613e-01 -9.01704684e-01 -8.20702965e-02
    outer loop
      vertex 3.02516511e-03 -6.86282566e-03 0.00000000e+00
      vertex 2.68671595e-03 -6.93228450e-03 -9.87415285e-04
      vertex 3.63331232e-03 -6.48697002e-03 -9.84002841e-04
    endloop
  endfacet
  facet normal 6.90568093e-02 -9.96383649e-01 -4.95053672e-02
    outer loop
      vertex 0.00000000e+00 -7.50000000e-03 0.00000000e+00
      vertex 6.16818490e-04 -7.40766255e-03 -9.98033281e-04
      vertex 1.03464182e-03 -7.42829161e-03 0.00000000e+00
    endloop
  endfacet
  facet normal 1.50475768e-01 -9.71850073e-01 -1.81285628e-01
    outer loop
      vertex 1.21844886e-03 -7.13292387e-03 -1.97149167e-03
      vertex 1.65087771e-03 -7.24794448e-03 -9.95943576e-04
      vertex 6.16818490e-04 -7.40766255e-03 -9.98033281e-04
    endloop
  endfacet
  facet normal 2.05848861e-01 -9.77325600e-01 -4.96076443e-02
    outer loop
      vertex 2.04949897e-03 -7.21453768e-03 0.00000000e+00
      vertex 1.03464182e-03 -7.42829161e-03 0.00000000e+00
      vertex 1.65087771e-03 -7.24794448e-03 -9.95943576e-04
    endloop
  endfacet
  facet normal 1.52272431e-01 -9.84753677e-01 -8.41029235e-02
    outer loop
      vertex 6.16818490e-04 -7.40766255e-03 -9.98033281e-04
      vertex 1.65087771e-03 -7.24794448e-03 -9.95943576e-04
      vertex 1.03464182e-03 -7.42829161e-03 0.00000000e+00
    endloop
  endfacet
  facet normal 3.02377202e-01 -8.52183716e-01 -4.27025692e-01
    outer loop
      vertex 2.31762746e-03 -6.06762746e-03 -3.75000000e-03
      vertex 2.81278926e-03 -6.32933606e-03 -2.87710300e-03
      vertex 1.79007698e-03 -6.68254893e-03 -2.89640539e-03
    endloop
  endfacet
  facet normal 3.64801223e-01 -8.79087638e-01 -3.06797967e-01
    outer loop
      vertex 3.25416423e-03 -6.47001360e-03 -1.94918935e-03
      vertex 2.25944159e-03 -6.87183131e-03 -1.98062063e-03
      vertex 2.81278926e-03 -6.32933606e-03 -2.87710300e-03
    endloop
  endfacet
  facet normal 2.28892918e-01 -9.23385609e-01 -3.08167242e-01
    outer loop
      vertex 1.21844886e-03 -7.13292387e-03 -1.97149167e-03
      vertex 1.79007698e-03 -6.68254893e-03 -2.89640539e-03
      vertex 2.25944159e-03 -6.87183131e-03 -1.98062063e-03
    endloop
  endfacet
  facet normal 3.12401143e-01 -8.85788691e-01 -3.43196621e-01
    outer loop
      vertex 2.81278926e-03 -6.32933606e-03 -2.87710300e-03
      vertex 2.25944159e-03 -6.87183131e-03 -1.98062063e-03
      vertex 1.79007698e-03 -6.68254893e-03 -2.89640539e-03
    endloop
  endfacet
  facet normal 2.91096954e-01 -9.52950495e-01 -8.45453627e-02
    outer loop
      vertex 2.04949897e-03 -7.21453768e-03 0.00000000e+00
      vertex 1.65087771e-03 -7.24794448e-03 -9.95943576e-04
      vertex 2.68671595e-03 -6.93228450e-03 -9.87415285e-04
    endloop
  endfacet
  facet normal 2.35737907e-01 -9.47461575e-01 -2.16204079e-01
    outer loop
      vertex 1.21844886e-03 -7.13292387e-03 -1.97149167e-03
      vertex 2.25944159e-03 -6.87183131e-03 -1.98062063e-03
      vertex 1.65087771e-03 -7.24794448e-03 -9.95943576e-04
    endloop
  endfacet
  facet normal 3.71627739e-01 -9.03179732e-01 -2.14846911e-01
    outer loop
      vertex 3.25416423e-03 -6.47001360e-03 -1.94918935e-03
      vertex 2.68671595e-03 -6.93228450e-03 -9.87415285e-04
      vertex 2.25944159e-03 -6.87183131e-03 -1.98062063e-03
    endloop
  endfacet
  facet normal 2.88045353e-01 -9.40326640e-01 -1.81150998e-01
    outer loop
      vertex 1.65087771e-03 -7.24794448e-03 -9.95943576e-04
      vertex 2.25944159e-03 -6.87183131e-03 -1.98062063e-03
      vertex 2.68671595e-03 -6.93228450e-03 -9.87415285e-04
    endloop
  endfacet
  facet normal -4.65071185e-01 -8.83850473e-01 -5.01710402e-02
    outer loop
      vertex -3.94298334e-03 -6.37988106e-03 0.00000000e+00
      vertex -3.63331232e-03 -6.48697002e-03 -9.84002841e-04
      vertex -3.02516511e-03 -6.86282566e-03 0.00000000e+00
    endloop
  endfacet
  facet normal -4.19239820e-01 -8.89788168e-01 -1.80319130e-01
    outer loop
      vertex -3.25416423e-03 -6.47001360e-03 -1.94918935e-03
      vertex -2.68671595e-03 -6.93228450e-03 -9.87415285e-04
      vertex -3.63331232e-03 -6.48697002e-03 -9.84002841e-04
    endloop
  endfacet
  facet normal -3.38698334e-01 -9.39565544e-01 -5.00002693e-02
    outer loop
      vertex -2.04949897e-03 -7.21453768e-03 0.00000000e+00
      vertex -3.02516511e-03 -6.86282566e-03 0.00000000e+00
      vertex -2.68671595e-03 -6.93228450e-03 -9.87415285e-04
    endloop
  endfacet
  facet normal -4.24491613e-01 -9.01704684e-01 -8.20702965e-02
    outer loop
      vertex -3.63331232e-03 -6.48697002e-03 -9.84002841e-04
      vertex -2.68671595e-03 -6.93228450e-03 -9.87415285e-04
      vertex -3.02516511e-03 -6.86282566e-03 0.00000000e+00
    endloop
  endfacet
  facet normal -3.02377202e-01 -8.52183716e-01 -4.27025692e-01
    outer loop
      vertex -2.31762746e-03 -6.06762746e-03 -3.75000000e-03
      vertex -1.79007698e-03 -6.68254893e-03 -2.89640539e-03
      vertex -2.81278926e-03 -6.32933606e-03 -2.87710300e-03
    endloop
  endfacet
  facet normal -2.28892918e-01 -9.23385609e-01 -3.08167242e-01
    outer loop
      vertex -1.21844886e-03 -7.13292387e-03 -1.97149167e-03
      vertex -2.25944159e-03 -6.87183131e-03 -1.98062063e-03
      vertex -1.79007698e-03 -6.68254893e-03 -2.89640539e-03
    endloop
  endfacet
  facet normal -3.64801223e-01 -8.79087638e-01 -3.06797967e-01
    outer loop
      vertex -3.25416423e-03 -6.47001360e-03 -1.94918935e-03
      vertex -2.81278926e-03 -6.32933606e-03 -2.87710300e-03
      vertex -2.25944159e-03 -6.87183131e-03 -1.98062063e-03
    endloop
  endfacet
  facet normal -3.12401143e-01 -8.85788691e-01 -3.43196621e-01
    outer loop
      vertex -1.79007698e-03 -6.68254893e-03 -2.89640539e-03
      vertex -2.25944159e-03 -6.87183131e-03 -1.98062063e-03
      vertex -2.81278926e-03 -6.32933606e-03 -2.87710300e-03
    endloop
  endfacet
  facet normal -6.90568093e-02 -9.96383649e-01 -4.95053672e-02
    outer loop
      vertex 0.00000000e+00 -7.50000000e-03 0.00000000e+00
      vertex -1.03464182e-03 -7.42829161e-03 0.00000000e+00
      vertex -6.16818490e-04 -7.40766255e-03 -9.98033281e-04
    endloop
  endfacet
  facet normal -2.05848861e-01 -9.77325600e-01 -4.96076443e-02
    outer loop
      vertex -2.04949897e-03 -7.21453768e-03 0.00000000e+00
      vertex -1.65087771e-03 -7.24794448e-03 -9.95943576e-04
      vertex -1.03464182e-03 -7.42829161e-03 0.00000000e+00
    endloop
  endfacet
  facet normal -1.50475768e-01 -9.71850073e-01 -1.81285628e-01
    outer loop
      vertex -1.21844886e-03 -7.13292387e-03 -1.97149167e-03
      vertex -6.16818490e-04 -7.40766255e-03 -9.98033281e-04
      vertex -1.65087771e-03 -7.24794448e-03 -9.95943576e-04
    endloop
  endfacet
  facet normal -1.52272431e-01 -9.84753677e-01 -8.41029235e-02
    outer loop
      vertex -1.03464182e-03 -7.42829161e-03 0.00000000e+00
      vertex -1.65087771e-03 -7.24794448e-03 -9.95943576e-04
      vertex -6.16818490e-04 -7.40766255e-03 -9.98033281e-04
    endloop
  endfacet
  facet normal -3.71627739e-01 -9.03179732e-01 -2.14846911e-01
    outer loop
      vertex -3.25416423e-03 -6.47001360e-03 -1.94918935e-03
      vertex -2.25944159e-03 -6.87183131e-03 -1.98062063e-03
      vertex -2.68671595e-03 -6.93228450e-03 -9.87415285e-04
    endloop
  endfacet
  facet normal -2.35737907e-01 -9.47461575e-01 -2.16204079e-01
    outer loop
      vertex -1.21844886e-03 -7.13292387e-03 -1.97149167e-03
      vertex -1.65087771e-03 -7.24794448e-03 -9.95943576e-04
      vertex -2.25944159e-03 -6.87183131e-03 -1.98062063e-03
    endloop
  endfacet
  facet normal -2.91096954e-01 -9.52950495e-01 -8.45453627e-02
    outer loop
      vertex -2.04949897e-03 -7.21453768e-03 0.00000000e+00
      vertex -2.68671595e-03 -6.93228450e-03 -9.87415285e-04
      vertex -1.65087771e-03 -7.24794448e-03 -9.95943576e-04
    endloop
  endfacet
  facet normal -2.88045353e-01 -9.40326640e-01 -1.81150998e-01
    outer loop
      vertex -2.25944159e-03 -6.87183131e-03 -1.98062063e-03
      vertex -1.65087771e-03 -7.24794448e-03 -9.95943576e-04
      vertex -2.68671595e-03 -6.93228450e-03 -9.87415285e-04
    endloop
  endfacet
  facet normal 0.00000000e+00 -5.96420674e-01 -8.02672025e-01
    outer loop
      vertex 0.00000000e+00 -3.94298334e-03 -6.37988106e-03
      vertex 6.08147201e-04 -4.61731516e-03 -5.87882282e-03
      vertex -6.08147201e-04 -4.61731516e-03 -5.87882282e-03
    endloop
  endfacet
  facet normal 8.05414856e-02 -6.80461086e-01 -7.28344548e-01
    outer loop
      vertex 1.20466527e-03 -5.20335358e-03 -5.26534834e-03
      vertex 0.00000000e+00 -5.27180273e-03 -5.33461301e-03
      vertex 6.08147201e-04 -4.61731516e-03 -5.87882282e-03
    endloop
  endfacet
  facet normal -8.05414856e-02 -6.80461086e-01 -7.28344548e-01
    outer loop
      vertex -1.20466527e-03 -5.20335358e-03 -5.26534834e-03
      vertex -6.08147201e-04 -4.61731516e-03 -5.87882282e-03
      vertex 0.00000000e+00 -5.27180273e-03 -5.33461301e-03
    endloop
  endfacet
  facet normal -0.00000000e+00 -6.39354439e-01 -7.68912155e-01
    outer loop
      vertex 6.08147201e-04 -4.61731516e-03 -5.87882282e-03
      vertex 0.00000000e+00 -5.27180273e-03 -5.33461301e-03
      vertex -6.08147201e-04 -4.61731516e-03 -5.87882282e-03
    endloop
  endfacet
  facet normal 2.33320392e-01 -8.09504261e-01 -5.38761957e-01
    outer loop
      vertex 2.31762746e-03 -6.06762746e-03 -3.75000000e-03
      vertex 1.17325849e-03 -6.30133414e-03 -3.89443867e-03
      vertex 1.77814744e-03 -5.68989225e-03 -4.55118862e-03
    endloop
  endfacet
  facet normal 7.84171500e-02 -8.30386469e-01 -5.51642150e-01
    outer loop
      vertex 0.00000000e+00 -6.37988106e-03 -3.94298334e-03
      vertex 6.08563887e-04 -5.85153278e-03 -4.65179687e-03
      vertex 1.17325849e-03 -6.30133414e-03 -3.89443867e-03
    endloop
  endfacet
  facet normal 1.58952361e-01 -7.51866045e-01 -6.39868422e-01
    outer loop
      vertex 1.20466527e-03 -5.20335358e-03 -5.26534834e-03
      vertex 1.77814744e-03 -5.68989225e-03 -4.55118862e-03
      vertex 6.08563887e-04 -5.85153278e-03 -4.65179687e-03
    endloop
  endfacet
  facet normal 1.60128712e-01 -7.91679153e-01 -5.89578591e-01
    outer loop
      vertex 1.17325849e-03 -6.30133414e-03 -3.89443867e-03
      vertex 6.08563887e-04 -5.85153278e-03 -4.65179687e-03
      vertex 1.77814744e-03 -5.68989225e-03 -4.55118862e-03
    endloop
  endfacet
  facet normal -2.33320392e-01 -8.09504261e-01 -5.38761957e-01
    outer loop
      vertex -2.31762746e-03 -6.06762746e-03 -3.75000000e-03
      vertex -1.77814744e-03 -5.68989225e-03 -4.55118862e-03
      vertex -1.17325849e-03 -6.30133414e-03 -3.89443867e-03
    endloop
  endfacet
  facet normal -1.58952361e-01 -7.51866045e-01 -6.39868422e-01
    outer loop
      vertex -1.20466527e-03 -5.20335358e-03 -5.26534834e-03
      vertex -6.08563887e-04 -5.85153278e-03 -4.65179687e-03
      vertex -1.77814744e-03 -5.68989225e-03 -4.55118862e-03
    endloop
  endfacet
  facet normal -7.84171500e-02 -8.30386469e-01 -5.51642150e-01
    outer loop
      vertex 0.00000000e+00 -6.37988106e-03 -3.94298334e-03
      vertex -1.17325849e-03 -6.30133414e-03 -3.89443867e-03
      vertex -6.08563887e-04 -5.85153278e-03 -4.65179687e-03
    endloop
  endfacet
  facet normal -1.60128712e-01 -7.91679153e-01 -5.89578591e-01
    outer loop
      vertex -1.77814744e-03 -5.68989225e-03 -4.55118862e-03
      vertex -6.08563887e-04 -5.85153278e-03 -4.65179687e-03
      vertex -1.17325849e-03 -6.30133414e-03 -3.89443867e-03
    endloop
  endfacet
  facet normal 8.05307856e-02 -7.23271921e-01 -6.85851676e-01
    outer loop
      vertex 1.20466527e-03 -5.20335358e-03 -5.26534834e-03
      vertex 6.08563887e-04 -5.85153278e-03 -4.65179687e-03
      vertex 0.00000000e+00 -5.27180273e-03 -5.33461301e-03
    endloop
  endfacet
  facet normal 0.00000000e+00 -8.01767535e-01 -5.97636026e-01
    outer loop
      vertex 0.00000000e+00 -6.37988106e-03 -3.94298334e-03
      vertex -6.08563887e-04 -5.85153278e-03 -4.65179687e-03
      vertex 6.08563887e-04 -5.85153278e-03 -4.65179687e-03
    endloop
  endfacet
  facet normal -8.05307856e-02 -7.23271921e-01 -6.85851676e-01
    outer loop
      vertex -1.20466527e-03 -5.20335358e-03 -5.26534834e-03
      vertex 0.00000000e+00 -5.27180273e-03 -5.33461301e-03
      vertex -6.08563887e-04 -5.85153278e-03 -4.65179687e-03
    endloop
  endfacet
  facet normal -0.00000000e+00 -7.62304822e-01 -6.47218169e-01
    outer loop
      vertex 6.08563887e-04 -5.85153278e-03 -4.65179687e-03
      vertex -6.08563887e-04 -5.85153278e-03 -4.65179687e-03
      vertex 0.00000000e+00 -5.27180273e-03 -5.33461301e-03
    endloop
  endfacet
  facet normal 0.00000000e+00 -9.95747362e-01 -9.21259537e-02
    outer loop
      vertex 0.00000000e+00 -7.50000000e-03 0.00000000e+00
      vertex -6.16818490e-04 -7.40766255e-03 -9.98033281e-04
      vertex 6.16818490e-04 -7.40766255e-03 -9.98033281e-04
    endloop
  endfacet
  facet normal -8.14255288e-02 -9.71230961e-01 -2.23786292e-01
    outer loop
      vertex -1.21844886e-03 -7.13292387e-03 -1.97149167e-03
      vertex 0.00000000e+00 -7.22895948e-03 -1.99803526e-03
      vertex -6.16818490e-04 -7.40766255e-03 -9.98033281e-04
    endloop
  endfacet
  facet normal 8.14255288e-02 -9.71230961e-01 -2.23786292e-01
    outer loop
      vertex 1.21844886e-03 -7.13292387e-03 -1.97149167e-03
      vertex 6.16818490e-04 -7.40766255e-03 -9.98033281e-04
      vertex 0.00000000e+00 -7.22895948e-03 -1.99803526e-03
    endloop
  endfacet
  facet normal 0.00000000e+00 -9.84405201e-01 -1.75915892e-01
    outer loop
      vertex -6.16818490e-04 -7.40766255e-03 -9.98033281e-04
      vertex 0.00000000e+00 -7.22895948e-03 -1.99803526e-03
      vertex 6.16818490e-04 -7.40766255e-03 -9.98033281e-04
    endloop
  endfacet
  facet normal -2.33171395e-01 -8.51639515e-01 -4.69405196e-01
    outer loop
      vertex -2.31762746e-03 -6.06762746e-03 -3.75000000e-03
      vertex -1.17325849e-03 -6.30133414e-03 -3.89443867e-03
      vertex -1.79007698e-03 -6.68254893e-03 -2.89640539e-03
    endloop
  endfacet
  facet normal -7.83671947e-02 -8.72473626e-01 -4.82336350e-01
    outer loop
      vertex 0.00000000e+00 -6.37988106e-03 -3.94298334e-03
      vertex -6.17426850e-04 -6.84736870e-03 -2.99705289e-03
      vertex -1.17325849e-03 -6.30133414e-03 -3.89443867e-03
    endloop
  endfacet
  facet normal -1.59792724e-01 -9.22797371e-01 -3.50587076e-01
    outer loop
      vertex -1.21844886e-03 -7.13292387e-03 -1.97149167e-03
      vertex -1.79007698e-03 -6.68254893e-03 -2.89640539e-03
      vertex -6.17426850e-04 -6.84736870e-03 -2.99705289e-03
    endloop
  endfacet
  facet normal -1.61878990e-01 -8.84358483e-01 -4.37841600e-01
    outer loop
      vertex -1.17325849e-03 -6.30133414e-03 -3.89443867e-03
      vertex -6.17426850e-04 -6.84736870e-03 -2.99705289e-03
      vertex -1.79007698e-03 -6.68254893e-03 -2.89640539e-03
    endloop
  endfacet
  facet normal 2.33171395e-01 -8.51639515e-01 -4.69405196e-01
    outer loop
      vertex 2.31762746e-03 -6.06762746e-03 -3.75000000e-03
      vertex 1.79007698e-03 -6.68254893e-03 -2.89640539e-03
      vertex 1.17325849e-03 -6.30133414e-03 -3.89443867e-03
    endloop
  endfacet
  facet normal 1.59792724e-01 -9.22797371e-01 -3.50587076e-01
    outer loop
      vertex 1.21844886e-03 -7.13292387e-03 -1.97149167e-03
      vertex 6.17426850e-04 -6.84736870e-03 -2.99705289e-03
      vertex 1.79007698e-03 -6.68254893e-03 -2.89640539e-03
    endloop
  endfacet
  facet normal 7.83671947e-02 -8.72473626e-01 -4.82336350e-01
    outer loop
      vertex 0.00000000e+00 -6.37988106e-03 -3.94298334e-03
      vertex 1.17325849e-03 -6.30133414e-03 -3.89443867e-03
      vertex 6.17426850e-04 -6.84736870e-03 -2.99705289e-03
    endloop
  endfacet
  facet normal 1.61878990e-01 -8.84358483e-01 -4.37841600e-01
    outer loop
      vertex 1.79007698e-03 -6.68254893e-03 -2.89640539e-03
      vertex 6.17426850e-04 -6.84736870e-03 -2.99705289e-03
      vertex 1.17325849e-03 -6.30133414e-03 -3.89443867e-03
    endloop
  endfacet
  facet normal -8.14076995e-02 -9.46806803e-01 -3.11335293e-01
    outer loop
      vertex -1.21844886e-03 -7.13292387e-03 -1.97149167e-03
      vertex -6.17426850e-04 -6.84736870e-03 -2.99705289e-03
      vertex 0.00000000e+00 -7.22895948e-03 -1.99803526e-03
    endloop
  endfacet
  facet normal 0.00000000e+00 -8.96494078e-01 -4.43055717e-01
    outer loop
      vertex 0.00000000e+00 -6.37988106e-03 -3.94298334e-03
      vertex 6.17426850e-04 -6.84736870e-03 -2.99705289e-03
      vertex -6.17426850e-04 -6.84736870e-03 -2.99705289e-03
    endloop
  endfacet
  facet normal 8.14076995e-02 -9.46806803e-01 -3.11335293e-01
    outer loop
      vertex 1.21844886e-03 -7.13292387e-03 -1.97149167e-03
      vertex 0.00000000e+00 -7.22895948e-03 -1.99803526e-03
      vertex 6.17426850e-04 -6.84736870e-03 -2.99705289e-03
    endloop
  endfacet
  facet normal 0.00000000e+00 -9.34172359e-01 -3.56822090e-01
    outer loop
      vertex -6.17426850e-04 -6.84736870e-03 -2.99705289e-03
      vertex 6.17426850e-04 -6.84736870e-03 -2.99705289e-03
      vertex 0.00000000e+00 -7.22895948e-03 -1.99803526e-03
    endloop
  endfacet
  facet normal 5.46249634e-01 -8.33679433e-01 -8.11784483e-02
    outer loop
      vertex 3.94298334e-03 -6.37988106e-03 0.00000000e+00
      vertex 3.63331232e-03 -6.48697002e-03 -9.84002841e-04
      vertex 4.61731516e-03 -5.87882282e-03 -6.08147201e-04
    endloop
  endfacet
  facet normal 5.00141955e-01 -8.39787899e-01 -2.11220996e-01
    outer loop
      vertex 3.25416423e-03 -6.47001360e-03 -1.94918935e-03
      vertex 4.28438744e-03 -5.94486922e-03 -1.59767149e-03
      vertex 3.63331232e-03 -6.48697002e-03 -9.84002841e-04
    endloop
  endfacet
  facet normal 6.30460816e-01 -7.59246413e-01 -1.61443621e-01
    outer loop
      vertex 5.20335358e-03 -5.26534834e-03 -1.20466527e-03
      vertex 4.61731516e-03 -5.87882282e-03 -6.08147201e-04
      vertex 4.28438744e-03 -5.94486922e-03 -1.59767149e-03
    endloop
  endfacet
  facet normal 5.57284142e-01 -8.19634387e-01 -1.32792529e-01
    outer loop
      vertex 3.63331232e-03 -6.48697002e-03 -9.84002841e-04
      vertex 4.28438744e-03 -5.94486922e-03 -1.59767149e-03
      vertex 4.61731516e-03 -5.87882282e-03 -6.08147201e-04
    endloop
  endfacet
  facet normal 3.82478568e-01 -8.02678349e-01 -4.57621692e-01
    outer loop
      vertex 2.31762746e-03 -6.06762746e-03 -3.75000000e-03
      vertex 3.40492875e-03 -5.68451565e-03 -3.51322388e-03
      vertex 2.81278926e-03 -6.32933606e-03 -2.87710300e-03
    endloop
  endfacet
  facet normal 5.22219227e-01 -7.42099980e-01 -4.20207922e-01
    outer loop
      vertex 4.40838939e-03 -5.16143220e-03 -3.18994053e-03
      vertex 3.87091215e-03 -5.87588774e-03 -2.59614761e-03
      vertex 3.40492875e-03 -5.68451565e-03 -3.51322388e-03
    endloop
  endfacet
  facet normal 4.45068077e-01 -8.29479994e-01 -3.37457178e-01
    outer loop
      vertex 3.25416423e-03 -6.47001360e-03 -1.94918935e-03
      vertex 2.81278926e-03 -6.32933606e-03 -2.87710300e-03
      vertex 3.87091215e-03 -5.87588774e-03 -2.59614761e-03
    endloop
  endfacet
  facet normal 4.48482532e-01 -8.01685768e-01 -3.95175087e-01
    outer loop
      vertex 3.40492875e-03 -5.68451565e-03 -3.51322388e-03
      vertex 3.87091215e-03 -5.87588774e-03 -2.59614761e-03
      vertex 2.81278926e-03 -6.32933606e-03 -2.87710300e-03
    endloop
  endfacet
  facet normal 7.59998894e-01 -5.69357957e-01 -3.13421759e-01
    outer loop
      vertex 6.06762746e-03 -3.75000000e-03 -2.31762746e-03
      vertex 5.68989225e-03 -4.55118862e-03 -1.77814744e-03
      vertex 5.30330086e-03 -4.51125716e-03 -2.78811026e-03
    endloop
  endfacet
  facet normal 7.02258401e-01 -6.70527632e-01 -2.39219216e-01
    outer loop
      vertex 5.20335358e-03 -5.26534834e-03 -1.20466527e-03
      vertex 4.85558920e-03 -5.26732385e-03 -2.22003444e-03
      vertex 5.68989225e-03 -4.55118862e-03 -1.77814744e-03
    endloop
  endfacet
  facet normal 6.49100841e-01 -6.63682830e-01 -3.71743458e-01
    outer loop
      vertex 4.40838939e-03 -5.16143220e-03 -3.18994053e-03
      vertex 5.30330086e-03 -4.51125716e-03 -2.78811026e-03
      vertex 4.85558920e-03 -5.26732385e-03 -2.22003444e-03
    endloop
  endfacet
  facet normal 7.07576229e-01 -6.41557056e-01 -2.96210100e-01
    outer loop
      vertex 5.68989225e-03 -4.55118862e-03 -1.77814744e-03
      vertex 4.85558920e-03 -5.26732385e-03 -2.22003444e-03
      vertex 5.30330086e-03 -4.51125716e-03 -2.78811026e-03
    endloop
  endfacet
  facet normal 5.08425010e-01 -8.18634369e-01 -2.67098819e-01
    outer loop
      vertex 3.25416423e-03 -6.47001360e-03 -1.94918935e-03
      vertex 3.87091215e-03 -5.87588774e-03 -2.59614761e-03
      vertex 4.28438744e-03 -5.94486922e-03 -1.59767149e-03
    endloop
  endfacet
  facet normal 5.85563456e-01 -7.31257495e-01 -3.49825549e-01
    outer loop
      vertex 4.40838939e-03 -5.16143220e-03 -3.18994053e-03
      vertex 4.85558920e-03 -5.26732385e-03 -2.22003444e-03
      vertex 3.87091215e-03 -5.87588774e-03 -2.59614761e-03
    endloop
  endfacet
  facet normal 6.38726558e-01 -7.38103584e-01 -2.17328056e-01
    outer loop
      vertex 5.20335358e-03 -5.26534834e-03 -1.20466527e-03
      vertex 4.28438744e-03 -5.94486922e-03 -1.59767149e-03
      vertex 4.85558920e-03 -5.26732385e-03 -2.22003444e-03
    endloop
  endfacet
  facet normal 5.81153824e-01 -7.59175643e-01 -2.93108471e-01
    outer loop
      vertex 3.87091215e-03 -5.87588774e-03 -2.59614761e-03
      vertex 4.85558920e-03 -5.26732385e-03 -2.22003444e-03
      vertex 4.28438744e-03 -5.94486922e-03 -1.59767149e-03
    endloop
  endfacet
  facet normal 8.11784483e-02 -5.46249634e-01 -8.33679433e-01
    outer loop
      vertex 0.00000000e+00 -3.94298334e-03 -6.37988106e-03
      vertex 9.84002841e-04 -3.63331232e-03 -6.48697002e-03
      vertex 6.08147201e-04 -4.61731516e-03 -5.87882282e-03
    endloop
  endfacet
  facet normal 2.11220996e-01 -5.00141955e-01 -8.39787899e-01
    outer loop
      vertex 1.94918935e-03 -3.25416423e-03 -6.47001360e-03
      vertex 1.59767149e-03 -4.28438744e-03 -5.94486922e-03
      vertex 9.84002841e-04 -3.63331232e-03 -6.48697002e-03
    endloop
  endfacet
  facet normal 1.61443621e-01 -6.30460816e-01 -7.59246413e-01
    outer loop
      vertex 1.20466527e-03 -5.20335358e-03 -5.26534834e-03
      vertex 6.08147201e-04 -4.61731516e-03 -5.87882282e-03
      vertex 1.59767149e-03 -4.28438744e-03 -5.94486922e-03
    endloop
  endfacet
  facet normal 1.32792529e-01 -5.57284142e-01 -8.19634387e-01
    outer loop
      vertex 9.84002841e-04 -3.63331232e-03 -6.48697002e-03
      vertex 1.59767149e-03 -4.28438744e-03 -5.94486922e-03
      vertex 6.08147201e-04 -4.61731516e-03 -5.87882282e-03
    endloop
  endfacet
  facet normal 4.57621692e-01 -3.82478568e-01 -8.02678349e-01
    outer loop
      vertex 3.75000000e-03 -2.31762746e-03 -6.06762746e-03
      vertex 3.51322388e-03 -3.40492875e-03 -5.68451565e-03
      vertex 2.87710300e-03 -2.81278926e-03 -6.32933606e-03
    endloop
  endfacet
  facet normal 4.20207922e-01 -5.22219227e-01 -7.42099980e-01
    outer loop
      vertex 3.18994053e-03 -4.40838939e-03 -5.16143220e-03
      vertex 2.59614761e-03 -3.87091215e-03 -5.87588774e-03
      vertex 3.51322388e-03 -3.40492875e-03 -5.68451565e-03
    endloop
  endfacet
  facet normal 3.37457178e-01 -4.45068077e-01 -8.29479994e-01
    outer loop
      vertex 1.94918935e-03 -3.25416423e-03 -6.47001360e-03
      vertex 2.87710300e-03 -2.81278926e-03 -6.32933606e-03
      vertex 2.59614761e-03 -3.87091215e-03 -5.87588774e-03
    endloop
  endfacet
  facet normal 3.95175087e-01 -4.48482532e-01 -8.01685768e-01
    outer loop
      vertex 3.51322388e-03 -3.40492875e-03 -5.68451565e-03
      vertex 2.59614761e-03 -3.87091215e-03 -5.87588774e-03
      vertex 2.87710300e-03 -2.81278926e-03 -6.32933606e-03
    endloop
  endfacet
  facet normal 3.13421759e-01 -7.59998894e-01 -5.69357957e-01
    outer loop
      vertex 2.31762746e-03 -6.06762746e-03 -3.75000000e-03
      vertex 1.77814744e-03 -5.68989225e-03 -4.55118862e-03
      vertex 2.78811026e-03 -5.30330086e-03 -4.51125716e-03
    endloop
  endfacet
  facet normal 2.39219216e-01 -7.02258401e-01 -6.70527632e-01
    outer loop
      vertex 1.20466527e-03 -5.20335358e-03 -5.26534834e-03
      vertex 2.22003444e-03 -4.85558920e-03 -5.26732385e-03
      vertex 1.77814744e-03 -5.68989225e-03 -4.55118862e-03
    endloop
  endfacet
  facet normal 3.71743458e-01 -6.49100841e-01 -6.63682830e-01
    outer loop
      vertex 3.18994053e-03 -4.40838939e-03 -5.16143220e-03
      vertex 2.78811026e-03 -5.30330086e-03 -4.51125716e-03
      vertex 2.22003444e-03 -4.85558920e-03 -5.26732385e-03
    endloop
  endfacet
  facet normal 2.96210100e-01 -7.07576229e-01 -6.41557056e-01
    outer loop
      vertex 1.77814744e-03 -5.68989225e-03 -4.55118862e-03
      vertex 2.22003444e-03 -4.85558920e-03 -5.26732385e-03
      vertex 2.78811026e-03 -5.30330086e-03 -4.51125716e-03
    endloop
  endfacet
  facet normal 2.67098819e-01 -5.08425010e-01 -8.18634369e-01
    outer loop
      vertex 1.94918935e-03 -3.25416423e-03 -6.47001360e-03
      vertex 2.59614761e-03 -3.87091215e-03 -5.87588774e-03
      vertex 1.59767149e-03 -4.28438744e-03 -5.94486922e-03
    endloop
  endfacet
  facet normal 3.49825549e-01 -5.85563456e-01 -7.31257495e-01
    outer loop
      vertex 3.18994053e-03 -4.40838939e-03 -5.16143220e-03
      vertex 2.22003444e-03 -4.85558920e-03 -5.26732385e-03
      vertex 2.59614761e-03 -3.87091215e-03 -5.87588774e-03
    endloop
  endfacet
  facet normal 2.17328056e-01 -6.38726558e-01 -7.38103584e-01
    outer loop
      vertex 1.20466527e-03 -5.20335358e-03 -5.26534834e-03
      vertex 1.59767149e-03 -4.28438744e-03 -5.94486922e-03
      vertex 2.22003444e-03 -4.85558920e-03 -5.26732385e-03
    endloop
  endfacet
  facet normal 2.93108471e-01 -5.81153824e-01 -7.59175643e-01
    outer loop
      vertex 2.59614761e-03 -3.87091215e-03 -5.87588774e-03
      vertex 2.22003444e-03 -4.85558920e-03 -5.26732385e-03
      vertex 1.59767149e-03 -4.28438744e-03 -5.94486922e-03
    endloop
  endfacet
  facet normal 8.33679433e-01 -8.11784483e-02 -5.46249634e-01
    outer loop
      vertex 6.37988106e-03 0.00000000e+00 -3.94298334e-03
      vertex 6.48697002e-03 -9.84002841e-04 -3.63331232e-03
      vertex 5.87882282e-03 -6.08147201e-04 -4.61731516e-03
    endloop
  endfacet
  facet normal 8.39787899e-01 -2.11220996e-01 -5.00141955e-01
    outer loop
      vertex 6.47001360e-03 -1.94918935e-03 -3.25416423e-03
      vertex 5.94486922e-03 -1.59767149e-03 -4.28438744e-03
      vertex 6.48697002e-03 -9.84002841e-04 -3.63331232e-03
    endloop
  endfacet
  facet normal 7.59246413e-01 -1.61443621e-01 -6.30460816e-01
    outer loop
      vertex 5.26534834e-03 -1.20466527e-03 -5.20335358e-03
      vertex 5.87882282e-03 -6.08147201e-04 -4.61731516e-03
      vertex 5.94486922e-03 -1.59767149e-03 -4.28438744e-03
    endloop
  endfacet
  facet normal 8.19634387e-01 -1.32792529e-01 -5.57284142e-01
    outer loop
      vertex 6.48697002e-03 -9.84002841e-04 -3.63331232e-03
      vertex 5.94486922e-03 -1.59767149e-03 -4.28438744e-03
      vertex 5.87882282e-03 -6.08147201e-04 -4.61731516e-03
    endloop
  endfacet
  facet normal 8.02678349e-01 -4.57621692e-01 -3.82478568e-01
    outer loop
      vertex 6.06762746e-03 -3.75000000e-03 -2.31762746e-03
      vertex 5.68451565e-03 -3.51322388e-03 -3.40492875e-03
      vertex 6.32933606e-03 -2.87710300e-03 -2.81278926e-03
    endloop
  endfacet
  facet normal 7.42099980e-01 -4.20207922e-01 -5.22219227e-01
    outer loop
      vertex 5.16143220e-03 -3.18994053e-03 -4.40838939e-03
      vertex 5.87588774e-03 -2.59614761e-03 -3.87091215e-03
      vertex 5.68451565e-03 -3.51322388e-03 -3.40492875e-03
    endloop
  endfacet
  facet normal 8.29479994e-01 -3.37457178e-01 -4.45068077e-01
    outer loop
      vertex 6.47001360e-03 -1.94918935e-03 -3.25416423e-03
      vertex 6.32933606e-03 -2.87710300e-03 -2.81278926e-03
      vertex 5.87588774e-03 -2.59614761e-03 -3.87091215e-03
    endloop
  endfacet
  facet normal 8.01685768e-01 -3.95175087e-01 -4.48482532e-01
    outer loop
      vertex 5.68451565e-03 -3.51322388e-03 -3.40492875e-03
      vertex 5.87588774e-03 -2.59614761e-03 -3.87091215e-03
      vertex 6.32933606e-03 -2.87710300e-03 -2.81278926e-03
    endloop
  endfacet
  facet normal 5.69357957e-01 -3.13421759e-01 -7.59998894e-01
    outer loop
      vertex 3.75000000e-03 -2.31762746e-03 -6.06762746e-03
      vertex 4.55118862e-03 -1.77814744e-03 -5.68989225e-03
      vertex 4.51125716e-03 -2.78811026e-03 -5.30330086e-03
    endloop
  endfacet
  facet normal 6.70527632e-01 -2.39219216e-01 -7.02258401e-01
    outer loop
      vertex 5.26534834e-03 -1.20466527e-03 -5.20335358e-03
      vertex 5.26732385e-03 -2.22003444e-03 -4.85558920e-03
      vertex 4.55118862e-03 -1.77814744e-03 -5.68989225e-03
    endloop
  endfacet
  facet normal 6.63682830e-01 -3.71743458e-01 -6.49100841e-01
    outer loop
      vertex 5.16143220e-03 -3.18994053e-03 -4.40838939e-03
      vertex 4.51125716e-03 -2.78811026e-03 -5.30330086e-03
      vertex 5.26732385e-03 -2.22003444e-03 -4.85558920e-03
    endloop
  endfacet
  facet normal 6.41557056e-01 -2.96210100e-01 -7.07576229e-01
    outer loop
      vertex 4.55118862e-03 -1.77814744e-03 -5.68989225e-03
      vertex 5.26732385e-03 -2.22003444e-03 -4.85558920e-03
      vertex 4.51125716e-03 -2.78811026e-03 -5.30330086e-03
    endloop
  endfacet
  facet normal 8.18634369e-01 -2.67098819e-01 -5.08425010e-01
    outer loop
      vertex 6.47001360e-03 -1.94918935e-03 -3.25416423e-03
      vertex 5.87588774e-03 -2.59614761e-03 -3.87091215e-03
      vertex 5.94486922e-03 -1.59767149e-03 -4.28438744e-03
    endloop
  endfacet
  facet normal 7.31257495e-01 -3.49825549e-01 -5.85563456e-01
    outer loop
      vertex 5.16143220e-03 -3.18994053e-03 -4.40838939e-03
      vertex 5.26732385e-03 -2.22003444e-03 -4.85558920e-03
      vertex 5.87588774e-03 -2.59614761e-03 -3.87091215e-03
    endloop
  endfacet
  facet normal 7.38103584e-01 -2.17328056e-01 -6.38726558e-01
    outer loop
      vertex 5.26534834e-03 -1.20466527e-03 -5.20335358e-03
      vertex 5.94486922e-03 -1.59767149e-03 -4.28438744e-03
      vertex 5.26732385e-03 -2.22003444e-03 -4.85558920e-03
    endloop
  endfacet
  facet normal 7.59175643e-01 -2.93108471e-01 -5.81153824e-01
    outer loop
      vertex 5.87588774e-03 -2.59614761e-03 -3.87091215e-03
      vertex 5.26732385e-03 -2.22003444e-03 -4.85558920e-03
      vertex 5.94486922e-03 -1.59767149e-03 -4.28438744e-03
    endloop
  endfacet
  facet normal 3.82234319e-01 -7.59513561e-01 -5.26342166e-01
    outer loop
      vertex 2.31762746e-03 -6.06762746e-03 -3.75000000e-03
      vertex 2.78811026e-03 -5.30330086e-03 -4.51125716e-03
      vertex 3.40492875e-03 -5.68451565e-03 -3.51322388e-03
    endloop
  endfacet
  facet normal 4.40461021e-01 -6.48687335e-01 -6.20643884e-01
    outer loop
      vertex 3.18994053e-03 -4.40838939e-03 -5.16143220e-03
      vertex 3.85031581e-03 -4.84933344e-03 -4.23190659e-03
      vertex 2.78811026e-03 -5.30330086e-03 -4.51125716e-03
    endloop
  endfacet
  facet normal 5.21886550e-01 -6.99011079e-01 -4.88894611e-01
    outer loop
      vertex 4.40838939e-03 -5.16143220e-03 -3.18994053e-03
      vertex 3.40492875e-03 -5.68451565e-03 -3.51322388e-03
      vertex 3.85031581e-03 -4.84933344e-03 -4.23190659e-03
    endloop
  endfacet
  facet normal 4.46516882e-01 -7.08442591e-01 -5.46563600e-01
    outer loop
      vertex 2.78811026e-03 -5.30330086e-03 -4.51125716e-03
      vertex 3.85031581e-03 -4.84933344e-03 -4.23190659e-03
      vertex 3.40492875e-03 -5.68451565e-03 -3.51322388e-03
    endloop
  endfacet
  facet normal 5.26342166e-01 -3.82234319e-01 -7.59513561e-01
    outer loop
      vertex 3.75000000e-03 -2.31762746e-03 -6.06762746e-03
      vertex 4.51125716e-03 -2.78811026e-03 -5.30330086e-03
      vertex 3.51322388e-03 -3.40492875e-03 -5.68451565e-03
    endloop
  endfacet
  facet normal 6.20643884e-01 -4.40461021e-01 -6.48687335e-01
    outer loop
      vertex 5.16143220e-03 -3.18994053e-03 -4.40838939e-03
      vertex 4.23190659e-03 -3.85031581e-03 -4.84933344e-03
      vertex 4.51125716e-03 -2.78811026e-03 -5.30330086e-03
    endloop
  endfacet
  facet normal 4.88894611e-01 -5.21886550e-01 -6.99011079e-01
    outer loop
      vertex 3.18994053e-03 -4.40838939e-03 -5.16143220e-03
      vertex 3.51322388e-03 -3.40492875e-03 -5.68451565e-03
      vertex 4.23190659e-03 -3.85031581e-03 -4.84933344e-03
    endloop
  endfacet
  facet normal 5.46563600e-01 -4.46516882e-01 -7.08442591e-01
    outer loop
      vertex 4.51125716e-03 -2.78811026e-03 -5.30330086e-03
      vertex 4.23190659e-03 -3.85031581e-03 -4.84933344e-03
      vertex 3.51322388e-03 -3.40492875e-03 -5.68451565e-03
    endloop
  endfacet
  facet normal 7.59513561e-01 -5.26342166e-01 -3.82234319e-01
    outer loop
      vertex 6.06762746e-03 -3.75000000e-03 -2.31762746e-03
      vertex 5.30330086e-03 -4.51125716e-03 -2.78811026e-03
      vertex 5.68451565e-03 -3.51322388e-03 -3.40492875e-03
    endloop
  endfacet
  facet normal 6.48687335e-01 -6.20643884e-01 -4.40461021e-01
    outer loop
      vertex 4.40838939e-03 -5.16143220e-03 -3.18994053e-03
      vertex 4.84933344e-03 -4.23190659e-03 -3.85031581e-03
      vertex 5.30330086e-03 -4.51125716e-03 -2.78811026e-03
    endloop
  endfacet
  facet normal 6.99011079e-01 -4.88894611e-01 -5.21886550e-01
    outer loop
      vertex 5.16143220e-03 -3.18994053e-03 -4.40838939e-03
      vertex 5.68451565e-03 -3.51322388e-03 -3.40492875e-03
      vertex 4.84933344e-03 -4.23190659e-03 -3.85031581e-03
    endloop
  endfacet
  facet normal 7.08442591e-01 -5.46563600e-01 -4.46516882e-01
    outer loop
      vertex 5.30330086e-03 -4.51125716e-03 -2.78811026e-03
      vertex 4.84933344e-03 -4.23190659e-03 -3.85031581e-03
      vertex 5.68451565e-03 -3.51322388e-03 -3.40492875e-03
    endloop
  endfacet
  facet normal 5.03751085e-01 -5.85158785e-01 -6.35471510e-01
    outer loop
      vertex 3.18994053e-03 -4.40838939e-03 -5.16143220e-03
      vertex 4.23190659e-03 -3.85031581e-03 -4.84933344e-03
      vertex 3.85031581e-03 -4.84933344e-03 -4.23190659e-03
    endloop
  endfacet
  facet normal 6.35471510e-01 -5.03751085e-01 -5.85158785e-01
    outer loop
      vertex 5.16143220e-03 -3.18994053e-03 -4.40838939e-03
      vertex 4.84933344e-03 -4.23190659e-03 -3.85031581e-03
      vertex 4.23190659e-03 -3.85031581e-03 -4.84933344e-03
    endloop
  endfacet
  facet normal 5.85158785e-01 -6.35471510e-01 -5.03751085e-01
    outer loop
      vertex 4.40838939e-03 -5.16143220e-03 -3.18994053e-03
      vertex 3.85031581e-03 -4.84933344e-03 -4.23190659e-03
      vertex 4.84933344e-03 -4.23190659e-03 -3.85031581e-03
    endloop
  endfacet
  facet normal 5.77350269e-01 -5.77350269e-01 -5.77350269e-01
    outer loop
      vertex 4.23190659e-03 -3.85031581e-03 -4.84933344e-03
      vertex 4.84933344e-03 -4.23190659e-03 -3.85031581e-03
      vertex 3.85031581e-03 -4.84933344e-03 -4.23190659e-03
    endloop
  endfacet
  facet normal 5.96420674e-01 -8.02672025e-01 0.00000000e+00
    outer loop
      vertex 3.94298334e-03 -6.37988106e-03 0.00000000e+00
      vertex 4.61731516e-03 -5.87882282e-03 -6.08147201e-04
      vertex 4.61731516e-03 -5.87882282e-03 6.08147201e-04
    endloop
  endfacet
  facet normal 6.80461086e-01 -7.28344548e-01 -8.05414856e-02
    outer loop
      vertex 5.20335358e-03 -5.26534834e-03 -1.20466527e-03
      vertex 5.27180273e-03 -5.33461301e-03 0.00000000e+00
      vertex 4.61731516e-03 -5.87882282e-03 -6.08147201e-04
    endloop
  endfacet
  facet normal 6.80461086e-01 -7.28344548e-01 8.05414856e-02
    outer loop
      vertex 5.20335358e-03 -5.26534834e-03 1.20466527e-03
      vertex 4.61731516e-03 -5.87882282e-03 6.08147201e-04
      vertex 5.27180273e-03 -5.33461301e-03 0.00000000e+00
    endloop
  endfacet
  facet normal 6.39354439e-01 -7.68912155e-01 0.00000000e+00
    outer loop
      vertex 4.61731516e-03 -5.87882282e-03 -6.08147201e-04
      vertex 5.27180273e-03 -5.33461301e-03 0.00000000e+00
      vertex 4.61731516e-03 -5.87882282e-03 6.08147201e-04
    endloop
  endfacet
  facet normal 8.09504261e-01 -5.38761957e-01 -2.33320392e-01
    outer loop
      vertex 6.06762746e-03 -3.75000000e-03 -2.31762746e-03
      vertex 6.30133414e-03 -3.89443867e-03 -1.17325849e-03
      vertex 5.68989225e-03 -4.55118862e-03 -1.77814744e-03
    endloop
  endfacet
  facet normal 8.30386469e-01 -5.51642150e-01 -7.84171500e-02
    outer loop
      vertex 6.37988106e-03 -3.94298334e-03 0.00000000e+00
      vertex 5.85153278e-03 -4.65179687e-03 -6.08563887e-04
      vertex 6.30133414e-03 -3.89443867e-03 -1.17325849e-03
    endloop
  endfacet
  facet normal 7.51866045e-01 -6.39868422e-01 -1.58952361e-01
    outer loop
      vertex 5.20335358e-03 -5.26534834e-03 -1.20466527e-03
      vertex 5.68989225e-03 -4.55118862e-03 -1.77814744e-03
      vertex 5.85153278e-03 -4.65179687e-03 -6.08563887e-04
    endloop
  endfacet
  facet normal 7.91679153e-01 -5.89578591e-01 -1.60128712e-01
    outer loop
      vertex 6.30133414e-03 -3.89443867e-03 -1.17325849e-03
      vertex 5.85153278e-03 -4.65179687e-03 -6.08563887e-04
      vertex 5.68989225e-03 -4.55118862e-03 -1.77814744e-03
    endloop
  endfacet
  facet normal 8.09504261e-01 -5.38761957e-01 2.33320392e-01
    outer loop
      vertex 6.06762746e-03 -3.75000000e-03 2.31762746e-03
      vertex 5.68989225e-03 -4.55118862e-03 1.77814744e-03
      vertex 6.30133414e-03 -3.89443867e-03 1.17325849e-03
    endloop
  endfacet
  facet normal 7.51866045e-01 -6.39868422e-01 1.58952361e-01
    outer loop
      vertex 5.20335358e-03 -5.26534834e-03 1.20466527e-03
      vertex 5.85153278e-03 -4.65179687e-03 6.08563887e-04
      vertex 5.68989225e-03 -4.55118862e-03 1.77814744e-03
    endloop
  endfacet
  facet normal 8.30386469e-01 -5.51642150e-01 7.84171500e-02
    outer loop
      vertex 6.37988106e-03 -3.94298334e-03 0.00000000e+00
      vertex 6.30133414e-03 -3.89443867e-03 1.17325849e-03
      vertex 5.85153278e-03 -4.65179687e-03 6.08563887e-04
    endloop
  endfacet
  facet normal 7.91679153e-01 -5.89578591e-01 1.60128712e-01
    outer loop
      vertex 5.68989225e-03 -4.55118862e-03 1.77814744e-03
      vertex 5.85153278e-03 -4.65179687e-03 6.08563887e-04
      vertex 6.30133414e-03 -3.89443867e-03 1.17325849e-03
    endloop
  endfacet
  facet normal 7.23271921e-01 -6.85851676e-01 -8.05307856e-02
    outer loop
      vertex 5.20335358e-03 -5.26534834e-03 -1.20466527e-03
      vertex 5.85153278e-03 -4.65179687e-03 -6.08563887e-04
      vertex 5.27180273e-03 -5.33461301e-03 0.00000000e+00
    endloop
  endfacet
  facet normal 8.01767535e-01 -5.97636026e-01 0.00000000e+00
    outer loop
      vertex 6.37988106e-03 -3.94298334e-03 0.00000000e+00
      vertex 5.85153278e-03 -4.65179687e-03 6.08563887e-04
      vertex 5.85153278e-03 -4.65179687e-03 -6.08563887e-04
    endloop
  endfacet
  facet normal 7.23271921e-01 -6.85851676e-01 8.05307856e-02
    outer loop
      vertex 5.20335358e-03 -5.26534834e-03 1.20466527e-03
      vertex 5.27180273e-03 -5.33461301e-03 0.00000000e+00
      vertex 5.85153278e-03 -4.65179687e-03 6.08563887e-04
    endloop
  endfacet
  facet normal 7.62304822e-01 -6.47218169e-01 0.00000000e+00
    outer loop
      vertex 5.85153278e-03 -4.65179687e-03 -6.08563887e-04
      vertex 5.85153278e-03 -4.65179687e-03 6.08563887e-04
      vertex 5.27180273e-03 -5.33461301e-03 0.00000000e+00
    endloop
  endfacet
  facet normal 8.83850473e-01 -5.01710402e-02 -4.65071185e-01
    outer loop
      vertex 6.37988106e-03 0.00000000e+00 -3.94298334e-03
      vertex 6.86282566e-03 0.00000000e+00 -3.02516511e-03
      vertex 6.48697002e-03 -9.84002841e-04 -3.63331232e-03
    endloop
  endfacet
  facet normal 9.39565544e-01 -5.00002693e-02 -3.38698334e-01
    outer loop
      vertex 7.21453768e-03 0.00000000e+00 -2.04949897e-03
      vertex 6.93228450e-03 -9.87415285e-04 -2.68671595e-03
      vertex 6.86282566e-03 0.00000000e+00 -3.02516511e-03
    endloop
  endfacet
  facet normal 8.89788168e-01 -1.80319130e-01 -4.19239820e-01
    outer loop
      vertex 6.47001360e-03 -1.94918935e-03 -3.25416423e-03
      vertex 6.48697002e-03 -9.84002841e-04 -3.63331232e-03
      vertex 6.93228450e-03 -9.87415285e-04 -2.68671595e-03
    endloop
  endfacet
  facet normal 9.01704684e-01 -8.20702965e-02 -4.24491613e-01
    outer loop
      vertex 6.86282566e-03 0.00000000e+00 -3.02516511e-03
      vertex 6.93228450e-03 -9.87415285e-04 -2.68671595e-03
      vertex 6.48697002e-03 -9.84002841e-04 -3.63331232e-03
    endloop
  endfacet
  facet normal 9.96383649e-01 -4.95053672e-02 -6.90568093e-02
    outer loop
      vertex 7.50000000e-03 0.00000000e+00 0.00000000e+00
      vertex 7.40766255e-03 -9.98033281e-04 -6.16818490e-04
      vertex 7.42829161e-03 0.00000000e+00 -1.03464182e-03
    endloop
  endfacet
  facet normal 9.71850073e-01 -1.81285628e-01 -1.50475768e-01
    outer loop
      vertex 7.13292387e-03 -1.97149167e-03 -1.21844886e-03
      vertex 7.24794448e-03 -9.95943576e-04 -1.65087771e-03
      vertex 7.40766255e-03 -9.98033281e-04 -6.16818490e-04
    endloop
  endfacet
  facet normal 9.77325600e-01 -4.96076443e-02 -2.05848861e-01
    outer loop
      vertex 7.21453768e-03 0.00000000e+00 -2.04949897e-03
      vertex 7.42829161e-03 0.00000000e+00 -1.03464182e-03
      vertex 7.24794448e-03 -9.95943576e-04 -1.65087771e-03
    endloop
  endfacet
  facet normal 9.84753677e-01 -8.41029235e-02 -1.52272431e-01
    outer loop
      vertex 7.40766255e-03 -9.98033281e-04 -6.16818490e-04
      vertex 7.24794448e-03 -9.95943576e-04 -1.65087771e-03
      vertex 7.42829161e-03 0.00000000e+00 -1.03464182e-03
    endloop
  endfacet
  facet normal 8.52183716e-01 -4.27025692e-01 -3.02377202e-01
    outer loop
      vertex 6.06762746e-03 -3.75000000e-03 -2.31762746e-03
      vertex 6.32933606e-03 -2.87710300e-03 -2.81278926e-03
      vertex 6.68254893e-03 -2.89640539e-03 -1.79007698e-03
    endloop
  endfacet
  facet normal 8.79087638e-01 -3.06797967e-01 -3.64801223e-01
    outer loop
      vertex 6.47001360e-03 -1.94918935e-03 -3.25416423e-03
      vertex 6.87183131e-03 -1.98062063e-03 -2.25944159e-03
      vertex 6.32933606e-03 -2.87710300e-03 -2.81278926e-03
    endloop
  endfacet
  facet normal 9.23385609e-01 -3.08167242e-01 -2.28892918e-01
    outer loop
      vertex 7.13292387e-03 -1.97149167e-03 -1.21844886e-03
      vertex 6.68254893e-03 -2.89640539e-03 -1.79007698e-03
      vertex 6.87183131e-03 -1.98062063e-03 -2.25944159e-03
    endloop
  endfacet
  facet normal 8.85788691e-01 -3.43196621e-01 -3.12401143e-01
    outer loop
      vertex 6.32933606e-03 -2.87710300e-03 -2.81278926e-03
      vertex 6.87183131e-03 -1.98062063e-03 -2.25944159e-03
      vertex 6.68254893e-03 -2.89640539e-03 -1.79007698e-03
    endloop
  endfacet
  facet normal 9.52950495e-01 -8.45453627e-02 -2.91096954e-01
    outer loop
      vertex 7.21453768e-03 0.00000000e+00 -2.04949897e-03
      vertex 7.24794448e-03 -9.95943576e-04 -1.65087771e-03
      vertex 6.93228450e-03 -9.87415285e-04 -2.68671595e-03
    endloop
  endfacet
  facet normal 9.47461575e-01 -2.16204079e-01 -2.35737907e-01
    outer loop
      vertex 7.13292387e-03 -1.97149167e-03 -1.21844886e-03
      vertex 6.87183131e-03 -1.98062063e-03 -2.25944159e-03
      vertex 7.24794448e-03 -9.95943576e-04 -1.65087771e-03
    endloop
  endfacet
  facet normal 9.03179732e-01 -2.14846911e-01 -3.71627739e-01
    outer loop
      vertex 6.47001360e-03 -1.94918935e-03 -3.25416423e-03
      vertex 6.93228450e-03 -9.87415285e-04 -2.68671595e-03
      vertex 6.87183131e-03 -1.98062063e-03 -2.25944159e-03
    endloop
  endfacet
  facet normal 9.40326640e-01 -1.81150998e-01 -2.88045353e-01
    outer loop
      vertex 7.24794448e-03 -9.95943576e-04 -1.65087771e-03
      vertex 6.87183131e-03 -1.98062063e-03 -2.25944159e-03
      vertex 6.93228450e-03 -9.87415285e-04 -2.68671595e-03
    endloop
  endfacet
  facet normal 8.83850473e-01 -5.01710402e-02 4.65071185e-01
    outer loop
      vertex 6.37988106e-03 0.00000000e+00 3.94298334e-03
      vertex 6.48697002e-03 -9.84002841e-04 3.63331232e-03
      vertex 6.86282566e-03 0.00000000e+00 3.02516511e-03
    endloop
  endfacet
  facet normal 8.89788168e-01 -1.80319130e-01 4.19239820e-01
    outer loop
      vertex 6.47001360e-03 -1.94918935e-03 3.25416423e-03
      vertex 6.93228450e-03 -9.87415285e-04 2.68671595e-03
      vertex 6.48697002e-03 -9.84002841e-04 3.63331232e-03
    endloop
  endfacet
  facet normal 9.39565544e-01 -5.00002693e-02 3.38698334e-01
    outer loop
      vertex 7.21453768e-03 0.00000000e+00 2.04949897e-03
      vertex 6.86282566e-03 0.00000000e+00 3.02516511e-03
      vertex 6.93228450e-03 -9.87415285e-04 2.68671595e-03
    endloop
  endfacet
  facet normal 9.01704684e-01 -8.20702965e-02 4.24491613e-01
    outer loop
      vertex 6.48697002e-03 -9.84002841e-04 3.63331232e-03
      vertex 6.93228450e-03 -9.87415285e-04 2.68671595e-03
      vertex 6.86282566e-03 0.00000000e+00 3.02516511e-03
    endloop
  endfacet
  facet normal 8.52183716e-01 -4.27025692e-01 3.02377202e-01
    outer loop
      vertex 6.06762746e-03 -3.75000000e-03 2.31762746e-03
      vertex 6.68254893e-03 -2.89640539e-03 1.79007698e-03
      vertex 6.32933606e-03 -2.87710300e-03 2.81278926e-03
    endloop
  endfacet
  facet normal 9.23385609e-01 -3.08167242e-01 2.28892918e-01
    outer loop
      vertex 7.13292387e-03 -1.97149167e-03 1.21844886e-03
      vertex 6.87183131e-03 -1.98062063e-03 2.25944159e-03
      vertex 6.68254893e-03 -2.89640539e-03 1.79007698e-03
    endloop
  endfacet
  facet normal 8.79087638e-01 -3.06797967e-01 3.64801223e-01
    outer loop
      vertex 6.47001360e-03 -1.94918935e-03 3.25416423e-03
      vertex 6.32933606e-03 -2.87710300e-03 2.81278926e-03
      vertex 6.87183131e-03 -1.98062063e-03 2.25944159e-03
    endloop
  endfacet
  facet normal 8.85788691e-01 -3.43196621e-01 3.12401143e-01
    outer loop
      vertex 6.68254893e-03 -2.89640539e-03 1.79007698e-03
      vertex 6.87183131e-03 -1.98062063e-03 2.25944159e-03
      vertex 6.32933606e-03 -2.87710300e-03 2.81278926e-03
    endloop
  endfacet
  facet normal 9.96383649e-01 -4.95053672e-02 6.90568093e-02
    outer loop
      vertex 7.50000000e-03 0.00000000e+00 0.00000000e+00
      vertex 7.42829161e-03 0.00000000e+00 1.03464182e-03
      vertex 7.40766255e-03 -9.98033281e-04 6.16818490e-04
    endloop
  endfacet
  facet normal 9.77325600e-01 -4.96076443e-02 2.05848861e-01
    outer loop
      vertex 7.21453768e-03 0.00000000e+00 2.04949897e-03
      vertex 7.24794448e-03 -9.95943576e-04 1.65087771e-03
      vertex 7.42829161e-03 0.00000000e+00 1.03464182e-03
    endloop
  endfacet
  facet normal 9.71850073e-01 -1.81285628e-01 1.50475768e-01
    outer loop
      vertex 7.13292387e-03 -1.97149167e-03 1.21844886e-03
      vertex 7.40766255e-03 -9.98033281e-04 6.16818490e-04
      vertex 7.24794448e-03 -9.95943576e-04 1.65087771e-03
    endloop
  endfacet
  facet normal 9.84753677e-01 -8.41029235e-02 1.52272431e-01
    outer loop
      vertex 7.42829161e-03 0.00000000e+00 1.03464182e-03
      vertex 7.24794448e-03 -9.95943576e-04 1.65087771e-03
      vertex 7.40766255e-03 -9.98033281e-04 6.16818490e-04
    endloop
  endfacet
  facet normal 9.03179732e-01 -2.14846911e-01 3.71627739e-01
    outer loop
      vertex 6.47001360e-03 -1.94918935e-03 3.25416423e-03
      vertex 6.87183131e-03 -1.98062063e-03 2.25944159e-03
      vertex 6.93228450e-03 -9.87415285e-04 2.68671595e-03
    endloop
  endfacet
  facet normal 9.47461575e-01 -2.16204079e-01 2.35737907e-01
    outer loop
      vertex 7.13292387e-03 -1.97149167e-03 1.21844886e-03
      vertex 7.24794448e-03 -9.95943576e-04 1.65087771e-03
      vertex 6.87183131e-03 -1.98062063e-03 2.25944159e-03
    endloop
  endfacet
  facet normal 9.52950495e-01 -8.45453627e-02 2.91096954e-01
    outer loop
      vertex 7.21453768e-03 0.00000000e+00 2.04949897e-03
      vertex 6.93228450e-03 -9.87415285e-04 2.68671595e-03
      vertex 7.24794448e-03 -9.95943576e-04 1.65087771e-03
    endloop
  endfacet
  facet normal 9.40326640e-01 -1.81150998e-01 2.88045353e-01
    outer loop
      vertex 6.87183131e-03 -1.98062063e-03 2.25944159e-03
      vertex 7.24794448e-03 -9.95943576e-04 1.65087771e-03
      vertex 6.93228450e-03 -9.87415285e-04 2.68671595e-03
    endloop
  endfacet
  facet normal 8.51639515e-01 -4.69405196e-01 -2.33171395e-01
    outer loop
      vertex 6.06762746e-03 -3.75000000e-03 -2.31762746e-03
      vertex 6.68254893e-03 -2.89640539e-03 -1.79007698e-03
      vertex 6.30133414e-03 -3.89443867e-03 -1.17325849e-03
    endloop
  endfacet
  facet normal 9.22797371e-01 -3.50587076e-01 -1.59792724e-01
    outer loop
      vertex 7.13292387e-03 -1.97149167e-03 -1.21844886e-03
      vertex 6.84736870e-03 -2.99705289e-03 -6.17426850e-04
      vertex 6.68254893e-03 -2.89640539e-03 -1.79007698e-03
    endloop
  endfacet
  facet normal 8.72473626e-01 -4.82336350e-01 -7.83671947e-02
    outer loop
      vertex 6.37988106e-03 -3.94298334e-03 0.00000000e+00
      vertex 6.30133414e-03 -3.89443867e-03 -1.17325849e-03
      vertex 6.84736870e-03 -2.99705289e-03 -6.17426850e-04
    endloop
  endfacet
  facet normal 8.84358483e-01 -4.37841600e-01 -1.61878990e-01
    outer loop
      vertex 6.68254893e-03 -2.89640539e-03 -1.79007698e-03
      vertex 6.84736870e-03 -2.99705289e-03 -6.17426850e-04
      vertex 6.30133414e-03 -3.89443867e-03 -1.17325849e-03
    endloop
  endfacet
  facet normal 9.95747362e-01 -9.21259537e-02 0.00000000e+00
    outer loop
      vertex 7.50000000e-03 0.00000000e+00 0.00000000e+00
      vertex 7.40766255e-03 -9.98033281e-04 6.16818490e-04
      vertex 7.40766255e-03 -9.98033281e-04 -6.16818490e-04
    endloop
  endfacet
  facet normal 9.71230961e-01 -2.23786292e-01 8.14255288e-02
    outer loop
      vertex 7.13292387e-03 -1.97149167e-03 1.21844886e-03
      vertex 7.22895948e-03 -1.99803526e-03 0.00000000e+00
      vertex 7.40766255e-03 -9.98033281e-04 6.16818490e-04
    endloop
  endfacet
  facet normal 9.71230961e-01 -2.23786292e-01 -8.14255288e-02
    outer loop
      vertex 7.13292387e-03 -1.97149167e-03 -1.21844886e-03
      vertex 7.40766255e-03 -9.98033281e-04 -6.16818490e-04
      vertex 7.22895948e-03 -1.99803526e-03 0.00000000e+00
    endloop
  endfacet
  facet normal 9.84405201e-01 -1.75915892e-01 0.00000000e+00
    outer loop
      vertex 7.40766255e-03 -9.98033281e-04 6.16818490e-04
      vertex 7.22895948e-03 -1.99803526e-03 0.00000000e+00
      vertex 7.40766255e-03 -9.98033281e-04 -6.16818490e-04
    endloop
  endfacet
  facet normal 8.51639515e-01 -4.69405196e-01 2.33171395e-01
    outer loop
      vertex 6.06762746e-03 -3.75000000e-03 2.31762746e-03
      vertex 6.30133414e-03 -3.89443867e-03 1.17325849e-03
      vertex 6.68254893e-03 -2.89640539e-03 1.79007698e-03
    endloop
  endfacet
  facet normal 8.72473626e-01 -4.82336350e-01 7.83671947e-02
    outer loop
      vertex 6.37988106e-03 -3.94298334e-03 0.00000000e+00
      vertex 6.84736870e-03 -2.99705289e-03 6.17426850e-04
      vertex 6.30133414e-03 -3.89443867e-03 1.17325849e-03
    endloop
  endfacet
  facet normal 9.22797371e-01 -3.50587076e-01 1.59792724e-01
    outer loop
      vertex 7.13292387e-03 -1.97149167e-03 1.21844886e-03
      vertex 6.68254893e-03 -2.89640539e-03 1.79007698e-03
      vertex 6.84736870e-03 -2.99705289e-03 6.17426850e-04
    endloop
  endfacet
  facet normal 8.84358483e-01 -4.37841600e-01 1.61878990e-01
    outer loop
      vertex 6.30133414e-03 -3.89443867e-03 1.17325849e-03
      vertex 6.84736870e-03 -2.99705289e-03 6.17426850e-04
      vertex 6.68254893e-03 -2.89640539e-03 1.79007698e-03
    endloop
  endfacet
  facet normal 9.46806803e-01 -3.11335293e-01 -8.14076995e-02
    outer loop
      vertex 7.13292387e-03 -1.97149167e-03 -1.21844886e-03
      vertex 7.22895948e-03 -1.99803526e-03 0.00000000e+00
      vertex 6.84736870e-03 -2.99705289e-03 -6.17426850e-04
    endloop
  endfacet
  facet normal 9.46806803e-01 -3.11335293e-01 8.14076995e-02
    outer loop
      vertex 7.13292387e-03 -1.97149167e-03 1.21844886e-03
      vertex 6.84736870e-03 -2.99705289e-03 6.17426850e-04
      vertex 7.22895948e-03 -1.99803526e-03 0.00000000e+00
    endloop
  endfacet
  facet normal 8.96494078e-01 -4.43055717e-01 0.00000000e+00
    outer loop
      vertex 6.37988106e-03 -3.94298334e-03 0.00000000e+00
      vertex 6.84736870e-03 -2.99705289e-03 -6.17426850e-04
      vertex 6.84736870e-03 -2.99705289e-03 6.17426850e-04
    endloop
  endfacet
  facet normal 9.34172359e-01 -3.56822090e-01 0.00000000e+00
    outer loop
      vertex 7.22895948e-03 -1.99803526e-03 0.00000000e+00
      vertex 6.84736870e-03 -2.99705289e-03 6.17426850e-04
      vertex 6.84736870e-03 -2.99705289e-03 -6.17426850e-04
    endloop
  endfacet
  facet normal 5.01710402e-02 -4.65071185e-01 8.83850473e-01
    outer loop
      vertex 0.00000000e+00 -3.94298334e-03 6.37988106e-03
      vertex 9.84002841e-04 -3.63331232e-03 6.48697002e-03
      vertex 0.00000000e+00 -3.02516511e-03 6.86282566e-03
    endloop
  endfacet
  facet normal 1.80319130e-01 -4.19239820e-01 8.89788168e-01
    outer loop
      vertex 1.94918935e-03 -3.25416423e-03 6.47001360e-03
      vertex 9.87415285e-04 -2.68671595e-03 6.93228450e-03
      vertex 9.84002841e-04 -3.63331232e-03 6.48697002e-03
    endloop
  endfacet
  facet normal 5.00002693e-02 -3.38698334e-01 9.39565544e-01
    outer loop
      vertex 0.00000000e+00 -2.04949897e-03 7.21453768e-03
      vertex 0.00000000e+00 -3.02516511e-03 6.86282566e-03
      vertex 9.87415285e-04 -2.68671595e-03 6.93228450e-03
    endloop
  endfacet
  facet normal 8.20702965e-02 -4.24491613e-01 9.01704684e-01
    outer loop
      vertex 9.84002841e-04 -3.63331232e-03 6.48697002e-03
      vertex 9.87415285e-04 -2.68671595e-03 6.93228450e-03
      vertex 0.00000000e+00 -3.02516511e-03 6.86282566e-03
    endloop
  endfacet
  facet normal 4.27025692e-01 -3.02377202e-01 8.52183716e-01
    outer loop
      vertex 3.75000000e-03 -2.31762746e-03 6.06762746e-03
      vertex 2.89640539e-03 -1.79007698e-03 6.68254893e-03
      vertex 2.87710300e-03 -2.81278926e-03 6.32933606e-03
    endloop
  endfacet
  facet normal 3.08167242e-01 -2.28892918e-01 9.23385609e-01
    outer loop
      vertex 1.97149167e-03 -1.21844886e-03 7.13292387e-03
      vertex 1.98062063e-03 -2.25944159e-03 6.87183131e-03
      vertex 2.89640539e-03 -1.79007698e-03 6.68254893e-03
    endloop
  endfacet
  facet normal 3.06797967e-01 -3.64801223e-01 8.79087638e-01
    outer loop
      vertex 1.94918935e-03 -3.25416423e-03 6.47001360e-03
      vertex 2.87710300e-03 -2.81278926e-03 6.32933606e-03
      vertex 1.98062063e-03 -2.25944159e-03 6.87183131e-03
    endloop
  endfacet
  facet normal 3.43196621e-01 -3.12401143e-01 8.85788691e-01
    outer loop
      vertex 2.89640539e-03 -1.79007698e-03 6.68254893e-03
      vertex 1.98062063e-03 -2.25944159e-03 6.87183131e-03
      vertex 2.87710300e-03 -2.81278926e-03 6.32933606e-03
    endloop
  endfacet
  facet normal 4.95053672e-02 -6.90568093e-02 9.96383649e-01
    outer loop
      vertex 0.00000000e+00 0.00000000e+00 7.50000000e-03
      vertex 0.00000000e+00 -1.03464182e-03 7.42829161e-03
      vertex 9.98033281e-04 -6.16818490e-04 7.40766255e-03
    endloop
  endfacet
  facet normal 4.96076443e-02 -2.05848861e-01 9.77325600e-01
    outer loop
      vertex 0.00000000e+00 -2.04949897e-03 7.21453768e-03
      vertex 9.95943576e-04 -1.65087771e-03 7.24794448e-03
      vertex 0.00000000e+00 -1.03464182e-03 7.42829161e-03
    endloop
  endfacet
  facet normal 1.81285628e-01 -1.50475768e-01 9.71850073e-01
    outer loop
      vertex 1.97149167e-03 -1.21844886e-03 7.13292387e-03
      vertex 9.98033281e-04 -6.16818490e-04 7.40766255e-03
      vertex 9.95943576e-04 -1.65087771e-03 7.24794448e-03
    endloop
  endfacet
  facet normal 8.41029235e-02 -1.52272431e-01 9.84753677e-01
    outer loop
      vertex 0.00000000e+00 -1.03464182e-03 7.42829161e-03
      vertex 9.95943576e-04 -1.65087771e-03 7.24794448e-03
      vertex 9.98033281e-04 -6.16818490e-04 7.40766255e-03
    endloop
  endfacet
  facet normal 2.14846911e-01 -3.71627739e-01 9.03179732e-01
    outer loop
      vertex 1.94918935e-03 -3.25416423e-03 6.47001360e-03
      vertex 1.98062063e-03 -2.25944159e-03 6.87183131e-03
      vertex 9.87415285e-04 -2.68671595e-03 6.93228450e-03
    endloop
  endfacet
  facet normal 2.16204079e-01 -2.35737907e-01 9.47461575e-01
    outer loop
      vertex 1.97149167e-03 -1.21844886e-03 7.13292387e-03
      vertex 9.95943576e-04 -1.65087771e-03 7.24794448e-03
      vertex 1.98062063e-03 -2.25944159e-03 6.87183131e-03
    endloop
  endfacet
  facet normal 8.45453627e-02 -2.91096954e-01 9.52950495e-01
    outer loop
      vertex 0.00000000e+00 -2.04949897e-03 7.21453768e-03
      vertex 9.87415285e-04 -2.68671595e-03 6.93228450e-03
      vertex 9.95943576e-04 -1.65087771e-03 7.24794448e-03
    endloop
  endfacet
  facet normal 1.81150998e-01 -2.88045353e-01 9.40326640e-01
    outer loop
      vertex 1.98062063e-03 -2.25944159e-03 6.87183131e-03
      vertex 9.95943576e-04 -1.65087771e-03 7.24794448e-03
      vertex 9.87415285e-04 -2.68671595e-03 6.93228450e-03
    endloop
  endfacet
  facet normal 8.02672025e-01 0.00000000e+00 5.96420674e-01
    outer loop
      vertex 6.37988106e-03 0.00000000e+00 3.94298334e-03
      vertex 5.87882282e-03 6.08147201e-04 4.61731516e-03
      vertex 5.87882282e-03 -6.08147201e-04 4.61731516e-03
    endloop
  endfacet
  facet normal 7.28344548e-01 8.05414856e-02 6.80461086e-01
    outer loop
      vertex 5.26534834e-03 1.20466527e-03 5.20335358e-03
      vertex 5.33461301e-03 0.00000000e+00 5.27180273e-03
      vertex 5.87882282e-03 6.08147201e-04 4.61731516e-03
    endloop
  endfacet
  facet normal 7.28344548e-01 -8.05414856e-02 6.80461086e-01
    outer loop
      vertex 5.26534834e-03 -1.20466527e-03 5.20335358e-03
      vertex 5.87882282e-03 -6.08147201e-04 4.61731516e-03
      vertex 5.33461301e-03 0.00000000e+00 5.27180273e-03
    endloop
  endfacet
  facet normal 7.68912155e-01 0.00000000e+00 6.39354439e-01
    outer loop
      vertex 5.87882282e-03 6.08147201e-04 4.61731516e-03
      vertex 5.33461301e-03 0.00000000e+00 5.27180273e-03
      vertex 5.87882282e-03 -6.08147201e-04 4.61731516e-03
    endloop
  endfacet
  facet normal 5.38761957e-01 2.33320392e-01 8.09504261e-01
    outer loop
      vertex 3.75000000e-03 2.31762746e-03 6.06762746e-03
      vertex 3.89443867e-03 1.17325849e-03 6.30133414e-03
      vertex 4.55118862e-03 1.77814744e-03 5.68989225e-03
    endloop
  endfacet
  facet normal 5.51642150e-01 7.84171500e-02 8.30386469e-01
    outer loop
      vertex 3.94298334e-03 0.00000000e+00 6.37988106e-03
      vertex 4.65179687e-03 6.08563887e-04 5.85153278e-03
      vertex 3.89443867e-03 1.17325849e-03 6.30133414e-03
    endloop
  endfacet
  facet normal 6.39868422e-01 1.58952361e-01 7.51866045e-01
    outer loop
      vertex 5.26534834e-03 1.20466527e-03 5.20335358e-03
      vertex 4.55118862e-03 1.77814744e-03 5.68989225e-03
      vertex 4.65179687e-03 6.08563887e-04 5.85153278e-03
    endloop
  endfacet
  facet normal 5.89578591e-01 1.60128712e-01 7.91679153e-01
    outer loop
      vertex 3.89443867e-03 1.17325849e-03 6.30133414e-03
      vertex 4.65179687e-03 6.08563887e-04 5.85153278e-03
      vertex 4.55118862e-03 1.77814744e-03 5.68989225e-03
    endloop
  endfacet
  facet normal 5.38761957e-01 -2.33320392e-01 8.09504261e-01
    outer loop
      vertex 3.75000000e-03 -2.31762746e-03 6.06762746e-03
      vertex 4.55118862e-03 -1.77814744e-03 5.68989225e-03
      vertex 3.89443867e-03 -1.17325849e-03 6.30133414e-03
    endloop
  endfacet
  facet normal 6.39868422e-01 -1.58952361e-01 7.51866045e-01
    outer loop
      vertex 5.26534834e-03 -1.20466527e-03 5.20335358e-03
      vertex 4.65179687e-03 -6.08563887e-04 5.85153278e-03
      vertex 4.55118862e-03 -1.77814744e-03 5.68989225e-03
    endloop
  endfacet
  facet normal 5.51642150e-01 -7.84171500e-02 8.30386469e-01
    outer loop
      vertex 3.94298334e-03 0.00000000e+00 6.37988106e-03
      vertex 3.89443867e-03 -1.17325849e-03 6.30133414e-03
      vertex 4.65179687e-03 -6.08563887e-04 5.85153278e-03
    endloop
  endfacet
  facet normal 5.89578591e-01 -1.60128712e-01 7.91679153e-01
    outer loop
      vertex 4.55118862e-03 -1.77814744e-03 5.68989225e-03
      vertex 4.65179687e-03 -6.08563887e-04 5.85153278e-03
      vertex 3.89443867e-03 -1.17325849e-03 6.30133414e-03
    endloop
  endfacet
  facet normal 6.85851676e-01 8.05307856e-02 7.23271921e-01
    outer loop
      vertex 5.26534834e-03 1.20466527e-03 5.20335358e-03
      vertex 4.65179687e-03 6.08563887e-04 5.85153278e-03
      vertex 5.33461301e-03 0.00000000e+00 5.27180273e-03
    endloop
  endfacet
  facet normal 5.97636026e-01 0.00000000e+00 8.01767535e-01
    outer loop
      vertex 3.94298334e-03 0.00000000e+00 6.37988106e-03
      vertex 4.65179687e-03 -6.08563887e-04 5.85153278e-03
      vertex 4.65179687e-03 6.08563887e-04 5.85153278e-03
    endloop
  endfacet
  facet normal 6.85851676e-01 -8.05307856e-02 7.23271921e-01
    outer loop
      vertex 5.26534834e-03 -1.20466527e-03 5.20335358e-03
      vertex 5.33461301e-03 0.00000000e+00 5.27180273e-03
      vertex 4.65179687e-03 -6.08563887e-04 5.85153278e-03
    endloop
  endfacet
  facet normal 6.47218169e-01 0.00000000e+00 7.62304822e-01
    outer loop
      vertex 4.65179687e-03 6.08563887e-04 5.85153278e-03
      vertex 4.65179687e-03 -6.08563887e-04 5.85153278e-03
      vertex 5.33461301e-03 0.00000000e+00 5.27180273e-03
    endloop
  endfacet
  facet normal 5.01710402e-02 4.65071185e-01 8.83850473e-01
    outer loop
      vertex 0.00000000e+00 3.94298334e-03 6.37988106e-03
      vertex 0.00000000e+00 3.02516511e-03 6.86282566e-03
      vertex 9.84002841e-04 3.63331232e-03 6.48697002e-03
    endloop
  endfacet
  facet normal 5.00002693e-02 3.38698334e-01 9.39565544e-01
    outer loop
      vertex 0.00000000e+00 2.04949897e-03 7.21453768e-03
      vertex 9.87415285e-04 2.68671595e-03 6.93228450e-03
      vertex 0.00000000e+00 3.02516511e-03 6.86282566e-03
    endloop
  endfacet
  facet normal 1.80319130e-01 4.19239820e-01 8.89788168e-01
    outer loop
      vertex 1.94918935e-03 3.25416423e-03 6.47001360e-03
      vertex 9.84002841e-04 3.63331232e-03 6.48697002e-03
      vertex 9.87415285e-04 2.68671595e-03 6.93228450e-03
    endloop
  endfacet
  facet normal 8.20702965e-02 4.24491613e-01 9.01704684e-01
    outer loop
      vertex 0.00000000e+00 3.02516511e-03 6.86282566e-03
      vertex 9.87415285e-04 2.68671595e-03 6.93228450e-03
      vertex 9.84002841e-04 3.63331232e-03 6.48697002e-03
    endloop
  endfacet
  facet normal 4.95053672e-02 6.90568093e-02 9.96383649e-01
    outer loop
      vertex 0.00000000e+00 0.00000000e+00 7.50000000e-03
      vertex 9.98033281e-04 6.16818490e-04 7.40766255e-03
      vertex 0.00000000e+00 1.03464182e-03 7.42829161e-03
    endloop
  endfacet
  facet normal 1.81285628e-01 1.50475768e-01 9.71850073e-01
    outer loop
      vertex 1.97149167e-03 1.21844886e-03 7.13292387e-03
      vertex 9.95943576e-04 1.65087771e-03 7.24794448e-03
      vertex 9.98033281e-04 6.16818490e-04 7.40766255e-03
    endloop
  endfacet
  facet normal 4.96076443e-02 2.05848861e-01 9.77325600e-01
    outer loop
      vertex 0.00000000e+00 2.04949897e-03 7.21453768e-03
      vertex 0.00000000e+00 1.03464182e-03 7.42829161e-03
      vertex 9.95943576e-04 1.65087771e-03 7.24794448e-03
    endloop
  endfacet
  facet normal 8.41029235e-02 1.52272431e-01 9.84753677e-01
    outer loop
      vertex 9.98033281e-04 6.16818490e-04 7.40766255e-03
      vertex 9.95943576e-04 1.65087771e-03 7.24794448e-03
      vertex 0.00000000e+00 1.03464182e-03 7.42829161e-03
    endloop
  endfacet
  facet normal 4.27025692e-01 3.02377202e-01 8.52183716e-01
    outer loop
      vertex 3.75000000e-03 2.31762746e-03 6.06762746e-03
      vertex 2.87710300e-03 2.81278926e-03 6.32933606e-03
      vertex 2.89640539e-03 1.79007698e-03 6.68254893e-03
    endloop
  endfacet
  facet normal 3.06797967e-01 3.64801223e-01 8.79087638e-01
    outer loop
      vertex 1.94918935e-03 3.25416423e-03 6.47001360e-03
      vertex 1.98062063e-03 2.25944159e-03 6.87183131e-03
      vertex 2.87710300e-03 2.81278926e-03 6.32933606e-03
    endloop
  endfacet
  facet normal 3.08167242e-01 2.28892918e-01 9.23385609e-01
    outer loop
      vertex 1.97149167e-03 1.21844886e-03 7.13292387e-03
      vertex 2.89640539e-03 1.79007698e-03 6.68254893e-03
      vertex 1.98062063e-03 2.25944159e-03 6.87183131e-03
    endloop
  endfacet
  facet normal 3.43196621e-01 3.12401143e-01 8.85788691e-01
    outer loop
      vertex 2.87710300e-03 2.81278926e-03 6.32933606e-03
      vertex 1.98062063e-03 2.25944159e-03 6.87183131e-03
      vertex 2.89640539e-03 1.79007698e-03 6.68254893e-03
    endloop
  endfacet
  facet normal 8.45453627e-02 2.91096954e-01 9.52950495e-01
    outer loop
      vertex 0.00000000e+00 2.04949897e-03 7.21453768e-03
      vertex 9.95943576e-04 1.65087771e-03 7.24794448e-03
      vertex 9.87415285e-04 2.68671595e-03 6.93228450e-03
    endloop
  endfacet
  facet normal 2.16204079e-01 2.35737907e-01 9.47461575e-01
    outer loop
      vertex 1.97149167e-03 1.21844886e-03 7.13292387e-03
      vertex 1.98062063e-03 2.25944159e-03 6.87183131e-03
      vertex 9.95943576e-04 1.65087771e-03 7.24794448e-03
    endloop
  endfacet
  facet normal 2.14846911e-01 3.71627739e-01 9.03179732e-01
    outer loop
      vertex 1.94918935e-03 3.25416423e-03 6.47001360e-03
      vertex 9.87415285e-04 2.68671595e-03 6.93228450e-03
      vertex 1.98062063e-03 2.25944159e-03 6.87183131e-03
    endloop
  endfacet
  facet normal 1.81150998e-01 2.88045353e-01 9.40326640e-01
    outer loop
      vertex 9.95943576e-04 1.65087771e-03 7.24794448e-03
      vertex 1.98062063e-03 2.25944159e-03 6.87183131e-03
      vertex 9.87415285e-04 2.68671595e-03 6.93228450e-03
    endloop
  endfacet
  facet normal 4.69405196e-01 -2.33171395e-01 8.51639515e-01
    outer loop
      vertex 3.75000000e-03 -2.31762746e-03 6.06762746e-03
      vertex 3.89443867e-03 -1.17325849e-03 6.30133414e-03
      vertex 2.89640539e-03 -1.79007698e-03 6.68254893e-03
    endloop
  endfacet
  facet normal 4.82336350e-01 -7.83671947e-02 8.72473626e-01
    outer loop
      vertex 3.94298334e-03 0.00000000e+00 6.37988106e-03
      vertex 2.99705289e-03 -6.17426850e-04 6.84736870e-03
      vertex 3.89443867e-03 -1.17325849e-03 6.30133414e-03
    endloop
  endfacet
  facet normal 3.50587076e-01 -1.59792724e-01 9.22797371e-01
    outer loop
      vertex 1.97149167e-03 -1.21844886e-03 7.13292387e-03
      vertex 2.89640539e-03 -1.79007698e-03 6.68254893e-03
      vertex 2.99705289e-03 -6.17426850e-04 6.84736870e-03
    endloop
  endfacet
  facet normal 4.37841600e-01 -1.61878990e-01 8.84358483e-01
    outer loop
      vertex 3.89443867e-03 -1.17325849e-03 6.30133414e-03
      vertex 2.99705289e-03 -6.17426850e-04 6.84736870e-03
      vertex 2.89640539e-03 -1.79007698e-03 6.68254893e-03
    endloop
  endfacet
  facet normal 4.69405196e-01 2.33171395e-01 8.51639515e-01
    outer loop
      vertex 3.75000000e-03 2.31762746e-03 6.06762746e-03
      vertex 2.89640539e-03 1.79007698e-03 6.68254893e-03
      vertex 3.89443867e-03 1.17325849e-03 6.30133414e-03
    endloop
  endfacet
  facet normal 3.50587076e-01 1.59792724e-01 9.22797371e-01
    outer loop
      vertex 1.97149167e-03 1.21844886e-03 7.13292387e-03
      vertex 2.99705289e-03 6.17426850e-04 6.84736870e-03
      vertex 2.89640539e-03 1.79007698e-03 6.68254893e-03
    endloop
  endfacet
  facet normal 4.82336350e-01 7.83671947e-02 8.72473626e-01
    outer loop
      vertex 3.94298334e-03 0.00000000e+00 6.37988106e-03
      vertex 3.89443867e-03 1.17325849e-03 6.30133414e-03
      vertex 2.99705289e-03 6.17426850e-04 6.84736870e-03
    endloop
  endfacet
  facet normal 4.37841600e-01 1.61878990e-01 8.84358483e-01
    outer loop
      vertex 2.89640539e-03 1.79007698e-03 6.68254893e-03
      vertex 2.99705289e-03 6.17426850e-04 6.84736870e-03
      vertex 3.89443867e-03 1.17325849e-03 6.30133414e-03
    endloop
  endfacet
  facet normal 9.21259537e-02 0.00000000e+00 9.95747362e-01
    outer loop
      vertex 0.00000000e+00 0.00000000e+00 7.50000000e-03
      vertex 9.98033281e-04 -6.16818490e-04 7.40766255e-03
      vertex 9.98033281e-04 6.16818490e-04 7.40766255e-03
    endloop
  endfacet
  facet normal 2.23786292e-01 -8.14255288e-02 9.71230961e-01
    outer loop
      vertex 1.97149167e-03 -1.21844886e-03 7.13292387e-03
      vertex 1.99803526e-03 0.00000000e+00 7.22895948e-03
      vertex 9.98033281e-04 -6.16818490e-04 7.40766255e-03
    endloop
  endfacet
  facet normal 2.23786292e-01 8.14255288e-02 9.71230961e-01
    outer loop
      vertex 1.97149167e-03 1.21844886e-03 7.13292387e-03
      vertex 9.98033281e-04 6.16818490e-04 7.40766255e-03
      vertex 1.99803526e-03 0.00000000e+00 7.22895948e-03
    endloop
  endfacet
  facet normal 1.75915892e-01 -0.00000000e+00 9.84405201e-01
    outer loop
      vertex 9.98033281e-04 -6.16818490e-04 7.40766255e-03
      vertex 1.99803526e-03 0.00000000e+00 7.22895948e-03
      vertex 9.98033281e-04 6.16818490e-04 7.40766255e-03
    endloop
  endfacet
  facet normal 4.43055717e-01 0.00000000e+00 8.96494078e-01
    outer loop
      vertex 3.94298334e-03 0.00000000e+00 6.37988106e-03
      vertex 2.99705289e-03 6.17426850e-04 6.84736870e-03
      vertex 2.99705289e-03 -6.17426850e-04 6.84736870e-03
    endloop
  endfacet
  facet normal 3.11335293e-01 8.14076995e-02 9.46806803e-01
    outer loop
      vertex 1.97149167e-03 1.21844886e-03 7.13292387e-03
      vertex 1.99803526e-03 0.00000000e+00 7.22895948e-03
      vertex 2.99705289e-03 6.17426850e-04 6.84736870e-03
    endloop
  endfacet
  facet normal 3.11335293e-01 -8.14076995e-02 9.46806803e-01
    outer loop
      vertex 1.97149167e-03 -1.21844886e-03 7.13292387e-03
      vertex 2.99705289e-03 -6.17426850e-04 6.84736870e-03
      vertex 1.99803526e-03 0.00000000e+00 7.22895948e-03
    endloop
  endfacet
  facet normal 3.56822090e-01 0.00000000e+00 9.34172359e-01
    outer loop
      vertex 2.99705289e-03 6.17426850e-04 6.84736870e-03
      vertex 1.99803526e-03 0.00000000e+00 7.22895948e-03
      vertex 2.99705289e-03 -6.17426850e-04 6.84736870e-03
    endloop
  endfacet
  facet normal -5.46249634e-01 -8.33679433e-01 8.11784483e-02
    outer loop
      vertex -3.94298334e-03 -6.37988106e-03 0.00000000e+00
      vertex -3.63331232e-03 -6.48697002e-03 9.84002841e-04
      vertex -4.61731516e-03 -5.87882282e-03 6.08147201e-04
    endloop
  endfacet
  facet normal -5.00141955e-01 -8.39787899e-01 2.11220996e-01
    outer loop
      vertex -3.25416423e-03 -6.47001360e-03 1.94918935e-03
      vertex -4.28438744e-03 -5.94486922e-03 1.59767149e-03
      vertex -3.63331232e-03 -6.48697002e-03 9.84002841e-04
    endloop
  endfacet
  facet normal -6.30460816e-01 -7.59246413e-01 1.61443621e-01
    outer loop
      vertex -5.20335358e-03 -5.26534834e-03 1.20466527e-03
      vertex -4.61731516e-03 -5.87882282e-03 6.08147201e-04
      vertex -4.28438744e-03 -5.94486922e-03 1.59767149e-03
    endloop
  endfacet
  facet normal -5.57284142e-01 -8.19634387e-01 1.32792529e-01
    outer loop
      vertex -3.63331232e-03 -6.48697002e-03 9.84002841e-04
      vertex -4.28438744e-03 -5.94486922e-03 1.59767149e-03
      vertex -4.61731516e-03 -5.87882282e-03 6.08147201e-04
    endloop
  endfacet
  facet normal -3.82478568e-01 -8.02678349e-01 4.57621692e-01
    outer loop
      vertex -2.31762746e-03 -6.06762746e-03 3.75000000e-03
      vertex -3.40492875e-03 -5.68451565e-03 3.51322388e-03
      vertex -2.81278926e-03 -6.32933606e-03 2.87710300e-03
    endloop
  endfacet
  facet normal -5.22219227e-01 -7.42099980e-01 4.20207922e-01
    outer loop
      vertex -4.40838939e-03 -5.16143220e-03 3.18994053e-03
      vertex -3.87091215e-03 -5.87588774e-03 2.59614761e-03
      vertex -3.40492875e-03 -5.68451565e-03 3.51322388e-03
    endloop
  endfacet
  facet normal -4.45068077e-01 -8.29479994e-01 3.37457178e-01
    outer loop
      vertex -3.25416423e-03 -6.47001360e-03 1.94918935e-03
      vertex -2.81278926e-03 -6.32933606e-03 2.87710300e-03
      vertex -3.87091215e-03 -5.87588774e-03 2.59614761e-03
    endloop
  endfacet
  facet normal -4.48482532e-01 -8.01685768e-01 3.95175087e-01
    outer loop
      vertex -3.40492875e-03 -5.68451565e-03 3.51322388e-03
      vertex -3.87091215e-03 -5.87588774e-03 2.59614761e-03
      vertex -2.81278926e-03 -6.32933606e-03 2.87710300e-03
    endloop
  endfacet
  facet normal -7.59998894e-01 -5.69357957e-01 3.13421759e-01
    outer loop
      vertex -6.06762746e-03 -3.75000000e-03 2.31762746e-03
      vertex -5.68989225e-03 -4.55118862e-03 1.77814744e-03
      vertex -5.30330086e-03 -4.51125716e-03 2.78811026e-03
    endloop
  endfacet
  facet normal -7.02258401e-01 -6.70527632e-01 2.39219216e-01
    outer loop
      vertex -5.20335358e-03 -5.26534834e-03 1.20466527e-03
      vertex -4.85558920e-03 -5.26732385e-03 2.22003444e-03
      vertex -5.68989225e-03 -4.55118862e-03 1.77814744e-03
    endloop
  endfacet
  facet normal -6.49100841e-01 -6.63682830e-01 3.71743458e-01
    outer loop
      vertex -4.40838939e-03 -5.16143220e-03 3.18994053e-03
      vertex -5.30330086e-03 -4.51125716e-03 2.78811026e-03
      vertex -4.85558920e-03 -5.26732385e-03 2.22003444e-03
    endloop
  endfacet
  facet normal -7.07576229e-01 -6.41557056e-01 2.96210100e-01
    outer loop
      vertex -5.68989225e-03 -4.55118862e-03 1.77814744e-03
      vertex -4.85558920e-03 -5.26732385e-03 2.22003444e-03
      vertex -5.30330086e-03 -4.51125716e-03 2.78811026e-03
    endloop
  endfacet
  facet normal -5.08425010e-01 -8.18634369e-01 2.67098819e-01
    outer loop
      vertex -3.25416423e-03 -6.47001360e-03 1.94918935e-03
      vertex -3.87091215e-03 -5.87588774e-03 2.59614761e-03
      vertex -4.28438744e-03 -5.94486922e-03 1.59767149e-03
    endloop
  endfacet
  facet normal -5.85563456e-01 -7.31257495e-01 3.49825549e-01
    outer loop
      vertex -4.40838939e-03 -5.16143220e-03 3.18994053e-03
      vertex -4.85558920e-03 -5.26732385e-03 2.22003444e-03
      vertex -3.87091215e-03 -5.87588774e-03 2.59614761e-03
    endloop
  endfacet
  facet normal -6.38726558e-01 -7.38103584e-01 2.17328056e-01
    outer loop
      vertex -5.20335358e-03 -5.26534834e-03 1.20466527e-03
      vertex -4.28438744e-03 -5.94486922e-03 1.59767149e-03
      vertex -4.85558920e-03 -5.26732385e-03 2.22003444e-03
    endloop
  endfacet
  facet normal -5.81153824e-01 -7.59175643e-01 2.93108471e-01
    outer loop
      vertex -3.87091215e-03 -5.87588774e-03 2.59614761e-03
      vertex -4.85558920e-03 -5.26732385e-03 2.22003444e-03
      vertex -4.28438744e-03 -5.94486922e-03 1.59767149e-03
    endloop
  endfacet
  facet normal -8.11784483e-02 -5.46249634e-01 8.33679433e-01
    outer loop
      vertex 0.00000000e+00 -3.94298334e-03 6.37988106e-03
      vertex -9.84002841e-04 -3.63331232e-03 6.48697002e-03
      vertex -6.08147201e-04 -4.61731516e-03 5.87882282e-03
    endloop
  endfacet
  facet normal -2.11220996e-01 -5.00141955e-01 8.39787899e-01
    outer loop
      vertex -1.94918935e-03 -3.25416423e-03 6.47001360e-03
      vertex -1.59767149e-03 -4.28438744e-03 5.94486922e-03
      vertex -9.84002841e-04 -3.63331232e-03 6.48697002e-03
    endloop
  endfacet
  facet normal -1.61443621e-01 -6.30460816e-01 7.59246413e-01
    outer loop
      vertex -1.20466527e-03 -5.20335358e-03 5.26534834e-03
      vertex -6.08147201e-04 -4.61731516e-03 5.87882282e-03
      vertex -1.59767149e-03 -4.28438744e-03 5.94486922e-03
    endloop
  endfacet
  facet normal -1.32792529e-01 -5.57284142e-01 8.19634387e-01
    outer loop
      vertex -9.84002841e-04 -3.63331232e-03 6.48697002e-03
      vertex -1.59767149e-03 -4.28438744e-03 5.94486922e-03
      vertex -6.08147201e-04 -4.61731516e-03 5.87882282e-03
    endloop
  endfacet
  facet normal -4.57621692e-01 -3.82478568e-01 8.02678349e-01
    outer loop
      vertex -3.75000000e-03 -2.31762746e-03 6.06762746e-03
      vertex -3.51322388e-03 -3.40492875e-03 5.68451565e-03
      vertex -2.87710300e-03 -2.81278926e-03 6.32933606e-03
    endloop
  endfacet
  facet normal -4.20207922e-01 -5.22219227e-01 7.42099980e-01
    outer loop
      vertex -3.18994053e-03 -4.40838939e-03 5.16143220e-03
      vertex -2.59614761e-03 -3.87091215e-03 5.87588774e-03
      vertex -3.51322388e-03 -3.40492875e-03 5.68451565e-03
    endloop
  endfacet
  facet normal -3.37457178e-01 -4.45068077e-01 8.29479994e-01
    outer loop
      vertex -1.94918935e-03 -3.25416423e-03 6.47001360e-03
      vertex -2.87710300e-03 -2.81278926e-03 6.32933606e-03
      vertex -2.59614761e-03 -3.87091215e-03 5.87588774e-03
    endloop
  endfacet
  facet normal -3.95175087e-01 -4.48482532e-01 8.01685768e-01
    outer loop
      vertex -3.51322388e-03 -3.40492875e-03 5.68451565e-03
      vertex -2.59614761e-03 -3.87091215e-03 5.87588774e-03
      vertex -2.87710300e-03 -2.81278926e-03 6.32933606e-03
    endloop
  endfacet
  facet normal -3.13421759e-01 -7.59998894e-01 5.69357957e-01
    outer loop
      vertex -2.31762746e-03 -6.06762746e-03 3.75000000e-03
      vertex -1.77814744e-03 -5.68989225e-03 4.55118862e-03
      vertex -2.78811026e-03 -5.30330086e-03 4.51125716e-03
    endloop
  endfacet
  facet normal -2.39219216e-01 -7.02258401e-01 6.70527632e-01
    outer loop
      vertex -1.20466527e-03 -5.20335358e-03 5.26534834e-03
      vertex -2.22003444e-03 -4.85558920e-03 5.26732385e-03
      vertex -1.77814744e-03 -5.68989225e-03 4.55118862e-03
    endloop
  endfacet
  facet normal -3.71743458e-01 -6.49100841e-01 6.63682830e-01
    outer loop
      vertex -3.18994053e-03 -4.40838939e-03 5.16143220e-03
      vertex -2.78811026e-03 -5.30330086e-03 4.51125716e-03
      vertex -2.22003444e-03 -4.85558920e-03 5.26732385e-03
    endloop
  endfacet
  facet normal -2.96210100e-01 -7.07576229e-01 6.41557056e-01
    outer loop
      vertex -1.77814744e-03 -5.68989225e-03 4.55118862e-03
      vertex -2.22003444e-03 -4.85558920e-03 5.26732385e-03
      vertex -2.78811026e-03 -5.30330086e-03 4.51125716e-03
    endloop
  endfacet
  facet normal -2.67098819e-01 -5.08425010e-01 8.18634369e-01
    outer loop
      vertex -1.94918935e-03 -3.25416423e-03 6.47001360e-03
      vertex -2.59614761e-03 -3.87091215e-03 5.87588774e-03
      vertex -1.59767149e-03 -4.28438744e-03 5.94486922e-03
    endloop
  endfacet
  facet normal -3.49825549e-01 -5.85563456e-01 7.31257495e-01
    outer loop
      vertex -3.18994053e-03 -4.40838939e-03 5.16143220e-03
      vertex -2.22003444e-03 -4.85558920e-03 5.26732385e-03
      vertex -2.59614761e-03 -3.87091215e-03 5.87588774e-03
    endloop
  endfacet
  facet normal -2.17328056e-01 -6.38726558e-01 7.38103584e-01
    outer loop
      vertex -1.20466527e-03 -5.20335358e-03 5.26534834e-03
      vertex -1.59767149e-03 -4.28438744e-03 5.94486922e-03
      vertex -2.22003444e-03 -4.85558920e-03 5.26732385e-03
    endloop
  endfacet
  facet normal -2.93108471e-01 -5.81153824e-01 7.59175643e-01
    outer loop
      vertex -2.59614761e-03 -3.87091215e-03 5.87588774e-03
      vertex -2.22003444e-03 -4.85558920e-03 5.26732385e-03
      vertex -1.59767149e-03 -4.28438744e-03 5.94486922e-03
    endloop
  endfacet
  facet normal -8.33679433e-01 -8.11784483e-02 5.46249634e-01
    outer loop
      vertex -6.37988106e-03 0.00000000e+00 3.94298334e-03
      vertex -6.48697002e-03 -9.84002841e-04 3.63331232e-03
      vertex -5.87882282e-03 -6.08147201e-04 4.61731516e-03
    endloop
  endfacet
  facet normal -8.39787899e-01 -2.11220996e-01 5.00141955e-01
    outer loop
      vertex -6.47001360e-03 -1.94918935e-03 3.25416423e-03
      vertex -5.94486922e-03 -1.59767149e-03 4.28438744e-03
      vertex -6.48697002e-03 -9.84002841e-04 3.63331232e-03
    endloop
  endfacet
  facet normal -7.59246413e-01 -1.61443621e-01 6.30460816e-01
    outer loop
      vertex -5.26534834e-03 -1.20466527e-03 5.20335358e-03
      vertex -5.87882282e-03 -6.08147201e-04 4.61731516e-03
      vertex -5.94486922e-03 -1.59767149e-03 4.28438744e-03
    endloop
  endfacet
  facet normal -8.19634387e-01 -1.32792529e-01 5.57284142e-01
    outer loop
      vertex -6.48697002e-03 -9.84002841e-04 3.63331232e-03
      vertex -5.94486922e-03 -1.59767149e-03 4.28438744e-03
      vertex -5.87882282e-03 -6.08147201e-04 4.61731516e-03
    endloop
  endfacet
  facet normal -8.02678349e-01 -4.57621692e-01 3.82478568e-01
    outer loop
      vertex -6.06762746e-03 -3.75000000e-03 2.31762746e-03
      vertex -5.68451565e-03 -3.51322388e-03 3.40492875e-03
      vertex -6.32933606e-03 -2.87710300e-03 2.81278926e-03
    endloop
  endfacet
  facet normal -7.42099980e-01 -4.20207922e-01 5.22219227e-01
    outer loop
      vertex -5.16143220e-03 -3.18994053e-03 4.40838939e-03
      vertex -5.87588774e-03 -2.59614761e-03 3.87091215e-03
      vertex -5.68451565e-03 -3.51322388e-03 3.40492875e-03
    endloop
  endfacet
  facet normal -8.29479994e-01 -3.37457178e-01 4.45068077e-01
    outer loop
      vertex -6.47001360e-03 -1.94918935e-03 3.25416423e-03
      vertex -6.32933606e-03 -2.87710300e-03 2.81278926e-03
      vertex -5.87588774e-03 -2.59614761e-03 3.87091215e-03
    endloop
  endfacet
  facet normal -8.01685768e-01 -3.95175087e-01 4.48482532e-01
    outer loop
      vertex -5.68451565e-03 -3.51322388e-03 3.40492875e-03
      vertex -5.87588774e-03 -2.59614761e-03 3.87091215e-03
      vertex -6.32933606e-03 -2.87710300e-03 2.81278926e-03
    endloop
  endfacet
  facet normal -5.69357957e-01 -3.13421759e-01 7.59998894e-01
    outer loop
      vertex -3.75000000e-03 -2.31762746e-03 6.06762746e-03
      vertex -4.55118862e-03 -1.77814744e-03 5.68989225e-03
      vertex -4.51125716e-03 -2.78811026e-03 5.30330086e-03
    endloop
  endfacet
  facet normal -6.70527632e-01 -2.39219216e-01 7.02258401e-01
    outer loop
      vertex -5.26534834e-03 -1.20466527e-03 5.20335358e-03
      vertex -5.26732385e-03 -2.22003444e-03 4.85558920e-03
      vertex -4.55118862e-03 -1.77814744e-03 5.68989225e-03
    endloop
  endfacet
  facet normal -6.63682830e-01 -3.71743458e-01 6.49100841e-01
    outer loop
      vertex -5.16143220e-03 -3.18994053e-03 4.40838939e-03
      vertex -4.51125716e-03 -2.78811026e-03 5.30330086e-03
      vertex -5.26732385e-03 -2.22003444e-03 4.85558920e-03
    endloop
  endfacet
  facet normal -6.41557056e-01 -2.96210100e-01 7.07576229e-01
    outer loop
      vertex -4.55118862e-03 -1.77814744e-03 5.68989225e-03
      vertex -5.26732385e-03 -2.22003444e-03 4.85558920e-03
      vertex -4.51125716e-03 -2.78811026e-03 5.30330086e-03
    endloop
  endfacet
  facet normal -8.18634369e-01 -2.67098819e-01 5.08425010e-01
    outer loop
      vertex -6.47001360e-03 -1.94918935e-03 3.25416423e-03
      vertex -5.87588774e-03 -2.59614761e-03 3.87091215e-03
      vertex -5.94486922e-03 -1.59767149e-03 4.28438744e-03
    endloop
  endfacet
  facet normal -7.31257495e-01 -3.49825549e-01 5.85563456e-01
    outer loop
      vertex -5.16143220e-03 -3.18994053e-03 4.40838939e-03
      vertex -5.26732385e-03 -2.22003444e-03 4.85558920e-03
      vertex -5.87588774e-03 -2.59614761e-03 3.87091215e-03
    endloop
  endfacet
  facet normal -7.38103584e-01 -2.17328056e-01 6.38726558e-01
    outer loop
      vertex -5.26534834e-03 -1.20466527e-03 5.20335358e-03
      vertex -5.94486922e-03 -1.59767149e-03 4.28438744e-03
      vertex -5.26732385e-03 -2.22003444e-03 4.85558920e-03
    endloop
  endfacet
  facet normal -7.59175643e-01 -2.93108471e-01 5.81153824e-01
    outer loop
      vertex -5.87588774e-03 -2.59614761e-03 3.87091215e-03
      vertex -5.26732385e-03 -2.22003444e-03 4.85558920e-03
      vertex -5.94486922e-03 -1.59767149e-03 4.28438744e-03
    endloop
  endfacet
  facet normal -3.82234319e-01 -7.59513561e-01 5.26342166e-01
    outer loop
      vertex -2.31762746e-03 -6.06762746e-03 3.75000000e-03
      vertex -2.78811026e-03 -5.30330086e-03 4.51125716e-03
      vertex -3.40492875e-03 -5.68451565e-03 3.51322388e-03
    endloop
  endfacet
  facet normal -4.40461021e-01 -6.48687335e-01 6.20643884e-01
    outer loop
      vertex -3.18994053e-03 -4.40838939e-03 5.16143220e-03
      vertex -3.85031581e-03 -4.84933344e-03 4.23190659e-03
      vertex -2.78811026e-03 -5.30330086e-03 4.51125716e-03
    endloop
  endfacet
  facet normal -5.21886550e-01 -6.99011079e-01 4.88894611e-01
    outer loop
      vertex -4.40838939e-03 -5.16143220e-03 3.18994053e-03
      vertex -3.40492875e-03 -5.68451565e-03 3.51322388e-03
      vertex -3.85031581e-03 -4.84933344e-03 4.23190659e-03
    endloop
  endfacet
  facet normal -4.46516882e-01 -7.08442591e-01 5.46563600e-01
    outer loop
      vertex -2.78811026e-03 -5.30330086e-03 4.51125716e-03
      vertex -3.85031581e-03 -4.84933344e-03 4.23190659e-03
      vertex -3.40492875e-03 -5.68451565e-03 3.51322388e-03
    endloop
  endfacet
  facet normal -5.26342166e-01 -3.82234319e-01 7.59513561e-01
    outer loop
      vertex -3.75000000e-03 -2.31762746e-03 6.06762746e-03
      vertex -4.51125716e-03 -2.78811026e-03 5.30330086e-03
      vertex -3.51322388e-03 -3.40492875e-03 5.68451565e-03
    endloop
  endfacet
  facet normal -6.20643884e-01 -4.40461021e-01 6.48687335e-01
    outer loop
      vertex -5.16143220e-03 -3.18994053e-03 4.40838939e-03
      vertex -4.23190659e-03 -3.85031581e-03 4.84933344e-03
      vertex -4.51125716e-03 -2.78811026e-03 5.30330086e-03
    endloop
  endfacet
  facet normal -4.88894611e-01 -5.21886550e-01 6.99011079e-01
    outer loop
      vertex -3.18994053e-03 -4.40838939e-03 5.16143220e-03
      vertex -3.51322388e-03 -3.40492875e-03 5.68451565e-03
      vertex -4.23190659e-03 -3.85031581e-03 4.84933344e-03
    endloop
  endfacet
  facet normal -5.46563600e-01 -4.46516882e-01 7.08442591e-01
    outer loop
      vertex -4.51125716e-03 -2.78811026e-03 5.30330086e-03
      vertex -4.23190659e-03 -3.85031581e-03 4.84933344e-03
      vertex -3.51322388e-03 -3.40492875e-03 5.68451565e-03
    endloop
  endfacet
  facet normal -7.59513561e-01 -5.26342166e-01 3.82234319e-01
    outer loop
      vertex -6.06762746e-03 -3.75000000e-03 2.31762746e-03
      vertex -5.30330086e-03 -4.51125716e-03 2.78811026e-03
      vertex -5.68451565e-03 -3.51322388e-03 3.40492875e-03
    endloop
  endfacet
  facet normal -6.48687335e-01 -6.20643884e-01 4.40461021e-01
    outer loop
      vertex -4.40838939e-03 -5.16143220e-03 3.18994053e-03
      vertex -4.84933344e-03 -4.23190659e-03 3.85031581e-03
      vertex -5.30330086e-03 -4.51125716e-03 2.78811026e-03
    endloop
  endfacet
  facet normal -6.99011079e-01 -4.88894611e-01 5.21886550e-01
    outer loop
      vertex -5.16143220e-03 -3.18994053e-03 4.40838939e-03
      vertex -5.68451565e-03 -3.51322388e-03 3.40492875e-03
      vertex -4.84933344e-03 -4.23190659e-03 3.85031581e-03
    endloop
  endfacet
  facet normal -7.08442591e-01 -5.46563600e-01 4.46516882e-01
    outer loop
      vertex -5.30330086e-03 -4.51125716e-03 2.78811026e-03
      vertex -4.84933344e-03 -4.23190659e-03 3.85031581e-03
      vertex -5.68451565e-03 -3.51322388e-03 3.40492875e-03
    endloop
  endfacet
  facet normal -5.03751085e-01 -5.85158785e-01 6.35471510e-01
    outer loop
      vertex -3.18994053e-03 -4.40838939e-03 5.16143220e-03
      vertex -4.23190659e-03 -3.85031581e-03 4.84933344e-03
      vertex -3.85031581e-03 -4.84933344e-03 4.23190659e-03
    endloop
  endfacet
  facet normal -6.35471510e-01 -5.03751085e-01 5.85158785e-01
    outer loop
      vertex -5.16143220e-03 -3.18994053e-03 4.40838939e-03
      vertex -4.84933344e-03 -4.23190659e-03 3.85031581e-03
      vertex -4.23190659e-03 -3.85031581e-03 4.84933344e-03
    endloop
  endfacet
  facet normal -5.85158785e-01 -6.35471510e-01 5.03751085e-01
    outer loop
      vertex -4.40838939e-03 -5.16143220e-03 3.18994053e-03
      vertex -3.85031581e-03 -4.84933344e-03 4.23190659e-03
      vertex -4.84933344e-03 -4.23190659e-03 3.85031581e-03
    endloop
  endfacet
  facet normal -5.77350269e-01 -5.77350269e-01 5.77350269e-01
    outer loop
      vertex -4.23190659e-03 -3.85031581e-03 4.84933344e-03
      vertex -4.84933344e-03 -4.23190659e-03 3.85031581e-03
      vertex -3.85031581e-03 -4.84933344e-03 4.23190659e-03
    endloop
  endfacet
  facet normal -8.11784483e-02 -5.46249634e-01 -8.33679433e-01
    outer loop
      vertex 0.00000000e+00 -3.94298334e-03 -6.37988106e-03
      vertex -6.08147201e-04 -4.61731516e-03 -5.87882282e-03
      vertex -9.84002841e-04 -3.63331232e-03 -6.48697002e-03
    endloop
  endfacet
  facet normal -1.61443621e-01 -6.30460816e-01 -7.59246413e-01
    outer loop
      vertex -1.20466527e-03 -5.20335358e-03 -5.26534834e-03
      vertex -1.59767149e-03 -4.28438744e-03 -5.94486922e-03
      vertex -6.08147201e-04 -4.61731516e-03 -5.87882282e-03
    endloop
  endfacet
  facet normal -2.11220996e-01 -5.00141955e-01 -8.39787899e-01
    outer loop
      vertex -1.94918935e-03 -3.25416423e-03 -6.47001360e-03
      vertex -9.84002841e-04 -3.63331232e-03 -6.48697002e-03
      vertex -1.59767149e-03 -4.28438744e-03 -5.94486922e-03
    endloop
  endfacet
  facet normal -1.32792529e-01 -5.57284142e-01 -8.19634387e-01
    outer loop
      vertex -6.08147201e-04 -4.61731516e-03 -5.87882282e-03
      vertex -1.59767149e-03 -4.28438744e-03 -5.94486922e-03
      vertex -9.84002841e-04 -3.63331232e-03 -6.48697002e-03
    endloop
  endfacet
  facet normal -3.13421759e-01 -7.59998894e-01 -5.69357957e-01
    outer loop
      vertex -2.31762746e-03 -6.06762746e-03 -3.75000000e-03
      vertex -2.78811026e-03 -5.30330086e-03 -4.51125716e-03
      vertex -1.77814744e-03 -5.68989225e-03 -4.55118862e-03
    endloop
  endfacet
  facet normal -3.71743458e-01 -6.49100841e-01 -6.63682830e-01
    outer loop
      vertex -3.18994053e-03 -4.40838939e-03 -5.16143220e-03
      vertex -2.22003444e-03 -4.85558920e-03 -5.26732385e-03
      vertex -2.78811026e-03 -5.30330086e-03 -4.51125716e-03
    endloop
  endfacet
  facet normal -2.39219216e-01 -7.02258401e-01 -6.70527632e-01
    outer loop
      vertex -1.20466527e-03 -5.20335358e-03 -5.26534834e-03
      vertex -1.77814744e-03 -5.68989225e-03 -4.55118862e-03
      vertex -2.22003444e-03 -4.85558920e-03 -5.26732385e-03
    endloop
  endfacet
  facet normal -2.96210100e-01 -7.07576229e-01 -6.41557056e-01
    outer loop
      vertex -2.78811026e-03 -5.30330086e-03 -4.51125716e-03
      vertex -2.22003444e-03 -4.85558920e-03 -5.26732385e-03
      vertex -1.77814744e-03 -5.68989225e-03 -4.55118862e-03
    endloop
  endfacet
  facet normal -4.57621692e-01 -3.82478568e-01 -8.02678349e-01
    outer loop
      vertex -3.75000000e-03 -2.31762746e-03 -6.06762746e-03
      vertex -2.87710300e-03 -2.81278926e-03 -6.32933606e-03
      vertex -3.51322388e-03 -3.40492875e-03 -5.68451565e-03
    endloop
  endfacet
  facet normal -3.37457178e-01 -4.45068077e-01 -8.29479994e-01
    outer loop
      vertex -1.94918935e-03 -3.25416423e-03 -6.47001360e-03
      vertex -2.59614761e-03 -3.87091215e-03 -5.87588774e-03
      vertex -2.87710300e-03 -2.81278926e-03 -6.32933606e-03
    endloop
  endfacet
  facet normal -4.20207922e-01 -5.22219227e-01 -7.42099980e-01
    outer loop
      vertex -3.18994053e-03 -4.40838939e-03 -5.16143220e-03
      vertex -3.51322388e-03 -3.40492875e-03 -5.68451565e-03
      vertex -2.59614761e-03 -3.87091215e-03 -5.87588774e-03
    endloop
  endfacet
  facet normal -3.95175087e-01 -4.48482532e-01 -8.01685768e-01
    outer loop
      vertex -2.87710300e-03 -2.81278926e-03 -6.32933606e-03
      vertex -2.59614761e-03 -3.87091215e-03 -5.87588774e-03
      vertex -3.51322388e-03 -3.40492875e-03 -5.68451565e-03
    endloop
  endfacet
  facet normal -2.17328056e-01 -6.38726558e-01 -7.38103584e-01
    outer loop
      vertex -1.20466527e-03 -5.20335358e-03 -5.26534834e-03
      vertex -2.22003444e-03 -4.85558920e-03 -5.26732385e-03
      vertex -1.59767149e-03 -4.28438744e-03 -5.94486922e-03
    endloop
  endfacet
  facet normal -3.49825549e-01 -5.85563456e-01 -7.31257495e-01
    outer loop
      vertex -3.18994053e-03 -4.40838939e-03 -5.16143220e-03
      vertex -2.59614761e-03 -3.87091215e-03 -5.87588774e-03
      vertex -2.22003444e-03 -4.85558920e-03 -5.26732385e-03
    endloop
  endfacet
  facet normal -2.67098819e-01 -5.08425010e-01 -8.18634369e-01
    outer loop
      vertex -1.94918935e-03 -3.25416423e-03 -6.47001360e-03
      vertex -1.59767149e-03 -4.28438744e-03 -5.94486922e-03
      vertex -2.59614761e-03 -3.87091215e-03 -5.87588774e-03
    endloop
  endfacet
  facet normal -2.93108471e-01 -5.81153824e-01 -7.59175643e-01
    outer loop
      vertex -2.22003444e-03 -4.85558920e-03 -5.26732385e-03
      vertex -2.59614761e-03 -3.87091215e-03 -5.87588774e-03
      vertex -1.59767149e-03 -4.28438744e-03 -5.94486922e-03
    endloop
  endfacet
  facet normal -5.46249634e-01 -8.33679433e-01 -8.11784483e-02
    outer loop
      vertex -3.94298334e-03 -6.37988106e-03 0.00000000e+00
      vertex -4.61731516e-03 -5.87882282e-03 -6.08147201e-04
      vertex -3.63331232e-03 -6.48697002e-03 -9.84002841e-04
    endloop
  endfacet
  facet normal -6.30460816e-01 -7.59246413e-01 -1.61443621e-01
    outer loop
      vertex -5.20335358e-03 -5.26534834e-03 -1.20466527e-03
      vertex -4.28438744e-03 -5.94486922e-03 -1.59767149e-03
      vertex -4.61731516e-03 -5.87882282e-03 -6.08147201e-04
    endloop
  endfacet
  facet normal -5.00141955e-01 -8.39787899e-01 -2.11220996e-01
    outer loop
      vertex -3.25416423e-03 -6.47001360e-03 -1.94918935e-03
      vertex -3.63331232e-03 -6.48697002e-03 -9.84002841e-04
      vertex -4.28438744e-03 -5.94486922e-03 -1.59767149e-03
    endloop
  endfacet
  facet normal -5.57284142e-01 -8.19634387e-01 -1.32792529e-01
    outer loop
      vertex -4.61731516e-03 -5.87882282e-03 -6.08147201e-04
      vertex -4.28438744e-03 -5.94486922e-03 -1.59767149e-03
      vertex -3.63331232e-03 -6.48697002e-03 -9.84002841e-04
    endloop
  endfacet
  facet normal -7.59998894e-01 -5.69357957e-01 -3.13421759e-01
    outer loop
      vertex -6.06762746e-03 -3.75000000e-03 -2.31762746e-03
      vertex -5.30330086e-03 -4.51125716e-03 -2.78811026e-03
      vertex -5.68989225e-03 -4.55118862e-03 -1.77814744e-03
    endloop
  endfacet
  facet normal -6.49100841e-01 -6.63682830e-01 -3.71743458e-01
    outer loop
      vertex -4.40838939e-03 -5.16143220e-03 -3.18994053e-03
      vertex -4.85558920e-03 -5.26732385e-03 -2.22003444e-03
      vertex -5.30330086e-03 -4.51125716e-03 -2.78811026e-03
    endloop
  endfacet
  facet normal -7.02258401e-01 -6.70527632e-01 -2.39219216e-01
    outer loop
      vertex -5.20335358e-03 -5.26534834e-03 -1.20466527e-03
      vertex -5.68989225e-03 -4.55118862e-03 -1.77814744e-03
      vertex -4.85558920e-03 -5.26732385e-03 -2.22003444e-03
    endloop
  endfacet
  facet normal -7.07576229e-01 -6.41557056e-01 -2.96210100e-01
    outer loop
      vertex -5.30330086e-03 -4.51125716e-03 -2.78811026e-03
      vertex -4.85558920e-03 -5.26732385e-03 -2.22003444e-03
      vertex -5.68989225e-03 -4.55118862e-03 -1.77814744e-03
    endloop
  endfacet
  facet normal -3.82478568e-01 -8.02678349e-01 -4.57621692e-01
    outer loop
      vertex -2.31762746e-03 -6.06762746e-03 -3.75000000e-03
      vertex -2.81278926e-03 -6.32933606e-03 -2.87710300e-03
      vertex -3.40492875e-03 -5.68451565e-03 -3.51322388e-03
    endloop
  endfacet
  facet normal -4.45068077e-01 -8.29479994e-01 -3.37457178e-01
    outer loop
      vertex -3.25416423e-03 -6.47001360e-03 -1.94918935e-03
      vertex -3.87091215e-03 -5.87588774e-03 -2.59614761e-03
      vertex -2.81278926e-03 -6.32933606e-03 -2.87710300e-03
    endloop
  endfacet
  facet normal -5.22219227e-01 -7.42099980e-01 -4.20207922e-01
    outer loop
      vertex -4.40838939e-03 -5.16143220e-03 -3.18994053e-03
      vertex -3.40492875e-03 -5.68451565e-03 -3.51322388e-03
      vertex -3.87091215e-03 -5.87588774e-03 -2.59614761e-03
    endloop
  endfacet
  facet normal -4.48482532e-01 -8.01685768e-01 -3.95175087e-01
    outer loop
      vertex -2.81278926e-03 -6.32933606e-03 -2.87710300e-03
      vertex -3.87091215e-03 -5.87588774e-03 -2.59614761e-03
      vertex -3.40492875e-03 -5.68451565e-03 -3.51322388e-03
    endloop
  endfacet
  facet normal -6.38726558e-01 -7.38103584e-01 -2.17328056e-01
    outer loop
      vertex -5.20335358e-03 -5.26534834e-03 -1.20466527e-03
      vertex -4.85558920e-03 -5.26732385e-03 -2.22003444e-03
      vertex -4.28438744e-03 -5.94486922e-03 -1.59767149e-03
    endloop
  endfacet
  facet normal -5.85563456e-01 -7.31257495e-01 -3.49825549e-01
    outer loop
      vertex -4.40838939e-03 -5.16143220e-03 -3.18994053e-03
      vertex -3.87091215e-03 -5.87588774e-03 -2.59614761e-03
      vertex -4.85558920e-03 -5.26732385e-03 -2.22003444e-03
    endloop
  endfacet
  facet normal -5.08425010e-01 -8.18634369e-01 -2.67098819e-01
    outer loop
      vertex -3.25416423e-03 -6.47001360e-03 -1.94918935e-03
      vertex -4.28438744e-03 -5.94486922e-03 -1.59767149e-03
      vertex -3.87091215e-03 -5.87588774e-03 -2.59614761e-03
    endloop
  endfacet
  facet normal -5.81153824e-01 -7.59175643e-01 -2.93108471e-01
    outer loop
      vertex -4.85558920e-03 -5.26732385e-03 -2.22003444e-03
      vertex -3.87091215e-03 -5.87588774e-03 -2.59614761e-03
      vertex -4.28438744e-03 -5.94486922e-03 -1.59767149e-03
    endloop
  endfacet
  facet normal -8.33679433e-01 -8.11784483e-02 -5.46249634e-01
    outer loop
      vertex -6.37988106e-03 0.00000000e+00 -3.94298334e-03
      vertex -5.87882282e-03 -6.08147201e-04 -4.61731516e-03
      vertex -6.48697002e-03 -9.84002841e-04 -3.63331232e-03
    endloop
  endfacet
  facet normal -7.59246413e-01 -1.61443621e-01 -6.30460816e-01
    outer loop
      vertex -5.26534834e-03 -1.20466527e-03 -5.20335358e-03
      vertex -5.94486922e-03 -1.59767149e-03 -4.28438744e-03
      vertex -5.87882282e-03 -6.08147201e-04 -4.61731516e-03
    endloop
  endfacet
  facet normal -8.39787899e-01 -2.11220996e-01 -5.00141955e-01
    outer loop
      vertex -6.47001360e-03 -1.94918935e-03 -3.25416423e-03
      vertex -6.48697002e-03 -9.84002841e-04 -3.63331232e-03
      vertex -5.94486922e-03 -1.59767149e-03 -4.28438744e-03
    endloop
  endfacet
  facet normal -8.19634387e-01 -1.32792529e-01 -5.57284142e-01
    outer loop
      vertex -5.87882282e-03 -6.08147201e-04 -4.61731516e-03
      vertex -5.94486922e-03 -1.59767149e-03 -4.28438744e-03
      vertex -6.48697002e-03 -9.84002841e-04 -3.63331232e-03
    endloop
  endfacet
  facet normal -5.69357957e-01 -3.13421759e-01 -7.59998894e-01
    outer loop
      vertex -3.75000000e-03 -2.31762746e-03 -6.06762746e-03
      vertex -4.51125716e-03 -2.78811026e-03 -5.30330086e-03
      vertex -4.55118862e-03 -1.77814744e-03 -5.68989225e-03
    endloop
  endfacet
  facet normal -6.63682830e-01 -3.71743458e-01 -6.49100841e-01
    outer loop
      vertex -5.16143220e-03 -3.18994053e-03 -4.40838939e-03
      vertex -5.26732385e-03 -2.22003444e-03 -4.85558920e-03
      vertex -4.51125716e-03 -2.78811026e-03 -5.30330086e-03
    endloop
  endfacet
  facet normal -6.70527632e-01 -2.39219216e-01 -7.02258401e-01
    outer loop
      vertex -5.26534834e-03 -1.20466527e-03 -5.20335358e-03
      vertex -4.55118862e-03 -1.77814744e-03 -5.68989225e-03
      vertex -5.26732385e-03 -2.22003444e-03 -4.85558920e-03
    endloop
  endfacet
  facet normal -6.41557056e-01 -2.96210100e-01 -7.07576229e-01
    outer loop
      vertex -4.51125716e-03 -2.78811026e-03 -5.30330086e-03
      vertex -5.26732385e-03 -2.22003444e-03 -4.85558920e-03
      vertex -4.55118862e-03 -1.77814744e-03 -5.68989225e-03
    endloop
  endfacet
  facet normal -8.02678349e-01 -4.57621692e-01 -3.82478568e-01
    outer loop
      vertex -6.06762746e-03 -3.75000000e-03 -2.31762746e-03
      vertex -6.32933606e-03 -2.87710300e-03 -2.81278926e-03
      vertex -5.68451565e-03 -3.51322388e-03 -3.40492875e-03
    endloop
  endfacet
  facet normal -8.29479994e-01 -3.37457178e-01 -4.45068077e-01
    outer loop
      vertex -6.47001360e-03 -1.94918935e-03 -3.25416423e-03
      vertex -5.87588774e-03 -2.59614761e-03 -3.87091215e-03
      vertex -6.32933606e-03 -2.87710300e-03 -2.81278926e-03
    endloop
  endfacet
  facet normal -7.42099980e-01 -4.20207922e-01 -5.22219227e-01
    outer loop
      vertex -5.16143220e-03 -3.18994053e-03 -4.40838939e-03
      vertex -5.68451565e-03 -3.51322388e-03 -3.40492875e-03
      vertex -5.87588774e-03 -2.59614761e-03 -3.87091215e-03
    endloop
  endfacet
  facet normal -8.01685768e-01 -3.95175087e-01 -4.48482532e-01
    outer loop
      vertex -6.32933606e-03 -2.87710300e-03 -2.81278926e-03
      vertex -5.87588774e-03 -2.59614761e-03 -3.87091215e-03
      vertex -5.68451565e-03 -3.51322388e-03 -3.40492875e-03
    endloop
  endfacet
  facet normal -7.38103584e-01 -2.17328056e-01 -6.38726558e-01
    outer loop
      vertex -5.26534834e-03 -1.20466527e-03 -5.20335358e-03
      vertex -5.26732385e-03 -2.22003444e-03 -4.85558920e-03
      vertex -5.94486922e-03 -1.59767149e-03 -4.28438744e-03
    endloop
  endfacet
  facet normal -7.31257495e-01 -3.49825549e-01 -5.85563456e-01
    outer loop
      vertex -5.16143220e-03 -3.18994053e-03 -4.40838939e-03
      vertex -5.87588774e-03 -2.59614761e-03 -3.87091215e-03
      vertex -5.26732385e-03 -2.22003444e-03 -4.85558920e-03
    endloop
  endfacet
  facet normal -8.18634369e-01 -2.67098819e-01 -5.08425010e-01
    outer loop
      vertex -6.47001360e-03 -1.94918935e-03 -3.25416423e-03
      vertex -5.94486922e-03 -1.59767149e-03 -4.28438744e-03
      vertex -5.87588774e-03 -2.59614761e-03 -3.87091215e-03
    endloop
  endfacet
  facet normal -7.59175643e-01 -2.93108471e-01 -5.81153824e-01
    outer loop
      vertex -5.26732385e-03 -2.22003444e-03 -4.85558920e-03
      vertex -5.87588774e-03 -2.59614761e-03 -3.87091215e-03
      vertex -5.94486922e-03 -1.59767149e-03 -4.28438744e-03
    endloop
  endfacet
  facet normal -3.82234319e-01 -7.59513561e-01 -5.26342166e-01
    outer loop
      vertex -2.31762746e-03 -6.06762746e-03 -3.75000000e-03
      vertex -3.40492875e-03 -5.68451565e-03 -3.51322388e-03
      vertex -2.78811026e-03 -5.30330086e-03 -4.51125716e-03
    endloop
  endfacet
  facet normal -5.21886550e-01 -6.99011079e-01 -4.88894611e-01
    outer loop
      vertex -4.40838939e-03 -5.16143220e-03 -3.18994053e-03
      vertex -3.85031581e-03 -4.84933344e-03 -4.23190659e-03
      vertex -3.40492875e-03 -5.68451565e-03 -3.51322388e-03
    endloop
  endfacet
  facet normal -4.40461021e-01 -6.48687335e-01 -6.20643884e-01
    outer loop
      vertex -3.18994053e-03 -4.40838939e-03 -5.16143220e-03
      vertex -2.78811026e-03 -5.30330086e-03 -4.51125716e-03
      vertex -3.85031581e-03 -4.84933344e-03 -4.23190659e-03
    endloop
  endfacet
  facet normal -4.46516882e-01 -7.08442591e-01 -5.46563600e-01
    outer loop
      vertex -3.40492875e-03 -5.68451565e-03 -3.51322388e-03
      vertex -3.85031581e-03 -4.84933344e-03 -4.23190659e-03
      vertex -2.78811026e-03 -5.30330086e-03 -4.51125716e-03
    endloop
  endfacet
  facet normal -7.59513561e-01 -5.26342166e-01 -3.82234319e-01
    outer loop
      vertex -6.06762746e-03 -3.75000000e-03 -2.31762746e-03
      vertex -5.68451565e-03 -3.51322388e-03 -3.40492875e-03
      vertex -5.30330086e-03 -4.51125716e-03 -2.78811026e-03
    endloop
  endfacet
  facet normal -6.99011079e-01 -4.88894611e-01 -5.21886550e-01
    outer loop
      vertex -5.16143220e-03 -3.18994053e-03 -4.40838939e-03
      vertex -4.84933344e-03 -4.23190659e-03 -3.85031581e-03
      vertex -5.68451565e-03 -3.51322388e-03 -3.40492875e-03
    endloop
  endfacet
  facet normal -6.48687335e-01 -6.20643884e-01 -4.40461021e-01
    outer loop
      vertex -4.40838939e-03 -5.16143220e-03 -3.18994053e-03
      vertex -5.30330086e-03 -4.51125716e-03 -2.78811026e-03
      vertex -4.84933344e-03 -4.23190659e-03 -3.85031581e-03
    endloop
  endfacet
  facet normal -7.08442591e-01 -5.46563600e-01 -4.46516882e-01
    outer loop
      vertex -5.68451565e-03 -3.51322388e-03 -3.40492875e-03
      vertex -4.84933344e-03 -4.23190659e-03 -3.85031581e-03
      vertex -5.30330086e-03 -4.51125716e-03 -2.78811026e-03
    endloop
  endfacet
  facet normal -5.26342166e-01 -3.82234319e-01 -7.59513561e-01
    outer loop
      vertex -3.75000000e-03 -2.31762746e-03 -6.06762746e-03
      vertex -3.51322388e-03 -3.40492875e-03 -5.68451565e-03
      vertex -4.51125716e-03 -2.78811026e-03 -5.30330086e-03
    endloop
  endfacet
  facet normal -4.88894611e-01 -5.21886550e-01 -6.99011079e-01
    outer loop
      vertex -3.18994053e-03 -4.40838939e-03 -5.16143220e-03
      vertex -4.23190659e-03 -3.85031581e-03 -4.84933344e-03
      vertex -3.51322388e-03 -3.40492875e-03 -5.68451565e-03
    endloop
  endfacet
  facet normal -6.20643884e-01 -4.40461021e-01 -6.48687335e-01
    outer loop
      vertex -5.16143220e-03 -3.18994053e-03 -4.40838939e-03
      vertex -4.51125716e-03 -2.78811026e-03 -5.30330086e-03
      vertex -4.23190659e-03 -3.85031581e-03 -4.84933344e-03
    endloop
  endfacet
  facet normal -5.46563600e-01 -4.46516882e-01 -7.08442591e-01
    outer loop
      vertex -3.51322388e-03 -3.40492875e-03 -5.68451565e-03
      vertex -4.23190659e-03 -3.85031581e-03 -4.84933344e-03
      vertex -4.51125716e-03 -2.78811026e-03 -5.30330086e-03
    endloop
  endfacet
  facet normal -5.85158785e-01 -6.35471510e-01 -5.03751085e-01
    outer loop
      vertex -4.40838939e-03 -5.16143220e-03 -3.18994053e-03
      vertex -4.84933344e-03 -4.23190659e-03 -3.85031581e-03
      vertex -3.85031581e-03 -4.84933344e-03 -4.23190659e-03
    endloop
  endfacet
  facet normal -6.35471510e-01 -5.03751085e-01 -5.85158785e-01
    outer loop
      vertex -5.16143220e-03 -3.18994053e-03 -4.40838939e-03
      vertex -4.23190659e-03 -3.85031581e-03 -4.84933344e-03
      vertex -4.84933344e-03 -4.23190659e-03 -3.85031581e-03
    endloop
  endfacet
  facet normal -5.03751085e-01 -5.85158785e-01 -6.35471510e-01
    outer loop
      vertex -3.18994053e-03 -4.40838939e-03 -5.16143220e-03
      vertex -3.85031581e-03 -4.84933344e-03 -4.23190659e-03
      vertex -4.23190659e-03 -3.85031581e-03 -4.84933344e-03
    endloop
  endfacet
  facet normal -5.77350269e-01 -5.77350269e-01 -5.77350269e-01
    outer loop
      vertex -4.84933344e-03 -4.23190659e-03 -3.85031581e-03
      vertex -4.23190659e-03 -3.85031581e-03 -4.84933344e-03
      vertex -3.85031581e-03 -4.84933344e-03 -4.23190659e-03
    endloop
  endfacet
  facet normal 8.02672025e-01 0.00000000e+00 -5.96420674e-01
    outer loop
      vertex 6.37988106e-03 0.00000000e+00 -3.94298334e-03
      vertex 5.87882282e-03 -6.08147201e-04 -4.61731516e-03
      vertex 5.87882282e-03 6.08147201e-04 -4.61731516e-03
    endloop
  endfacet
  facet normal 7.28344548e-01 -8.05414856e-02 -6.80461086e-01
    outer loop
      vertex 5.26534834e-03 -1.20466527e-03 -5.20335358e-03
      vertex 5.33461301e-03 0.00000000e+00 -5.27180273e-03
      vertex 5.87882282e-03 -6.08147201e-04 -4.61731516e-03
    endloop
  endfacet
  facet normal 7.28344548e-01 8.05414856e-02 -6.80461086e-01
    outer loop
      vertex 5.26534834e-03 1.20466527e-03 -5.20335358e-03
      vertex 5.87882282e-03 6.08147201e-04 -4.61731516e-03
      vertex 5.33461301e-03 0.00000000e+00 -5.27180273e-03
    endloop
  endfacet
  facet normal 7.68912155e-01 0.00000000e+00 -6.39354439e-01
    outer loop
      vertex 5.87882282e-03 -6.08147201e-04 -4.61731516e-03
      vertex 5.33461301e-03 0.00000000e+00 -5.27180273e-03
      vertex 5.87882282e-03 6.08147201e-04 -4.61731516e-03
    endloop
  endfacet
  facet normal 5.38761957e-01 -2.33320392e-01 -8.09504261e-01
    outer loop
      vertex 3.75000000e-03 -2.31762746e-03 -6.06762746e-03
      vertex 3.89443867e-03 -1.17325849e-03 -6.30133414e-03
      vertex 4.55118862e-03 -1.77814744e-03 -5.68989225e-03
    endloop
  endfacet
  facet normal 5.51642150e-01 -7.84171500e-02 -8.30386469e-01
    outer loop
      vertex 3.94298334e-03 0.00000000e+00 -6.37988106e-03
      vertex 4.65179687e-03 -6.08563887e-04 -5.85153278e-03
      vertex 3.89443867e-03 -1.17325849e-03 -6.30133414e-03
    endloop
  endfacet
  facet normal 6.39868422e-01 -1.58952361e-01 -7.51866045e-01
    outer loop
      vertex 5.26534834e-03 -1.20466527e-03 -5.20335358e-03
      vertex 4.55118862e-03 -1.77814744e-03 -5.68989225e-03
      vertex 4.65179687e-03 -6.08563887e-04 -5.85153278e-03
    endloop
  endfacet
  facet normal 5.89578591e-01 -1.60128712e-01 -7.91679153e-01
    outer loop
      vertex 3.89443867e-03 -1.17325849e-03 -6.30133414e-03
      vertex 4.65179687e-03 -6.08563887e-04 -5.85153278e-03
      vertex 4.55118862e-03 -1.77814744e-03 -5.68989225e-03
    endloop
  endfacet
  facet normal 5.38761957e-01 2.33320392e-01 -8.09504261e-01
    outer loop
      vertex 3.75000000e-03 2.31762746e-03 -6.06762746e-03
      vertex 4.55118862e-03 1.77814744e-03 -5.68989225e-03
      vertex 3.89443867e-03 1.17325849e-03 -6.30133414e-03
    endloop
  endfacet
  facet normal 6.39868422e-01 1.58952361e-01 -7.51866045e-01
    outer loop
      vertex 5.26534834e-03 1.20466527e-03 -5.20335358e-03
      vertex 4.65179687e-03 6.08563887e-04 -5.85153278e-03
      vertex 4.55118862e-03 1.77814744e-03 -5.68989225e-03
    endloop
  endfacet
  facet normal 5.51642150e-01 7.84171500e-02 -8.30386469e-01
    outer loop
      vertex 3.94298334e-03 0.00000000e+00 -6.37988106e-03
      vertex 3.89443867e-03 1.17325849e-03 -6.30133414e-03
      vertex 4.65179687e-03 6.08563887e-04 -5.85153278e-03
    endloop
  endfacet
  facet normal 5.89578591e-01 1.60128712e-01 -7.91679153e-01
    outer loop
      vertex 4.55118862e-03 1.77814744e-03 -5.68989225e-03
      vertex 4.65179687e-03 6.08563887e-04 -5.85153278e-03
      vertex 3.89443867e-03 1.17325849e-03 -6.30133414e-03
    endloop
  endfacet
  facet normal 6.85851676e-01 -8.05307856e-02 -7.23271921e-01
    outer loop
      vertex 5.26534834e-03 -1.20466527e-03 -5.20335358e-03
      vertex 4.65179687e-03 -6.08563887e-04 -5.85153278e-03
      vertex 5.33461301e-03 0.00000000e+00 -5.27180273e-03
    endloop
  endfacet
  facet normal 5.97636026e-01 0.00000000e+00 -8.01767535e-01
    outer loop
      vertex 3.94298334e-03 0.00000000e+00 -6.37988106e-03
      vertex 4.65179687e-03 6.08563887e-04 -5.85153278e-03
      vertex 4.65179687e-03 -6.08563887e-04 -5.85153278e-03
    endloop
  endfacet
  facet normal 6.85851676e-01 8.05307856e-02 -7.23271921e-01
    outer loop
      vertex 5.26534834e-03 1.20466527e-03 -5.20335358e-03
      vertex 5.33461301e-03 0.00000000e+00 -5.27180273e-03
      vertex 4.65179687e-03 6.08563887e-04 -5.85153278e-03
    endloop
  endfacet
  facet normal 6.47218169e-01 0.00000000e+00 -7.62304822e-01
    outer loop
      vertex 4.65179687e-03 -6.08563887e-04 -5.85153278e-03
      vertex 4.65179687e-03 6.08563887e-04 -5.85153278e-03
      vertex 5.33461301e-03 0.00000000e+00 -5.27180273e-03
    endloop
  endfacet
  facet normal 5.01710402e-02 -4.65071185e-01 -8.83850473e-01
    outer loop
      vertex 0.00000000e+00 -3.94298334e-03 -6.37988106e-03
      vertex 0.00000000e+00 -3.02516511e-03 -6.86282566e-03
      vertex 9.84002841e-04 -3.63331232e-03 -6.48697002e-03
    endloop
  endfacet
  facet normal 5.00002693e-02 -3.38698334e-01 -9.39565544e-01
    outer loop
      vertex 0.00000000e+00 -2.04949897e-03 -7.21453768e-03
      vertex 9.87415285e-04 -2.68671595e-03 -6.93228450e-03
      vertex 0.00000000e+00 -3.02516511e-03 -6.86282566e-03
    endloop
  endfacet
  facet normal 1.80319130e-01 -4.19239820e-01 -8.89788168e-01
    outer loop
      vertex 1.94918935e-03 -3.25416423e-03 -6.47001360e-03
      vertex 9.84002841e-04 -3.63331232e-03 -6.48697002e-03
      vertex 9.87415285e-04 -2.68671595e-03 -6.93228450e-03
    endloop
  endfacet
  facet normal 8.20702965e-02 -4.24491613e-01 -9.01704684e-01
    outer loop
      vertex 0.00000000e+00 -3.02516511e-03 -6.86282566e-03
      vertex 9.87415285e-04 -2.68671595e-03 -6.93228450e-03
      vertex 9.84002841e-04 -3.63331232e-03 -6.48697002e-03
    endloop
  endfacet
  facet normal 4.95053672e-02 -6.90568093e-02 -9.96383649e-01
    outer loop
      vertex 0.00000000e+00 0.00000000e+00 -7.50000000e-03
      vertex 9.98033281e-04 -6.16818490e-04 -7.40766255e-03
      vertex 0.00000000e+00 -1.03464182e-03 -7.42829161e-03
    endloop
  endfacet
  facet normal 1.81285628e-01 -1.50475768e-01 -9.71850073e-01
    outer loop
      vertex 1.97149167e-03 -1.21844886e-03 -7.13292387e-03
      vertex 9.95943576e-04 -1.65087771e-03 -7.24794448e-03
      vertex 9.98033281e-04 -6.16818490e-04 -7.40766255e-03
    endloop
  endfacet
  facet normal 4.96076443e-02 -2.05848861e-01 -9.77325600e-01
    outer loop
      vertex 0.00000000e+00 -2.04949897e-03 -7.21453768e-03
      vertex 0.00000000e+00 -1.03464182e-03 -7.42829161e-03
      vertex 9.95943576e-04 -1.65087771e-03 -7.24794448e-03
    endloop
  endfacet
  facet normal 8.41029235e-02 -1.52272431e-01 -9.84753677e-01
    outer loop
      vertex 9.98033281e-04 -6.16818490e-04 -7.40766255e-03
      vertex 9.95943576e-04 -1.65087771e-03 -7.24794448e-03
      vertex 0.00000000e+00 -1.03464182e-03 -7.42829161e-03
    endloop
  endfacet
  facet normal 4.27025692e-01 -3.02377202e-01 -8.52183716e-01
    outer loop
      vertex 3.75000000e-03 -2.31762746e-03 -6.06762746e-03
      vertex 2.87710300e-03 -2.81278926e-03 -6.32933606e-03
      vertex 2.89640539e-03 -1.79007698e-03 -6.68254893e-03
    endloop
  endfacet
  facet normal 3.06797967e-01 -3.64801223e-01 -8.79087638e-01
    outer loop
      vertex 1.94918935e-03 -3.25416423e-03 -6.47001360e-03
      vertex 1.98062063e-03 -2.25944159e-03 -6.87183131e-03
      vertex 2.87710300e-03 -2.81278926e-03 -6.32933606e-03
    endloop
  endfacet
  facet normal 3.08167242e-01 -2.28892918e-01 -9.23385609e-01
    outer loop
      vertex 1.97149167e-03 -1.21844886e-03 -7.13292387e-03
      vertex 2.89640539e-03 -1.79007698e-03 -6.68254893e-03
      vertex 1.98062063e-03 -2.25944159e-03 -6.87183131e-03
    endloop
  endfacet
  facet normal 3.43196621e-01 -3.12401143e-01 -8.85788691e-01
    outer loop
      vertex 2.87710300e-03 -2.81278926e-03 -6.32933606e-03
      vertex 1.98062063e-03 -2.25944159e-03 -6.87183131e-03
      vertex 2.89640539e-03 -1.79007698e-03 -6.68254893e-03
    endloop
  endfacet
  facet normal 8.45453627e-02 -2.91096954e-01 -9.52950495e-01
    outer loop
      vertex 0.00000000e+00 -2.04949897e-03 -7.21453768e-03
      vertex 9.95943576e-04 -1.65087771e-03 -7.24794448e-03
      vertex 9.87415285e-04 -2.68671595e-03 -6.93228450e-03
    endloop
  endfacet
  facet normal 2.16204079e-01 -2.35737907e-01 -9.47461575e-01
    outer loop
      vertex 1.97149167e-03 -1.21844886e-03 -7.13292387e-03
      vertex 1.98062063e-03 -2.25944159e-03 -6.87183131e-03
      vertex 9.95943576e-04 -1.65087771e-03 -7.24794448e-03
    endloop
  endfacet
  facet normal 2.14846911e-01 -3.71627739e-01 -9.03179732e-01
    outer loop
      vertex 1.94918935e-03 -3.25416423e-03 -6.47001360e-03
      vertex 9.87415285e-04 -2.68671595e-03 -6.93228450e-03
      vertex 1.98062063e-03 -2.25944159e-03 -6.87183131e-03
    endloop
  endfacet
  facet normal 1.81150998e-01 -2.88045353e-01 -9.40326640e-01
    outer loop
      vertex 9.95943576e-04 -1.65087771e-03 -7.24794448e-03
      vertex 1.98062063e-03 -2.25944159e-03 -6.87183131e-03
      vertex 9.87415285e-04 -2.68671595e-03 -6.93228450e-03
    endloop
  endfacet
  facet normal 5.01710402e-02 4.65071185e-01 -8.83850473e-01
    outer loop
      vertex 0.00000000e+00 3.94298334e-03 -6.37988106e-03
      vertex 9.84002841e-04 3.63331232e-03 -6.48697002e-03
      vertex 0.00000000e+00 3.02516511e-03 -6.86282566e-03
    endloop
  endfacet
  facet normal 1.80319130e-01 4.19239820e-01 -8.89788168e-01
    outer loop
      vertex 1.94918935e-03 3.25416423e-03 -6.47001360e-03
      vertex 9.87415285e-04 2.68671595e-03 -6.93228450e-03
      vertex 9.84002841e-04 3.63331232e-03 -6.48697002e-03
    endloop
  endfacet
  facet normal 5.00002693e-02 3.38698334e-01 -9.39565544e-01
    outer loop
      vertex 0.00000000e+00 2.04949897e-03 -7.21453768e-03
      vertex 0.00000000e+00 3.02516511e-03 -6.86282566e-03
      vertex 9.87415285e-04 2.68671595e-03 -6.93228450e-03
    endloop
  endfacet
  facet normal 8.20702965e-02 4.24491613e-01 -9.01704684e-01
    outer loop
      vertex 9.84002841e-04 3.63331232e-03 -6.48697002e-03
      vertex 9.87415285e-04 2.68671595e-03 -6.93228450e-03
      vertex 0.00000000e+00 3.02516511e-03 -6.86282566e-03
    endloop
  endfacet
  facet normal 4.27025692e-01 3.02377202e-01 -8.52183716e-01
    outer loop
      vertex 3.75000000e-03 2.31762746e-03 -6.06762746e-03
      vertex 2.89640539e-03 1.79007698e-03 -6.68254893e-03
      vertex 2.87710300e-03 2.81278926e-03 -6.32933606e-03
    endloop
  endfacet
  facet normal 3.08167242e-01 2.28892918e-01 -9.23385609e-01
    outer loop
      vertex 1.97149167e-03 1.21844886e-03 -7.13292387e-03
      vertex 1.98062063e-03 2.25944159e-03 -6.87183131e-03
      vertex 2.89640539e-03 1.79007698e-03 -6.68254893e-03
    endloop
  endfacet
  facet normal 3.06797967e-01 3.64801223e-01 -8.79087638e-01
    outer loop
      vertex 1.94918935e-03 3.25416423e-03 -6.47001360e-03
      vertex 2.87710300e-03 2.81278926e-03 -6.32933606e-03
      vertex 1.98062063e-03 2.25944159e-03 -6.87183131e-03
    endloop
  endfacet
  facet normal 3.43196621e-01 3.12401143e-01 -8.85788691e-01
    outer loop
      vertex 2.89640539e-03 1.79007698e-03 -6.68254893e-03
      vertex 1.98062063e-03 2.25944159e-03 -6.87183131e-03
      vertex 2.87710300e-03 2.81278926e-03 -6.32933606e-03
    endloop
  endfacet
  facet normal 4.95053672e-02 6.90568093e-02 -9.96383649e-01
    outer loop
      vertex 0.00000000e+00 0.00000000e+00 -7.50000000e-03
      vertex 0.00000000e+00 1.03464182e-03 -7.42829161e-03
      vertex 9.98033281e-04 6.16818490e-04 -7.40766255e-03
    endloop
  endfacet
  facet normal 4.96076443e-02 2.05848861e-01 -9.77325600e-01
    outer loop
      vertex 0.00000000e+00 2.04949897e-03 -7.21453768e-03
      vertex 9.95943576e-04 1.65087771e-03 -7.24794448e-03
      vertex 0.00000000e+00 1.03464182e-03 -7.42829161e-03
    endloop
  endfacet
  facet normal 1.81285628e-01 1.50475768e-01 -9.71850073e-01
    outer loop
      vertex 1.97149167e-03 1.21844886e-03 -7.13292387e-03
      vertex 9.98033281e-04 6.16818490e-04 -7.40766255e-03
      vertex 9.95943576e-04 1.65087771e-03 -7.24794448e-03
    endloop
  endfacet
  facet normal 8.41029235e-02 1.52272431e-01 -9.84753677e-01
    outer loop
      vertex 0.00000000e+00 1.03464182e-03 -7.42829161e-03
      vertex 9.95943576e-04 1.65087771e-03 -7.24794448e-03
      vertex 9.98033281e-04 6.16818490e-04 -7.40766255e-03
    endloop
  endfacet
  facet normal 2.14846911e-01 3.71627739e-01 -9.03179732e-01
    outer loop
      vertex 1.94918935e-03 3.25416423e-03 -6.47001360e-03
      vertex 1.98062063e-03 2.25944159e-03 -6.87183131e-03
      vertex 9.87415285e-04 2.68671595e-03 -6.93228450e-03
    endloop
  endfacet
  facet normal 2.16204079e-01 2.35737907e-01 -9.47461575e-01
    outer loop
      vertex 1.97149167e-03 1.21844886e-03 -7.13292387e-03
      vertex 9.95943576e-04 1.65087771e-03 -7.24794448e-03
      vertex 1.98062063e-03 2.25944159e-03 -6.87183131e-03
    endloop
  endfacet
  facet normal 8.45453627e-02 2.91096954e-01 -9.52950495e-01
    outer loop
      vertex 0.00000000e+00 2.04949897e-03 -7.21453768e-03
      vertex 9.87415285e-04 2.68671595e-03 -6.93228450e-03
      vertex 9.95943576e-04 1.65087771e-03 -7.24794448e-03
    endloop
  endfacet
  facet normal 1.81150998e-01 2.88045353e-01 -9.40326640e-01
    outer loop
      vertex 1.98062063e-03 2.25944159e-03 -6.87183131e-03
      vertex 9.95943576e-04 1.65087771e-03 -7.24794448e-03
      vertex 9.87415285e-04 2.68671595e-03 -6.93228450e-03
    endloop
  endfacet
  facet normal 4.69405196e-01 -2.33171395e-01 -8.51639515e-01
    outer loop
      vertex 3.75000000e-03 -2.31762746e-03 -6.06762746e-03
      vertex 2.89640539e-03 -1.79007698e-03 -6.68254893e-03
      vertex 3.89443867e-03 -1.17325849e-03 -6.30133414e-03
    endloop
  endfacet
  facet normal 3.50587076e-01 -1.59792724e-01 -9.22797371e-01
    outer loop
      vertex 1.97149167e-03 -1.21844886e-03 -7.13292387e-03
      vertex 2.99705289e-03 -6.17426850e-04 -6.84736870e-03
      vertex 2.89640539e-03 -1.79007698e-03 -6.68254893e-03
    endloop
  endfacet
  facet normal 4.82336350e-01 -7.83671947e-02 -8.72473626e-01
    outer loop
      vertex 3.94298334e-03 0.00000000e+00 -6.37988106e-03
      vertex 3.89443867e-03 -1.17325849e-03 -6.30133414e-03
      vertex 2.99705289e-03 -6.17426850e-04 -6.84736870e-03
    endloop
  endfacet
  facet normal 4.37841600e-01 -1.61878990e-01 -8.84358483e-01
    outer loop
      vertex 2.89640539e-03 -1.79007698e-03 -6.68254893e-03
      vertex 2.99705289e-03 -6.17426850e-04 -6.84736870e-03
      vertex 3.89443867e-03 -1.17325849e-03 -6.30133414e-03
    endloop
  endfacet
  facet normal 9.21259537e-02 0.00000000e+00 -9.95747362e-01
    outer loop
      vertex 0.00000000e+00 0.00000000e+00 -7.50000000e-03
      vertex 9.98033281e-04 6.16818490e-04 -7.40766255e-03
      vertex 9.98033281e-04 -6.16818490e-04 -7.40766255e-03
    endloop
  endfacet
  facet normal 2.23786292e-01 8.14255288e-02 -9.71230961e-01
    outer loop
      vertex 1.97149167e-03 1.21844886e-03 -7.13292387e-03
      vertex 1.99803526e-03 0.00000000e+00 -7.22895948e-03
      vertex 9.98033281e-04 6.16818490e-04 -7.40766255e-03
    endloop
  endfacet
  facet normal 2.23786292e-01 -8.14255288e-02 -9.71230961e-01
    outer loop
      vertex 1.97149167e-03 -1.21844886e-03 -7.13292387e-03
      vertex 9.98033281e-04 -6.16818490e-04 -7.40766255e-03
      vertex 1.99803526e-03 0.00000000e+00 -7.22895948e-03
    endloop
  endfacet
  facet normal 1.75915892e-01 0.00000000e+00 -9.84405201e-01
    outer loop
      vertex 9.98033281e-04 6.16818490e-04 -7.40766255e-03
      vertex 1.99803526e-03 0.00000000e+00 -7.22895948e-03
      vertex 9.98033281e-04 -6.16818490e-04 -7.40766255e-03
    endloop
  endfacet
  facet normal 4.69405196e-01 2.33171395e-01 -8.51639515e-01
    outer loop
      vertex 3.75000000e-03 2.31762746e-03 -6.06762746e-03
      vertex 3.89443867e-03 1.17325849e-03 -6.30133414e-03
      vertex 2.89640539e-03 1.79007698e-03 -6.68254893e-03
    endloop
  endfacet
  facet normal 4.82336350e-01 7.83671947e-02 -8.72473626e-01
    outer loop
      vertex 3.94298334e-03 0.00000000e+00 -6.37988106e-03
      vertex 2.99705289e-03 6.17426850e-04 -6.84736870e-03
      vertex 3.89443867e-03 1.17325849e-03 -6.30133414e-03
    endloop
  endfacet
  facet normal 3.50587076e-01 1.59792724e-01 -9.22797371e-01
    outer loop
      vertex 1.97149167e-03 1.21844886e-03 -7.13292387e-03
      vertex 2.89640539e-03 1.79007698e-03 -6.68254893e-03
      vertex 2.99705289e-03 6.17426850e-04 -6.84736870e-03
    endloop
  endfacet
  facet normal 4.37841600e-01 1.61878990e-01 -8.84358483e-01
    outer loop
      vertex 3.89443867e-03 1.17325849e-03 -6.30133414e-03
      vertex 2.99705289e-03 6.17426850e-04 -6.84736870e-03
      vertex 2.89640539e-03 1.79007698e-03 -6.68254893e-03
    endloop
  endfacet
  facet normal 3.11335293e-01 -8.14076995e-02 -9.46806803e-01
    outer loop
      vertex 1.97149167e-03 -1.21844886e-03 -7.13292387e-03
      vertex 1.99803526e-03 0.00000000e+00 -7.22895948e-03
      vertex 2.99705289e-03 -6.17426850e-04 -6.84736870e-03
    endloop
  endfacet
  facet normal 3.11335293e-01 8.14076995e-02 -9.46806803e-01
    outer loop
      vertex 1.97149167e-03 1.21844886e-03 -7.13292387e-03
      vertex 2.99705289e-03 6.17426850e-04 -6.84736870e-03
      vertex 1.99803526e-03 0.00000000e+00 -7.22895948e-03
    endloop
  endfacet
  facet normal 4.43055717e-01 0.00000000e+00 -8.96494078e-01
    outer loop
      vertex 3.94298334e-03 0.00000000e+00 -6.37988106e-03
      vertex 2.99705289e-03 -6.17426850e-04 -6.84736870e-03
      vertex 2.99705289e-03 6.17426850e-04 -6.84736870e-03
    endloop
  endfacet
  facet normal 3.56822090e-01 0.00000000e+00 -9.34172359e-01
    outer loop
      vertex 1.99803526e-03 0.00000000e+00 -7.22895948e-03
      vertex 2.99705289e-03 6.17426850e-04 -6.84736870e-03
      vertex 2.99705289e-03 -6.17426850e-04 -6.84736870e-03
    endloop
  endfacet
  facet normal 8.83850473e-01 5.01710402e-02 4.65071185e-01
    outer loop
      vertex 6.37988106e-03 0.00000000e+00 3.94298334e-03
      vertex 6.86282566e-03 0.00000000e+00 3.02516511e-03
      vertex 6.48697002e-03 9.84002841e-04 3.63331232e-03
    endloop
  endfacet
  facet normal 9.39565544e-01 5.00002693e-02 3.38698334e-01
    outer loop
      vertex 7.21453768e-03 0.00000000e+00 2.04949897e-03
      vertex 6.93228450e-03 9.87415285e-04 2.68671595e-03
      vertex 6.86282566e-03 0.00000000e+00 3.02516511e-03
    endloop
  endfacet
  facet normal 8.89788168e-01 1.80319130e-01 4.19239820e-01
    outer loop
      vertex 6.47001360e-03 1.94918935e-03 3.25416423e-03
      vertex 6.48697002e-03 9.84002841e-04 3.63331232e-03
      vertex 6.93228450e-03 9.87415285e-04 2.68671595e-03
    endloop
  endfacet
  facet normal 9.01704684e-01 8.20702965e-02 4.24491613e-01
    outer loop
      vertex 6.86282566e-03 0.00000000e+00 3.02516511e-03
      vertex 6.93228450e-03 9.87415285e-04 2.68671595e-03
      vertex 6.48697002e-03 9.84002841e-04 3.63331232e-03
    endloop
  endfacet
  facet normal 9.96383649e-01 4.95053672e-02 6.90568093e-02
    outer loop
      vertex 7.50000000e-03 0.00000000e+00 0.00000000e+00
      vertex 7.40766255e-03 9.98033281e-04 6.16818490e-04
      vertex 7.42829161e-03 0.00000000e+00 1.03464182e-03
    endloop
  endfacet
  facet normal 9.71850073e-01 1.81285628e-01 1.50475768e-01
    outer loop
      vertex 7.13292387e-03 1.97149167e-03 1.21844886e-03
      vertex 7.24794448e-03 9.95943576e-04 1.65087771e-03
      vertex 7.40766255e-03 9.98033281e-04 6.16818490e-04
    endloop
  endfacet
  facet normal 9.77325600e-01 4.96076443e-02 2.05848861e-01
    outer loop
      vertex 7.21453768e-03 0.00000000e+00 2.04949897e-03
      vertex 7.42829161e-03 0.00000000e+00 1.03464182e-03
      vertex 7.24794448e-03 9.95943576e-04 1.65087771e-03
    endloop
  endfacet
  facet normal 9.84753677e-01 8.41029235e-02 1.52272431e-01
    outer loop
      vertex 7.40766255e-03 9.98033281e-04 6.16818490e-04
      vertex 7.24794448e-03 9.95943576e-04 1.65087771e-03
      vertex 7.42829161e-03 0.00000000e+00 1.03464182e-03
    endloop
  endfacet
  facet normal 8.52183716e-01 4.27025692e-01 3.02377202e-01
    outer loop
      vertex 6.06762746e-03 3.75000000e-03 2.31762746e-03
      vertex 6.32933606e-03 2.87710300e-03 2.81278926e-03
      vertex 6.68254893e-03 2.89640539e-03 1.79007698e-03
    endloop
  endfacet
  facet normal 8.79087638e-01 3.06797967e-01 3.64801223e-01
    outer loop
      vertex 6.47001360e-03 1.94918935e-03 3.25416423e-03
      vertex 6.87183131e-03 1.98062063e-03 2.25944159e-03
      vertex 6.32933606e-03 2.87710300e-03 2.81278926e-03
    endloop
  endfacet
  facet normal 9.23385609e-01 3.08167242e-01 2.28892918e-01
    outer loop
      vertex 7.13292387e-03 1.97149167e-03 1.21844886e-03
      vertex 6.68254893e-03 2.89640539e-03 1.79007698e-03
      vertex 6.87183131e-03 1.98062063e-03 2.25944159e-03
    endloop
  endfacet
  facet normal 8.85788691e-01 3.43196621e-01 3.12401143e-01
    outer loop
      vertex 6.32933606e-03 2.87710300e-03 2.81278926e-03
      vertex 6.87183131e-03 1.98062063e-03 2.25944159e-03
      vertex 6.68254893e-03 2.89640539e-03 1.79007698e-03
    endloop
  endfacet
  facet normal 9.52950495e-01 8.45453627e-02 2.91096954e-01
    outer loop
      vertex 7.21453768e-03 0.00000000e+00 2.04949897e-03
      vertex 7.24794448e-03 9.95943576e-04 1.65087771e-03
      vertex 6.93228450e-03 9.87415285e-04 2.68671595e-03
    endloop
  endfacet
  facet normal 9.47461575e-01 2.16204079e-01 2.35737907e-01
    outer loop
      vertex 7.13292387e-03 1.97149167e-03 1.21844886e-03
      vertex 6.87183131e-03 1.98062063e-03 2.25944159e-03
      vertex 7.24794448e-03 9.95943576e-04 1.65087771e-03
    endloop
  endfacet
  facet normal 9.03179732e-01 2.14846911e-01 3.71627739e-01
    outer loop
      vertex 6.47001360e-03 1.94918935e-03 3.25416423e-03
      vertex 6.93228450e-03 9.87415285e-04 2.68671595e-03
      vertex 6.87183131e-03 1.98062063e-03 2.25944159e-03
    endloop
  endfacet
  facet normal 9.40326640e-01 1.81150998e-01 2.88045353e-01
    outer loop
      vertex 7.24794448e-03 9.95943576e-04 1.65087771e-03
      vertex 6.87183131e-03 1.98062063e-03 2.25944159e-03
      vertex 6.93228450e-03 9.87415285e-04 2.68671595e-03
    endloop
  endfacet
  facet normal 8.83850473e-01 5.01710402e-02 -4.65071185e-01
    outer loop
      vertex 6.37988106e-03 0.00000000e+00 -3.94298334e-03
      vertex 6.48697002e-03 9.84002841e-04 -3.63331232e-03
      vertex 6.86282566e-03 0.00000000e+00 -3.02516511e-03
    endloop
  endfacet
  facet normal 8.89788168e-01 1.80319130e-01 -4.19239820e-01
    outer loop
      vertex 6.47001360e-03 1.94918935e-03 -3.25416423e-03
      vertex 6.93228450e-03 9.87415285e-04 -2.68671595e-03
      vertex 6.48697002e-03 9.84002841e-04 -3.63331232e-03
    endloop
  endfacet
  facet normal 9.39565544e-01 5.00002693e-02 -3.38698334e-01
    outer loop
      vertex 7.21453768e-03 0.00000000e+00 -2.04949897e-03
      vertex 6.86282566e-03 0.00000000e+00 -3.02516511e-03
      vertex 6.93228450e-03 9.87415285e-04 -2.68671595e-03
    endloop
  endfacet
  facet normal 9.01704684e-01 8.20702965e-02 -4.24491613e-01
    outer loop
      vertex 6.48697002e-03 9.84002841e-04 -3.63331232e-03
      vertex 6.93228450e-03 9.87415285e-04 -2.68671595e-03
      vertex 6.86282566e-03 0.00000000e+00 -3.02516511e-03
    endloop
  endfacet
  facet normal 8.52183716e-01 4.27025692e-01 -3.02377202e-01
    outer loop
      vertex 6.06762746e-03 3.75000000e-03 -2.31762746e-03
      vertex 6.68254893e-03 2.89640539e-03 -1.79007698e-03
      vertex 6.32933606e-03 2.87710300e-03 -2.81278926e-03
    endloop
  endfacet
  facet normal 9.23385609e-01 3.08167242e-01 -2.28892918e-01
    outer loop
      vertex 7.13292387e-03 1.97149167e-03 -1.21844886e-03
      vertex 6.87183131e-03 1.98062063e-03 -2.25944159e-03
      vertex 6.68254893e-03 2.89640539e-03 -1.79007698e-03
    endloop
  endfacet
  facet normal 8.79087638e-01 3.06797967e-01 -3.64801223e-01
    outer loop
      vertex 6.47001360e-03 1.94918935e-03 -3.25416423e-03
      vertex 6.32933606e-03 2.87710300e-03 -2.81278926e-03
      vertex 6.87183131e-03 1.98062063e-03 -2.25944159e-03
    endloop
  endfacet
  facet normal 8.85788691e-01 3.43196621e-01 -3.12401143e-01
    outer loop
      vertex 6.68254893e-03 2.89640539e-03 -1.79007698e-03
      vertex 6.87183131e-03 1.98062063e-03 -2.25944159e-03
      vertex 6.32933606e-03 2.87710300e-03 -2.81278926e-03
    endloop
  endfacet
  facet normal 9.96383649e-01 4.95053672e-02 -6.90568093e-02
    outer loop
      vertex 7.50000000e-03 0.00000000e+00 0.00000000e+00
      vertex 7.42829161e-03 0.00000000e+00 -1.03464182e-03
      vertex 7.40766255e-03 9.98033281e-04 -6.16818490e-04
    endloop
  endfacet
  facet normal 9.77325600e-01 4.96076443e-02 -2.05848861e-01
    outer loop
      vertex 7.21453768e-03 0.00000000e+00 -2.04949897e-03
      vertex 7.24794448e-03 9.95943576e-04 -1.65087771e-03
      vertex 7.42829161e-03 0.00000000e+00 -1.03464182e-03
    endloop
  endfacet
  facet normal 9.71850073e-01 1.81285628e-01 -1.50475768e-01
    outer loop
      vertex 7.13292387e-03 1.97149167e-03 -1.21844886e-03
      vertex 7.40766255e-03 9.98033281e-04 -6.16818490e-04
      vertex 7.24794448e-03 9.95943576e-04 -1.65087771e-03
    endloop
  endfacet
  facet normal 9.84753677e-01 8.41029235e-02 -1.52272431e-01
    outer loop
      vertex 7.42829161e-03 0.00000000e+00 -1.03464182e-03
      vertex 7.24794448e-03 9.95943576e-04 -1.65087771e-03
      vertex 7.40766255e-03 9.98033281e-04 -6.16818490e-04
    endloop
  endfacet
  facet normal 9.03179732e-01 2.14846911e-01 -3.71627739e-01
    outer loop
      vertex 6.47001360e-03 1.94918935e-03 -3.25416423e-03
      vertex 6.87183131e-03 1.98062063e-03 -2.25944159e-03
      vertex 6.93228450e-03 9.87415285e-04 -2.68671595e-03
    endloop
  endfacet
  facet normal 9.47461575e-01 2.16204079e-01 -2.35737907e-01
    outer loop
      vertex 7.13292387e-03 1.97149167e-03 -1.21844886e-03
      vertex 7.24794448e-03 9.95943576e-04 -1.65087771e-03
      vertex 6.87183131e-03 1.98062063e-03 -2.25944159e-03
    endloop
  endfacet
  facet normal 9.52950495e-01 8.45453627e-02 -2.91096954e-01
    outer loop
      vertex 7.21453768e-03 0.00000000e+00 -2.04949897e-03
      vertex 6.93228450e-03 9.87415285e-04 -2.68671595e-03
      vertex 7.24794448e-03 9.95943576e-04 -1.65087771e-03
    endloop
  endfacet
  facet normal 9.40326640e-01 1.81150998e-01 -2.88045353e-01
    outer loop
      vertex 6.87183131e-03 1.98062063e-03 -2.25944159e-03
      vertex 7.24794448e-03 9.95943576e-04 -1.65087771e-03
      vertex 6.93228450e-03 9.87415285e-04 -2.68671595e-03
    endloop
  endfacet
  facet normal 5.96420674e-01 8.02672025e-01 0.00000000e+00
    outer loop
      vertex 3.94298334e-03 6.37988106e-03 0.00000000e+00
      vertex 4.61731516e-03 5.87882282e-03 6.08147201e-04
      vertex 4.61731516e-03 5.87882282e-03 -6.08147201e-04
    endloop
  endfacet
  facet normal 6.80461086e-01 7.28344548e-01 8.05414856e-02
    outer loop
      vertex 5.20335358e-03 5.26534834e-03 1.20466527e-03
      vertex 5.27180273e-03 5.33461301e-03 0.00000000e+00
      vertex 4.61731516e-03 5.87882282e-03 6.08147201e-04
    endloop
  endfacet
  facet normal 6.80461086e-01 7.28344548e-01 -8.05414856e-02
    outer loop
      vertex 5.20335358e-03 5.26534834e-03 -1.20466527e-03
      vertex 4.61731516e-03 5.87882282e-03 -6.08147201e-04
      vertex 5.27180273e-03 5.33461301e-03 0.00000000e+00
    endloop
  endfacet
  facet normal 6.39354439e-01 7.68912155e-01 0.00000000e+00
    outer loop
      vertex 4.61731516e-03 5.87882282e-03 6.08147201e-04
      vertex 5.27180273e-03 5.33461301e-03 0.00000000e+00
      vertex 4.61731516e-03 5.87882282e-03 -6.08147201e-04
    endloop
  endfacet
  facet normal 8.09504261e-01 5.38761957e-01 2.33320392e-01
    outer loop
      vertex 6.06762746e-03 3.75000000e-03 2.31762746e-03
      vertex 6.30133414e-03 3.89443867e-03 1.17325849e-03
      vertex 5.68989225e-03 4.55118862e-03 1.77814744e-03
    endloop
  endfacet
  facet normal 8.30386469e-01 5.51642150e-01 7.84171500e-02
    outer loop
      vertex 6.37988106e-03 3.94298334e-03 0.00000000e+00
      vertex 5.85153278e-03 4.65179687e-03 6.08563887e-04
      vertex 6.30133414e-03 3.89443867e-03 1.17325849e-03
    endloop
  endfacet
  facet normal 7.51866045e-01 6.39868422e-01 1.58952361e-01
    outer loop
      vertex 5.20335358e-03 5.26534834e-03 1.20466527e-03
      vertex 5.68989225e-03 4.55118862e-03 1.77814744e-03
      vertex 5.85153278e-03 4.65179687e-03 6.08563887e-04
    endloop
  endfacet
  facet normal 7.91679153e-01 5.89578591e-01 1.60128712e-01
    outer loop
      vertex 6.30133414e-03 3.89443867e-03 1.17325849e-03
      vertex 5.85153278e-03 4.65179687e-03 6.08563887e-04
      vertex 5.68989225e-03 4.55118862e-03 1.77814744e-03
    endloop
  endfacet
  facet normal 8.09504261e-01 5.38761957e-01 -2.33320392e-01
    outer loop
      vertex 6.06762746e-03 3.75000000e-03 -2.31762746e-03
      vertex 5.68989225e-03 4.55118862e-03 -1.77814744e-03
      vertex 6.30133414e-03 3.89443867e-03 -1.17325849e-03
    endloop
  endfacet
  facet normal 7.51866045e-01 6.39868422e-01 -1.58952361e-01
    outer loop
      vertex 5.20335358e-03 5.26534834e-03 -1.20466527e-03
      vertex 5.85153278e-03 4.65179687e-03 -6.08563887e-04
      vertex 5.68989225e-03 4.55118862e-03 -1.77814744e-03
    endloop
  endfacet
  facet normal 8.30386469e-01 5.51642150e-01 -7.84171500e-02
    outer loop
      vertex 6.37988106e-03 3.94298334e-03 0.00000000e+00
      vertex 6.30133414e-03 3.89443867e-03 -1.17325849e-03
      vertex 5.85153278e-03 4.65179687e-03 -6.08563887e-04
    endloop
  endfacet
  facet normal 7.91679153e-01 5.89578591e-01 -1.60128712e-01
    outer loop
      vertex 5.68989225e-03 4.55118862e-03 -1.77814744e-03
      vertex 5.85153278e-03 4.65179687e-03 -6.08563887e-04
      vertex 6.30133414e-03 3.89443867e-03 -1.17325849e-03
    endloop
  endfacet
  facet normal 7.23271921e-01 6.85851676e-01 8.05307856e-02
    outer loop
      vertex 5.20335358e-03 5.26534834e-03 1.20466527e-03
      vertex 5.85153278e-03 4.65179687e-03 6.08563887e-04
      vertex 5.27180273e-03 5.33461301e-03 0.00000000e+00
    endloop
  endfacet
  facet normal 8.01767535e-01 5.97636026e-01 0.00000000e+00
    outer loop
      vertex 6.37988106e-03 3.94298334e-03 0.00000000e+00
      vertex 5.85153278e-03 4.65179687e-03 -6.08563887e-04
      vertex 5.85153278e-03 4.65179687e-03 6.08563887e-04
    endloop
  endfacet
  facet normal 7.23271921e-01 6.85851676e-01 -8.05307856e-02
    outer loop
      vertex 5.20335358e-03 5.26534834e-03 -1.20466527e-03
      vertex 5.27180273e-03 5.33461301e-03 0.00000000e+00
      vertex 5.85153278e-03 4.65179687e-03 -6.08563887e-04
    endloop
  endfacet
  facet normal 7.62304822e-01 6.47218169e-01 0.00000000e+00
    outer loop
      vertex 5.85153278e-03 4.65179687e-03 6.08563887e-04
      vertex 5.85153278e-03 4.65179687e-03 -6.08563887e-04
      vertex 5.27180273e-03 5.33461301e-03 0.00000000e+00
    endloop
  endfacet
  facet normal 9.95747362e-01 9.21259537e-02 0.00000000e+00
    outer loop
      vertex 7.50000000e-03 0.00000000e+00 0.00000000e+00
      vertex 7.40766255e-03 9.98033281e-04 -6.16818490e-04
      vertex 7.40766255e-03 9.98033281e-04 6.16818490e-04
    endloop
  endfacet
  facet normal 9.71230961e-01 2.23786292e-01 -8.14255288e-02
    outer loop
      vertex 7.13292387e-03 1.97149167e-03 -1.21844886e-03
      vertex 7.22895948e-03 1.99803526e-03 0.00000000e+00
      vertex 7.40766255e-03 9.98033281e-04 -6.16818490e-04
    endloop
  endfacet
  facet normal 9.71230961e-01 2.23786292e-01 8.14255288e-02
    outer loop
      vertex 7.13292387e-03 1.97149167e-03 1.21844886e-03
      vertex 7.40766255e-03 9.98033281e-04 6.16818490e-04
      vertex 7.22895948e-03 1.99803526e-03 0.00000000e+00
    endloop
  endfacet
  facet normal 9.84405201e-01 1.75915892e-01 -0.00000000e+00
    outer loop
      vertex 7.40766255e-03 9.98033281e-04 -6.16818490e-04
      vertex 7.22895948e-03 1.99803526e-03 0.00000000e+00
      vertex 7.40766255e-03 9.98033281e-04 6.16818490e-04
    endloop
  endfacet
  facet normal 8.51639515e-01 4.69405196e-01 -2.33171395e-01
    outer loop
      vertex 6.06762746e-03 3.75000000e-03 -2.31762746e-03
      vertex 6.30133414e-03 3.89443867e-03 -1.17325849e-03
      vertex 6.68254893e-03 2.89640539e-03 -1.79007698e-03
    endloop
  endfacet
  facet normal 8.72473626e-01 4.82336350e-01 -7.83671947e-02
    outer loop
      vertex 6.37988106e-03 3.94298334e-03 0.00000000e+00
      vertex 6.84736870e-03 2.99705289e-03 -6.17426850e-04
      vertex 6.30133414e-03 3.89443867e-03 -1.17325849e-03
    endloop
  endfacet
  facet normal 9.22797371e-01 3.50587076e-01 -1.59792724e-01
    outer loop
      vertex 7.13292387e-03 1.97149167e-03 -1.21844886e-03
      vertex 6.68254893e-03 2.89640539e-03 -1.79007698e-03
      vertex 6.84736870e-03 2.99705289e-03 -6.17426850e-04
    endloop
  endfacet
  facet normal 8.84358483e-01 4.37841600e-01 -1.61878990e-01
    outer loop
      vertex 6.30133414e-03 3.89443867e-03 -1.17325849e-03
      vertex 6.84736870e-03 2.99705289e-03 -6.17426850e-04
      vertex 6.68254893e-03 2.89640539e-03 -1.79007698e-03
    endloop
  endfacet
  facet normal 8.51639515e-01 4.69405196e-01 2.33171395e-01
    outer loop
      vertex 6.06762746e-03 3.75000000e-03 2.31762746e-03
      vertex 6.68254893e-03 2.89640539e-03 1.79007698e-03
      vertex 6.30133414e-03 3.89443867e-03 1.17325849e-03
    endloop
  endfacet
  facet normal 9.22797371e-01 3.50587076e-01 1.59792724e-01
    outer loop
      vertex 7.13292387e-03 1.97149167e-03 1.21844886e-03
      vertex 6.84736870e-03 2.99705289e-03 6.17426850e-04
      vertex 6.68254893e-03 2.89640539e-03 1.79007698e-03
    endloop
  endfacet
  facet normal 8.72473626e-01 4.82336350e-01 7.83671947e-02
    outer loop
      vertex 6.37988106e-03 3.94298334e-03 0.00000000e+00
      vertex 6.30133414e-03 3.89443867e-03 1.17325849e-03
      vertex 6.84736870e-03 2.99705289e-03 6.17426850e-04
    endloop
  endfacet
  facet normal 8.84358483e-01 4.37841600e-01 1.61878990e-01
    outer loop
      vertex 6.68254893e-03 2.89640539e-03 1.79007698e-03
      vertex 6.84736870e-03 2.99705289e-03 6.17426850e-04
      vertex 6.30133414e-03 3.89443867e-03 1.17325849e-03
    endloop
  endfacet
  facet normal 9.46806803e-01 3.11335293e-01 -8.14076995e-02
    outer loop
      vertex 7.13292387e-03 1.97149167e-03 -1.21844886e-03
      vertex 6.84736870e-03 2.99705289e-03 -6.17426850e-04
      vertex 7.22895948e-03 1.99803526e-03 0.00000000e+00
    endloop
  endfacet
  facet normal 8.96494078e-01 4.43055717e-01 0.00000000e+00
    outer loop
      vertex 6.37988106e-03 3.94298334e-03 0.00000000e+00
      vertex 6.84736870e-03 2.99705289e-03 6.17426850e-04
      vertex 6.84736870e-03 2.99705289e-03 -6.17426850e-04
    endloop
  endfacet
  facet normal 9.46806803e-01 3.11335293e-01 8.14076995e-02
    outer loop
      vertex 7.13292387e-03 1.97149167e-03 1.21844886e-03
      vertex 7.22895948e-03 1.99803526e-03 0.00000000e+00
      vertex 6.84736870e-03 2.99705289e-03 6.17426850e-04
    endloop
  endfacet
  facet normal 9.34172359e-01 3.56822090e-01 -0.00000000e+00
    outer loop
      vertex 6.84736870e-03 2.99705289e-03 -6.17426850e-04
      vertex 6.84736870e-03 2.99705289e-03 6.17426850e-04
      vertex 7.22895948e-03 1.99803526e-03 0.00000000e+00
    endloop
  endfacet
endsolid sphere
