(
    (0.0 (0.075 -0.009333333333333334 0.0))
    (0.001000250062515629 (0.075 -0.009333333333333334 0.0))
    (0.002000500125031258 (0.075 -0.009333333333333334 0.0))
    (0.003000750187546887 (0.075 -0.009333333333333334 0.0))
    (0.004001000250062516 (0.075 -0.009333333333333334 0.0))
    (0.005001250312578145 (0.075 -0.009333333333333334 0.0))
    (0.006001500375093774 (0.075 -0.009333333333333334 0.0))
    (0.007001750437609403 (0.075 -0.009333333333333334 0.0))
    (0.008002000500125032 (0.075 -0.009333333333333334 0.0))
    (0.009002250562640661 (0.075 -0.009333333333333334 0.0))
    (0.01000250062515629 (0.075 -0.009333333333333334 0.0))
    (0.01100275068767192 (0.075 -0.009333333333333334 0.0))
    (0.012003000750187547 (0.075 -0.009333333333333334 0.0))
    (0.013003250812703177 (0.075 -0.009333333333333334 0.0))
    (0.014003500875218806 (0.075 -0.009333333333333334 0.0))
    (0.015003750937734435 (0.075 -0.009333333333333334 0.0))
    (0.016004001000250064 (0.075 -0.009333333333333334 0.0))
    (0.017004251062765693 (0.075 -0.009333333333333334 0.0))
    (0.018004501125281323 (0.075 -0.009333333333333334 0.0))
    (0.019004751187796952 (0.075 -0.009333333333333334 0.0))
    (0.02000500125031258 (0.075 -0.009333333333333334 0.0))
    (0.02100525131282821 (0.075 -0.009333333333333334 0.0))
    (0.02200550137534384 (0.075 -0.009333333333333334 0.0))
    (0.02300575143785947 (0.075 -0.009333333333333334 0.0))
    (0.024006001500375095 (0.075 -0.009333333333333334 0.0))
    (0.025006251562890724 (0.075 -0.009333333333333334 0.0))
    (0.026006501625406353 (0.075 -0.009333333333333334 0.0))
    (0.027006751687921982 (0.075 -0.009333333333333334 0.0))
    (0.02800700175043761 (0.075 -0.009333333333333334 0.0))
    (0.02900725181295324 (0.075 -0.009333333333333334 0.0))
    (0.03000750187546887 (0.075 -0.009333333333333334 0.0))
    (0.0310077519379845 (0.075 -0.009333333333333334 0.0))
    (0.03200800200050013 (0.075 -0.009333333333333334 0.0))
    (0.033008252063015754 (0.075 -0.009333333333333334 0.0))
    (0.03400850212553139 (0.075 -0.009333333333333334 0.0))
    (0.03500875218804701 (0.075 -0.009333333333333334 0.0))
    (0.036009002250562645 (0.075 -0.009333333333333334 0.0))
    (0.03700925231307827 (0.075 -0.009333333333333334 0.0))
    (0.038009502375593904 (0.075 -0.009333333333333334 0.0))
    (0.03900975243810953 (0.075 -0.009333333333333334 0.0))
    (0.04001000250062516 (0.075 -0.009333333333333334 0.0))
    (0.04101025256314079 (0.075 -0.009333333333333334 0.0))
    (0.04201050262565642 (0.075 -0.009333333333333334 0.0))
    (0.043010752688172046 (0.075 -0.009333333333333334 0.0))
    (0.04401100275068768 (0.075 -0.009333333333333334 0.0))
    (0.045011252813203305 (0.075 -0.009333333333333334 0.0))
    (0.04601150287571894 (0.075 -0.009333333333333334 0.0))
    (0.04701175293823456 (0.075 -0.009333333333333334 0.0))
    (0.04801200300075019 (0.075 -0.009333333333333334 0.0))
    (0.04901225306326582 (0.075 -0.009333333333333334 0.0))
    (0.05001250312578145 (0.075 -0.009333333333333334 0.0))
    (0.05101275318829708 (0.075 -0.009333333333333334 0.0))
    (0.052013003250812706 (0.075 -0.009333333333333334 0.0))
    (0.05301325331332834 (0.075 -0.009333333333333334 0.0))
    (0.054013503375843964 (0.075 -0.009333333333333334 0.0))
    (0.0550137534383596 (0.075 -0.009333333333333334 0.0))
    (0.05601400350087522 (0.075 -0.009333333333333334 0.0))
    (0.057014253563390856 (0.075 -0.009333333333333334 0.0))
    (0.05801450362590648 (0.075 -0.009333333333333334 0.0))
    (0.059014753688422114 (0.075 -0.009333333333333334 0.0))
    (0.06001500375093774 (0.075 -0.009333333333333334 0.0))
    (0.06101525381345337 (0.075 -0.009333333333333334 0.0))
    (0.062015503875969 (0.075 -0.009333333333333334 0.0))
    (0.06301575393848463 (0.075 -0.009333333333333334 0.0))
    (0.06401600400100026 (0.075 -0.009333333333333334 0.0))
    (0.06501625406351588 (0.075 -0.009333333333333334 0.0))
    (0.06601650412603151 (0.075 -0.009333333333333334 0.0))
    (0.06701675418854715 (0.075 -0.009333333333333334 0.0))
    (0.06801700425106277 (0.075 -0.009333333333333334 0.0))
    (0.0690172543135784 (0.075 -0.009333333333333334 0.0))
    (0.07001750437609403 (0.075 -0.009333333333333334 0.0))
    (0.07101775443860966 (0.075 -0.009333333333333334 0.0))
    (0.07201800450112529 (0.075 -0.009333333333333334 0.0))
    (0.07301825456364092 (0.075 -0.009333333333333334 0.0))
    (0.07401850462615654 (0.075 -0.009333333333333334 0.0))
    (0.07501875468867218 (0.075 -0.009333333333333334 0.0))
    (0.07601900475118781 (0.075 -0.009333333333333334 0.0))
    (0.07701925481370343 (0.075 -0.009333333333333334 0.0))
    (0.07801950487621906 (0.075 -0.009333333333333334 0.0))
    (0.0790197549387347 (0.075 -0.009333333333333334 0.0))
    (0.08002000500125032 (0.075 -0.009333333333333334 0.0))
    (0.08102025506376595 (0.075 -0.009333333333333334 0.0))
    (0.08202050512628158 (0.075 -0.009333333333333334 0.0))
    (0.0830207551887972 (0.075 -0.009333333333333334 0.0))
    (0.08402100525131284 (0.075 -0.009333333333333334 0.0))
    (0.08502125531382847 (0.075 -0.009333333333333334 0.0))
    (0.08602150537634409 (0.075 -0.009333333333333334 0.0))
    (0.08702175543885972 (0.075 -0.009333333333333334 0.0))
    (0.08802200550137536 (0.075 -0.009333333333333334 0.0))
    (0.08902225556389098 (0.075 -0.009333333333333334 0.0))
    (0.09002250562640661 (0.075 -0.009333333333333334 0.0))
    (0.09102275568892224 (0.075 -0.009333333333333334 0.0))
    (0.09202300575143788 (0.075 -0.009333333333333334 0.0))
    (0.0930232558139535 (0.075 -0.009333333333333334 0.0))
    (0.09402350587646913 (0.075 -0.009333333333333334 0.0))
    (0.09502375593898475 (0.075 -0.009333333333333334 0.0))
    (0.09602400600150038 (0.075 -0.009333333333333334 0.0))
    (0.09702425606401602 (0.075 -0.009333333333333334 0.0))
    (0.09802450612653164 (0.075 -0.009333333333333334 0.0))
    (0.09902475618904727 (0.075 -0.009333333333333334 0.0))
    (0.1000250062515629 (0.075 -0.009333333333333334 0.0))
    (0.10102525631407853 (0.075 -0.009333333333333334 0.0))
    (0.10202550637659416 (0.075 -0.009333333333333334 0.0))
    (0.10302575643910979 (0.075 -0.009333333333333334 0.0))
    (0.10402600650162541 (0.075 -0.009333333333333334 0.0))
    (0.10502625656414105 (0.075 -0.009333333333333334 0.0))
    (0.10602650662665668 (0.075 -0.009333333333333334 0.0))
    (0.1070267566891723 (0.075 -0.009333333333333334 0.0))
    (0.10802700675168793 (0.075 -0.009395057738451784 0.0))
    (0.10902725681420357 (0.075 -0.009464880710130607 0.0))
    (0.1100275068767192 (0.075 -0.009534689248941694 0.0))
    (0.11102775693923482 (0.075 -0.009604475695763046 0.0))
    (0.11202800700175045 (0.075 -0.009674232393896512 0.0))
    (0.11302825706426607 (0.075 -0.009743951689907852 0.0))
    (0.11402850712678171 (0.075 -0.00981362593446644 0.0))
    (0.11502875718929734 (0.075 -0.009883247483184521 0.0))
    (0.11602900725181296 (0.075 -0.009952808697455927 0.0))
    (0.11702925731432859 (0.075 -0.010022301945294144 0.0))
    (0.11802950737684423 (0.075 -0.01009171960216968 0.0))
    (0.11902975743935985 (0.075 -0.01016105405184658 0.0))
    (0.12003000750187548 (0.075 -0.01023029768721807 0.0))
    (0.1210302575643911 (0.075 -0.010299442911141163 0.0))
    (0.12203050762690675 (0.075 -0.010368482137270197 0.0))
    (0.12303075768942237 (0.075 -0.010437407790889173 0.0))
    (0.124031007751938 (0.075 -0.010506212309742831 0.0))
    (0.12503125781445362 (0.075 -0.010574888144866347 0.0))
    (0.12603150787696926 (0.075 -0.010643427761413577 0.0))
    (0.12703175793948487 (0.075 -0.010711823639483744 0.0))
    (0.1280320080020005 (0.075 -0.010780068274946512 0.0))
    (0.12903225806451615 (0.075 -0.010848154180265284 0.0))
    (0.13003250812703177 (0.075 -0.010916073885318721 0.0))
    (0.1310327581895474 (0.075 -0.010983819938220342 0.0))
    (0.13203300825206302 (0.075 -0.011051384906136096 0.0))
    (0.13303325831457866 (0.075 -0.011118761376099877 0.0))
    (0.1340335083770943 (0.075 -0.011185941955826841 0.0))
    (0.1350337584396099 (0.075 -0.011252919274524466 0.0))
    (0.13603400850212555 (0.075 -0.011319685983701238 0.0))
    (0.1370342585646412 (0.075 -0.0113862347579729 0.0))
    (0.1380345086271568 (0.075 -0.01145255829586617 0.0))
    (0.13903475868967244 (0.075 -0.01151864932061983 0.0))
    (0.14003500875218805 (0.075 -0.011584500580983096 0.0))
    (0.1410352588147037 (0.075 -0.011650104852011206 0.0))
    (0.14203550887721933 (0.075 -0.01171545493585811 0.0))
    (0.14303575893973494 (0.075 -0.011780543662566182 0.0))
    (0.14403600900225058 (0.075 -0.0118453638908529 0.0))
    (0.1450362590647662 (0.075 -0.011909908508894335 0.0))
    (0.14603650912728183 (0.075 -0.011974170435105453 0.0))
    (0.14703675918979747 (0.075 -0.012038142618917065 0.0))
    (0.14803700925231308 (0.075 -0.012101818041549396 0.0))
    (0.14903725931482872 (0.075 -0.012165189716782156 0.0))
    (0.15003750937734436 (0.075 -0.012228250691721041 0.0))
    (0.15103775943985998 (0.075 -0.012290994047560578 0.0))
    (0.15203800950237562 (0.075 -0.012353412900343232 0.0))
    (0.15303825956489123 (0.075 -0.012415500401714671 0.0))
    (0.15403850962740687 (0.075 -0.012477249739675176 0.0))
    (0.1550387596899225 (0.075 -0.012538654139326987 0.0))
    (0.15603900975243812 (0.075 -0.012599706863617643 0.0))
    (0.15703925981495376 (0.075 -0.012660401214079143 0.0))
    (0.1580395098774694 (0.075 -0.012720730531562864 0.0))
    (0.159039759939985 (0.075 -0.012780688196970189 0.0))
    (0.16004001000250065 (0.075 -0.012840267631978727 0.0))
    (0.16104026006501626 (0.075 -0.012899462299764056 0.0))
    (0.1620405101275319 (0.075 -0.012958265705716919 0.0))
    (0.16304076019004754 (0.075 -0.013016671398155794 0.0))
    (0.16404101025256315 (0.075 -0.013074672969034735 0.0))
    (0.1650412603150788 (0.075 -0.013132264054646455 0.0))
    (0.1660415103775944 (0.075 -0.01318943833632051 0.0))
    (0.16704176044011004 (0.075 -0.01324618954111657 0.0))
    (0.16804201050262568 (0.075 -0.013302511442512658 0.0))
    (0.1690422605651413 (0.075 -0.013358397861088299 0.0))
    (0.17004251062765693 (0.075 -0.013413842665202506 0.0))
    (0.17104276069017257 (0.075 -0.013468839771666515 0.0))
    (0.17204301075268819 (0.075 -0.01352338314641121 0.0))
    (0.17304326081520383 (0.075 -0.013577466805149159 0.0))
    (0.17404351087771944 (0.075 -0.013631084814031188 0.0))
    (0.17504376094023508 (0.075 -0.013684231290297423 0.0))
    (0.17604401100275072 (0.075 -0.013736900402922705 0.0))
    (0.17704426106526633 (0.075 -0.013789086373256376 0.0))
    (0.17804451112778197 (0.075 -0.013840783475656267 0.0))
    (0.17904476119029758 (0.075 -0.013891986038116902 0.0))
    (0.18004501125281322 (0.075 -0.013942688442891815 0.0))
    (0.18104526131532886 (0.075 -0.013992885127109896 0.0))
    (0.18204551137784447 (0.075 -0.014042570583385726 0.0))
    (0.1830457614403601 (0.075 -0.014091739360423844 0.0))
    (0.18404601150287575 (0.075 -0.01414038606361682 0.0))
    (0.18504626156539136 (0.075 -0.014188505355637147 0.0))
    (0.186046511627907 (0.075 -0.014236091957022821 0.0))
    (0.1870467616904226 (0.075 -0.014283140646756592 0.0))
    (0.18804701175293825 (0.075 -0.014329646262838785 0.0))
    (0.1890472618154539 (0.075 -0.014375603702853661 0.0))
    (0.1900475118779695 (0.075 -0.014421007924529229 0.0))
    (0.19104776194048514 (0.075 -0.014465853946290472 0.0))
    (0.19204801200300076 (0.075 -0.014510136847805898 0.0))
    (0.1930482620655164 (0.075 -0.014553851770527388 0.0))
    (0.19404851212803204 (0.075 -0.014596993918223245 0.0))
    (0.19504876219054765 (0.075 -0.01463955855750443 0.0))
    (0.1960490122530633 (0.075 -0.014681541018343888 0.0))
    (0.19704926231557893 (0.075 -0.01472293669458892 0.0))
    (0.19804951237809454 (0.075 -0.014763741044466552 0.0))
    (0.19904976244061018 (0.075 -0.01480394959108186 0.0))
    (0.2000500125031258 (0.075 -0.014843557922909121 0.0))
    (0.20105026256564143 (0.075 -0.014882561694275868 0.0))
    (0.20205051262815707 (0.075 -0.01492095662583965 0.0))
    (0.20305076269067268 (0.075 -0.014958738505057561 0.0))
    (0.20405101275318832 (0.075 -0.014995903186648417 0.0))
    (0.20505126281570396 (0.075 -0.01503244659304757 0.0))
    (0.20605151287821957 (0.075 -0.015068364714854265 0.0))
    (0.2070517629407352 (0.075 -0.015103653611271554 0.0))
    (0.20805201300325082 (0.075 -0.015138309410538654 0.0))
    (0.20905226306576646 (0.075 -0.015172328310355743 0.0))
    (0.2100525131282821 (0.075 -0.015205706578301142 0.0))
    (0.21105276319079772 (0.075 -0.015238440552240808 0.0))
    (0.21205301325331335 (0.075 -0.015270526640730135 0.0))
    (0.21305326331582897 (0.075 -0.015301961323408005 0.0))
    (0.2140535133783446 (0.075 -0.015332741151383007 0.0))
    (0.21505376344086025 (0.075 -0.015362862747611852 0.0))
    (0.21605401350337586 (0.075 -0.015392322807269885 0.0))
    (0.2170542635658915 (0.075 -0.015421118098113674 0.0))
    (0.21805451362840714 (0.075 -0.01544924546083564 0.0))
    (0.21905476369092275 (0.075 -0.01547670180941069 0.0))
    (0.2200550137534384 (0.075 -0.015503484131434802 0.0))
    (0.221055263815954 (0.075 -0.015529589488455522 0.0))
    (0.22205551387846964 (0.075 -0.015555015016294376 0.0))
    (0.22305576394098528 (0.075 -0.01557975792536111 0.0))
    (0.2240560140035009 (0.075 -0.015603815500959753 0.0))
    (0.22505626406601653 (0.075 -0.01562718510358646 0.0))
    (0.22605651412853214 (0.075 -0.01564986416921911 0.0))
    (0.22705676419104778 (0.075 -0.015671850209598628 0.0))
    (0.22805701425356342 (0.075 -0.015693140812501973 0.0))
    (0.22905726431607903 (0.075 -0.01571373364200681 0.0))
    (0.23005751437859467 (0.075 -0.015733626438747796 0.0))
    (0.2310577644411103 (0.075 -0.01575281702016446 0.0))
    (0.23205801450362593 (0.075 -0.01577130328074067 0.0))
    (0.23305826456614157 (0.075 -0.015789083192235657 0.0))
    (0.23405851462865718 (0.075 -0.01580615480390652 0.0))
    (0.23505876469117282 (0.075 -0.015822516242722268 0.0))
    (0.23605901475368846 (0.075 -0.015838165713569323 0.0))
    (0.23705926481620407 (0.075 -0.01585310149944847 0.0))
    (0.2380595148787197 (0.075 -0.015867321961663235 0.0))
    (0.23905976494123535 (0.075 -0.015880825539999685 0.0))
    (0.24006001500375096 (0.075 -0.015893610752897608 0.0))
    (0.2410602650662666 (0.075 -0.015905676197613048 0.0))
    (0.2420605151287822 (0.075 -0.01591702055037223 0.0))
    (0.24306076519129785 (0.075 -0.015927642566516798 0.0))
    (0.2440610152538135 (0.075 -0.015937541080640345 0.0))
    (0.2450612653163291 (0.075 -0.015946715006716315 0.0))
    (0.24606151537884474 (0.075 -0.015955163338217143 0.0))
    (0.24706176544136035 (0.075 -0.01596288514822467 0.0))
    (0.248062015503876 (0.075 -0.01596987958953187 0.0))
    (0.24906226556639163 (0.075 -0.015976145894735786 0.0))
    (0.25006251562890724 (0.075 -0.01598168337632172 0.0))
    (0.2510627656914229 (0.075 -0.015986491426738685 0.0))
    (0.2520630157539385 (0.075 -0.015990569518466037 0.0))
    (0.25306326581645416 (0.075 -0.015993917204071388 0.0))
    (0.25406351587896975 (0.075 -0.015996534116259658 0.0))
    (0.2550637659414854 (0.075 -0.015998419967913395 0.0))
    (0.256064016004001 (0.075 -0.015999574552124276 0.0))
    (0.25706426606651667 (0.075 -0.015999997742215798 0.0))
    (0.2580645161290323 (0.075 -0.015999689491757188 0.0))
    (0.2590647661915479 (0.075 -0.01599864983456849 0.0))
    (0.26006501625406353 (0.075 -0.01599687888471686 0.0))
    (0.26106526631657917 (0.075 -0.015994376836504037 0.0))
    (0.2620655163790948 (0.075 -0.01599114396444505 0.0))
    (0.26306576644161045 (0.075 -0.015987180623238072 0.0))
    (0.26406601650412603 (0.075 -0.01598248724772552 0.0))
    (0.2650662665666417 (0.075 -0.01597706435284635 0.0))
    (0.2660665166291573 (0.075 -0.015970912533579535 0.0))
    (0.26706676669167295 (0.075 -0.015964032464878822 0.0))
    (0.2680670167541886 (0.075 -0.01595642490159865 0.0))
    (0.26906726681670423 (0.075 -0.015948090678411343 0.0))
    (0.2700675168792198 (0.075 -0.01593903070971553 0.0))
    (0.27106776694173546 (0.075 -0.015929245989535816 0.0))
    (0.2720680170042511 (0.075 -0.015918737591413733 0.0))
    (0.27306826706676673 (0.075 -0.015907506668289953 0.0))
    (0.2740685171292824 (0.075 -0.015895554452377773 0.0))
    (0.27506876719179796 (0.075 -0.015882882255027955 0.0))
    (0.2760690172543136 (0.075 -0.01586949146658481 0.0))
    (0.27706926731682924 (0.075 -0.015855383556233688 0.0))
    (0.2780695173793449 (0.075 -0.01584056007183977 0.0))
    (0.2790697674418605 (0.075 -0.015825022639778245 0.0))
    (0.2800700175043761 (0.075 -0.01580877296475587 0.0))
    (0.28107026756689174 (0.075 -0.01579181282962393 0.0))
    (0.2820705176294074 (0.075 -0.015774144095182643 0.0))
    (0.283070767691923 (0.075 -0.015755768699976996 0.0))
    (0.28407101775443866 (0.075 -0.01573668866008404 0.0))
    (0.28507126781695424 (0.075 -0.01571690606889172 0.0))
    (0.2860715178794699 (0.075 -0.01569642309686918 0.0))
    (0.2870717679419855 (0.075 -0.015675241991328626 0.0))
    (0.28807201800450116 (0.075 -0.01565336507617877 0.0))
    (0.2890722680670168 (0.075 -0.015630794751669855 0.0))
    (0.2900725181295324 (0.075 -0.015607533494130304 0.0))
    (0.291072768192048 (0.075 -0.015583583855695032 0.0))
    (0.29207301825456367 (0.075 -0.015558948464025439 0.0))
    (0.2930732683170793 (0.075 -0.0155336300220211 0.0))
    (0.29407351837959494 (0.075 -0.015507631307523233 0.0))
    (0.2950737684421106 (0.075 -0.01548095517300991 0.0))
    (0.29607401850462617 (0.075 -0.015453604545283096 0.0))
    (0.2970742685671418 (0.075 -0.015425582425147535 0.0))
    (0.29807451862965745 (0.075 -0.015396891887081512 0.0))
    (0.2990747686921731 (0.075 -0.015367536078899537 0.0))
    (0.3000750187546887 (0.075 -0.015337518221406976 0.0))
    (0.3010752688172043 (0.075 -0.015306841608046674 0.0))
    (0.30207551887971995 (0.075 -0.015275509604537607 0.0))
    (0.3030757689422356 (0.075 -0.015243525648505628 0.0))
    (0.30407601900475123 (0.075 -0.015210893249106284 0.0))
    (0.30507626906726687 (0.075 -0.01517761598663981 0.0))
    (0.30607651912978245 (0.075 -0.015143697512158322 0.0))
    (0.3070767691922981 (0.075 -0.015109141547065223 0.0))
    (0.30807701925481373 (0.075 -0.015073951882706911 0.0))
    (0.3090772693173294 (0.075 -0.015038132379956819 0.0))
    (0.310077519379845 (0.075 -0.01500168696879179 0.0))
    (0.3110777694423606 (0.075 -0.014964619647860927 0.0))
    (0.31207801950487624 (0.075 -0.01492693448404684 0.0))
    (0.3130782695673919 (0.075 -0.014888635612019474 0.0))
    (0.3140785196299075 (0.075 -0.01484972723378246 0.0))
    (0.31507876969242316 (0.075 -0.014810213618212078 0.0))
    (0.3160790197549388 (0.075 -0.014770099100588902 0.0))
    (0.3170792698174544 (0.075 -0.014729388082122152 0.0))
    (0.31807951987997 (0.075 -0.014688085029466799 0.0))
    (0.31907976994248566 (0.075 -0.014646194474233511 0.0))
    (0.3200800200050013 (0.075 -0.01460372101249146 0.0))
    (0.32108027006751694 (0.075 -0.014560669304264058 0.0))
    (0.3220805201300325 (0.075 -0.014517044073017682 0.0))
    (0.32308077019254816 (0.075 -0.014472850105143415 0.0))
    (0.3240810202550638 (0.075 -0.01442809224943193 0.0))
    (0.32508127031757944 (0.075 -0.014382775416541482 0.0))
    (0.3260815203800951 (0.075 -0.014336904578459129 0.0))
    (0.32708177044261066 (0.075 -0.014290484767955237 0.0))
    (0.3280820205051263 (0.075 -0.014243521078031283 0.0))
    (0.32908227056764194 (0.075 -0.014196018661361094 0.0))
    (0.3300825206301576 (0.075 -0.014147982729725506 0.0))
    (0.3310827706926732 (0.075 -0.014099418553440535 0.0))
    (0.3320830207551888 (0.075 -0.014050331460779171 0.0))
    (0.33308327081770445 (0.075 -0.014000726837386738 0.0))
    (0.3340835208802201 (0.075 -0.01395061012569003 0.0))
    (0.3350837709427357 (0.075 -0.013899986824300194 0.0))
    (0.33608402100525137 (0.075 -0.013848862487409415 0.0))
    (0.33708427106776695 (0.075 -0.01379724272418157 0.0))
    (0.3380845211302826 (0.075 -0.013745133198136764 0.0))
    (0.33908477119279823 (0.075 -0.013692539626530002 0.0))
    (0.34008502125531387 (0.075 -0.013639467779723878 0.0))
    (0.3410852713178295 (0.075 -0.01358592348055549 0.0))
    (0.34208552138034515 (0.075 -0.013531912603697571 0.0))
    (0.34308577144286073 (0.075 -0.013477441075013951 0.0))
    (0.34408602150537637 (0.075 -0.013422514870909391 0.0))
    (0.345086271567892 (0.075 -0.013367140017673872 0.0))
    (0.34608652163040765 (0.075 -0.01331132259082142 0.0))
    (0.3470867716929233 (0.075 -0.013255068714423519 0.0))
    (0.3480870217554389 (0.075 -0.013198384560437208 0.0))
    (0.3490872718179545 (0.075 -0.013141276348027902 0.0))
    (0.35008752188047015 (0.075 -0.013083750342887073 0.0))
    (0.3510877719429858 (0.075 -0.013025812856544786 0.0))
    (0.35208802200550143 (0.075 -0.012967470245677223 0.0))
    (0.353088272068017 (0.075 -0.012908728911409267 0.0))
    (0.35408852213053266 (0.075 -0.012849595298612172 0.0))
    (0.3550887721930483 (0.075 -0.012790075895196476 0.0))
    (0.35608902225556394 (0.075 -0.012730177231400172 0.0))
    (0.3570892723180796 (0.075 -0.012669905879072222 0.0))
    (0.35808952238059516 (0.075 -0.012609268450951536 0.0))
    (0.3590897724431108 (0.075 -0.01254827159994143 0.0))
    (0.36009002250562644 (0.075 -0.012486922018379707 0.0))
    (0.3610902725681421 (0.075 -0.012425226437304406 0.0))
    (0.3620905226306577 (0.075 -0.012363191625715279 0.0))
    (0.36309077269317336 (0.075 -0.012300824389831141 0.0))
    (0.36409102275568894 (0.075 -0.01223813157234311 0.0))
    (0.3650912728182046 (0.075 -0.01217512005166385 0.0))
    (0.3660915228807202 (0.075 -0.012111796741172902 0.0))
    (0.36709177294323586 (0.075 -0.012048168588458183 0.0))
    (0.3680920230057515 (0.075 -0.011984242574553708 0.0))
    (0.3690922730682671 (0.075 -0.011920025713173674 0.0))
    (0.3700925231307827 (0.075 -0.011855525049942923 0.0))
    (0.37109277319329836 (0.075 -0.011790747661623944 0.0))
    (0.372093023255814 (0.075 -0.011725700655340426 0.0))
    (0.37309327331832964 (0.075 -0.011660391167797494 0.0))
    (0.3740935233808452 (0.075 -0.011594826364498705 0.0))
    (0.37509377344336087 (0.075 -0.011529013438959857 0.0))
    (0.3760940235058765 (0.075 -0.011462959611919767 0.0))
    (0.37709427356839215 (0.075 -0.011396672130548027 0.0))
    (0.3780945236309078 (0.075 -0.011330158267649878 0.0))
    (0.37909477369342337 (0.075 -0.011263425320868267 0.0))
    (0.380095023755939 (0.075 -0.011196480611883159 0.0))
    (0.38109527381845465 (0.075 -0.01112933148560826 0.0))
    (0.3820955238809703 (0.075 -0.011061985309385148 0.0))
    (0.38309577394348593 (0.075 -0.01099444947217495 0.0))
    (0.3840960240060015 (0.075 -0.010926731383747671 0.0))
    (0.38509627406851715 (0.075 -0.010858838473869193 0.0))
    (0.3860965241310328 (0.075 -0.01079077819148615 0.0))
    (0.38709677419354843 (0.075 -0.010722558003908627 0.0))
    (0.38809702425606407 (0.075 -0.01065418539599089 0.0))
    (0.3890972743185797 (0.075 -0.010585667869310169 0.0))
    (0.3900975243810953 (0.075 -0.010517012941343627 0.0))
    (0.39109777444361093 (0.075 -0.010448228144643551 0.0))
    (0.3920980245061266 (0.075 -0.010379321026010928 0.0))
    (0.3930982745686422 (0.075 -0.010310299145667437 0.0))
    (0.39409852463115785 (0.075 -0.010241170076425957 0.0))
    (0.39509877469367344 (0.075 -0.010171941402859729 0.0))
    (0.3960990247561891 (0.075 -0.010102620720470181 0.0))
    (0.3970992748187047 (0.075 -0.010033215634853597 0.0))
    (0.39809952488122036 (0.075 -0.009963733760866662 0.0))
    (0.399099774943736 (0.075 -0.009894182721790972 0.0))
    (0.4001000250062516 (0.075 -0.009824570148496664 0.0))
    (0.4011002750687672 (0.075 -0.00975490367860515 0.0))
    (0.40210052513128286 (0.075 -0.00968519095565118 0.0))
    (0.4031007751937985 (0.075 -0.009615439628244212 0.0))
    (0.40410102525631414 (0.075 -0.009545657349229228 0.0))
    (0.4051012753188297 (0.075 -0.00947585177484711 0.0))
    (0.40610152538134536 (0.075 -0.009406030563894602 0.0))
    (0.407101775443861 (0.075 -0.009336201376884049 0.0))
    (0.40810202550637664 (0.075 -0.009333333333333334 0.0))
    (0.4091022755688923 (0.075 -0.009333333333333334 0.0))
    (0.4101025256314079 (0.075 -0.009333333333333334 0.0))
    (0.4111027756939235 (0.075 -0.009333333333333334 0.0))
    (0.41210302575643915 (0.075 -0.009333333333333334 0.0))
    (0.4131032758189548 (0.075 -0.009333333333333334 0.0))
    (0.4141035258814704 (0.075 -0.009333333333333334 0.0))
    (0.41510377594398606 (0.075 -0.009333333333333334 0.0))
    (0.41610402600650165 (0.075 -0.009333333333333334 0.0))
    (0.4171042760690173 (0.075 -0.009333333333333334 0.0))
    (0.4181045261315329 (0.075 -0.009333333333333334 0.0))
    (0.41910477619404857 (0.075 -0.009333333333333334 0.0))
    (0.4201050262565642 (0.075 -0.009333333333333334 0.0))
    (0.4211052763190798 (0.075 -0.009333333333333334 0.0))
    (0.42210552638159543 (0.075 -0.009333333333333334 0.0))
    (0.42310577644411107 (0.075 -0.009333333333333334 0.0))
    (0.4241060265066267 (0.075 -0.009333333333333334 0.0))
    (0.42510627656914235 (0.075 -0.009333333333333334 0.0))
    (0.42610652663165793 (0.075 -0.009333333333333334 0.0))
    (0.4271067766941736 (0.075 -0.009333333333333334 0.0))
    (0.4281070267566892 (0.075 -0.009333333333333334 0.0))
    (0.42910727681920485 (0.075 -0.009333333333333334 0.0))
    (0.4301075268817205 (0.075 -0.009333333333333334 0.0))
    (0.43110777694423613 (0.075 -0.009333333333333334 0.0))
    (0.4321080270067517 (0.075 -0.009333333333333334 0.0))
    (0.43310827706926736 (0.075 -0.009333333333333334 0.0))
    (0.434108527131783 (0.075 -0.009333333333333334 0.0))
    (0.43510877719429863 (0.075 -0.009333333333333334 0.0))
    (0.4361090272568143 (0.075 -0.009333333333333334 0.0))
    (0.43710927731932986 (0.075 -0.009333333333333334 0.0))
    (0.4381095273818455 (0.075 -0.009333333333333334 0.0))
    (0.43910977744436114 (0.075 -0.009333333333333334 0.0))
    (0.4401100275068768 (0.075 -0.009333333333333334 0.0))
    (0.4411102775693924 (0.075 -0.009333333333333334 0.0))
    (0.442110527631908 (0.075 -0.009333333333333334 0.0))
    (0.44311077769442364 (0.075 -0.009333333333333334 0.0))
    (0.4441110277569393 (0.075 -0.009333333333333334 0.0))
    (0.4451112778194549 (0.075 -0.009333333333333334 0.0))
    (0.44611152788197056 (0.075 -0.009333333333333334 0.0))
    (0.44711177794448614 (0.075 -0.009333333333333334 0.0))
    (0.4481120280070018 (0.075 -0.009333333333333334 0.0))
    (0.4491122780695174 (0.075 -0.009333333333333334 0.0))
    (0.45011252813203306 (0.075 -0.009333333333333334 0.0))
    (0.4511127781945487 (0.075 -0.009333333333333334 0.0))
    (0.4521130282570643 (0.075 -0.009333333333333334 0.0))
    (0.4531132783195799 (0.075 -0.009333333333333334 0.0))
    (0.45411352838209557 (0.075 -0.009333333333333334 0.0))
    (0.4551137784446112 (0.075 -0.009333333333333334 0.0))
    (0.45611402850712685 (0.075 -0.009333333333333334 0.0))
    (0.4571142785696425 (0.075 -0.009333333333333334 0.0))
    (0.45811452863215807 (0.075 -0.009333333333333334 0.0))
    (0.4591147786946737 (0.075 -0.009333333333333334 0.0))
    (0.46011502875718935 (0.075 -0.009333333333333334 0.0))
    (0.461115278819705 (0.075 -0.009333333333333334 0.0))
    (0.4621155288822206 (0.075 -0.009333333333333334 0.0))
    (0.4631157789447362 (0.075 -0.009333333333333334 0.0))
    (0.46411602900725185 (0.075 -0.009333333333333334 0.0))
    (0.4651162790697675 (0.075 -0.009333333333333334 0.0))
    (0.46611652913228313 (0.075 -0.009333333333333334 0.0))
    (0.46711677919479877 (0.075 -0.009333333333333334 0.0))
    (0.46811702925731435 (0.075 -0.009333333333333334 0.0))
    (0.46911727931983 (0.075 -0.009333333333333334 0.0))
    (0.47011752938234563 (0.075 -0.009333333333333334 0.0))
    (0.4711177794448613 (0.075 -0.009333333333333334 0.0))
    (0.4721180295073769 (0.075 -0.009333333333333334 0.0))
    (0.4731182795698925 (0.075 -0.009333333333333334 0.0))
    (0.47411852963240814 (0.075 -0.009333333333333334 0.0))
    (0.4751187796949238 (0.075 -0.009333333333333334 0.0))
    (0.4761190297574394 (0.075 -0.009333333333333334 0.0))
    (0.47711927981995506 (0.075 -0.009333333333333334 0.0))
    (0.4781195298824707 (0.075 -0.009333333333333334 0.0))
    (0.4791197799449863 (0.075 -0.009333333333333334 0.0))
    (0.4801200300075019 (0.075 -0.009333333333333334 0.0))
    (0.48112028007001756 (0.075 -0.009333333333333334 0.0))
    (0.4821205301325332 (0.075 -0.009333333333333334 0.0))
    (0.48312078019504884 (0.075 -0.009333333333333334 0.0))
    (0.4841210302575644 (0.075 -0.009333333333333334 0.0))
    (0.48512128032008006 (0.075 -0.009333333333333334 0.0))
    (0.4861215303825957 (0.075 -0.009333333333333334 0.0))
    (0.48712178044511134 (0.075 -0.009333333333333334 0.0))
    (0.488122030507627 (0.075 -0.009333333333333334 0.0))
    (0.48912228057014256 (0.075 -0.009333333333333334 0.0))
    (0.4901225306326582 (0.075 -0.009333333333333334 0.0))
    (0.49112278069517384 (0.075 -0.009333333333333334 0.0))
    (0.4921230307576895 (0.075 -0.009333333333333334 0.0))
    (0.4931232808202051 (0.075 -0.009333333333333334 0.0))
    (0.4941235308827207 (0.075 -0.009333333333333334 0.0))
    (0.49512378094523635 (0.075 -0.009333333333333334 0.0))
    (0.496124031007752 (0.075 -0.009333333333333334 0.0))
    (0.4971242810702676 (0.075 -0.009333333333333334 0.0))
    (0.49812453113278327 (0.075 -0.009333333333333334 0.0))
    (0.49912478119529885 (0.075 -0.009333333333333334 0.0))
    (0.5001250312578145 (0.075 -0.009333333333333334 0.0))
    (0.5011252813203302 (0.075 -0.009333333333333334 0.0))
    (0.5021255313828458 (0.075 -0.009333333333333334 0.0))
    (0.5031257814453614 (0.075 -0.009333333333333334 0.0))
    (0.504126031507877 (0.075 -0.009333333333333334 0.0))
    (0.5051262815703926 (0.075 -0.009333333333333334 0.0))
    (0.5061265316329083 (0.075 -0.009333333333333334 0.0))
    (0.5071267816954239 (0.075 -0.009333333333333334 0.0))
    (0.5081270317579395 (0.075 -0.009333333333333334 0.0))
    (0.5091272818204552 (0.075 -0.009333333333333334 0.0))
    (0.5101275318829708 (0.075 -0.009333333333333334 0.0))
    (0.5111277819454865 (0.075 -0.009333333333333334 0.0))
    (0.512128032008002 (0.075 -0.009333333333333334 0.0))
    (0.5131282820705176 (0.075 -0.009333333333333334 0.0))
    (0.5141285321330333 (0.075 -0.009333333333333334 0.0))
    (0.5151287821955489 (0.075 -0.009333333333333334 0.0))
    (0.5161290322580646 (0.075 -0.009333333333333334 0.0))
    (0.5171292823205802 (0.075 -0.009333333333333334 0.0))
    (0.5181295323830958 (0.075 -0.009333333333333334 0.0))
    (0.5191297824456115 (0.075 -0.009333333333333334 0.0))
    (0.5201300325081271 (0.075 -0.009333333333333334 0.0))
    (0.5211302825706428 (0.075 -0.009333333333333334 0.0))
    (0.5221305326331583 (0.075 -0.009333333333333334 0.0))
    (0.5231307826956739 (0.075 -0.009333333333333334 0.0))
    (0.5241310327581896 (0.075 -0.009333333333333334 0.0))
    (0.5251312828207052 (0.075 -0.009333333333333334 0.0))
    (0.5261315328832209 (0.075 -0.009333333333333334 0.0))
    (0.5271317829457365 (0.075 -0.009333333333333334 0.0))
    (0.5281320330082521 (0.075 -0.009333333333333334 0.0))
    (0.5291322830707678 (0.075 -0.009333333333333334 0.0))
    (0.5301325331332833 (0.075 -0.009333333333333334 0.0))
    (0.531132783195799 (0.075 -0.009333333333333334 0.0))
    (0.5321330332583146 (0.075 -0.009333333333333334 0.0))
    (0.5331332833208302 (0.075 -0.009333333333333334 0.0))
    (0.5341335333833459 (0.075 -0.009333333333333334 0.0))
    (0.5351337834458615 (0.075 -0.009333333333333334 0.0))
    (0.5361340335083772 (0.075 -0.009333333333333334 0.0))
    (0.5371342835708928 (0.075 -0.009333333333333334 0.0))
    (0.5381345336334085 (0.075 -0.009333333333333334 0.0))
    (0.539134783695924 (0.075 -0.009333333333333334 0.0))
    (0.5401350337584396 (0.075 -0.009333333333333334 0.0))
    (0.5411352838209553 (0.075 -0.009333333333333334 0.0))
    (0.5421355338834709 (0.075 -0.009333333333333334 0.0))
    (0.5431357839459866 (0.075 -0.009333333333333334 0.0))
    (0.5441360340085022 (0.075 -0.009333333333333334 0.0))
    (0.5451362840710178 (0.075 -0.009333333333333334 0.0))
    (0.5461365341335335 (0.075 -0.009333333333333334 0.0))
    (0.547136784196049 (0.075 -0.009333333333333334 0.0))
    (0.5481370342585647 (0.075 -0.009333333333333334 0.0))
    (0.5491372843210803 (0.075 -0.009333333333333334 0.0))
    (0.5501375343835959 (0.075 -0.009333333333333334 0.0))
    (0.5511377844461116 (0.075 -0.009333333333333334 0.0))
    (0.5521380345086272 (0.075 -0.009333333333333334 0.0))
    (0.5531382845711429 (0.075 -0.009333333333333334 0.0))
    (0.5541385346336585 (0.075 -0.009333333333333334 0.0))
    (0.5551387846961741 (0.075 -0.009333333333333334 0.0))
    (0.5561390347586898 (0.075 -0.009333333333333334 0.0))
    (0.5571392848212053 (0.075 -0.009333333333333334 0.0))
    (0.558139534883721 (0.075 -0.009333333333333334 0.0))
    (0.5591397849462366 (0.075 -0.009333333333333334 0.0))
    (0.5601400350087522 (0.075 -0.009333333333333334 0.0))
    (0.5611402850712679 (0.075 -0.009333333333333334 0.0))
    (0.5621405351337835 (0.075 -0.009333333333333334 0.0))
    (0.5631407851962992 (0.075 -0.009333333333333334 0.0))
    (0.5641410352588148 (0.075 -0.009333333333333334 0.0))
    (0.5651412853213303 (0.075 -0.009333333333333334 0.0))
    (0.566141535383846 (0.075 -0.009333333333333334 0.0))
    (0.5671417854463616 (0.075 -0.009333333333333334 0.0))
    (0.5681420355088773 (0.075 -0.009333333333333334 0.0))
    (0.5691422855713929 (0.075 -0.009333333333333334 0.0))
    (0.5701425356339085 (0.075 -0.009333333333333334 0.0))
    (0.5711427856964242 (0.075 -0.009333333333333334 0.0))
    (0.5721430357589398 (0.075 -0.009333333333333334 0.0))
    (0.5731432858214555 (0.075 -0.009333333333333334 0.0))
    (0.574143535883971 (0.075 -0.009333333333333334 0.0))
    (0.5751437859464866 (0.075 -0.009333333333333334 0.0))
    (0.5761440360090023 (0.075 -0.009333333333333334 0.0))
    (0.5771442860715179 (0.075 -0.009333333333333334 0.0))
    (0.5781445361340336 (0.075 -0.009333333333333334 0.0))
    (0.5791447861965492 (0.075 -0.009333333333333334 0.0))
    (0.5801450362590648 (0.075 -0.009333333333333334 0.0))
    (0.5811452863215805 (0.075 -0.009333333333333334 0.0))
    (0.582145536384096 (0.075 -0.009333333333333334 0.0))
    (0.5831457864466117 (0.075 -0.009333333333333334 0.0))
    (0.5841460365091273 (0.075 -0.009333333333333334 0.0))
    (0.585146286571643 (0.075 -0.009333333333333334 0.0))
    (0.5861465366341586 (0.075 -0.009333333333333334 0.0))
    (0.5871467866966742 (0.075 -0.009333333333333334 0.0))
    (0.5881470367591899 (0.075 -0.009333333333333334 0.0))
    (0.5891472868217055 (0.075 -0.009333333333333334 0.0))
    (0.5901475368842212 (0.075 -0.009333333333333334 0.0))
    (0.5911477869467368 (0.075 -0.009333333333333334 0.0))
    (0.5921480370092523 (0.075 -0.009333333333333334 0.0))
    (0.593148287071768 (0.075 -0.009333333333333334 0.0))
    (0.5941485371342836 (0.075 -0.009333333333333334 0.0))
    (0.5951487871967993 (0.075 -0.009333333333333334 0.0))
    (0.5961490372593149 (0.075 -0.009333333333333334 0.0))
    (0.5971492873218305 (0.075 -0.009333333333333334 0.0))
    (0.5981495373843462 (0.075 -0.009333333333333334 0.0))
    (0.5991497874468618 (0.075 -0.009333333333333334 0.0))
    (0.6001500375093775 (0.075 -0.009333333333333334 0.0))
    (0.601150287571893 (0.075 -0.009333333333333334 0.0))
    (0.6021505376344086 (0.075 -0.009333333333333334 0.0))
    (0.6031507876969243 (0.075 -0.009333333333333334 0.0))
    (0.6041510377594399 (0.075 -0.009333333333333334 0.0))
    (0.6051512878219556 (0.075 -0.009333333333333334 0.0))
    (0.6061515378844712 (0.075 -0.009333333333333334 0.0))
    (0.6071517879469868 (0.075 -0.009333333333333334 0.0))
    (0.6081520380095025 (0.075 -0.009333333333333334 0.0))
    (0.609152288072018 (0.075 -0.009333333333333334 0.0))
    (0.6101525381345337 (0.075 -0.009333333333333334 0.0))
    (0.6111527881970493 (0.075 -0.009333333333333334 0.0))
    (0.6121530382595649 (0.075 -0.009333333333333334 0.0))
    (0.6131532883220806 (0.075 -0.009333333333333334 0.0))
    (0.6141535383845962 (0.075 -0.009333333333333334 0.0))
    (0.6151537884471119 (0.075 -0.009333333333333334 0.0))
    (0.6161540385096275 (0.075 -0.009333333333333334 0.0))
    (0.617154288572143 (0.075 -0.009333333333333334 0.0))
    (0.6181545386346587 (0.075 -0.009333333333333334 0.0))
    (0.6191547886971743 (0.075 -0.009333333333333334 0.0))
    (0.62015503875969 (0.075 -0.009333333333333334 0.0))
    (0.6211552888222056 (0.075 -0.009333333333333334 0.0))
    (0.6221555388847212 (0.075 -0.009333333333333334 0.0))
    (0.6231557889472369 (0.075 -0.009333333333333334 0.0))
    (0.6241560390097525 (0.075 -0.009333333333333334 0.0))
    (0.6251562890722682 (0.075 -0.009333333333333334 0.0))
    (0.6261565391347838 (0.075 -0.009333333333333334 0.0))
    (0.6271567891972993 (0.075 -0.009333333333333334 0.0))
    (0.628157039259815 (0.075 -0.009333333333333334 0.0))
    (0.6291572893223306 (0.075 -0.009333333333333334 0.0))
    (0.6301575393848463 (0.075 -0.009333333333333334 0.0))
    (0.6311577894473619 (0.075 -0.009333333333333334 0.0))
    (0.6321580395098776 (0.075 -0.009333333333333334 0.0))
    (0.6331582895723932 (0.075 -0.009333333333333334 0.0))
    (0.6341585396349088 (0.075 -0.009333333333333334 0.0))
    (0.6351587896974245 (0.075 -0.009333333333333334 0.0))
    (0.63615903975994 (0.075 -0.009333333333333334 0.0))
    (0.6371592898224557 (0.075 -0.009333333333333334 0.0))
    (0.6381595398849713 (0.075 -0.009333333333333334 0.0))
    (0.6391597899474869 (0.075 -0.009333333333333334 0.0))
    (0.6401600400100026 (0.075 -0.009333333333333334 0.0))
    (0.6411602900725182 (0.075 -0.009333333333333334 0.0))
    (0.6421605401350339 (0.075 -0.009333333333333334 0.0))
    (0.6431607901975495 (0.075 -0.009333333333333334 0.0))
    (0.644161040260065 (0.075 -0.009333333333333334 0.0))
    (0.6451612903225807 (0.075 -0.009333333333333334 0.0))
    (0.6461615403850963 (0.075 -0.009333333333333334 0.0))
    (0.647161790447612 (0.075 -0.009333333333333334 0.0))
    (0.6481620405101276 (0.075 -0.009333333333333334 0.0))
    (0.6491622905726432 (0.075 -0.009333333333333334 0.0))
    (0.6501625406351589 (0.075 -0.009333333333333334 0.0))
    (0.6511627906976745 (0.075 -0.009333333333333334 0.0))
    (0.6521630407601902 (0.075 -0.009333333333333334 0.0))
    (0.6531632908227057 (0.075 -0.009333333333333334 0.0))
    (0.6541635408852213 (0.075 -0.009333333333333334 0.0))
    (0.655163790947737 (0.075 -0.009333333333333334 0.0))
    (0.6561640410102526 (0.075 -0.009333333333333334 0.0))
    (0.6571642910727683 (0.075 -0.009333333333333334 0.0))
    (0.6581645411352839 (0.075 -0.009333333333333334 0.0))
    (0.6591647911977995 (0.075 -0.009333333333333334 0.0))
    (0.6601650412603152 (0.075 -0.009333333333333334 0.0))
    (0.6611652913228308 (0.075 -0.009333333333333334 0.0))
    (0.6621655413853464 (0.075 -0.009333333333333334 0.0))
    (0.663165791447862 (0.075 -0.009333333333333334 0.0))
    (0.6641660415103776 (0.075 -0.009333333333333334 0.0))
    (0.6651662915728933 (0.075 -0.009333333333333334 0.0))
    (0.6661665416354089 (0.075 -0.009333333333333334 0.0))
    (0.6671667916979246 (0.075 -0.009333333333333334 0.0))
    (0.6681670417604402 (0.075 -0.009333333333333334 0.0))
    (0.6691672918229558 (0.075 -0.009333333333333334 0.0))
    (0.6701675418854715 (0.075 -0.009333333333333334 0.0))
    (0.671167791947987 (0.075 -0.009333333333333334 0.0))
    (0.6721680420105027 (0.075 -0.009333333333333334 0.0))
    (0.6731682920730183 (0.075 -0.009333333333333334 0.0))
    (0.6741685421355339 (0.075 -0.009333333333333334 0.0))
    (0.6751687921980496 (0.075 -0.009333333333333334 0.0))
    (0.6761690422605652 (0.075 -0.009333333333333334 0.0))
    (0.6771692923230809 (0.075 -0.009333333333333334 0.0))
    (0.6781695423855965 (0.075 -0.009333333333333334 0.0))
    (0.6791697924481122 (0.075 -0.009333333333333334 0.0))
    (0.6801700425106277 (0.075 -0.009333333333333334 0.0))
    (0.6811702925731433 (0.075 -0.009333333333333334 0.0))
    (0.682170542635659 (0.075 -0.009333333333333334 0.0))
    (0.6831707926981746 (0.075 -0.009333333333333334 0.0))
    (0.6841710427606903 (0.075 -0.009333333333333334 0.0))
    (0.6851712928232059 (0.075 -0.009333333333333334 0.0))
    (0.6861715428857215 (0.075 -0.009333333333333334 0.0))
    (0.6871717929482372 (0.075 -0.009333333333333334 0.0))
    (0.6881720430107527 (0.075 -0.009333333333333334 0.0))
    (0.6891722930732684 (0.075 -0.009333333333333334 0.0))
    (0.690172543135784 (0.075 -0.009333333333333334 0.0))
    (0.6911727931982996 (0.075 -0.009333333333333334 0.0))
    (0.6921730432608153 (0.075 -0.009333333333333334 0.0))
    (0.6931732933233309 (0.075 -0.009333333333333334 0.0))
    (0.6941735433858466 (0.075 -0.009333333333333334 0.0))
    (0.6951737934483622 (0.075 -0.009333333333333334 0.0))
    (0.6961740435108777 (0.075 -0.009333333333333334 0.0))
    (0.6971742935733934 (0.075 -0.009333333333333334 0.0))
    (0.698174543635909 (0.075 -0.009333333333333334 0.0))
    (0.6991747936984247 (0.075 -0.009333333333333334 0.0))
    (0.7001750437609403 (0.075 -0.009333333333333334 0.0))
    (0.7011752938234559 (0.075 -0.009333333333333334 0.0))
    (0.7021755438859716 (0.075 -0.009333333333333334 0.0))
    (0.7031757939484872 (0.075 -0.009333333333333334 0.0))
    (0.7041760440110029 (0.075 -0.009333333333333334 0.0))
    (0.7051762940735185 (0.075 -0.009333333333333334 0.0))
    (0.706176544136034 (0.075 -0.009333333333333334 0.0))
    (0.7071767941985497 (0.075 -0.00933570258672454 0.0))
    (0.7081770442610653 (0.075 -0.009405531803149923 0.0))
    (0.709177294323581 (0.075 -0.00947535309823937 0.0))
    (0.7101775443860966 (0.075 -0.009545158811471293 0.0))
    (0.7111777944486122 (0.075 -0.009614941284033687 0.0))
    (0.7121780445111279 (0.075 -0.00968469285966448 0.0))
    (0.7131782945736435 (0.075 -0.009754405885491431 0.0))
    (0.7141785446361592 (0.075 -0.009824072712871857 0.0))
    (0.7151787946986747 (0.075 -0.009893685698231769 0.0))
    (0.7161790447611903 (0.075 -0.00996323720390457 0.0))
    (0.717179294823706 (0.075 -0.010032719598968924 0.0))
    (0.7181795448862216 (0.075 -0.010102125260086038 0.0))
    (0.7191797949487373 (0.075 -0.010171446572336127 0.0))
    (0.7201800450112529 (0.075 -0.010240675930053783 0.0))
    (0.7211802950737685 (0.075 -0.010309805737662494 0.0))
    (0.7221805451362842 (0.075 -0.010378828410508044 0.0))
    (0.7231807951987997 (0.075 -0.010447736375690587 0.0))
    (0.7241810452613154 (0.075 -0.010516522072895565 0.0))
    (0.725181295323831 (0.075 -0.010585177955223176 0.0))
    (0.7261815453863467 (0.075 -0.010653696490016453 0.0))
    (0.7271817954488623 (0.075 -0.010722070159687614 0.0))
    (0.7281820455113779 (0.075 -0.010790291462542916 0.0))
    (0.7291822955738936 (0.075 -0.010858352913605767 0.0))
    (0.7301825456364092 (0.075 -0.01092624704543784 0.0))
    (0.7311827956989249 (0.075 -0.01099396640895844 0.0))
    (0.7321830457614404 (0.075 -0.011061503574261757 0.0))
    (0.733183295823956 (0.075 -0.011128851131432116 0.0))
    (0.7341835458864717 (0.075 -0.011196001691356856 0.0))
    (0.7351837959489873 (0.075 -0.01126294788653709 0.0))
    (0.736184046011503 (0.075 -0.011329682371896094 0.0))
    (0.7371842960740186 (0.075 -0.011396197825585064 0.0))
    (0.7381845461365342 (0.075 -0.011462486949786509 0.0))
    (0.7391847961990499 (0.075 -0.011528542471514976 0.0))
    (0.7401850462615654 (0.075 -0.011594357143414922 0.0))
    (0.7411852963240811 (0.075 -0.01165992374455593 0.0))
    (0.7421855463865967 (0.075 -0.011725235081224923 0.0))
    (0.7431857964491123 (0.075 -0.011790283987715505 0.0))
    (0.744186046511628 (0.075 -0.01185506332711405 0.0))
    (0.7451862965741436 (0.075 -0.011919565992082787 0.0))
    (0.7461865466366593 (0.075 -0.011983784905639644 0.0))
    (0.7471867966991749 (0.075 -0.012047713021934591 0.0))
    (0.7481870467616905 (0.075 -0.012111343327022761 0.0))
    (0.7491872968242062 (0.075 -0.012174668839634015 0.0))
    (0.7501875468867217 (0.075 -0.012237682611938817 0.0))
    (0.7511877969492374 (0.075 -0.012300377730310582 0.0))
    (0.752188047011753 (0.075 -0.012362747316084187 0.0))
    (0.7531882970742686 (0.075 -0.012424784526310725 0.0))
    (0.7541885471367843 (0.075 -0.012486482554508198 0.0))
    (0.7551887971992999 (0.075 -0.012547834631408345 0.0))
    (0.7561890472618156 (0.075 -0.012608834025699386 0.0))
    (0.7571892973243312 (0.075 -0.012669474044764461 0.0))
    (0.7581895473868467 (0.075 -0.012729748035415968 0.0))
    (0.7591897974493624 (0.075 -0.01278964938462556 0.0))
    (0.760190047511878 (0.075 -0.01284917152024963 0.0))
    (0.7611902975743937 (0.075 -0.012908307911750416 0.0))
    (0.7621905476369093 (0.075 -0.012967052070912501 0.0))
    (0.7631907976994249 (0.075 -0.013025397552554715 0.0))
    (0.7641910477619406 (0.075 -0.013083337955237199 0.0))
    (0.7651912978244562 (0.075 -0.013140866921963784 0.0))
    (0.7661915478869719 (0.075 -0.013197978140879491 0.0))
    (0.7671917979494874 (0.075 -0.01325466534596299 0.0))
    (0.768192048012003 (0.075 -0.013310922317714087 0.0))
    (0.7691922980745187 (0.075 -0.013366742883836151 0.0))
    (0.7701925481370343 (0.075 -0.013422120919913273 0.0))
    (0.77119279819955 (0.075 -0.01347705035008221 0.0))
    (0.7721930482620656 (0.075 -0.013531525147699019 0.0))
    (0.7731932983245813 (0.075 -0.013585539336000303 0.0))
    (0.7741935483870969 (0.075 -0.01363908698875891 0.0))
    (0.7751937984496124 (0.075 -0.013692162230934151 0.0))
    (0.7761940485121281 (0.075 -0.013744759239316418 0.0))
    (0.7771942985746437 (0.075 -0.013796872243166034 0.0))
    (0.7781945486371594 (0.075 -0.01384849552484644 0.0))
    (0.779194798699675 (0.075 -0.013899623420451472 0.0))
    (0.7801950487621906 (0.075 -0.013950250320426828 0.0))
    (0.7811952988247063 (0.075 -0.014000370670185495 0.0))
    (0.7821955488872219 (0.075 -0.014049978970717168 0.0))
    (0.7831957989497376 (0.075 -0.014099069779191621 0.0))
    (0.7841960490122531 (0.075 -0.014147637709555828 0.0))
    (0.7851962990747687 (0.075 -0.014195677433124927 0.0))
    (0.7861965491372844 (0.075 -0.014243183679166872 0.0))
    (0.7871967991998 (0.075 -0.014290151235480674 0.0))
    (0.7881970492623157 (0.075 -0.014336574948968304 0.0))
    (0.7891972993248313 (0.075 -0.014382449726200057 0.0))
    (0.7901975493873469 (0.075 -0.014427770533973394 0.0))
    (0.7911977994498626 (0.075 -0.014472532399865137 0.0))
    (0.7921980495123782 (0.075 -0.014516730412777044 0.0))
    (0.7931982995748939 (0.075 -0.014560359723474657 0.0))
    (0.7941985496374094 (0.075 -0.014603415545119295 0.0))
    (0.795198799699925 (0.075 -0.014645893153793266 0.0))
    (0.7961990497624407 (0.075 -0.014687787889018197 0.0))
    (0.7971992998249563 (0.075 -0.014729095154266288 0.0))
    (0.798199549887472 (0.075 -0.014769810417464686 0.0))
    (0.7991997999499876 (0.075 -0.01480992921149269 0.0))
    (0.8002000500125032 (0.075 -0.01484944713467191 0.0))
    (0.8012003000750189 (0.075 -0.014888359851249155 0.0))
    (0.8022005501375344 (0.075 -0.014926663091872138 0.0))
    (0.8032008002000501 (0.075 -0.01496435265405795 0.0))
    (0.8042010502625657 (0.075 -0.015001424402654066 0.0))
    (0.8052013003250813 (0.075 -0.01503787427029207 0.0))
    (0.806201550387597 (0.075 -0.015073698257833942 0.0))
    (0.8072018004501126 (0.075 -0.015108892434810766 0.0))
    (0.8082020505126283 (0.075 -0.015143452939854012 0.0))
    (0.8092023005751439 (0.075 -0.015177375981119162 0.0))
    (0.8102025506376594 (0.075 -0.015210657836701776 0.0))
    (0.8112028007001751 (0.075 -0.0152432948550458 0.0))
    (0.8122030507626907 (0.075 -0.015275283455344214 0.0))
    (0.8132033008252064 (0.075 -0.015306620127931932 0.0))
    (0.814203550887722 (0.075 -0.015337301434670828 0.0))
    (0.8152038009502377 (0.075 -0.015367324009326982 0.0))
    (0.8162040510127533 (0.075 -0.01539668455793999 0.0))
    (0.8172043010752689 (0.075 -0.015425379859184404 0.0))
    (0.8182045511377846 (0.075 -0.015453406764723107 0.0))
    (0.8192048012003001 (0.075 -0.015480762199552774 0.0))
    (0.8202050512628158 (0.075 -0.015507443162341254 0.0))
    (0.8212053013253314 (0.075 -0.015533446725756838 0.0))
    (0.822205551387847 (0.075 -0.015558770036789439 0.0))
    (0.8232058014503627 (0.075 -0.015583410317063649 0.0))
    (0.8242060515128783 (0.075 -0.01560736486314352 0.0))
    (0.825206301575394 (0.075 -0.01563063104682921 0.0))
    (0.8262065516379096 (0.075 -0.01565320631544532 0.0))
    (0.8272068017004252 (0.075 -0.015675088192120983 0.0))
    (0.8282070517629408 (0.075 -0.015696274276061593 0.0))
    (0.8292073018254564 (0.075 -0.015716762242812234 0.0))
    (0.8302075518879721 (0.075 -0.015736549844512695 0.0))
    (0.8312078019504877 (0.075 -0.0157556349101441 0.0))
    (0.8322080520130033 (0.075 -0.015774015345767094 0.0))
    (0.833208302075519 (0.075 -0.015791689134751617 0.0))
    (0.8342085521380346 (0.075 -0.01580865433799811 0.0))
    (0.8352088022005503 (0.075 -0.01582490909415031 0.0))
    (0.8362090522630659 (0.075 -0.015840451619799443 0.0))
    (0.8372093023255814 (0.075 -0.015855280209679905 0.0))
    (0.8382095523880971 (0.075 -0.015869393236856356 0.0))
    (0.8392098024506127 (0.075 -0.015882789152902213 0.0))
    (0.8402100525131284 (0.075 -0.015895466488069554 0.0))
    (0.841210302575644 (0.075 -0.01590742385145035 0.0))
    (0.8422105526381596 (0.075 -0.015918659931129092 0.0))
    (0.8432108027006753 (0.075 -0.01592917349432672 0.0))
    (0.8442110527631909 (0.075 -0.015938963387535872 0.0))
    (0.8452113028257066 (0.075 -0.01594802853664746 0.0))
    (0.8462115528882221 (0.075 -0.015956367947068485 0.0))
    (0.8472118029507377 (0.075 -0.01596398070383121 0.0))
    (0.8482120530132534 (0.075 -0.015970865971693497 0.0))
    (0.849212303075769 (0.075 -0.015977022995230468 0.0))
    (0.8502125531382847 (0.075 -0.015982451098917404 0.0))
    (0.8512128032008003 (0.075 -0.01598714968720382 0.0))
    (0.8522130532633159 (0.075 -0.01599111824457885 0.0))
    (0.8532133033258316 (0.075 -0.01599435633562777 0.0))
    (0.8542135533883471 (0.075 -0.0159968636050798 0.0))
    (0.8552138034508628 (0.075 -0.015998639777847063 0.0))
    (0.8562140535133784 (0.075 -0.015999684659054773 0.0))
    (0.857214303575894 (0.075 -0.015999998134062624 0.0))
    (0.8582145536384097 (0.075 -0.01599958016847735 0.0))
    (0.8592148037009253 (0.075 -0.015998430808156515 0.0))
    (0.860215053763441 (0.075 -0.015996550179203473 0.0))
    (0.8612153038259566 (0.075 -0.015993938487953538 0.0))
    (0.8622155538884723 (0.075 -0.015990596020951334 0.0))
    (0.8632158039509878 (0.075 -0.015986523144919374 0.0))
    (0.8642160540135034 (0.075 -0.015981720306717812 0.0))
    (0.8652163040760191 (0.075 -0.015976188033295417 0.0))
    (0.8662165541385347 (0.075 -0.015969926931631767 0.0))
    (0.8672168042010504 (0.075 -0.015962937688670638 0.0))
    (0.868217054263566 (0.075 -0.015955221071244644 0.0))
    (0.8692173043260816 (0.075 -0.015946777925991112 0.0))
    (0.8702175543885973 (0.075 -0.015937609179259172 0.0))
    (0.8712178044511129 (0.075 -0.015927715837008142 0.0))
    (0.8722180545136285 (0.075 -0.01591709898469714 0.0))
    (0.8732183045761441 (0.075 -0.01590575978716601 0.0))
    (0.8742185546386597 (0.075 -0.015893699488507503 0.0))
    (0.8752188047011754 (0.075 -0.01588091941193079 0.0))
    (0.876219054763691 (0.075 -0.01586742095961628 0.0))
    (0.8772193048262067 (0.075 -0.015853205612561785 0.0))
    (0.8782195548887223 (0.075 -0.015838274930420018 0.0))
    (0.8792198049512379 (0.075 -0.015822630551327502 0.0))
    (0.8802200550137536 (0.075 -0.01580627419172479 0.0))
    (0.8812203050762691 (0.075 -0.0157892076461682 0.0))
    (0.8822205551387848 (0.075 -0.015771432787132878 0.0))
    (0.8832208052013004 (0.075 -0.015752951564807396 0.0))
    (0.884221055263816 (0.075 -0.015733766006879746 0.0))
    (0.8852213053263317 (0.075 -0.0157138782183149 0.0))
    (0.8862215553888473 (0.075 -0.015693290381123853 0.0))
    (0.887221805451363 (0.075 -0.0156720047541242 0.0))
    (0.8882220555138786 (0.075 -0.015650023672692356 0.0))
    (0.8892223055763941 (0.075 -0.01562734954850728 0.0))
    (0.8902225556389098 (0.075 -0.015603984869285882 0.0))
    (0.8912228057014254 (0.075 -0.015579932198510116 0.0))
    (0.8922230557639411 (0.075 -0.01555519417514568 0.0))
    (0.8932233058264567 (0.075 -0.01552977351335252 0.0))
    (0.8942235558889723 (0.075 -0.015503673002186991 0.0))
    (0.895223805951488 (0.075 -0.0154768955052959 0.0))
    (0.8962240560140036 (0.075 -0.015449443960602318 0.0))
    (0.8972243060765193 (0.075 -0.015421321379983192 0.0))
    (0.8982245561390348 (0.075 -0.015392530848938941 0.0))
    (0.8992248062015504 (0.075 -0.015363075526254932 0.0))
    (0.9002250562640661 (0.075 -0.015332958643654856 0.0))
    (0.9012253063265817 (0.075 -0.015302183505446213 0.0))
    (0.9022255563890974 (0.075 -0.015270753488157755 0.0))
    (0.903225806451613 (0.075 -0.015238672040169023 0.0))
    (0.9042260565141286 (0.075 -0.015205942681331987 0.0))
    (0.9052263065766443 (0.075 -0.015172569002584915 0.0))
    (0.9062265566391599 (0.075 -0.015138554665558333 0.0))
    (0.9072268067016755 (0.075 -0.015103903402173314 0.0))
    (0.9082270567641911 (0.075 -0.015068619014232015 0.0))
    (0.9092273068267068 (0.075 -0.015032705373000565 0.0))
    (0.9102275568892224 (0.075 -0.014996166418784335 0.0))
    (0.911227806951738 (0.075 -0.014959006160495588 0.0))
    (0.9122280570142537 (0.075 -0.014921228675213664 0.0))
    (0.9132283070767693 (0.075 -0.014882838107737682 0.0))
    (0.914228557139285 (0.075 -0.014843838670131716 0.0))
    (0.9152288072018006 (0.075 -0.014804234641262728 0.0))
    (0.9162290572643161 (0.075 -0.014764030366331114 0.0))
    (0.9172293073268318 (0.075 -0.014723230256393882 0.0))
    (0.9182295573893474 (0.075 -0.014681838787880801 0.0))
    (0.9192298074518631 (0.075 -0.014639860502103174 0.0))
    (0.9202300575143787 (0.075 -0.01459730000475563 0.0))
    (0.9212303075768943 (0.075 -0.014554161965410789 0.0))
    (0.92223055763941 (0.075 -0.014510451117006936 0.0))
    (0.9232308077019256 (0.075 -0.014466172255328747 0.0))
    (0.9242310577644413 (0.075 -0.01442133023848111 0.0))
    (0.9252313078269568 (0.075 -0.01437592998635611 0.0))
    (0.9262315578894724 (0.075 -0.014329976480093246 0.0))
    (0.9272318079519881 (0.075 -0.014283474761532907 0.0))
    (0.9282320580145037 (0.075 -0.014236429932663205 0.0))
    (0.9292323080770194 (0.075 -0.014188847155060233 0.0))
    (0.930232558139535 (0.075 -0.01414073164932171 0.0))
    (0.9312328082020506 (0.075 -0.014092088694494197 0.0))
    (0.9322330582645663 (0.075 -0.014042923627493976 0.0))
    (0.9332333083270818 (0.075 -0.013993241842521415 0.0))
    (0.9342335583895975 (0.075 -0.013943048790469162 0.0))
    (0.9352338084521131 (0.075 -0.013892349978324146 0.0))
    (0.9362340585146287 (0.075 -0.013841150968563306 0.0))
    (0.9372343085771444 (0.075 -0.013789457378543299 0.0))
    (0.93823455863966 (0.075 -0.01373727487988426 0.0))
    (0.9392348087021757 (0.075 -0.01368460919784744 0.0))
    (0.9402350587646913 (0.075 -0.013631466110707141 0.0))
    (0.9412353088272069 (0.075 -0.013577851449116642 0.0))
    (0.9422355588897225 (0.075 -0.013523771095468571 0.0))
    (0.9432358089522381 (0.075 -0.013469230983249508 0.0))
    (0.9442360590147538 (0.075 -0.013414237096388906 0.0))
    (0.9452363090772694 (0.075 -0.013358795468602636 0.0))
    (0.946236559139785 (0.075 -0.013302912182730997 0.0))
    (0.9472368092023007 (0.075 -0.01324659337007124 0.0))
    (0.9482370592648163 (0.075 -0.013189845209704957 0.0))
    (0.949237309327332 (0.075 -0.013132673927820117 0.0))
    (0.9502375593898476 (0.075 -0.01307508579702793 0.0))
    (0.9512378094523631 (0.075 -0.013017087135674614 0.0))
    (0.9522380595148788 (0.075 -0.012958684307148268 0.0))
    (0.9532383095773944 (0.075 -0.01289988371918062 0.0))
    (0.9542385596399101 (0.075 -0.012840691823143983 0.0))
    (0.9552388097024257 (0.075 -0.012781115113343539 0.0))
    (0.9562390597649414 (0.075 -0.012721160126304686 0.0))
    (0.957239309827457 (0.075 -0.012660833440055991 0.0))
    (0.9582395598899726 (0.075 -0.012600141673407353 0.0))
    (0.9592398099524883 (0.075 -0.012539091485223903 0.0))
    (0.9602400600150038 (0.075 -0.012477689573695425 0.0))
    (0.9612403100775195 (0.075 -0.012415942675601362 0.0))
    (0.9622405601400351 (0.075 -0.012353857565571773 0.0))
    (0.9632408102025507 (0.075 -0.012291441055344054 0.0))
    (0.9642410602650664 (0.075 -0.01222869999301548 0.0))
    (0.965241310327582 (0.075 -0.012165641262291952 0.0))
    (0.9662415603900977 (0.075 -0.012102271781732739 0.0))
    (0.9672418104526133 (0.075 -0.012038598503991353 0.0))
    (0.9682420605151288 (0.075 -0.011974628415052722 0.0))
    (0.9692423105776445 (0.075 -0.011910368533466817 0.0))
    (0.9702425606401601 (0.075 -0.01184582590957849 0.0))
    (0.9712428107026758 (0.075 -0.01178100762475396 0.0))
    (0.9722430607651914 (0.075 -0.011715920790603952 0.0))
    (0.973243310827707 (0.075 -0.011650572548203352 0.0))
    (0.9742435608902227 (0.075 -0.011584970067307711 0.0))
    (0.9752438109527383 (0.075 -0.011519120545566707 0.0))
    (0.976244061015254 (0.075 -0.011453031207734327 0.0))
    (0.9772443110777695 (0.075 -0.011386709304876301 0.0))
    (0.9782445611402851 (0.075 -0.01132016211357443 0.0))
    (0.9792448112028008 (0.075 -0.011253396935128314 0.0))
    (0.9802450612653164 (0.075 -0.0111864210947543 0.0))
    (0.9812453113278321 (0.075 -0.01111924194078167 0.0))
    (0.9822455613903477 (0.075 -0.011051866843846523 0.0))
    (0.9832458114528633 (0.075 -0.01098430319608309 0.0))
    (0.984246061515379 (0.075 -0.0109165584103126 0.0))
    (0.9852463115778946 (0.075 -0.010848639919230076 0.0))
    (0.9862465616404102 (0.075 -0.01078055517458884 0.0))
    (0.9872468117029258 (0.075 -0.01071231164638288 0.0))
    (0.9882470617654414 (0.075 -0.01064391682202727 0.0))
    (0.9892473118279571 (0.075 -0.01057537820553678 0.0))
    (0.9902475618904727 (0.075 -0.010506703316702459 0.0))
    (0.9912478119529884 (0.075 -0.010437899690266593 0.0))
    (0.992248062015504 (0.075 -0.01036897487509613 0.0))
    (0.9932483120780196 (0.075 -0.010299936433354329 0.0))
    (0.9942485621405353 (0.075 -0.010230791939671125 0.0))
    (0.9952488122030508 (0.075 -0.010161548980312064 0.0))
    (0.9962490622655665 (0.075 -0.010092215152345948 0.0))
    (0.9972493123280821 (0.075 -0.01002279806281138 0.0))
    (0.9982495623905977 (0.075 -0.00995330532788203 0.0))
    (0.9992498124531134 (0.075 -0.009883744572031115 0.0))
    (1.000250062515629 (0.075 -0.009814123427194888 0.0))
    (1.0012503125781447 (0.075 -0.009744449531935172 0.0))
    (1.0022505626406604 (0.075 -0.009674730530601396 0.0))
    (1.0032508127031758 (0.075 -0.009604974072491891 0.0))
    (1.0042510627656915 (0.075 -0.009535187811014516 0.0))
    (1.0052513128282072 (0.075 -0.009465379402847123 0.0))
    (1.0062515628907227 (0.075 -0.009395556507097376 0.0))
    (1.0072518129532384 (0.075 -0.009333333333333334 0.0))
    (1.008252063015754 (0.075 -0.009333333333333334 0.0))
    (1.0092523130782696 (0.075 -0.009333333333333334 0.0))
    (1.0102525631407853 (0.075 -0.009333333333333334 0.0))
    (1.011252813203301 (0.075 -0.009333333333333334 0.0))
    (1.0122530632658167 (0.075 -0.009333333333333334 0.0))
    (1.0132533133283321 (0.075 -0.009333333333333334 0.0))
    (1.0142535633908478 (0.075 -0.009333333333333334 0.0))
    (1.0152538134533635 (0.075 -0.009333333333333334 0.0))
    (1.016254063515879 (0.075 -0.009333333333333334 0.0))
    (1.0172543135783947 (0.075 -0.009333333333333334 0.0))
    (1.0182545636409104 (0.075 -0.009333333333333334 0.0))
    (1.0192548137034259 (0.075 -0.009333333333333334 0.0))
    (1.0202550637659416 (0.075 -0.009333333333333334 0.0))
    (1.0212553138284572 (0.075 -0.009333333333333334 0.0))
    (1.022255563890973 (0.075 -0.009333333333333334 0.0))
    (1.0232558139534884 (0.075 -0.009333333333333334 0.0))
    (1.024256064016004 (0.075 -0.009333333333333334 0.0))
    (1.0252563140785198 (0.075 -0.009333333333333334 0.0))
    (1.0262565641410353 (0.075 -0.009333333333333334 0.0))
    (1.027256814203551 (0.075 -0.009333333333333334 0.0))
    (1.0282570642660667 (0.075 -0.009333333333333334 0.0))
    (1.0292573143285824 (0.075 -0.009333333333333334 0.0))
    (1.0302575643910978 (0.075 -0.009333333333333334 0.0))
    (1.0312578144536135 (0.075 -0.009333333333333334 0.0))
    (1.0322580645161292 (0.075 -0.009333333333333334 0.0))
    (1.0332583145786447 (0.075 -0.009333333333333334 0.0))
    (1.0342585646411604 (0.075 -0.009333333333333334 0.0))
    (1.035258814703676 (0.075 -0.009333333333333334 0.0))
    (1.0362590647661916 (0.075 -0.009333333333333334 0.0))
    (1.0372593148287073 (0.075 -0.009333333333333334 0.0))
    (1.038259564891223 (0.075 -0.009333333333333334 0.0))
    (1.0392598149537386 (0.075 -0.009333333333333334 0.0))
    (1.0402600650162541 (0.075 -0.009333333333333334 0.0))
    (1.0412603150787698 (0.075 -0.009333333333333334 0.0))
    (1.0422605651412855 (0.075 -0.009333333333333334 0.0))
    (1.043260815203801 (0.075 -0.009333333333333334 0.0))
    (1.0442610652663167 (0.075 -0.009333333333333334 0.0))
    (1.0452613153288324 (0.075 -0.009333333333333334 0.0))
    (1.0462615653913478 (0.075 -0.009333333333333334 0.0))
    (1.0472618154538635 (0.075 -0.009333333333333334 0.0))
    (1.0482620655163792 (0.075 -0.009333333333333334 0.0))
    (1.049262315578895 (0.075 -0.009333333333333334 0.0))
    (1.0502625656414104 (0.075 -0.009333333333333334 0.0))
    (1.051262815703926 (0.075 -0.009333333333333334 0.0))
    (1.0522630657664418 (0.075 -0.009333333333333334 0.0))
    (1.0532633158289573 (0.075 -0.009333333333333334 0.0))
    (1.054263565891473 (0.075 -0.009333333333333334 0.0))
    (1.0552638159539887 (0.075 -0.009333333333333334 0.0))
    (1.0562640660165041 (0.075 -0.009333333333333334 0.0))
    (1.0572643160790198 (0.075 -0.009333333333333334 0.0))
    (1.0582645661415355 (0.075 -0.009333333333333334 0.0))
    (1.0592648162040512 (0.075 -0.009333333333333334 0.0))
    (1.0602650662665667 (0.075 -0.009333333333333334 0.0))
    (1.0612653163290824 (0.075 -0.009333333333333334 0.0))
    (1.062265566391598 (0.075 -0.009333333333333334 0.0))
    (1.0632658164541136 (0.075 -0.009333333333333334 0.0))
    (1.0642660665166292 (0.075 -0.009333333333333334 0.0))
    (1.065266316579145 (0.075 -0.009333333333333334 0.0))
    (1.0662665666416604 (0.075 -0.009333333333333334 0.0))
    (1.0672668167041761 (0.075 -0.009333333333333334 0.0))
    (1.0682670667666918 (0.075 -0.009333333333333334 0.0))
    (1.0692673168292075 (0.075 -0.009333333333333334 0.0))
    (1.070267566891723 (0.075 -0.009333333333333334 0.0))
    (1.0712678169542387 (0.075 -0.009333333333333334 0.0))
    (1.0722680670167544 (0.075 -0.009333333333333334 0.0))
    (1.0732683170792698 (0.075 -0.009333333333333334 0.0))
    (1.0742685671417855 (0.075 -0.009333333333333334 0.0))
    (1.0752688172043012 (0.075 -0.009333333333333334 0.0))
    (1.076269067266817 (0.075 -0.009333333333333334 0.0))
    (1.0772693173293324 (0.075 -0.009333333333333334 0.0))
    (1.078269567391848 (0.075 -0.009333333333333334 0.0))
    (1.0792698174543638 (0.075 -0.009333333333333334 0.0))
    (1.0802700675168793 (0.075 -0.009333333333333334 0.0))
    (1.081270317579395 (0.075 -0.009333333333333334 0.0))
    (1.0822705676419107 (0.075 -0.009333333333333334 0.0))
    (1.0832708177044261 (0.075 -0.009333333333333334 0.0))
    (1.0842710677669418 (0.075 -0.009333333333333334 0.0))
    (1.0852713178294575 (0.075 -0.009333333333333334 0.0))
    (1.0862715678919732 (0.075 -0.009333333333333334 0.0))
    (1.0872718179544887 (0.075 -0.009333333333333334 0.0))
    (1.0882720680170044 (0.075 -0.009333333333333334 0.0))
    (1.08927231807952 (0.075 -0.009333333333333334 0.0))
    (1.0902725681420355 (0.075 -0.009333333333333334 0.0))
    (1.0912728182045512 (0.075 -0.009333333333333334 0.0))
    (1.092273068267067 (0.075 -0.009333333333333334 0.0))
    (1.0932733183295824 (0.075 -0.009333333333333334 0.0))
    (1.094273568392098 (0.075 -0.009333333333333334 0.0))
    (1.0952738184546138 (0.075 -0.009333333333333334 0.0))
    (1.0962740685171295 (0.075 -0.009333333333333334 0.0))
    (1.097274318579645 (0.075 -0.009333333333333334 0.0))
    (1.0982745686421607 (0.075 -0.009333333333333334 0.0))
    (1.0992748187046764 (0.075 -0.009333333333333334 0.0))
    (1.1002750687671918 (0.075 -0.009333333333333334 0.0))
    (1.1012753188297075 (0.075 -0.009333333333333334 0.0))
    (1.1022755688922232 (0.075 -0.009333333333333334 0.0))
    (1.1032758189547387 (0.075 -0.009333333333333334 0.0))
    (1.1042760690172544 (0.075 -0.009333333333333334 0.0))
    (1.10527631907977 (0.075 -0.009333333333333334 0.0))
    (1.1062765691422858 (0.075 -0.009333333333333334 0.0))
    (1.1072768192048013 (0.075 -0.009333333333333334 0.0))
    (1.108277069267317 (0.075 -0.009333333333333334 0.0))
    (1.1092773193298326 (0.075 -0.009333333333333334 0.0))
    (1.1102775693923481 (0.075 -0.009333333333333334 0.0))
    (1.1112778194548638 (0.075 -0.009333333333333334 0.0))
    (1.1122780695173795 (0.075 -0.009333333333333334 0.0))
    (1.113278319579895 (0.075 -0.009333333333333334 0.0))
    (1.1142785696424107 (0.075 -0.009333333333333334 0.0))
    (1.1152788197049264 (0.075 -0.009333333333333334 0.0))
    (1.116279069767442 (0.075 -0.009333333333333334 0.0))
    (1.1172793198299575 (0.075 -0.009333333333333334 0.0))
    (1.1182795698924732 (0.075 -0.009333333333333334 0.0))
    (1.119279819954989 (0.075 -0.009333333333333334 0.0))
    (1.1202800700175044 (0.075 -0.009333333333333334 0.0))
    (1.12128032008002 (0.075 -0.009333333333333334 0.0))
    (1.1222805701425358 (0.075 -0.009333333333333334 0.0))
    (1.1232808202050515 (0.075 -0.009333333333333334 0.0))
    (1.124281070267567 (0.075 -0.009333333333333334 0.0))
    (1.1252813203300827 (0.075 -0.009333333333333334 0.0))
    (1.1262815703925984 (0.075 -0.009333333333333334 0.0))
    (1.1272818204551138 (0.075 -0.009333333333333334 0.0))
    (1.1282820705176295 (0.075 -0.009333333333333334 0.0))
    (1.1292823205801452 (0.075 -0.009333333333333334 0.0))
    (1.1302825706426607 (0.075 -0.009333333333333334 0.0))
    (1.1312828207051764 (0.075 -0.009333333333333334 0.0))
    (1.132283070767692 (0.075 -0.009333333333333334 0.0))
    (1.1332833208302078 (0.075 -0.009333333333333334 0.0))
    (1.1342835708927232 (0.075 -0.009333333333333334 0.0))
    (1.135283820955239 (0.075 -0.009333333333333334 0.0))
    (1.1362840710177546 (0.075 -0.009333333333333334 0.0))
    (1.13728432108027 (0.075 -0.009333333333333334 0.0))
    (1.1382845711427858 (0.075 -0.009333333333333334 0.0))
    (1.1392848212053015 (0.075 -0.009333333333333334 0.0))
    (1.140285071267817 (0.075 -0.009333333333333334 0.0))
    (1.1412853213303327 (0.075 -0.009333333333333334 0.0))
    (1.1422855713928484 (0.075 -0.009333333333333334 0.0))
    (1.143285821455364 (0.075 -0.009333333333333334 0.0))
    (1.1442860715178795 (0.075 -0.009333333333333334 0.0))
    (1.1452863215803952 (0.075 -0.009333333333333334 0.0))
    (1.146286571642911 (0.075 -0.009333333333333334 0.0))
    (1.1472868217054264 (0.075 -0.009333333333333334 0.0))
    (1.148287071767942 (0.075 -0.009333333333333334 0.0))
    (1.1492873218304578 (0.075 -0.009333333333333334 0.0))
    (1.1502875718929733 (0.075 -0.009333333333333334 0.0))
    (1.151287821955489 (0.075 -0.009333333333333334 0.0))
    (1.1522880720180046 (0.075 -0.009333333333333334 0.0))
    (1.1532883220805203 (0.075 -0.009333333333333334 0.0))
    (1.1542885721430358 (0.075 -0.009333333333333334 0.0))
    (1.1552888222055515 (0.075 -0.009333333333333334 0.0))
    (1.1562890722680672 (0.075 -0.009333333333333334 0.0))
    (1.1572893223305827 (0.075 -0.009333333333333334 0.0))
    (1.1582895723930984 (0.075 -0.009333333333333334 0.0))
    (1.159289822455614 (0.075 -0.009333333333333334 0.0))
    (1.1602900725181295 (0.075 -0.009333333333333334 0.0))
    (1.1612903225806452 (0.075 -0.009333333333333334 0.0))
    (1.162290572643161 (0.075 -0.009333333333333334 0.0))
    (1.1632908227056766 (0.075 -0.009333333333333334 0.0))
    (1.164291072768192 (0.075 -0.009333333333333334 0.0))
    (1.1652913228307078 (0.075 -0.009333333333333334 0.0))
    (1.1662915728932235 (0.075 -0.009333333333333334 0.0))
    (1.167291822955739 (0.075 -0.009333333333333334 0.0))
    (1.1682920730182547 (0.075 -0.009333333333333334 0.0))
    (1.1692923230807704 (0.075 -0.009333333333333334 0.0))
    (1.170292573143286 (0.075 -0.009333333333333334 0.0))
    (1.1712928232058015 (0.075 -0.009333333333333334 0.0))
    (1.1722930732683172 (0.075 -0.009333333333333334 0.0))
    (1.173293323330833 (0.075 -0.009333333333333334 0.0))
    (1.1742935733933484 (0.075 -0.009333333333333334 0.0))
    (1.175293823455864 (0.075 -0.009333333333333334 0.0))
    (1.1762940735183798 (0.075 -0.009333333333333334 0.0))
    (1.1772943235808953 (0.075 -0.009333333333333334 0.0))
    (1.178294573643411 (0.075 -0.009333333333333334 0.0))
    (1.1792948237059266 (0.075 -0.009333333333333334 0.0))
    (1.1802950737684423 (0.075 -0.009333333333333334 0.0))
    (1.1812953238309578 (0.075 -0.009333333333333334 0.0))
    (1.1822955738934735 (0.075 -0.009333333333333334 0.0))
    (1.1832958239559892 (0.075 -0.009333333333333334 0.0))
    (1.1842960740185047 (0.075 -0.009333333333333334 0.0))
    (1.1852963240810204 (0.075 -0.009333333333333334 0.0))
    (1.186296574143536 (0.075 -0.009333333333333334 0.0))
    (1.1872968242060515 (0.075 -0.009333333333333334 0.0))
    (1.1882970742685672 (0.075 -0.009333333333333334 0.0))
    (1.189297324331083 (0.075 -0.009333333333333334 0.0))
    (1.1902975743935986 (0.075 -0.009333333333333334 0.0))
    (1.191297824456114 (0.075 -0.009333333333333334 0.0))
    (1.1922980745186298 (0.075 -0.009333333333333334 0.0))
    (1.1932983245811455 (0.075 -0.009333333333333334 0.0))
    (1.194298574643661 (0.075 -0.009333333333333334 0.0))
    (1.1952988247061767 (0.075 -0.009333333333333334 0.0))
    (1.1962990747686923 (0.075 -0.009333333333333334 0.0))
    (1.1972993248312078 (0.075 -0.009333333333333334 0.0))
    (1.1982995748937235 (0.075 -0.009333333333333334 0.0))
    (1.1992998249562392 (0.075 -0.009333333333333334 0.0))
    (1.200300075018755 (0.075 -0.009333333333333334 0.0))
    (1.2013003250812704 (0.075 -0.009333333333333334 0.0))
    (1.202300575143786 (0.075 -0.009333333333333334 0.0))
    (1.2033008252063018 (0.075 -0.009333333333333334 0.0))
    (1.2043010752688172 (0.075 -0.009333333333333334 0.0))
    (1.205301325331333 (0.075 -0.009333333333333334 0.0))
    (1.2063015753938486 (0.075 -0.009333333333333334 0.0))
    (1.207301825456364 (0.075 -0.009333333333333334 0.0))
    (1.2083020755188798 (0.075 -0.009333333333333334 0.0))
    (1.2093023255813955 (0.075 -0.009333333333333334 0.0))
    (1.2103025756439112 (0.075 -0.009333333333333334 0.0))
    (1.2113028257064267 (0.075 -0.009333333333333334 0.0))
    (1.2123030757689424 (0.075 -0.009333333333333334 0.0))
    (1.213303325831458 (0.075 -0.009333333333333334 0.0))
    (1.2143035758939735 (0.075 -0.009333333333333334 0.0))
    (1.2153038259564892 (0.075 -0.009333333333333334 0.0))
    (1.216304076019005 (0.075 -0.009333333333333334 0.0))
    (1.2173043260815206 (0.075 -0.009333333333333334 0.0))
    (1.218304576144036 (0.075 -0.009333333333333334 0.0))
    (1.2193048262065518 (0.075 -0.009333333333333334 0.0))
    (1.2203050762690675 (0.075 -0.009333333333333334 0.0))
    (1.221305326331583 (0.075 -0.009333333333333334 0.0))
    (1.2223055763940986 (0.075 -0.009333333333333334 0.0))
    (1.2233058264566143 (0.075 -0.009333333333333334 0.0))
    (1.2243060765191298 (0.075 -0.009333333333333334 0.0))
    (1.2253063265816455 (0.075 -0.009333333333333334 0.0))
    (1.2263065766441612 (0.075 -0.009333333333333334 0.0))
    (1.227306826706677 (0.075 -0.009333333333333334 0.0))
    (1.2283070767691924 (0.075 -0.009333333333333334 0.0))
    (1.229307326831708 (0.075 -0.009333333333333334 0.0))
    (1.2303075768942238 (0.075 -0.009333333333333334 0.0))
    (1.2313078269567392 (0.075 -0.009333333333333334 0.0))
    (1.232308077019255 (0.075 -0.009333333333333334 0.0))
    (1.2333083270817706 (0.075 -0.009333333333333334 0.0))
    (1.234308577144286 (0.075 -0.009333333333333334 0.0))
    (1.2353088272068018 (0.075 -0.009333333333333334 0.0))
    (1.2363090772693175 (0.075 -0.009333333333333334 0.0))
    (1.2373093273318332 (0.075 -0.009333333333333334 0.0))
    (1.2383095773943487 (0.075 -0.009333333333333334 0.0))
    (1.2393098274568644 (0.075 -0.009333333333333334 0.0))
    (1.24031007751938 (0.075 -0.009333333333333334 0.0))
    (1.2413103275818955 (0.075 -0.009333333333333334 0.0))
    (1.2423105776444112 (0.075 -0.009333333333333334 0.0))
    (1.243310827706927 (0.075 -0.009333333333333334 0.0))
    (1.2443110777694424 (0.075 -0.009333333333333334 0.0))
    (1.245311327831958 (0.075 -0.009333333333333334 0.0))
    (1.2463115778944738 (0.075 -0.009333333333333334 0.0))
    (1.2473118279569895 (0.075 -0.009333333333333334 0.0))
    (1.248312078019505 (0.075 -0.009333333333333334 0.0))
    (1.2493123280820206 (0.075 -0.009333333333333334 0.0))
    (1.2503125781445363 (0.075 -0.009333333333333334 0.0))
    (1.2513128282070518 (0.075 -0.009333333333333334 0.0))
    (1.2523130782695675 (0.075 -0.009333333333333334 0.0))
    (1.2533133283320832 (0.075 -0.009333333333333334 0.0))
    (1.2543135783945987 (0.075 -0.009333333333333334 0.0))
    (1.2553138284571144 (0.075 -0.009333333333333334 0.0))
    (1.25631407851963 (0.075 -0.009333333333333334 0.0))
    (1.2573143285821458 (0.075 -0.009333333333333334 0.0))
    (1.2583145786446612 (0.075 -0.009333333333333334 0.0))
    (1.259314828707177 (0.075 -0.009333333333333334 0.0))
    (1.2603150787696926 (0.075 -0.009333333333333334 0.0))
    (1.261315328832208 (0.075 -0.009333333333333334 0.0))
    (1.2623155788947238 (0.075 -0.009333333333333334 0.0))
    (1.2633158289572395 (0.075 -0.009333333333333334 0.0))
    (1.2643160790197552 (0.075 -0.009333333333333334 0.0))
    (1.2653163290822707 (0.075 -0.009333333333333334 0.0))
    (1.2663165791447863 (0.075 -0.009333333333333334 0.0))
    (1.267316829207302 (0.075 -0.009333333333333334 0.0))
    (1.2683170792698175 (0.075 -0.009333333333333334 0.0))
    (1.2693173293323332 (0.075 -0.009333333333333334 0.0))
    (1.270317579394849 (0.075 -0.009333333333333334 0.0))
    (1.2713178294573644 (0.075 -0.009333333333333334 0.0))
    (1.27231807951988 (0.075 -0.009333333333333334 0.0))
    (1.2733183295823958 (0.075 -0.009333333333333334 0.0))
    (1.2743185796449115 (0.075 -0.009333333333333334 0.0))
    (1.275318829707427 (0.075 -0.009333333333333334 0.0))
    (1.2763190797699426 (0.075 -0.009333333333333334 0.0))
    (1.2773193298324583 (0.075 -0.009333333333333334 0.0))
    (1.2783195798949738 (0.075 -0.009333333333333334 0.0))
    (1.2793198299574895 (0.075 -0.009333333333333334 0.0))
    (1.2803200800200052 (0.075 -0.009333333333333334 0.0))
    (1.2813203300825207 (0.075 -0.009333333333333334 0.0))
    (1.2823205801450364 (0.075 -0.009333333333333334 0.0))
    (1.283320830207552 (0.075 -0.009333333333333334 0.0))
    (1.2843210802700677 (0.075 -0.009333333333333334 0.0))
    (1.2853213303325832 (0.075 -0.009333333333333334 0.0))
    (1.286321580395099 (0.075 -0.009333333333333334 0.0))
    (1.2873218304576146 (0.075 -0.009333333333333334 0.0))
    (1.28832208052013 (0.075 -0.009333333333333334 0.0))
    (1.2893223305826458 (0.075 -0.009333333333333334 0.0))
    (1.2903225806451615 (0.075 -0.009333333333333334 0.0))
    (1.291322830707677 (0.075 -0.009333333333333334 0.0))
    (1.2923230807701926 (0.075 -0.009333333333333334 0.0))
    (1.2933233308327083 (0.075 -0.009333333333333334 0.0))
    (1.294323580895224 (0.075 -0.009333333333333334 0.0))
    (1.2953238309577395 (0.075 -0.009333333333333334 0.0))
    (1.2963240810202552 (0.075 -0.009333333333333334 0.0))
    (1.297324331082771 (0.075 -0.009333333333333334 0.0))
    (1.2983245811452864 (0.075 -0.009333333333333334 0.0))
    (1.299324831207802 (0.075 -0.009333333333333334 0.0))
    (1.3003250812703178 (0.075 -0.009333333333333334 0.0))
    (1.3013253313328332 (0.075 -0.009333333333333334 0.0))
    (1.302325581395349 (0.075 -0.009333333333333334 0.0))
    (1.3033258314578646 (0.075 -0.009333333333333334 0.0))
    (1.3043260815203803 (0.075 -0.009333333333333334 0.0))
    (1.3053263315828958 (0.075 -0.009333333333333334 0.0))
    (1.3063265816454115 (0.075 -0.009333333333333334 0.0))
    (1.3073268317079272 (0.075 -0.009346177172989507 0.0))
    (1.3083270817704427 (0.075 -0.009416005689616414 0.0))
    (1.3093273318329584 (0.075 -0.009485825135753197 0.0))
    (1.310327581895474 (0.075 -0.009555627851081145 0.0))
    (1.3113278319579897 (0.075 -0.009625406177117171 0.0))
    (1.3123280820205052 (0.075 -0.009695152458054102 0.0))
    (1.313328332083021 (0.075 -0.009764859041600666 0.0))
    (1.3143285821455366 (0.075 -0.009834518279820969 0.0))
    (1.315328832208052 (0.075 -0.009904122529973688 0.0))
    (1.3163290822705678 (0.075 -0.009973664155350623 0.0))
    (1.3173293323330835 (0.075 -0.010043135526114445 0.0))
    (1.318329582395599 (0.075 -0.010112529020135924 0.0))
    (1.3193298324581146 (0.075 -0.010181837023830203 0.0))
    (1.3203300825206303 (0.075 -0.010251051932992016 0.0))
    (1.321330332583146 (0.075 -0.010320166153630132 0.0))
    (1.3223305826456615 (0.075 -0.01038917210280041 0.0))
    (1.3233308327081772 (0.075 -0.010458062209437909 0.0))
    (1.324331082770693 (0.075 -0.010526828915187445 0.0))
    (1.3253313328332084 (0.075 -0.010595464675232867 0.0))
    (1.326331582895724 (0.075 -0.010663961959124942 0.0))
    (1.3273318329582398 (0.075 -0.010732313251607478 0.0))
    (1.3283320830207552 (0.075 -0.01080051105344185 0.0))
    (1.329332333083271 (0.075 -0.010868547882229906 0.0))
    (1.3303325831457866 (0.075 -0.010936416273234799 0.0))
    (1.3313328332083023 (0.075 -0.011004108780199993 0.0))
    (1.3323330832708178 (0.075 -0.011071617976166293 0.0))
    (1.3333333333333335 (0.075 -0.011138936454286711 0.0))
    (1.3343335833958492 (0.075 -0.011206056828639009 0.0))
    (1.3353338334583646 (0.075 -0.011272971735036164 0.0))
    (1.3363340835208803 (0.075 -0.011339673831834329 0.0))
    (1.337334333583396 (0.075 -0.011406155800738236 0.0))
    (1.3383345836459115 (0.075 -0.011472410347604229 0.0))
    (1.3393348337084272 (0.075 -0.011538430203240548 0.0))
    (1.340335083770943 (0.075 -0.011604208124204778 0.0))
    (1.3413353338334586 (0.075 -0.011669736893598692 0.0))
    (1.342335583895974 (0.075 -0.011735009321859953 0.0))
    (1.3433358339584898 (0.075 -0.011800018247551041 0.0))
    (1.3443360840210055 (0.075 -0.011864756538144887 0.0))
    (1.345336334083521 (0.075 -0.011929217090807418 0.0))
    (1.3463365841460366 (0.075 -0.011993392833176957 0.0))
    (1.3473368342085523 (0.075 -0.012057276724140073 0.0))
    (1.3483370842710678 (0.075 -0.01212086175460411 0.0))
    (1.3493373343335835 (0.075 -0.012184140948266286 0.0))
    (1.3503375843960992 (0.075 -0.012247107362379016 0.0))
    (1.3513378344586149 (0.075 -0.012309754088511654 0.0))
    (1.3523380845211304 (0.075 -0.012372074253308496 0.0))
    (1.353338334583646 (0.075 -0.012434061019242914 0.0))
    (1.3543385846461617 (0.075 -0.01249570758536745 0.0))
    (1.3553388347086772 (0.075 -0.012557007188060087 0.0))
    (1.356339084771193 (0.075 -0.012617953101766277 0.0))
    (1.3573393348337086 (0.075 -0.01267853863973686 0.0))
    (1.3583395848962243 (0.075 -0.012738757154761714 0.0))
    (1.3593398349587398 (0.075 -0.012798602039899003 0.0))
    (1.3603400850212555 (0.075 -0.012858066729200179 0.0))
    (1.3613403350837712 (0.075 -0.012917144698430276 0.0))
    (1.3623405851462866 (0.075 -0.012975829465783718 0.0))
    (1.3633408352088023 (0.075 -0.01303411459259558 0.0))
    (1.364341085271318 (0.075 -0.013091993684047912 0.0))
    (1.3653413353338335 (0.075 -0.013149460389871359 0.0))
    (1.3663415853963492 (0.075 -0.013206508405041988 0.0))
    (1.367341835458865 (0.075 -0.013263131470472912 0.0))
    (1.3683420855213806 (0.075 -0.013319323373701111 0.0))
    (1.369342335583896 (0.075 -0.013375077949569011 0.0))
    (1.3703425856464118 (0.075 -0.013430389080900891 0.0))
    (1.3713428357089275 (0.075 -0.01348525069917405 0.0))
    (1.372343085771443 (0.075 -0.013539656785184607 0.0))
    (1.3733433358339586 (0.075 -0.01359360136970792 0.0))
    (1.3743435858964743 (0.075 -0.0136470785341535 0.0))
    (1.3753438359589898 (0.075 -0.013700082411214369 0.0))
    (1.3763440860215055 (0.075 -0.01375260718551081 0.0))
    (1.3773443360840212 (0.075 -0.013804647094228408 0.0))
    (1.3783445861465369 (0.075 -0.013856196427750293 0.0))
    (1.3793448362090523 (0.075 -0.013907249530283619 0.0))
    (1.380345086271568 (0.075 -0.013957800800480107 0.0))
    (1.3813453363340837 (0.075 -0.014007844692050516 0.0))
    (1.3823455863965992 (0.075 -0.014057375714373254 0.0))
    (1.383345836459115 (0.075 -0.01410638843309677 0.0))
    (1.3843460865216306 (0.075 -0.014154877470735726 0.0))
    (1.385346336584146 (0.075 -0.014202837507261066 0.0))
    (1.3863465866466618 (0.075 -0.01425026328068371 0.0))
    (1.3873468367091775 (0.075 -0.014297149587631796 0.0))
    (1.3883470867716932 (0.075 -0.014343491283921681 0.0))
    (1.3893473368342086 (0.075 -0.014389283285122241 0.0))
    (1.3903475868967243 (0.075 -0.014434520567112818 0.0))
    (1.39134783695924 (0.075 -0.014479198166634365 0.0))
    (1.3923480870217555 (0.075 -0.014523311181834007 0.0))
    (1.3933483370842712 (0.075 -0.014566854772802906 0.0))
    (1.3943485871467869 (0.075 -0.014609824162107229 0.0))
    (1.3953488372093024 (0.075 -0.014652214635312293 0.0))
    (1.396349087271818 (0.075 -0.014694021541499886 0.0))
    (1.3973493373343338 (0.075 -0.014735240293778488 0.0))
    (1.3983495873968494 (0.075 -0.014775866369786528 0.0))
    (1.399349837459365 (0.075 -0.014815895312188587 0.0))
    (1.4003500875218806 (0.075 -0.01485532272916445 0.0))
    (1.4013503375843963 (0.075 -0.014894144294890898 0.0))
    (1.4023505876469118 (0.075 -0.01493235575001638 0.0))
    (1.4033508377094275 (0.075 -0.014969952902128332 0.0))
    (1.4043510877719432 (0.075 -0.015006931626213093 0.0))
    (1.4053513378344589 (0.075 -0.01504328786510856 0.0))
    (1.4063515878969743 (0.075 -0.015079017629949254 0.0))
    (1.40735183795949 (0.075 -0.015114117000604041 0.0))
    (1.4083520880220057 (0.075 -0.015148582126106168 0.0))
    (1.4093523380845212 (0.075 -0.015182409225075785 0.0))
    (1.410352588147037 (0.075 -0.015215594586134869 0.0))
    (1.4113528382095526 (0.075 -0.015248134568314373 0.0))
    (1.412353088272068 (0.075 -0.015280025601453704 0.0))
    (1.4133533383345838 (0.075 -0.015311264186592469 0.0))
    (1.4143535883970995 (0.075 -0.01534184689635432 0.0))
    (1.4153538384596152 (0.075 -0.015371770375323005 0.0))
    (1.4163540885221306 (0.075 -0.015401031340410525 0.0))
    (1.4173543385846463 (0.075 -0.015429626581217343 0.0))
    (1.418354588647162 (0.075 -0.015457552960384587 0.0))
    (1.4193548387096775 (0.075 -0.015484807413938297 0.0))
    (1.4203550887721932 (0.075 -0.015511386951625598 0.0))
    (1.4213553388347089 (0.075 -0.01553728865724274 0.0))
    (1.4223555888972244 (0.075 -0.015562509688955086 0.0))
    (1.42335583895974 (0.075 -0.015587047279608917 0.0))
    (1.4243560890222557 (0.075 -0.01561089873703499 0.0))
    (1.4253563390847714 (0.075 -0.01563406144434395 0.0))
    (1.426356589147287 (0.075 -0.01565653286021343 0.0))
    (1.4273568392098026 (0.075 -0.015678310519166874 0.0))
    (1.4283570892723183 (0.075 -0.015699392031844055 0.0))
    (1.4293573393348338 (0.075 -0.01571977508526319 0.0))
    (1.4303575893973495 (0.075 -0.015739457443074766 0.0))
    (1.4313578394598652 (0.075 -0.015758436945806854 0.0))
    (1.4323580895223806 (0.075 -0.015776711511102052 0.0))
    (1.4333583395848963 (0.075 -0.015794279133945974 0.0))
    (1.434358589647412 (0.075 -0.015811137886887216 0.0))
    (1.4353588397099277 (0.075 -0.01582728592024881 0.0))
    (1.4363590897724432 (0.075 -0.015842721462331198 0.0))
    (1.437359339834959 (0.075 -0.015857442819606608 0.0))
    (1.4383595898974746 (0.075 -0.01587144837690483 0.0))
    (1.43935983995999 (0.075 -0.01588473659759047 0.0))
    (1.4403600900225058 (0.075 -0.01589730602373152 0.0))
    (1.4413603400850215 (0.075 -0.01590915527625931 0.0))
    (1.442360590147537 (0.075 -0.015920283055119833 0.0))
    (1.4433608402100526 (0.075 -0.01593068813941638 0.0))
    (1.4443610902725683 (0.075 -0.015940369387543465 0.0))
    (1.445361340335084 (0.075 -0.015949325737312118 0.0))
    (1.4463615903975995 (0.075 -0.015957556206066394 0.0))
    (1.4473618404601152 (0.075 -0.015965059890791194 0.0))
    (1.4483620905226309 (0.075 -0.015971835968211355 0.0))
    (1.4493623405851463 (0.075 -0.01597788369488195 0.0))
    (1.450362590647662 (0.075 -0.015983202407269876 0.0))
    (1.4513628407101777 (0.075 -0.015987791521826653 0.0))
    (1.4523630907726934 (0.075 -0.01599165053505243 0.0))
    (1.453363340835209 (0.075 -0.01599477902355126 0.0))
    (1.4543635908977246 (0.075 -0.015997176644077515 0.0))
    (1.4553638409602403 (0.075 -0.01599884313357358 0.0))
    (1.4563640910227558 (0.075 -0.015999778309198697 0.0))
    (1.4573643410852715 (0.075 -0.01599998206834902 0.0))
    (1.4583645911477872 (0.075 -0.015999454388668885 0.0))
    (1.4593648412103026 (0.075 -0.015998195328053265 0.0))
    (1.4603650912728183 (0.075 -0.015996205024641396 0.0))
    (1.461365341335334 (0.075 -0.015993483696801654 0.0))
    (1.4623655913978497 (0.075 -0.015990031643107566 0.0))
    (1.4633658414603652 (0.075 -0.015985849242305068 0.0))
    (1.4643660915228809 (0.075 -0.01598093695327095 0.0))
    (1.4653663415853966 (0.075 -0.015975295314962498 0.0))
    (1.466366591647912 (0.075 -0.015968924946358383 0.0))
    (1.4673668417104277 (0.075 -0.015961826546390723 0.0))
    (1.4683670917729434 (0.075 -0.01595400089386842 0.0))
    (1.469367341835459 (0.075 -0.015945448847391703 0.0))
    (1.4703675918979746 (0.075 -0.015936171345257925 0.0))
    (1.4713678419604903 (0.075 -0.01592616940535863 0.0))
    (1.472368092023006 (0.075 -0.01591544412506784 0.0))
    (1.4733683420855215 (0.075 -0.015903996681121697 0.0))
    (1.4743685921480372 (0.075 -0.01589182832948933 0.0))
    (1.4753688422105529 (0.075 -0.015878940405235062 0.0))
    (1.4763690922730683 (0.075 -0.01586533432237194 0.0))
    (1.477369342335584 (0.075 -0.01585101157370657 0.0))
    (1.4783695923980997 (0.075 -0.01583597373067536 0.0))
    (1.4793698424606152 (0.075 -0.015820222443172105 0.0))
    (1.480370092523131 (0.075 -0.01580375943936694 0.0))
    (1.4813703425856466 (0.075 -0.01578658652551676 0.0))
    (1.4823705926481623 (0.075 -0.015768705585767043 0.0))
    (1.4833708427106778 (0.075 -0.015750118581945114 0.0))
    (1.4843710927731935 (0.075 -0.0157308275533449 0.0))
    (1.4853713428357092 (0.075 -0.015710834616503216 0.0))
    (1.4863715928982246 (0.075 -0.01569014196496751 0.0))
    (1.4873718429607403 (0.075 -0.015668751869055204 0.0))
    (1.488372093023256 (0.075 -0.01564666667560463 0.0))
    (1.4893723430857715 (0.075 -0.01562388880771752 0.0))
    (1.4903725931482872 (0.075 -0.01560042076449314 0.0))
    (1.4913728432108029 (0.075 -0.015576265120754138 0.0))
    (1.4923730932733186 (0.075 -0.015551424526764009 0.0))
    (1.493373343335834 (0.075 -0.015525901707936347 0.0))
    (1.4943735933983497 (0.075 -0.015499699464535784 0.0))
    (1.4953738434608654 (0.075 -0.015472820671370794 0.0))
    (1.496374093523381 (0.075 -0.015445268277478275 0.0))
    (1.4973743435858966 (0.075 -0.015417045305799962 0.0))
    (1.4983745936484123 (0.075 -0.015388154852850795 0.0))
    (1.499374843710928 (0.075 -0.015358600088379172 0.0))
    (1.5003750937734435 (0.075 -0.015328384255019171 0.0))
    (1.5013753438359592 (0.075 -0.015297510667934767 0.0))
    (1.5023755938984749 (0.075 -0.01526598271445615 0.0))
    (1.5033758439609903 (0.075 -0.015233803853708035 0.0))
    (1.504376094023506 (0.075 -0.015200977616230148 0.0))
    (1.5053763440860217 (0.075 -0.015167507603589899 0.0))
    (1.5063765941485372 (0.075 -0.015133397487987204 0.0))
    (1.507376844211053 (0.075 -0.015098651011851573 0.0))
    (1.5083770942735686 (0.075 -0.015063271987431553 0.0))
    (1.5093773443360843 (0.075 -0.015027264296376412 0.0))
    (1.5103775943985998 (0.075 -0.01499063188931031 0.0))
    (1.5113778444611154 (0.075 -0.014953378785398784 0.0))
    (1.5123780945236311 (0.075 -0.014915509071907845 0.0))
    (1.5133783445861466 (0.075 -0.014877026903755523 0.0))
    (1.5143785946486623 (0.075 -0.014837936503055971 0.0))
    (1.515378844711178 (0.075 -0.01479824215865627 0.0))
    (1.5163790947736935 (0.075 -0.014757948225665878 0.0))
    (1.5173793448362092 (0.075 -0.01471705912497875 0.0))
    (1.5183795948987249 (0.075 -0.014675579342788351 0.0))
    (1.5193798449612406 (0.075 -0.01463351343009544 0.0))
    (1.520380095023756 (0.075 -0.01459086600220873 0.0))
    (1.5213803450862717 (0.075 -0.014547641738238502 0.0))
    (1.5223805951487874 (0.075 -0.014503845380583295 0.0))
    (1.523380845211303 (0.075 -0.01445948173440953 0.0))
    (1.5243810952738186 (0.075 -0.014414555667124292 0.0))
    (1.5253813453363343 (0.075 -0.014369072107841382 0.0))
    (1.5263815953988498 (0.075 -0.014323036046840435 0.0))
    (1.5273818454613655 (0.075 -0.014276452535019404 0.0))
    (1.5283820955238812 (0.075 -0.014229326683340471 0.0))
    (1.5293823455863969 (0.075 -0.014181663662269202 0.0))
    (1.5303825956489123 (0.075 -0.014133468701207345 0.0))
    (1.531382845711428 (0.075 -0.014084747087918993 0.0))
    (1.5323830957739437 (0.075 -0.014035504167950498 0.0))
    (1.5333833458364592 (0.075 -0.013985745344043989 0.0))
    (1.5343835958989749 (0.075 -0.013935476075544517 0.0))
    (1.5353838459614906 (0.075 -0.01388470187780116 0.0))
    (1.536384096024006 (0.075 -0.0138334283215619 0.0))
    (1.5373843460865217 (0.075 -0.013781661032362346 0.0))
    (1.5383845961490374 (0.075 -0.013729405689908596 0.0))
    (1.5393848462115531 (0.075 -0.01367666802745407 0.0))
    (1.5403850962740686 (0.075 -0.013623453831170454 0.0))
    (1.5413853463365843 (0.075 -0.013569768939512852 0.0))
    (1.5423855963991 (0.075 -0.013515619242579286 0.0))
    (1.5433858464616155 (0.075 -0.01346101068146438 0.0))
    (1.5443860965241312 (0.075 -0.013405949247607556 0.0))
    (1.5453863465866469 (0.075 -0.013350440982135683 0.0))
    (1.5463865966491626 (0.075 -0.013294491975200249 0.0))
    (1.547386846711678 (0.075 -0.013238108365309224 0.0))
    (1.5483870967741937 (0.075 -0.013181296338653468 0.0))
    (1.5493873468367094 (0.075 -0.013124062128428099 0.0))
    (1.550387596899225 (0.075 -0.013066412014148602 0.0))
    (1.5513878469617406 (0.075 -0.013008352320961787 0.0))
    (1.5523880970242563 (0.075 -0.012949889418951902 0.0))
    (1.5533883470867718 (0.075 -0.012891029722441726 0.0))
    (1.5543885971492875 (0.075 -0.01283177968928873 0.0))
    (1.5553888472118031 (0.075 -0.01277214582017667 0.0))
    (1.5563890972743188 (0.075 -0.012712134657902255 0.0))
    (1.5573893473368343 (0.075 -0.01265175278665735 0.0))
    (1.55838959739935 (0.075 -0.012591006831306565 0.0))
    (1.5593898474618657 (0.075 -0.012529903456660408 0.0))
    (1.5603900975243812 (0.075 -0.012468449366744044 0.0))
    (1.5613903475868969 (0.075 -0.012406651304061756 0.0))
    (1.5623905976494126 (0.075 -0.012344516048857185 0.0))
    (1.563390847711928 (0.075 -0.01228205041836943 0.0))
    (1.5643910977744437 (0.075 -0.01221926126608508 0.0))
    (1.5653913478369594 (0.075 -0.012156155480986268 0.0))
    (1.5663915978994751 (0.075 -0.012092739986794889 0.0))
    (1.5673918479619906 (0.075 -0.012029021741212892 0.0))
    (1.5683920980245063 (0.075 -0.011965007735158902 0.0))
    (1.569392348087022 (0.075 -0.0119007049920013 0.0))
    (1.5703925981495375 (0.075 -0.011836120566787553 0.0))
    (1.5713928482120532 (0.075 -0.011771261545470152 0.0))
    (1.5723930982745689 (0.075 -0.011706135044129274 0.0))
    (1.5733933483370843 (0.075 -0.011640748208191937 0.0))
    (1.5743935983996 (0.075 -0.011575108211648021 0.0))
    (1.5753938484621157 (0.075 -0.01150922225626328 0.0))
    (1.5763940985246314 (0.075 -0.011443097570789054 0.0))
    (1.5773943485871469 (0.075 -0.011376741410169285 0.0))
    (1.5783945986496626 (0.075 -0.011310161054744396 0.0))
    (1.5793948487121783 (0.075 -0.011243363809452633 0.0))
    (1.5803950987746938 (0.075 -0.01117635700302859 0.0))
    (1.5813953488372094 (0.075 -0.01110914798719902 0.0))
    (1.5823955988997251 (0.075 -0.011041744135876353 0.0))
    (1.5833958489622408 (0.075 -0.010974152844349628 0.0))
    (1.5843960990247563 (0.075 -0.010906381528473074 0.0))
    (1.585396349087272 (0.075 -0.010838437623852462 0.0))
    (1.5863965991497877 (0.075 -0.010770328585029397 0.0))
    (1.5873968492123032 (0.075 -0.010702061884663333 0.0))
    (1.5883970992748189 (0.075 -0.010633645012711702 0.0))
    (1.5893973493373346 (0.075 -0.010565085475608253 0.0))
    (1.59039759939985 (0.075 -0.010496390795439358 0.0))
    (1.5913978494623657 (0.075 -0.010427568509118737 0.0))
    (1.5923980995248814 (0.075 -0.010358626167560628 0.0))
    (1.5933983495873971 (0.075 -0.010289571334851201 0.0))
    (1.5943985996499126 (0.075 -0.010220411587418784 0.0))
    (1.5953988497124283 (0.075 -0.010151154513202467 0.0))
    (1.596399099774944 (0.075 -0.010081807710819693 0.0))
    (1.5973993498374595 (0.075 -0.010012378788732568 0.0))
    (1.5983995998999752 (0.075 -0.00994287536441298 0.0))
    (1.5993998499624908 (0.075 -0.00987330506350695 0.0))
    (1.6004001000250063 (0.075 -0.009803675518997973 0.0))
    (1.601400350087522 (0.075 -0.009733994370369453 0.0))
    (1.6024006001500377 (0.075 -0.009664269262766633 0.0))
    (1.6034008502125534 (0.075 -0.009594507846157785 0.0))
    (1.6044011002750689 (0.075 -0.009524717774494842 0.0))
    (1.6054013503375846 (0.075 -0.009454906704873626 0.0))
    (1.6064016004001003 (0.075 -0.009385082296693839 0.0))
    (1.6074018504626157 (0.075 -0.009333333333333334 0.0))
    (1.6084021005251314 (0.075 -0.009333333333333334 0.0))
    (1.6094023505876471 (0.075 -0.009333333333333334 0.0))
    (1.6104026006501626 (0.075 -0.009333333333333334 0.0))
    (1.6114028507126783 (0.075 -0.009333333333333334 0.0))
    (1.612403100775194 (0.075 -0.009333333333333334 0.0))
    (1.6134033508377097 (0.075 -0.009333333333333334 0.0))
    (1.6144036009002252 (0.075 -0.009333333333333334 0.0))
    (1.6154038509627409 (0.075 -0.009333333333333334 0.0))
    (1.6164041010252566 (0.075 -0.009333333333333334 0.0))
    (1.617404351087772 (0.075 -0.009333333333333334 0.0))
    (1.6184046011502877 (0.075 -0.009333333333333334 0.0))
    (1.6194048512128034 (0.075 -0.009333333333333334 0.0))
    (1.620405101275319 (0.075 -0.009333333333333334 0.0))
    (1.6214053513378346 (0.075 -0.009333333333333334 0.0))
    (1.6224056014003503 (0.075 -0.009333333333333334 0.0))
    (1.623405851462866 (0.075 -0.009333333333333334 0.0))
    (1.6244061015253815 (0.075 -0.009333333333333334 0.0))
    (1.6254063515878971 (0.075 -0.009333333333333334 0.0))
    (1.6264066016504128 (0.075 -0.009333333333333334 0.0))
    (1.6274068517129283 (0.075 -0.009333333333333334 0.0))
    (1.628407101775444 (0.075 -0.009333333333333334 0.0))
    (1.6294073518379597 (0.075 -0.009333333333333334 0.0))
    (1.6304076019004754 (0.075 -0.009333333333333334 0.0))
    (1.6314078519629909 (0.075 -0.009333333333333334 0.0))
    (1.6324081020255066 (0.075 -0.009333333333333334 0.0))
    (1.6334083520880223 (0.075 -0.009333333333333334 0.0))
    (1.6344086021505377 (0.075 -0.009333333333333334 0.0))
    (1.6354088522130534 (0.075 -0.009333333333333334 0.0))
    (1.6364091022755691 (0.075 -0.009333333333333334 0.0))
    (1.6374093523380846 (0.075 -0.009333333333333334 0.0))
    (1.6384096024006003 (0.075 -0.009333333333333334 0.0))
    (1.639409852463116 (0.075 -0.009333333333333334 0.0))
    (1.6404101025256317 (0.075 -0.009333333333333334 0.0))
    (1.6414103525881472 (0.075 -0.009333333333333334 0.0))
    (1.6424106026506629 (0.075 -0.009333333333333334 0.0))
    (1.6434108527131785 (0.075 -0.009333333333333334 0.0))
    (1.644411102775694 (0.075 -0.009333333333333334 0.0))
    (1.6454113528382097 (0.075 -0.009333333333333334 0.0))
    (1.6464116029007254 (0.075 -0.009333333333333334 0.0))
    (1.6474118529632409 (0.075 -0.009333333333333334 0.0))
    (1.6484121030257566 (0.075 -0.009333333333333334 0.0))
    (1.6494123530882723 (0.075 -0.009333333333333334 0.0))
    (1.650412603150788 (0.075 -0.009333333333333334 0.0))
    (1.6514128532133034 (0.075 -0.009333333333333334 0.0))
    (1.6524131032758191 (0.075 -0.009333333333333334 0.0))
    (1.6534133533383348 (0.075 -0.009333333333333334 0.0))
    (1.6544136034008503 (0.075 -0.009333333333333334 0.0))
    (1.655413853463366 (0.075 -0.009333333333333334 0.0))
    (1.6564141035258817 (0.075 -0.009333333333333334 0.0))
    (1.6574143535883972 (0.075 -0.009333333333333334 0.0))
    (1.6584146036509129 (0.075 -0.009333333333333334 0.0))
    (1.6594148537134286 (0.075 -0.009333333333333334 0.0))
    (1.6604151037759443 (0.075 -0.009333333333333334 0.0))
    (1.6614153538384597 (0.075 -0.009333333333333334 0.0))
    (1.6624156039009754 (0.075 -0.009333333333333334 0.0))
    (1.6634158539634911 (0.075 -0.009333333333333334 0.0))
    (1.6644161040260066 (0.075 -0.009333333333333334 0.0))
    (1.6654163540885223 (0.075 -0.009333333333333334 0.0))
    (1.666416604151038 (0.075 -0.009333333333333334 0.0))
    (1.6674168542135535 (0.075 -0.009333333333333334 0.0))
    (1.6684171042760692 (0.075 -0.009333333333333334 0.0))
    (1.6694173543385848 (0.075 -0.009333333333333334 0.0))
    (1.6704176044011005 (0.075 -0.009333333333333334 0.0))
    (1.671417854463616 (0.075 -0.009333333333333334 0.0))
    (1.6724181045261317 (0.075 -0.009333333333333334 0.0))
    (1.6734183545886474 (0.075 -0.009333333333333334 0.0))
    (1.6744186046511629 (0.075 -0.009333333333333334 0.0))
    (1.6754188547136786 (0.075 -0.009333333333333334 0.0))
    (1.6764191047761943 (0.075 -0.009333333333333334 0.0))
    (1.67741935483871 (0.075 -0.009333333333333334 0.0))
    (1.6784196049012254 (0.075 -0.009333333333333334 0.0))
    (1.6794198549637411 (0.075 -0.009333333333333334 0.0))
    (1.6804201050262568 (0.075 -0.009333333333333334 0.0))
    (1.6814203550887723 (0.075 -0.009333333333333334 0.0))
    (1.682420605151288 (0.075 -0.009333333333333334 0.0))
    (1.6834208552138037 (0.075 -0.009333333333333334 0.0))
    (1.6844211052763192 (0.075 -0.009333333333333334 0.0))
    (1.6854213553388349 (0.075 -0.009333333333333334 0.0))
    (1.6864216054013506 (0.075 -0.009333333333333334 0.0))
    (1.6874218554638662 (0.075 -0.009333333333333334 0.0))
    (1.6884221055263817 (0.075 -0.009333333333333334 0.0))
    (1.6894223555888974 (0.075 -0.009333333333333334 0.0))
    (1.6904226056514131 (0.075 -0.009333333333333334 0.0))
    (1.6914228557139286 (0.075 -0.009333333333333334 0.0))
    (1.6924231057764443 (0.075 -0.009333333333333334 0.0))
    (1.69342335583896 (0.075 -0.009333333333333334 0.0))
    (1.6944236059014754 (0.075 -0.009333333333333334 0.0))
    (1.6954238559639911 (0.075 -0.009333333333333334 0.0))
    (1.6964241060265068 (0.075 -0.009333333333333334 0.0))
    (1.6974243560890225 (0.075 -0.009333333333333334 0.0))
    (1.698424606151538 (0.075 -0.009333333333333334 0.0))
    (1.6994248562140537 (0.075 -0.009333333333333334 0.0))
    (1.7004251062765694 (0.075 -0.009333333333333334 0.0))
    (1.7014253563390849 (0.075 -0.009333333333333334 0.0))
    (1.7024256064016006 (0.075 -0.009333333333333334 0.0))
    (1.7034258564641163 (0.075 -0.009333333333333334 0.0))
    (1.7044261065266317 (0.075 -0.009333333333333334 0.0))
    (1.7054263565891474 (0.075 -0.009333333333333334 0.0))
    (1.7064266066516631 (0.075 -0.009333333333333334 0.0))
    (1.7074268567141788 (0.075 -0.009333333333333334 0.0))
    (1.7084271067766943 (0.075 -0.009333333333333334 0.0))
    (1.70942735683921 (0.075 -0.009333333333333334 0.0))
    (1.7104276069017257 (0.075 -0.009333333333333334 0.0))
    (1.7114278569642412 (0.075 -0.009333333333333334 0.0))
    (1.7124281070267569 (0.075 -0.009333333333333334 0.0))
    (1.7134283570892725 (0.075 -0.009333333333333334 0.0))
    (1.714428607151788 (0.075 -0.009333333333333334 0.0))
    (1.7154288572143037 (0.075 -0.009333333333333334 0.0))
    (1.7164291072768194 (0.075 -0.009333333333333334 0.0))
    (1.717429357339335 (0.075 -0.009333333333333334 0.0))
    (1.7184296074018506 (0.075 -0.009333333333333334 0.0))
    (1.7194298574643663 (0.075 -0.009333333333333334 0.0))
    (1.720430107526882 (0.075 -0.009333333333333334 0.0))
    (1.7214303575893974 (0.075 -0.009333333333333334 0.0))
    (1.7224306076519131 (0.075 -0.009333333333333334 0.0))
    (1.7234308577144288 (0.075 -0.009333333333333334 0.0))
    (1.7244311077769445 (0.075 -0.009333333333333334 0.0))
    (1.72543135783946 (0.075 -0.009333333333333334 0.0))
    (1.7264316079019757 (0.075 -0.009333333333333334 0.0))
    (1.7274318579644914 (0.075 -0.009333333333333334 0.0))
    (1.7284321080270069 (0.075 -0.009333333333333334 0.0))
    (1.7294323580895226 (0.075 -0.009333333333333334 0.0))
    (1.7304326081520383 (0.075 -0.009333333333333334 0.0))
    (1.7314328582145537 (0.075 -0.009333333333333334 0.0))
    (1.7324331082770694 (0.075 -0.009333333333333334 0.0))
    (1.7334333583395851 (0.075 -0.009333333333333334 0.0))
    (1.7344336084021008 (0.075 -0.009333333333333334 0.0))
    (1.7354338584646163 (0.075 -0.009333333333333334 0.0))
    (1.736434108527132 (0.075 -0.009333333333333334 0.0))
    (1.7374343585896477 (0.075 -0.009333333333333334 0.0))
    (1.7384346086521631 (0.075 -0.009333333333333334 0.0))
    (1.7394348587146788 (0.075 -0.009333333333333334 0.0))
    (1.7404351087771945 (0.075 -0.009333333333333334 0.0))
    (1.74143535883971 (0.075 -0.009333333333333334 0.0))
    (1.7424356089022257 (0.075 -0.009333333333333334 0.0))
    (1.7434358589647414 (0.075 -0.009333333333333334 0.0))
    (1.744436109027257 (0.075 -0.009333333333333334 0.0))
    (1.7454363590897726 (0.075 -0.009333333333333334 0.0))
    (1.7464366091522883 (0.075 -0.009333333333333334 0.0))
    (1.747436859214804 (0.075 -0.009333333333333334 0.0))
    (1.7484371092773194 (0.075 -0.009333333333333334 0.0))
    (1.7494373593398351 (0.075 -0.009333333333333334 0.0))
    (1.7504376094023508 (0.075 -0.009333333333333334 0.0))
    (1.7514378594648663 (0.075 -0.009333333333333334 0.0))
    (1.752438109527382 (0.075 -0.009333333333333334 0.0))
    (1.7534383595898977 (0.075 -0.009333333333333334 0.0))
    (1.7544386096524134 (0.075 -0.009333333333333334 0.0))
    (1.7554388597149289 (0.075 -0.009333333333333334 0.0))
    (1.7564391097774446 (0.075 -0.009333333333333334 0.0))
    (1.7574393598399602 (0.075 -0.009333333333333334 0.0))
    (1.7584396099024757 (0.075 -0.009333333333333334 0.0))
    (1.7594398599649914 (0.075 -0.009333333333333334 0.0))
    (1.760440110027507 (0.075 -0.009333333333333334 0.0))
    (1.7614403600900226 (0.075 -0.009333333333333334 0.0))
    (1.7624406101525383 (0.075 -0.009333333333333334 0.0))
    (1.763440860215054 (0.075 -0.009333333333333334 0.0))
    (1.7644411102775697 (0.075 -0.009333333333333334 0.0))
    (1.7654413603400851 (0.075 -0.009333333333333334 0.0))
    (1.7664416104026008 (0.075 -0.009333333333333334 0.0))
    (1.7674418604651165 (0.075 -0.009333333333333334 0.0))
    (1.768442110527632 (0.075 -0.009333333333333334 0.0))
    (1.7694423605901477 (0.075 -0.009333333333333334 0.0))
    (1.7704426106526634 (0.075 -0.009333333333333334 0.0))
    (1.771442860715179 (0.075 -0.009333333333333334 0.0))
    (1.7724431107776946 (0.075 -0.009333333333333334 0.0))
    (1.7734433608402103 (0.075 -0.009333333333333334 0.0))
    (1.774443610902726 (0.075 -0.009333333333333334 0.0))
    (1.7754438609652414 (0.075 -0.009333333333333334 0.0))
    (1.7764441110277571 (0.075 -0.009333333333333334 0.0))
    (1.7774443610902728 (0.075 -0.009333333333333334 0.0))
    (1.7784446111527883 (0.075 -0.009333333333333334 0.0))
    (1.779444861215304 (0.075 -0.009333333333333334 0.0))
    (1.7804451112778197 (0.075 -0.009333333333333334 0.0))
    (1.7814453613403354 (0.075 -0.009333333333333334 0.0))
    (1.7824456114028508 (0.075 -0.009333333333333334 0.0))
    (1.7834458614653665 (0.075 -0.009333333333333334 0.0))
    (1.7844461115278822 (0.075 -0.009333333333333334 0.0))
    (1.7854463615903977 (0.075 -0.009333333333333334 0.0))
    (1.7864466116529134 (0.075 -0.009333333333333334 0.0))
    (1.787446861715429 (0.075 -0.009333333333333334 0.0))
    (1.7884471117779446 (0.075 -0.009333333333333334 0.0))
    (1.7894473618404603 (0.075 -0.009333333333333334 0.0))
    (1.790447611902976 (0.075 -0.009333333333333334 0.0))
    (1.7914478619654917 (0.075 -0.009333333333333334 0.0))
    (1.7924481120280071 (0.075 -0.009333333333333334 0.0))
    (1.7934483620905228 (0.075 -0.009333333333333334 0.0))
    (1.7944486121530385 (0.075 -0.009333333333333334 0.0))
    (1.795448862215554 (0.075 -0.009333333333333334 0.0))
    (1.7964491122780697 (0.075 -0.009333333333333334 0.0))
    (1.7974493623405854 (0.075 -0.009333333333333334 0.0))
    (1.7984496124031009 (0.075 -0.009333333333333334 0.0))
    (1.7994498624656166 (0.075 -0.009333333333333334 0.0))
    (1.8004501125281323 (0.075 -0.009333333333333334 0.0))
    (1.801450362590648 (0.075 -0.009333333333333334 0.0))
    (1.8024506126531634 (0.075 -0.009333333333333334 0.0))
    (1.8034508627156791 (0.075 -0.009333333333333334 0.0))
    (1.8044511127781948 (0.075 -0.009333333333333334 0.0))
    (1.8054513628407103 (0.075 -0.009333333333333334 0.0))
    (1.806451612903226 (0.075 -0.009333333333333334 0.0))
    (1.8074518629657417 (0.075 -0.009333333333333334 0.0))
    (1.8084521130282571 (0.075 -0.009333333333333334 0.0))
    (1.8094523630907728 (0.075 -0.009333333333333334 0.0))
    (1.8104526131532885 (0.075 -0.009333333333333334 0.0))
    (1.8114528632158042 (0.075 -0.009333333333333334 0.0))
    (1.8124531132783197 (0.075 -0.009333333333333334 0.0))
    (1.8134533633408354 (0.075 -0.009333333333333334 0.0))
    (1.814453613403351 (0.075 -0.009333333333333334 0.0))
    (1.8154538634658666 (0.075 -0.009333333333333334 0.0))
    (1.8164541135283823 (0.075 -0.009333333333333334 0.0))
    (1.817454363590898 (0.075 -0.009333333333333334 0.0))
    (1.8184546136534137 (0.075 -0.009333333333333334 0.0))
    (1.8194548637159291 (0.075 -0.009333333333333334 0.0))
    (1.8204551137784448 (0.075 -0.009333333333333334 0.0))
    (1.8214553638409605 (0.075 -0.009333333333333334 0.0))
    (1.822455613903476 (0.075 -0.009333333333333334 0.0))
    (1.8234558639659917 (0.075 -0.009333333333333334 0.0))
    (1.8244561140285074 (0.075 -0.009333333333333334 0.0))
    (1.8254563640910229 (0.075 -0.009333333333333334 0.0))
    (1.8264566141535385 (0.075 -0.009333333333333334 0.0))
    (1.8274568642160542 (0.075 -0.009333333333333334 0.0))
    (1.82845711427857 (0.075 -0.009333333333333334 0.0))
    (1.8294573643410854 (0.075 -0.009333333333333334 0.0))
    (1.830457614403601 (0.075 -0.009333333333333334 0.0))
    (1.8314578644661168 (0.075 -0.009333333333333334 0.0))
    (1.8324581145286323 (0.075 -0.009333333333333334 0.0))
    (1.833458364591148 (0.075 -0.009333333333333334 0.0))
    (1.8344586146536637 (0.075 -0.009333333333333334 0.0))
    (1.8354588647161791 (0.075 -0.009333333333333334 0.0))
    (1.8364591147786948 (0.075 -0.009333333333333334 0.0))
    (1.8374593648412105 (0.075 -0.009333333333333334 0.0))
    (1.8384596149037262 (0.075 -0.009333333333333334 0.0))
    (1.8394598649662417 (0.075 -0.009333333333333334 0.0))
    (1.8404601150287574 (0.075 -0.009333333333333334 0.0))
    (1.841460365091273 (0.075 -0.009333333333333334 0.0))
    (1.8424606151537886 (0.075 -0.009333333333333334 0.0))
    (1.8434608652163043 (0.075 -0.009333333333333334 0.0))
    (1.84446111527882 (0.075 -0.009333333333333334 0.0))
    (1.8454613653413354 (0.075 -0.009333333333333334 0.0))
    (1.8464616154038511 (0.075 -0.009333333333333334 0.0))
    (1.8474618654663668 (0.075 -0.009333333333333334 0.0))
    (1.8484621155288825 (0.075 -0.009333333333333334 0.0))
    (1.849462365591398 (0.075 -0.009333333333333334 0.0))
    (1.8504626156539137 (0.075 -0.009333333333333334 0.0))
    (1.8514628657164294 (0.075 -0.009333333333333334 0.0))
    (1.8524631157789448 (0.075 -0.009333333333333334 0.0))
    (1.8534633658414605 (0.075 -0.009333333333333334 0.0))
    (1.8544636159039762 (0.075 -0.009333333333333334 0.0))
    (1.8554638659664917 (0.075 -0.009333333333333334 0.0))
    (1.8564641160290074 (0.075 -0.009333333333333334 0.0))
    (1.857464366091523 (0.075 -0.009333333333333334 0.0))
    (1.8584646161540388 (0.075 -0.009333333333333334 0.0))
    (1.8594648662165543 (0.075 -0.009333333333333334 0.0))
    (1.86046511627907 (0.075 -0.009333333333333334 0.0))
    (1.8614653663415857 (0.075 -0.009333333333333334 0.0))
    (1.8624656164041011 (0.075 -0.009333333333333334 0.0))
    (1.8634658664666168 (0.075 -0.009333333333333334 0.0))
    (1.8644661165291325 (0.075 -0.009333333333333334 0.0))
    (1.8654663665916482 (0.075 -0.009333333333333334 0.0))
    (1.8664666166541637 (0.075 -0.009333333333333334 0.0))
    (1.8674668667166794 (0.075 -0.009333333333333334 0.0))
    (1.868467116779195 (0.075 -0.009333333333333334 0.0))
    (1.8694673668417106 (0.075 -0.009333333333333334 0.0))
    (1.8704676169042262 (0.075 -0.009333333333333334 0.0))
    (1.871467866966742 (0.075 -0.009333333333333334 0.0))
    (1.8724681170292574 (0.075 -0.009333333333333334 0.0))
    (1.8734683670917731 (0.075 -0.009333333333333334 0.0))
    (1.8744686171542888 (0.075 -0.009333333333333334 0.0))
    (1.8754688672168045 (0.075 -0.009333333333333334 0.0))
    (1.87646911727932 (0.075 -0.009333333333333334 0.0))
    (1.8774693673418357 (0.075 -0.009333333333333334 0.0))
    (1.8784696174043514 (0.075 -0.009333333333333334 0.0))
    (1.8794698674668668 (0.075 -0.009333333333333334 0.0))
    (1.8804701175293825 (0.075 -0.009333333333333334 0.0))
    (1.8814703675918982 (0.075 -0.009333333333333334 0.0))
    (1.8824706176544137 (0.075 -0.009333333333333334 0.0))
    (1.8834708677169294 (0.075 -0.009333333333333334 0.0))
    (1.884471117779445 (0.075 -0.009333333333333334 0.0))
    (1.8854713678419608 (0.075 -0.009333333333333334 0.0))
    (1.8864716179044763 (0.075 -0.009333333333333334 0.0))
    (1.887471867966992 (0.075 -0.009333333333333334 0.0))
    (1.8884721180295077 (0.075 -0.009333333333333334 0.0))
    (1.8894723680920231 (0.075 -0.009333333333333334 0.0))
    (1.8904726181545388 (0.075 -0.009333333333333334 0.0))
    (1.8914728682170545 (0.075 -0.009333333333333334 0.0))
    (1.89247311827957 (0.075 -0.009333333333333334 0.0))
    (1.8934733683420857 (0.075 -0.009333333333333334 0.0))
    (1.8944736184046014 (0.075 -0.009333333333333334 0.0))
    (1.895473868467117 (0.075 -0.009333333333333334 0.0))
    (1.8964741185296325 (0.075 -0.009333333333333334 0.0))
    (1.8974743685921482 (0.075 -0.009333333333333334 0.0))
    (1.898474618654664 (0.075 -0.009333333333333334 0.0))
    (1.8994748687171794 (0.075 -0.009333333333333334 0.0))
    (1.900475118779695 (0.075 -0.009333333333333334 0.0))
    (1.9014753688422108 (0.075 -0.009333333333333334 0.0))
    (1.9024756189047263 (0.075 -0.009333333333333334 0.0))
    (1.903475868967242 (0.075 -0.009333333333333334 0.0))
    (1.9044761190297577 (0.075 -0.009333333333333334 0.0))
    (1.9054763690922734 (0.075 -0.009333333333333334 0.0))
    (1.9064766191547888 (0.075 -0.009333333333333334 0.0))
    (1.9074768692173045 (0.075 -0.009356651727547714 0.0))
    (1.9084771192798202 (0.075 -0.00942647937199505 0.0))
    (1.9094773693423357 (0.075 -0.009496296796820465 0.0))
    (1.9104776194048514 (0.075 -0.009566096341927016 0.0))
    (1.911477869467367 (0.075 -0.009635870349179457 0.0))
    (1.9124781195298828 (0.075 -0.009705611163244487 0.0))
    (1.9134783695923983 (0.075 -0.00977531113243053 0.0))
    (1.914478619654914 (0.075 -0.009844962609527497 0.0))
    (1.9154788697174296 (0.075 -0.009914557952645588 0.0))
    (1.9164791197799451 (0.075 -0.009984089526053742 0.0))
    (1.9174793698424608 (0.075 -0.010053549701017597 0.0))
    (1.9184796199049765 (0.075 -0.010122930856636287 0.0))
    (1.919479869967492 (0.075 -0.010192225380678564 0.0))
    (1.9204801200300077 (0.075 -0.010261425670418234 0.0))
    (1.9214803700925234 (0.075 -0.010330524133467953 0.0))
    (1.922480620155039 (0.075 -0.010399513188612503 0.0))
    (1.9234808702175545 (0.075 -0.010468385266640455 0.0))
    (1.9244811202800702 (0.075 -0.010537132811174653 0.0))
    (1.925481370342586 (0.075 -0.010605748279501271 0.0))
    (1.9264816204051014 (0.075 -0.010674224143397377 0.0))
    (1.927481870467617 (0.075 -0.010742552889956894 0.0))
    (1.9284821205301328 (0.075 -0.010810727022414883 0.0))
    (1.9294823705926483 (0.075 -0.010878739060970071 0.0))
    (1.930482620655164 (0.075 -0.010946581543605496 0.0))
    (1.9314828707176797 (0.075 -0.011014247026907214 0.0))
    (1.9324831207801954 (0.075 -0.011081728086880962 0.0))
    (1.9334833708427108 (0.075 -0.011149017319766686 0.0))
    (1.9344836209052265 (0.075 -0.01121610734285086 0.0))
    (1.9354838709677422 (0.075 -0.01128299079527648 0.0))
    (1.9364841210302577 (0.075 -0.011349660338850676 0.0))
    (1.9374843710927734 (0.075 -0.011416108658849827 0.0))
    (1.938484621155289 (0.075 -0.011482328464822103 0.0))
    (1.9394848712178046 (0.075 -0.011548312491387347 0.0))
    (1.9404851212803202 (0.075 -0.011614053499034206 0.0))
    (1.941485371342836 (0.075 -0.011679544274914412 0.0))
    (1.9424856214053516 (0.075 -0.011744777633634186 0.0))
    (1.943485871467867 (0.075 -0.011809746418042472 0.0))
    (1.9444861215303828 (0.075 -0.011874443500016407 0.0))
    (1.9454863715928985 (0.075 -0.011938861781243202 0.0))
    (1.946486621655414 (0.075 -0.012002994193998943 0.0))
    (1.9474868717179297 (0.075 -0.01206683370192422 0.0))
    (1.9484871217804454 (0.075 -0.012130373300795938 0.0))
    (1.9494873718429608 (0.075 -0.012193606019295804 0.0))
    (1.9504876219054765 (0.075 -0.012256524919775367 0.0))
    (1.9514878719679922 (0.075 -0.012319123099017016 0.0))
    (1.952488122030508 (0.075 -0.01238139368899138 0.0))
    (1.9534883720930234 (0.075 -0.012443329857610961 0.0))
    (1.954488622155539 (0.075 -0.01250492480947973 0.0))
    (1.9554888722180548 (0.075 -0.012566171786638514 0.0))
    (1.9564891222805703 (0.075 -0.012627064069306637 0.0))
    (1.957489372343086 (0.075 -0.012687594976619192 0.0))
    (1.9584896224056016 (0.075 -0.01274775786735984 0.0))
    (1.9594898724681173 (0.075 -0.012807546140689689 0.0))
    (1.9604901225306328 (0.075 -0.012866953236871379 0.0))
    (1.9614903725931485 (0.075 -0.01292597263798884 0.0))
    (1.9624906226556642 (0.075 -0.012984597868662396 0.0))
    (1.9634908727181797 (0.075 -0.01304282249675922 0.0))
    (1.9644911227806954 (0.075 -0.013100640134099048 0.0))
    (1.965491372843211 (0.075 -0.013158044437155065 0.0))
    (1.9664916229057265 (0.075 -0.013215029107749883 0.0))
    (1.9674918729682422 (0.075 -0.013271587893746566 0.0))
    (1.968492123030758 (0.075 -0.013327714589734582 0.0))
    (1.9694923730932736 (0.075 -0.013383403037710632 0.0))
    (1.970492623155789 (0.075 -0.013438647127754298 0.0))
    (1.9714928732183048 (0.075 -0.01349344079869838 0.0))
    (1.9724931232808205 (0.075 -0.013547778038793926 0.0))
    (1.973493373343336 (0.075 -0.013601652886369796 0.0))
    (1.9744936234058517 (0.075 -0.013655059430486763 0.0))
    (1.9754938734683674 (0.075 -0.013707991811586044 0.0))
    (1.9764941235308828 (0.075 -0.013760444222132179 0.0))
    (1.9774943735933985 (0.075 -0.013812410907250215 0.0))
    (1.9784946236559142 (0.075 -0.013863886165357109 0.0))
    (1.97949487371843 (0.075 -0.013914864348787297 0.0))
    (1.9804951237809454 (0.075 -0.013965339864412256 0.0))
    (1.981495373843461 (0.075 -0.014015307174254324 0.0))
    (1.9824956239059768 (0.075 -0.014064760796094151 0.0))
    (1.9834958739684923 (0.075 -0.014113695304072199 0.0))
    (1.984496124031008 (0.075 -0.014162105329284181 0.0))
    (1.9854963740935236 (0.075 -0.014209985560369981 0.0))
    (1.9864966241560391 (0.075 -0.01425733074409638 0.0))
    (1.9874968742185548 (0.075 -0.01430413568593359 0.0))
    (1.9884971242810705 (0.075 -0.014350395250625005 0.0))
    (1.9894973743435862 (0.075 -0.01439610436275066 0.0))
    (1.9904976244061017 (0.075 -0.014441258007284137 0.0))
    (1.9914978744686174 (0.075 -0.014485851230142817 0.0))
    (1.992498124531133 (0.075 -0.014529879138731277 0.0))
    (1.9934983745936485 (0.075 -0.01457333690247823 0.0))
    (1.9944986246561642 (0.075 -0.014616219753366513 0.0))
    (1.99549887471868 (0.075 -0.01465852298645608 0.0))
    (1.9964991247811954 (0.075 -0.014700241960400347 0.0))
    (1.997499374843711 (0.075 -0.01474137209795542 0.0))
    (1.9984996249062268 (0.075 -0.014781908886482162 0.0))
    (1.9994998749687425 (0.075 -0.014821847878441444 0.0))
    (2.000500125031258 (0.075 -0.014861184691882046 0.0))
    (2.0015003750937734 (0.075 -0.014899915010921423 0.0))
    (2.0025006251562893 (0.075 -0.014938034586219298 0.0))
    (2.003500875218805 (0.075 -0.014975539235443742 0.0))
    (2.0045011252813207 (0.075 -0.0150124248437302 0.0))
    (2.005501375343836 (0.075 -0.015048687364132823 0.0))
    (2.0065016254063517 (0.075 -0.015084322818068617 0.0))
    (2.0075018754688676 (0.075 -0.015119327295753854 0.0))
    (2.008502125531383 (0.075 -0.015153696956633036 0.0))
    (2.0095023755938985 (0.075 -0.015187428029800373 0.0))
    (2.0105026256564145 (0.075 -0.015220516814413401 0.0))
    (2.01150287571893 (0.075 -0.015252959680099036 0.0))
    (2.0125031257814454 (0.075 -0.01528475306735198 0.0))
    (2.0135033758439613 (0.075 -0.015315893487925145 0.0))
    (2.014503625906477 (0.075 -0.015346377525212394 0.0))
    (2.0155038759689923 (0.075 -0.015376201834623474 0.0))
    (2.016504126031508 (0.075 -0.01540536314395088 0.0))
    (2.0175043760940237 (0.075 -0.015433858253728887 0.0))
    (2.018504626156539 (0.075 -0.015461684037584644 0.0))
    (2.019504876219055 (0.075 -0.01548883744258112 0.0))
    (2.0205051262815705 (0.075 -0.015515315489552052 0.0))
    (2.0215053763440864 (0.075 -0.01554111527342891 0.0))
    (2.022505626406602 (0.075 -0.015566233963559491 0.0))
    (2.0235058764691174 (0.075 -0.015590668804018583 0.0))
    (2.0245061265316333 (0.075 -0.015614417113910328 0.0))
    (2.025506376594149 (0.075 -0.015637476287662294 0.0))
    (2.0265066266566643 (0.075 -0.015659843795311417 0.0))
    (2.02750687671918 (0.075 -0.015681517182781567 0.0))
    (2.0285071267816956 (0.075 -0.015702494072152753 0.0))
    (2.029507376844211 (0.075 -0.01572277216192207 0.0))
    (2.030507626906727 (0.075 -0.015742349227256213 0.0))
    (2.0315078769692425 (0.075 -0.01576122312023552 0.0))
    (2.032508127031758 (0.075 -0.01577939177008969 0.0))
    (2.033508377094274 (0.075 -0.01579685318342498 0.0))
    (2.0345086271567894 (0.075 -0.01581360544444286 0.0))
    (2.035508877219305 (0.075 -0.015829646715150247 0.0))
    (2.0365091272818208 (0.075 -0.015844975235561186 0.0))
    (2.0375093773443362 (0.075 -0.01585958932388988 0.0))
    (2.0385096274068517 (0.075 -0.01587348737673527 0.0))
    (2.0395098774693676 (0.075 -0.015886667869256934 0.0))
    (2.040510127531883 (0.075 -0.015899129355342368 0.0))
    (2.041510377594399 (0.075 -0.01591087046776568 0.0))
    (2.0425106276569145 (0.075 -0.01592188991833756 0.0))
    (2.04351087771943 (0.075 -0.015932186498046667 0.0))
    (2.044511127781946 (0.075 -0.015941759077192225 0.0))
    (2.0455113778444614 (0.075 -0.015950606605507987 0.0))
    (2.046511627906977 (0.075 -0.015958728112277488 0.0))
    (2.0475118779694927 (0.075 -0.015966122706440513 0.0))
    (2.048512128032008 (0.075 -0.015972789576690884 0.0))
    (2.0495123780945237 (0.075 -0.01597872799156547 0.0))
    (2.0505126281570396 (0.075 -0.015983937299524433 0.0))
    (2.051512878219555 (0.075 -0.015988416929022715 0.0))
    (2.0525131282820706 (0.075 -0.015992166388572752 0.0))
    (2.0535133783445865 (0.075 -0.01599518526679839 0.0))
    (2.054513628407102 (0.075 -0.015997473232480026 0.0))
    (2.0555138784696174 (0.075 -0.015999030034590946 0.0))
    (2.0565141285321333 (0.075 -0.015999855502324856 0.0))
    (2.057514378594649 (0.075 -0.01599994954511464 0.0))
    (2.0585146286571647 (0.075 -0.015999312152642296 0.0))
    (2.05951487871968 (0.075 -0.015997943394840047 0.0))
    (2.0605151287821957 (0.075 -0.01599584342188269 0.0))
    (2.0615153788447116 (0.075 -0.015993012464171105 0.0))
    (2.062515628907227 (0.075 -0.015989450832306993 0.0))
    (2.0635158789697425 (0.075 -0.01598515891705878 0.0))
    (2.0645161290322585 (0.075 -0.015980137189318747 0.0))
    (2.065516379094774 (0.075 -0.015974386200051385 0.0))
    (2.0665166291572894 (0.075 -0.015967906580232918 0.0))
    (2.0675168792198053 (0.075 -0.01596069904078208 0.0))
    (2.068517129282321 (0.075 -0.015952764372482147 0.0))
    (2.0695173793448363 (0.075 -0.01594410344589413 0.0))
    (2.070517629407352 (0.075 -0.01593471721126128 0.0))
    (2.0715178794698677 (0.075 -0.01592460669840485 0.0))
    (2.072518129532383 (0.075 -0.015913773016611073 0.0))
    (2.073518379594899 (0.075 -0.015902217354509474 0.0))
    (2.0745186296574145 (0.075 -0.015889940979942466 0.0))
    (2.07551887971993 (0.075 -0.015876945239826225 0.0))
    (2.076519129782446 (0.075 -0.01586323156000293 0.0))
    (2.0775193798449614 (0.075 -0.015848801445084323 0.0))
    (2.0785196299074773 (0.075 -0.015833656478286606 0.0))
    (2.0795198799699928 (0.075 -0.015817798321256793 0.0))
    (2.0805201300325082 (0.075 -0.015801228713890315 0.0))
    (2.081520380095024 (0.075 -0.015783949474140198 0.0))
    (2.0825206301575396 (0.075 -0.0157659624978176 0.0))
    (2.083520880220055 (0.075 -0.015747269758383746 0.0))
    (2.084521130282571 (0.075 -0.015727873306733475 0.0))
    (2.0855213803450865 (0.075 -0.015707775270970212 0.0))
    (2.086521630407602 (0.075 -0.015686977856172443 0.0))
    (2.087521880470118 (0.075 -0.015665483344151812 0.0))
    (2.0885221305326334 (0.075 -0.015643294093202795 0.0))
    (2.089522380595149 (0.075 -0.015620412537843882 0.0))
    (2.0905226306576647 (0.075 -0.01559684118855054 0.0))
    (2.09152288072018 (0.075 -0.015572582631479774 0.0))
    (2.0925231307826957 (0.075 -0.01554763952818631 0.0))
    (2.0935233808452116 (0.075 -0.015522014615330652 0.0))
    (2.094523630907727 (0.075 -0.015495710704378832 0.0))
    (2.095523880970243 (0.075 -0.01546873068129386 0.0))
    (2.0965241310327585 (0.075 -0.0154410775062192 0.0))
    (2.097524381095274 (0.075 -0.015412754213153912 0.0))
    (2.09852463115779 (0.075 -0.015383763909619805 0.0))
    (2.0995248812203053 (0.075 -0.015354109776320492 0.0))
    (2.100525131282821 (0.075 -0.015323795066792413 0.0))
    (2.1015253813453367 (0.075 -0.015292823107047864 0.0))
    (2.102525631407852 (0.075 -0.015261197295210088 0.0))
    (2.1035258814703677 (0.075 -0.015228921101140443 0.0))
    (2.1045261315328836 (0.075 -0.015195998066057696 0.0))
    (2.105526381595399 (0.075 -0.015162431802149509 0.0))
    (2.1065266316579145 (0.075 -0.015128225992176107 0.0))
    (2.1075268817204305 (0.075 -0.015093384389066232 0.0))
    (2.108527131782946 (0.075 -0.015057910815505381 0.0))
    (2.1095273818454614 (0.075 -0.015021809163516394 0.0))
    (2.1105276319079773 (0.075 -0.014985083394032444 0.0))
    (2.111527881970493 (0.075 -0.01494773753646245 0.0))
    (2.1125281320330083 (0.075 -0.014909775688248987 0.0))
    (2.113528382095524 (0.075 -0.014871202014418742 0.0))
    (2.1145286321580397 (0.075 -0.014832020747125528 0.0))
    (2.1155288822205556 (0.075 -0.01479223618518594 0.0))
    (2.116529132283071 (0.075 -0.014751852693607782 0.0))
    (2.1175293823455865 (0.075 -0.014710874703111006 0.0))
    (2.1185296324081024 (0.075 -0.01466930670964172 0.0))
    (2.119529882470618 (0.075 -0.014627153273878899 0.0))
    (2.1205301325331334 (0.075 -0.014584419020733947 0.0))
    (2.1215303825956493 (0.075 -0.014541108638843253 0.0))
    (2.1225306326581648 (0.075 -0.014497226880053903 0.0))
    (2.1235308827206802 (0.075 -0.014452778558902197 0.0))
    (2.124531132783196 (0.075 -0.01440776855208541 0.0))
    (2.1255313828457116 (0.075 -0.014362201797926888 0.0))
    (2.126531632908227 (0.075 -0.014316083295834076 0.0))
    (2.127531882970743 (0.075 -0.01426941810575003 0.0))
    (2.1285321330332585 (0.075 -0.014222211347598369 0.0))
    (2.129532383095774 (0.075 -0.014174468200721428 0.0))
    (2.13053263315829 (0.075 -0.014126193903311969 0.0))
    (2.1315328832208054 (0.075 -0.014077393751838637 0.0))
    (2.132533133283321 (0.075 -0.014028073100464689 0.0))
    (2.1335333833458368 (0.075 -0.013978237360460565 0.0))
    (2.1345336334083522 (0.075 -0.013927891999610326 0.0))
    (2.135533883470868 (0.075 -0.013877042541611598 0.0))
    (2.1365341335333836 (0.075 -0.013825694565469594 0.0))
    (2.137534383595899 (0.075 -0.013773853704885016 0.0))
    (2.138534633658415 (0.075 -0.013721525647635905 0.0))
    (2.1395348837209305 (0.075 -0.013668716134953705 0.0))
    (2.140535133783446 (0.075 -0.013615430960893182 0.0))
    (2.141535383845962 (0.075 -0.013561675971696866 0.0))
    (2.1425356339084773 (0.075 -0.01350745706515364 0.0))
    (2.143535883970993 (0.075 -0.013452780189951488 0.0))
    (2.1445361340335087 (0.075 -0.013397651345024995 0.0))
    (2.145536384096024 (0.075 -0.01334207657889716 0.0))
    (2.1465366341585397 (0.075 -0.013286061989015623 0.0))
    (2.1475368842210556 (0.075 -0.01322961372108383 0.0))
    (2.148537134283571 (0.075 -0.013172737968386757 0.0))
    (2.1495373843460865 (0.075 -0.013115440971111236 0.0))
    (2.1505376344086025 (0.075 -0.013057729015661476 0.0))
    (2.151537884471118 (0.075 -0.012999608433969351 0.0))
    (2.152538134533634 (0.075 -0.012941085602799475 0.0))
    (2.1535383845961493 (0.075 -0.012882166943049857 0.0))
    (2.154538634658665 (0.075 -0.012822858919047221 0.0))
    (2.1555388847211807 (0.075 -0.012763168037837768 0.0))
    (2.156539134783696 (0.075 -0.012703100848473422 0.0))
    (2.1575393848462117 (0.075 -0.012642663941293122 0.0))
    (2.1585396349087276 (0.075 -0.012581863947199746 0.0))
    (2.159539884971243 (0.075 -0.012520707536932785 0.0))
    (2.1605401350337585 (0.075 -0.012459201420336269 0.0))
    (2.1615403850962744 (0.075 -0.012397352345622581 0.0))
    (2.16254063515879 (0.075 -0.01233516709863227 0.0))
    (2.1635408852213054 (0.075 -0.012272652502089336 0.0))
    (2.1645411352838213 (0.075 -0.012209815414852672 0.0))
    (2.1655413853463368 (0.075 -0.012146662731163722 0.0))
    (2.1665416354088523 (0.075 -0.012083201379889892 0.0))
    (2.167541885471368 (0.075 -0.012019438323764326 0.0))
    (2.1685421355338836 (0.075 -0.011955380558622187 0.0))
    (2.169542385596399 (0.075 -0.0118910351126329 0.0))
    (2.170542635658915 (0.075 -0.011826409045529054 0.0))
    (2.1715428857214305 (0.075 -0.011761509447832028 0.0))
    (2.1725431357839464 (0.075 -0.011696343440073803 0.0))
    (2.173543385846462 (0.075 -0.011630918172015954 0.0))
    (2.1745436359089774 (0.075 -0.011565240821864952 0.0))
    (2.1755438859714933 (0.075 -0.011499318595484809 0.0))
    (2.1765441360340088 (0.075 -0.01143315872560647 0.0))
    (2.1775443860965242 (0.075 -0.011366768471034069 0.0))
    (2.17854463615904 (0.075 -0.011300155115848722 0.0))
    (2.1795448862215556 (0.075 -0.011233325968609346 0.0))
    (2.180545136284071 (0.075 -0.01116628836155059 0.0))
    (2.181545386346587 (0.075 -0.011099049649778573 0.0))
    (2.1825456364091025 (0.075 -0.01103161721046391 0.0))
    (2.183545886471618 (0.075 -0.010963998442032117 0.0))
    (2.184546136534134 (0.075 -0.01089620076335208 0.0))
    (2.1855463865966493 (0.075 -0.010828231612922097 0.0))
    (2.186546636659165 (0.075 -0.010760098448053545 0.0))
    (2.1875468867216807 (0.075 -0.010691808744052891 0.0))
    (2.188547136784196 (0.075 -0.010623369993401542 0.0))
    (2.189547386846712 (0.075 -0.010554789704933563 0.0))
    (2.1905476369092276 (0.075 -0.010486075403012161 0.0))
    (2.191547886971743 (0.075 -0.010417234626703908 0.0))
    (2.192548137034259 (0.075 -0.010348274928951587 0.0))
    (2.1935483870967745 (0.075 -0.01027920387574572 0.0))
    (2.19454863715929 (0.075 -0.010210029045294245 0.0))
    (2.195548887221806 (0.075 -0.01014075802719107 0.0))
    (2.1965491372843213 (0.075 -0.010071398421583576 0.0))
    (2.197549387346837 (0.075 -0.010001957838338555 0.0))
    (2.1985496374093527 (0.075 -0.009932443896207276 0.0))
    (2.199549887471868 (0.075 -0.009862864221989804 0.0))
    (2.2005501375343837 (0.075 -0.009793226449698003 0.0))
    (2.2015503875968996 (0.075 -0.009723538219717963 0.0))
    (2.202550637659415 (0.075 -0.009653807177971931 0.0))
    (2.2035508877219305 (0.075 -0.009584040975079233 0.0))
    (2.2045511377844464 (0.075 -0.00951424726551686 0.0))
    (2.205551387846962 (0.075 -0.009444433706779878 0.0))
    (2.2065516379094774 (0.075 -0.009374607958541049 0.0))
    (2.2075518879719933 (0.075 -0.009333333333333334 0.0))
    (2.208552138034509 (0.075 -0.009333333333333334 0.0))
    (2.2095523880970247 (0.075 -0.009333333333333334 0.0))
    (2.21055263815954 (0.075 -0.009333333333333334 0.0))
    (2.2115528882220556 (0.075 -0.009333333333333334 0.0))
    (2.2125531382845716 (0.075 -0.009333333333333334 0.0))
    (2.213553388347087 (0.075 -0.009333333333333334 0.0))
    (2.2145536384096025 (0.075 -0.009333333333333334 0.0))
    (2.2155538884721184 (0.075 -0.009333333333333334 0.0))
    (2.216554138534634 (0.075 -0.009333333333333334 0.0))
    (2.2175543885971494 (0.075 -0.009333333333333334 0.0))
    (2.2185546386596653 (0.075 -0.009333333333333334 0.0))
    (2.2195548887221808 (0.075 -0.009333333333333334 0.0))
    (2.2205551387846962 (0.075 -0.009333333333333334 0.0))
    (2.221555388847212 (0.075 -0.009333333333333334 0.0))
    (2.2225556389097276 (0.075 -0.009333333333333334 0.0))
    (2.223555888972243 (0.075 -0.009333333333333334 0.0))
    (2.224556139034759 (0.075 -0.009333333333333334 0.0))
    (2.2255563890972745 (0.075 -0.009333333333333334 0.0))
    (2.22655663915979 (0.075 -0.009333333333333334 0.0))
    (2.227556889222306 (0.075 -0.009333333333333334 0.0))
    (2.2285571392848214 (0.075 -0.009333333333333334 0.0))
    (2.2295573893473373 (0.075 -0.009333333333333334 0.0))
    (2.2305576394098527 (0.075 -0.009333333333333334 0.0))
    (2.231557889472368 (0.075 -0.009333333333333334 0.0))
    (2.232558139534884 (0.075 -0.009333333333333334 0.0))
    (2.2335583895973996 (0.075 -0.009333333333333334 0.0))
    (2.234558639659915 (0.075 -0.009333333333333334 0.0))
    (2.235558889722431 (0.075 -0.009333333333333334 0.0))
    (2.2365591397849465 (0.075 -0.009333333333333334 0.0))
    (2.237559389847462 (0.075 -0.009333333333333334 0.0))
    (2.238559639909978 (0.075 -0.009333333333333334 0.0))
    (2.2395598899724933 (0.075 -0.009333333333333334 0.0))
    (2.240560140035009 (0.075 -0.009333333333333334 0.0))
    (2.2415603900975247 (0.075 -0.009333333333333334 0.0))
    (2.24256064016004 (0.075 -0.009333333333333334 0.0))
    (2.2435608902225557 (0.075 -0.009333333333333334 0.0))
    (2.2445611402850716 (0.075 -0.009333333333333334 0.0))
    (2.245561390347587 (0.075 -0.009333333333333334 0.0))
    (2.246561640410103 (0.075 -0.009333333333333334 0.0))
    (2.2475618904726185 (0.075 -0.009333333333333334 0.0))
    (2.248562140535134 (0.075 -0.009333333333333334 0.0))
    (2.24956239059765 (0.075 -0.009333333333333334 0.0))
    (2.2505626406601653 (0.075 -0.009333333333333334 0.0))
    (2.251562890722681 (0.075 -0.009333333333333334 0.0))
    (2.2525631407851967 (0.075 -0.009333333333333334 0.0))
    (2.253563390847712 (0.075 -0.009333333333333334 0.0))
    (2.2545636409102277 (0.075 -0.009333333333333334 0.0))
    (2.2555638909727436 (0.075 -0.009333333333333334 0.0))
    (2.256564141035259 (0.075 -0.009333333333333334 0.0))
    (2.2575643910977745 (0.075 -0.009333333333333334 0.0))
    (2.2585646411602904 (0.075 -0.009333333333333334 0.0))
    (2.259564891222806 (0.075 -0.009333333333333334 0.0))
    (2.2605651412853214 (0.075 -0.009333333333333334 0.0))
    (2.2615653913478373 (0.075 -0.009333333333333334 0.0))
    (2.2625656414103528 (0.075 -0.009333333333333334 0.0))
    (2.2635658914728682 (0.075 -0.009333333333333334 0.0))
    (2.264566141535384 (0.075 -0.009333333333333334 0.0))
    (2.2655663915978996 (0.075 -0.009333333333333334 0.0))
    (2.2665666416604155 (0.075 -0.009333333333333334 0.0))
    (2.267566891722931 (0.075 -0.009333333333333334 0.0))
    (2.2685671417854465 (0.075 -0.009333333333333334 0.0))
    (2.2695673918479624 (0.075 -0.009333333333333334 0.0))
    (2.270567641910478 (0.075 -0.009333333333333334 0.0))
    (2.2715678919729934 (0.075 -0.009333333333333334 0.0))
    (2.2725681420355093 (0.075 -0.009333333333333334 0.0))
    (2.2735683920980247 (0.075 -0.009333333333333334 0.0))
    (2.27456864216054 (0.075 -0.009333333333333334 0.0))
    (2.275568892223056 (0.075 -0.009333333333333334 0.0))
    (2.2765691422855716 (0.075 -0.009333333333333334 0.0))
    (2.277569392348087 (0.075 -0.009333333333333334 0.0))
    (2.278569642410603 (0.075 -0.009333333333333334 0.0))
    (2.2795698924731185 (0.075 -0.009333333333333334 0.0))
    (2.280570142535634 (0.075 -0.009333333333333334 0.0))
    (2.28157039259815 (0.075 -0.009333333333333334 0.0))
    (2.2825706426606653 (0.075 -0.009333333333333334 0.0))
    (2.2835708927231813 (0.075 -0.009333333333333334 0.0))
    (2.2845711427856967 (0.075 -0.009333333333333334 0.0))
    (2.285571392848212 (0.075 -0.009333333333333334 0.0))
    (2.286571642910728 (0.075 -0.009333333333333334 0.0))
    (2.2875718929732436 (0.075 -0.009333333333333334 0.0))
    (2.288572143035759 (0.075 -0.009333333333333334 0.0))
    (2.289572393098275 (0.075 -0.009333333333333334 0.0))
    (2.2905726431607905 (0.075 -0.009333333333333334 0.0))
    (2.291572893223306 (0.075 -0.009333333333333334 0.0))
    (2.292573143285822 (0.075 -0.009333333333333334 0.0))
    (2.2935733933483373 (0.075 -0.009333333333333334 0.0))
    (2.294573643410853 (0.075 -0.009333333333333334 0.0))
    (2.2955738934733687 (0.075 -0.009333333333333334 0.0))
    (2.296574143535884 (0.075 -0.009333333333333334 0.0))
    (2.2975743935983997 (0.075 -0.009333333333333334 0.0))
    (2.2985746436609156 (0.075 -0.009333333333333334 0.0))
    (2.299574893723431 (0.075 -0.009333333333333334 0.0))
    (2.3005751437859465 (0.075 -0.009333333333333334 0.0))
    (2.3015753938484624 (0.075 -0.009333333333333334 0.0))
    (2.302575643910978 (0.075 -0.009333333333333334 0.0))
    (2.303575893973494 (0.075 -0.009333333333333334 0.0))
    (2.3045761440360093 (0.075 -0.009333333333333334 0.0))
    (2.3055763940985248 (0.075 -0.009333333333333334 0.0))
    (2.3065766441610407 (0.075 -0.009333333333333334 0.0))
    (2.307576894223556 (0.075 -0.009333333333333334 0.0))
    (2.3085771442860716 (0.075 -0.009333333333333334 0.0))
    (2.3095773943485876 (0.075 -0.009333333333333334 0.0))
    (2.310577644411103 (0.075 -0.009333333333333334 0.0))
    (2.3115778944736185 (0.075 -0.009333333333333334 0.0))
    (2.3125781445361344 (0.075 -0.009333333333333334 0.0))
    (2.31357839459865 (0.075 -0.009333333333333334 0.0))
    (2.3145786446611654 (0.075 -0.009333333333333334 0.0))
    (2.3155788947236813 (0.075 -0.009333333333333334 0.0))
    (2.3165791447861968 (0.075 -0.009333333333333334 0.0))
    (2.3175793948487122 (0.075 -0.009333333333333334 0.0))
    (2.318579644911228 (0.075 -0.009333333333333334 0.0))
    (2.3195798949737436 (0.075 -0.009333333333333334 0.0))
    (2.320580145036259 (0.075 -0.009333333333333334 0.0))
    (2.321580395098775 (0.075 -0.009333333333333334 0.0))
    (2.3225806451612905 (0.075 -0.009333333333333334 0.0))
    (2.3235808952238064 (0.075 -0.009333333333333334 0.0))
    (2.324581145286322 (0.075 -0.009333333333333334 0.0))
    (2.3255813953488373 (0.075 -0.009333333333333334 0.0))
    (2.3265816454113533 (0.075 -0.009333333333333334 0.0))
    (2.3275818954738687 (0.075 -0.009333333333333334 0.0))
    (2.328582145536384 (0.075 -0.009333333333333334 0.0))
    (2.3295823955989 (0.075 -0.009333333333333334 0.0))
    (2.3305826456614156 (0.075 -0.009333333333333334 0.0))
    (2.331582895723931 (0.075 -0.009333333333333334 0.0))
    (2.332583145786447 (0.075 -0.009333333333333334 0.0))
    (2.3335833958489625 (0.075 -0.009333333333333334 0.0))
    (2.334583645911478 (0.075 -0.009333333333333334 0.0))
    (2.335583895973994 (0.075 -0.009333333333333334 0.0))
    (2.3365841460365093 (0.075 -0.009333333333333334 0.0))
    (2.337584396099025 (0.075 -0.009333333333333334 0.0))
    (2.3385846461615407 (0.075 -0.009333333333333334 0.0))
    (2.339584896224056 (0.075 -0.009333333333333334 0.0))
    (2.340585146286572 (0.075 -0.009333333333333334 0.0))
    (2.3415853963490876 (0.075 -0.009333333333333334 0.0))
    (2.342585646411603 (0.075 -0.009333333333333334 0.0))
    (2.343585896474119 (0.075 -0.009333333333333334 0.0))
    (2.3445861465366344 (0.075 -0.009333333333333334 0.0))
    (2.34558639659915 (0.075 -0.009333333333333334 0.0))
    (2.346586646661666 (0.075 -0.009333333333333334 0.0))
    (2.3475868967241813 (0.075 -0.009333333333333334 0.0))
    (2.3485871467866968 (0.075 -0.009333333333333334 0.0))
    (2.3495873968492127 (0.075 -0.009333333333333334 0.0))
    (2.350587646911728 (0.075 -0.009333333333333334 0.0))
    (2.3515878969742436 (0.075 -0.009333333333333334 0.0))
    (2.3525881470367596 (0.075 -0.009333333333333334 0.0))
    (2.353588397099275 (0.075 -0.009333333333333334 0.0))
    (2.3545886471617905 (0.075 -0.009333333333333334 0.0))
    (2.3555888972243064 (0.075 -0.009333333333333334 0.0))
    (2.356589147286822 (0.075 -0.009333333333333334 0.0))
    (2.3575893973493374 (0.075 -0.009333333333333334 0.0))
    (2.3585896474118533 (0.075 -0.009333333333333334 0.0))
    (2.3595898974743688 (0.075 -0.009333333333333334 0.0))
    (2.3605901475368847 (0.075 -0.009333333333333334 0.0))
    (2.3615903975994 (0.075 -0.009333333333333334 0.0))
    (2.3625906476619156 (0.075 -0.009333333333333334 0.0))
    (2.3635908977244315 (0.075 -0.009333333333333334 0.0))
    (2.364591147786947 (0.075 -0.009333333333333334 0.0))
    (2.3655913978494625 (0.075 -0.009333333333333334 0.0))
    (2.3665916479119784 (0.075 -0.009333333333333334 0.0))
    (2.367591897974494 (0.075 -0.009333333333333334 0.0))
    (2.3685921480370093 (0.075 -0.009333333333333334 0.0))
    (2.3695923980995253 (0.075 -0.009333333333333334 0.0))
    (2.3705926481620407 (0.075 -0.009333333333333334 0.0))
    (2.371592898224556 (0.075 -0.009333333333333334 0.0))
    (2.372593148287072 (0.075 -0.009333333333333334 0.0))
    (2.3735933983495876 (0.075 -0.009333333333333334 0.0))
    (2.374593648412103 (0.075 -0.009333333333333334 0.0))
    (2.375593898474619 (0.075 -0.009333333333333334 0.0))
    (2.3765941485371345 (0.075 -0.009333333333333334 0.0))
    (2.3775943985996504 (0.075 -0.009333333333333334 0.0))
    (2.378594648662166 (0.075 -0.009333333333333334 0.0))
    (2.3795948987246813 (0.075 -0.009333333333333334 0.0))
    (2.3805951487871972 (0.075 -0.009333333333333334 0.0))
    (2.3815953988497127 (0.075 -0.009333333333333334 0.0))
    (2.382595648912228 (0.075 -0.009333333333333334 0.0))
    (2.383595898974744 (0.075 -0.009333333333333334 0.0))
    (2.3845961490372596 (0.075 -0.009333333333333334 0.0))
    (2.385596399099775 (0.075 -0.009333333333333334 0.0))
    (2.386596649162291 (0.075 -0.009333333333333334 0.0))
    (2.3875968992248064 (0.075 -0.009333333333333334 0.0))
    (2.388597149287322 (0.075 -0.009333333333333334 0.0))
    (2.389597399349838 (0.075 -0.009333333333333334 0.0))
    (2.3905976494123533 (0.075 -0.009333333333333334 0.0))
    (2.391597899474869 (0.075 -0.009333333333333334 0.0))
    (2.3925981495373847 (0.075 -0.009333333333333334 0.0))
    (2.3935983995999 (0.075 -0.009333333333333334 0.0))
    (2.3945986496624156 (0.075 -0.009333333333333334 0.0))
    (2.3955988997249316 (0.075 -0.009333333333333334 0.0))
    (2.396599149787447 (0.075 -0.009333333333333334 0.0))
    (2.397599399849963 (0.075 -0.009333333333333334 0.0))
    (2.3985996499124784 (0.075 -0.009333333333333334 0.0))
    (2.399599899974994 (0.075 -0.009333333333333334 0.0))
    (2.40060015003751 (0.075 -0.009333333333333334 0.0))
    (2.4016004001000253 (0.075 -0.009333333333333334 0.0))
    (2.4026006501625408 (0.075 -0.009333333333333334 0.0))
    (2.4036009002250567 (0.075 -0.009333333333333334 0.0))
    (2.404601150287572 (0.075 -0.009333333333333334 0.0))
    (2.4056014003500876 (0.075 -0.009333333333333334 0.0))
    (2.4066016504126035 (0.075 -0.009333333333333334 0.0))
    (2.407601900475119 (0.075 -0.009333333333333334 0.0))
    (2.4086021505376345 (0.075 -0.009333333333333334 0.0))
    (2.4096024006001504 (0.075 -0.009333333333333334 0.0))
    (2.410602650662666 (0.075 -0.009333333333333334 0.0))
    (2.4116029007251814 (0.075 -0.009333333333333334 0.0))
    (2.4126031507876973 (0.075 -0.009333333333333334 0.0))
    (2.4136034008502127 (0.075 -0.009333333333333334 0.0))
    (2.414603650912728 (0.075 -0.009333333333333334 0.0))
    (2.415603900975244 (0.075 -0.009333333333333334 0.0))
    (2.4166041510377596 (0.075 -0.009333333333333334 0.0))
    (2.4176044011002755 (0.075 -0.009333333333333334 0.0))
    (2.418604651162791 (0.075 -0.009333333333333334 0.0))
    (2.4196049012253065 (0.075 -0.009333333333333334 0.0))
    (2.4206051512878224 (0.075 -0.009333333333333334 0.0))
    (2.421605401350338 (0.075 -0.009333333333333334 0.0))
    (2.4226056514128533 (0.075 -0.009333333333333334 0.0))
    (2.4236059014753693 (0.075 -0.009333333333333334 0.0))
    (2.4246061515378847 (0.075 -0.009333333333333334 0.0))
    (2.4256064016004 (0.075 -0.009333333333333334 0.0))
    (2.426606651662916 (0.075 -0.009333333333333334 0.0))
    (2.4276069017254316 (0.075 -0.009333333333333334 0.0))
    (2.428607151787947 (0.075 -0.009333333333333334 0.0))
    (2.429607401850463 (0.075 -0.009333333333333334 0.0))
    (2.4306076519129785 (0.075 -0.009333333333333334 0.0))
    (2.431607901975494 (0.075 -0.009333333333333334 0.0))
    (2.43260815203801 (0.075 -0.009333333333333334 0.0))
    (2.4336084021005253 (0.075 -0.009333333333333334 0.0))
    (2.4346086521630412 (0.075 -0.009333333333333334 0.0))
    (2.4356089022255567 (0.075 -0.009333333333333334 0.0))
    (2.436609152288072 (0.075 -0.009333333333333334 0.0))
    (2.437609402350588 (0.075 -0.009333333333333334 0.0))
    (2.4386096524131036 (0.075 -0.009333333333333334 0.0))
    (2.439609902475619 (0.075 -0.009333333333333334 0.0))
    (2.440610152538135 (0.075 -0.009333333333333334 0.0))
    (2.4416104026006504 (0.075 -0.009333333333333334 0.0))
    (2.442610652663166 (0.075 -0.009333333333333334 0.0))
    (2.443610902725682 (0.075 -0.009333333333333334 0.0))
    (2.4446111527881973 (0.075 -0.009333333333333334 0.0))
    (2.4456114028507128 (0.075 -0.009333333333333334 0.0))
    (2.4466116529132287 (0.075 -0.009333333333333334 0.0))
    (2.447611902975744 (0.075 -0.009333333333333334 0.0))
    (2.4486121530382596 (0.075 -0.009333333333333334 0.0))
    (2.4496124031007755 (0.075 -0.009333333333333334 0.0))
    (2.450612653163291 (0.075 -0.009333333333333334 0.0))
    (2.4516129032258065 (0.075 -0.009333333333333334 0.0))
    (2.4526131532883224 (0.075 -0.009333333333333334 0.0))
    (2.453613403350838 (0.075 -0.009333333333333334 0.0))
    (2.454613653413354 (0.075 -0.009333333333333334 0.0))
    (2.4556139034758693 (0.075 -0.009333333333333334 0.0))
    (2.4566141535383847 (0.075 -0.009333333333333334 0.0))
    (2.4576144036009007 (0.075 -0.009333333333333334 0.0))
    (2.458614653663416 (0.075 -0.009333333333333334 0.0))
    (2.4596149037259316 (0.075 -0.009333333333333334 0.0))
    (2.4606151537884475 (0.075 -0.009333333333333334 0.0))
    (2.461615403850963 (0.075 -0.009333333333333334 0.0))
    (2.4626156539134785 (0.075 -0.009333333333333334 0.0))
    (2.4636159039759944 (0.075 -0.009333333333333334 0.0))
    (2.46461615403851 (0.075 -0.009333333333333334 0.0))
    (2.4656164041010253 (0.075 -0.009333333333333334 0.0))
    (2.4666166541635413 (0.075 -0.009333333333333334 0.0))
    (2.4676169042260567 (0.075 -0.009333333333333334 0.0))
    (2.468617154288572 (0.075 -0.009333333333333334 0.0))
    (2.469617404351088 (0.075 -0.009333333333333334 0.0))
    (2.4706176544136036 (0.075 -0.009333333333333334 0.0))
    (2.4716179044761195 (0.075 -0.009333333333333334 0.0))
    (2.472618154538635 (0.075 -0.009333333333333334 0.0))
    (2.4736184046011505 (0.075 -0.009333333333333334 0.0))
    (2.4746186546636664 (0.075 -0.009333333333333334 0.0))
    (2.475618904726182 (0.075 -0.009333333333333334 0.0))
    (2.4766191547886973 (0.075 -0.009333333333333334 0.0))
    (2.4776194048512132 (0.075 -0.009333333333333334 0.0))
    (2.4786196549137287 (0.075 -0.009333333333333334 0.0))
    (2.479619904976244 (0.075 -0.009333333333333334 0.0))
    (2.48062015503876 (0.075 -0.009333333333333334 0.0))
    (2.4816204051012756 (0.075 -0.009333333333333334 0.0))
    (2.482620655163791 (0.075 -0.009333333333333334 0.0))
    (2.483620905226307 (0.075 -0.009333333333333334 0.0))
    (2.4846211552888224 (0.075 -0.009333333333333334 0.0))
    (2.485621405351338 (0.075 -0.009333333333333334 0.0))
    (2.486621655413854 (0.075 -0.009333333333333334 0.0))
    (2.4876219054763693 (0.075 -0.009333333333333334 0.0))
    (2.4886221555388848 (0.075 -0.009333333333333334 0.0))
    (2.4896224056014007 (0.075 -0.009333333333333334 0.0))
    (2.490622655663916 (0.075 -0.009333333333333334 0.0))
    (2.491622905726432 (0.075 -0.009333333333333334 0.0))
    (2.4926231557889476 (0.075 -0.009333333333333334 0.0))
    (2.493623405851463 (0.075 -0.009333333333333334 0.0))
    (2.494623655913979 (0.075 -0.009333333333333334 0.0))
    (2.4956239059764944 (0.075 -0.009333333333333334 0.0))
    (2.49662415603901 (0.075 -0.009333333333333334 0.0))
    (2.497624406101526 (0.075 -0.009333333333333334 0.0))
    (2.4986246561640413 (0.075 -0.009333333333333334 0.0))
    (2.4996249062265568 (0.075 -0.009333333333333334 0.0))
    (2.5006251562890727 (0.075 -0.009333333333333334 0.0))
    (2.501625406351588 (0.075 -0.009333333333333334 0.0))
    (2.5026256564141036 (0.075 -0.009333333333333334 0.0))
    (2.5036259064766195 (0.075 -0.009333333333333334 0.0))
    (2.504626156539135 (0.075 -0.009333333333333334 0.0))
    (2.5056264066016505 (0.075 -0.009333333333333334 0.0))
    (2.5066266566641664 (0.075 -0.009333333333333334 0.0))
    (2.507626906726682 (0.075 -0.009367126224541344 0.0))
    (2.5086271567891973 (0.075 -0.009436952824430129 0.0))
    (2.5096274068517133 (0.075 -0.009506768055590475 0.0))
    (2.5106276569142287 (0.075 -0.009576564258166055 0.0))
    (2.5116279069767447 (0.075 -0.0096463337743884 0.0))
    (2.51262815703926 (0.075 -0.009716068949416849 0.0))
    (2.5136284071017756 (0.075 -0.00978576213217866 0.0))
    (2.5146286571642915 (0.075 -0.009855405676208257 0.0))
    (2.515628907226807 (0.075 -0.009924991940486157 0.0))
    (2.5166291572893225 (0.075 -0.009994513290277528 0.0))
    (2.5176294073518384 (0.075 -0.01006396209796964 0.0))
    (2.518629657414354 (0.075 -0.010133330743908724 0.0))
    (2.5196299074768693 (0.075 -0.010202611617236191 0.0))
    (2.5206301575393852 (0.075 -0.010271797116723453 0.0))
    (2.5216304076019007 (0.075 -0.010340879651605897 0.0))
    (2.522630657664416 (0.075 -0.010409851642415927 0.0))
    (2.523630907726932 (0.075 -0.010478705521814348 0.0))
    (2.5246311577894476 (0.075 -0.010547433735420617 0.0))
    (2.525631407851963 (0.075 -0.010616028742641892 0.0))
    (2.526631657914479 (0.075 -0.010684483017500154 0.0))
    (2.5276319079769944 (0.075 -0.01075278904945792 0.0))
    (2.5286321580395104 (0.075 -0.010820939344242506 0.0))
    (2.529632408102026 (0.075 -0.010888926424667943 0.0))
    (2.5306326581645413 (0.075 -0.01095674283145558 0.0))
    (2.531632908227057 (0.075 -0.011024381124052483 0.0))
    (2.5326331582895727 (0.075 -0.011091833881447575 0.0))
    (2.533633408352088 (0.075 -0.011159093702986057 0.0))
    (2.534633658414604 (0.075 -0.011226153209181364 0.0))
    (2.5356339084771196 (0.075 -0.011293005042524625 0.0))
    (2.536634158539635 (0.075 -0.011359641868292088 0.0))
    (2.537634408602151 (0.075 -0.011426056375349873 0.0))
    (2.5386346586646664 (0.075 -0.011492241276955906 0.0))
    (2.539634908727182 (0.075 -0.011558189311559603 0.0))
    (2.540635158789698 (0.075 -0.011623893243598573 0.0))
    (2.5416354088522133 (0.075 -0.011689345864292279 0.0))
    (2.5426356589147288 (0.075 -0.011754539992433154 0.0))
    (2.5436359089772447 (0.075 -0.011819468475174504 0.0))
    (2.54463615903976 (0.075 -0.011884124188815072 0.0))
    (2.5456364091022756 (0.075 -0.01194850003958085 0.0))
    (2.5466366591647915 (0.075 -0.012012588964403353 0.0))
    (2.547636909227307 (0.075 -0.012076383931694369 0.0))
    (2.548637159289823 (0.075 -0.012139877942117678 0.0))
    (2.5496374093523384 (0.075 -0.012203064029356767 0.0))
    (2.550637659414854 (0.075 -0.012265935260879391 0.0))
    (2.55163790947737 (0.075 -0.012328484738697989 0.0))
    (2.5526381595398853 (0.075 -0.012390705600126502 0.0))
    (2.5536384096024007 (0.075 -0.012452591018533517 0.0))
    (2.5546386596649167 (0.075 -0.01251413420409106 0.0))
    (2.555638909727432 (0.075 -0.012575328404519555 0.0))
    (2.5566391597899476 (0.075 -0.012636166905828848 0.0))
    (2.5576394098524635 (0.075 -0.01269664303305465 0.0))
    (2.558639659914979 (0.075 -0.012756750150990884 0.0))
    (2.5596399099774945 (0.075 -0.012816481664917868 0.0))
    (2.5606401600400104 (0.075 -0.012875831021325671 0.0))
    (2.561640410102526 (0.075 -0.012934791708633143 0.0))
    (2.5626406601650413 (0.075 -0.012993357257902518 0.0))
    (2.5636409102275572 (0.075 -0.013051521243548983 0.0))
    (2.5646411602900727 (0.075 -0.013109277284045671 0.0))
    (2.5656414103525886 (0.075 -0.013166619042624008 0.0))
    (2.566641660415104 (0.075 -0.013223540227968688 0.0))
    (2.5676419104776196 (0.075 -0.01328003459490813 0.0))
    (2.5686421605401355 (0.075 -0.013336095945099663 0.0))
    (2.569642410602651 (0.075 -0.013391718127709427 0.0))
    (2.5706426606651664 (0.075 -0.013446895040087377 0.0))
    (2.5716429107276824 (0.075 -0.013501620628436847 0.0))
    (2.572643160790198 (0.075 -0.01355588888847858 0.0))
    (2.5736434108527133 (0.075 -0.013609693866109664 0.0))
    (2.5746436609152292 (0.075 -0.013663029658056788 0.0))
    (2.5756439109777447 (0.075 -0.013715890412523765 0.0))
    (2.57664416104026 (0.075 -0.013768270329833732 0.0))
    (2.577644411102776 (0.075 -0.013820163663065467 0.0))
    (2.5786446611652916 (0.075 -0.013871564718683758 0.0))
    (2.579644911227807 (0.075 -0.013922467857164231 0.0))
    (2.580645161290323 (0.075 -0.01397286749361211 0.0))
    (2.5816454113528384 (0.075 -0.014022758098374798 0.0))
    (2.582645661415354 (0.075 -0.014072134197648727 0.0))
    (2.58364591147787 (0.075 -0.014120990374079937 0.0))
    (2.5846461615403853 (0.075 -0.014169321267358276 0.0))
    (2.585646411602901 (0.075 -0.014217121574805706 0.0))
    (2.5866466616654167 (0.075 -0.014264386051957921 0.0))
    (2.587646911727932 (0.075 -0.014311109513139946 0.0))
    (2.588647161790448 (0.075 -0.014357286832034914 0.0))
    (2.5896474118529635 (0.075 -0.014402912942246538 0.0))
    (2.590647661915479 (0.075 -0.01444798283785509 0.0))
    (2.591647911977995 (0.075 -0.014492491573966516 0.0))
    (2.5926481620405104 (0.075 -0.014536434267254948 0.0))
    (2.593648412103026 (0.075 -0.01457980609649864 0.0))
    (2.594648662165542 (0.075 -0.014622602303108776 0.0))
    (2.5956489122280573 (0.075 -0.014664818191651594 0.0))
    (2.5966491622905727 (0.075 -0.014706449130363654 0.0))
    (2.5976494123530887 (0.075 -0.014747490551659904 0.0))
    (2.598649662415604 (0.075 -0.014787937952634807 0.0))
    (2.5996499124781196 (0.075 -0.014827786895556524 0.0))
    (2.6006501625406355 (0.075 -0.01486703300835366 0.0))
    (2.601650412603151 (0.075 -0.01490567198509497 0.0))
    (2.6026506626656665 (0.075 -0.014943699586461892 0.0))
    (2.6036509127281824 (0.075 -0.014981111640213568 0.0))
    (2.604651162790698 (0.075 -0.015017904041644593 0.0))
    (2.6056514128532138 (0.075 -0.015054072754035495 0.0))
    (2.6066516629157293 (0.075 -0.015089613809095462 0.0))
    (2.6076519129782447 (0.075 -0.015124523307397844 0.0))
    (2.6086521630407606 (0.075 -0.015158797418807983 0.0))
    (2.609652413103276 (0.075 -0.015192432382903335 0.0))
    (2.6106526631657916 (0.075 -0.015225424509386153 0.0))
    (2.6116529132283075 (0.075 -0.01525777017848837 0.0))
    (2.612653163290823 (0.075 -0.015289465841368657 0.0))
    (2.6136534133533385 (0.075 -0.01532050802050187 0.0))
    (2.6146536634158544 (0.075 -0.015350893310060598 0.0))
    (2.61565391347837 (0.075 -0.015380618376288745 0.0))
    (2.6166541635408853 (0.075 -0.015409679957867389 0.0))
    (2.6176544136034012 (0.075 -0.015438074866272593 0.0))
    (2.6186546636659167 (0.075 -0.015465799986125163 0.0))
    (2.619654913728432 (0.075 -0.015492852275532532 0.0))
    (2.620655163790948 (0.075 -0.015519228766422503 0.0))
    (2.6216554138534636 (0.075 -0.015544926564868819 0.0))
    (2.6226556639159795 (0.075 -0.015569942851408766 0.0))
    (2.623655913978495 (0.075 -0.015594274881352434 0.0))
    (2.6246561640410104 (0.075 -0.015617919985083936 0.0))
    (2.6256564141035263 (0.075 -0.01564087556835424 0.0))
    (2.626656664166042 (0.075 -0.015663139112565803 0.0))
    (2.6276569142285573 (0.075 -0.015684708175048967 0.0))
    (2.628657164291073 (0.075 -0.01570558038932989 0.0))
    (2.6296574143535887 (0.075 -0.015725753465390194 0.0))
    (2.630657664416104 (0.075 -0.01574522518991827 0.0))
    (2.63165791447862 (0.075 -0.015763993426552058 0.0))
    (2.6326581645411355 (0.075 -0.01578205611611344 0.0))
    (2.633658414603651 (0.075 -0.015799411276834235 0.0))
    (2.634658664666167 (0.075 -0.01581605700457354 0.0))
    (2.6356589147286824 (0.075 -0.01583199147302669 0.0))
    (2.636659164791198 (0.075 -0.01584721293392565 0.0))
    (2.637659414853714 (0.075 -0.015861719717230792 0.0))
    (2.6386596649162293 (0.075 -0.015875510231314133 0.0))
    (2.6396599149787447 (0.075 -0.01588858296313399 0.0))
    (2.6406601650412607 (0.075 -0.01590093647840096 0.0))
    (2.641660415103776 (0.075 -0.01591256942173526 0.0))
    (2.642660665166292 (0.075 -0.01592348051681551 0.0))
    (2.6436609152288075 (0.075 -0.015933668566518684 0.0))
    (2.644661165291323 (0.075 -0.015943132453051505 0.0))
    (2.645661415353839 (0.075 -0.01595187113807307 0.0))
    (2.6466616654163544 (0.075 -0.01595988366280876 0.0))
    (2.64766191547887 (0.075 -0.015967169148155456 0.0))
    (2.648662165541386 (0.075 -0.015973726794777973 0.0))
    (2.6496624156039013 (0.075 -0.015979555883196772 0.0))
    (2.6506626656664167 (0.075 -0.01598465577386689 0.0))
    (2.6516629157289326 (0.075 -0.015989025907248114 0.0))
    (2.652663165791448 (0.075 -0.015992665803866362 0.0))
    (2.6536634158539636 (0.075 -0.015995575064366302 0.0))
    (2.6546636659164795 (0.075 -0.015997753369555168 0.0))
    (2.655663915978995 (0.075 -0.015999200480437757 0.0))
    (2.6566641660415105 (0.075 -0.015999916238242685 0.0))
    (2.6576644161040264 (0.075 -0.01599990056443978 0.0))
    (2.658664666166542 (0.075 -0.015999153460748712 0.0))
    (2.6596649162290578 (0.075 -0.0159976750091388 0.0))
    (2.6606651662915732 (0.075 -0.015995465371820016 0.0))
    (2.6616654163540887 (0.075 -0.015992524791225194 0.0))
    (2.6626656664166046 (0.075 -0.01598885358998342 0.0))
    (2.66366591647912 (0.075 -0.015984452170884664 0.0))
    (2.6646661665416356 (0.075 -0.015979321016835534 0.0))
    (2.6656664166041515 (0.075 -0.015973460690806348 0.0))
    (2.666666666666667 (0.075 -0.01596687183576934 0.0))
    (2.6676669167291824 (0.075 -0.015959555174628118 0.0))
    (2.6686671667916984 (0.075 -0.01595151151013835 0.0))
    (2.669667416854214 (0.075 -0.015942741724819687 0.0))
    (2.6706676669167293 (0.075 -0.015933246780858955 0.0))
    (2.671667916979245 (0.075 -0.015923027720004552 0.0))
    (2.6726681670417607 (0.075 -0.01591208566345219 0.0))
    (2.673668417104276 (0.075 -0.015900421811721847 0.0))
    (2.674668667166792 (0.075 -0.015888037444526076 0.0))
    (2.6756689172293076 (0.075 -0.0158749339206296 0.0))
    (2.676669167291823 (0.075 -0.015861112677700212 0.0))
    (2.677669417354339 (0.075 -0.015846575232151043 0.0))
    (2.6786696674168544 (0.075 -0.015831323178974222 0.0))
    (2.6796699174793703 (0.075 -0.015815358191565834 0.0))
    (2.680670167541886 (0.075 -0.015798682021542353 0.0))
    (2.6816704176044013 (0.075 -0.015781296498548442 0.0))
    (2.682670667666917 (0.075 -0.015763203530056225 0.0))
    (2.6836709177294327 (0.075 -0.015744405101155993 0.0))
    (2.684671167791948 (0.075 -0.015724903274338425 0.0))
    (2.685671417854464 (0.075 -0.015704700189268287 0.0))
    (2.6866716679169795 (0.075 -0.01568379806254968 0.0))
    (2.687671917979495 (0.075 -0.01566219918748283 0.0))
    (2.688672168042011 (0.075 -0.015639905933812502 0.0))
    (2.6896724181045264 (0.075 -0.015616920747468004 0.0))
    (2.690672668167042 (0.075 -0.015593246150294768 0.0))
    (2.691672918229558 (0.075 -0.015568884739777727 0.0))
    (2.6926731682920733 (0.075 -0.015543839188756344 0.0))
    (2.6936734183545887 (0.075 -0.015518112245131263 0.0))
    (2.6946736684171047 (0.075 -0.015491706731562908 0.0))
    (2.69567391847962 (0.075 -0.015464625545161797 0.0))
    (2.6966741685421356 (0.075 -0.01543687165717059 0.0))
    (2.6976744186046515 (0.075 -0.01540844811263818 0.0))
    (2.698674668667167 (0.075 -0.015379358030085612 0.0))
    (2.699674918729683 (0.075 -0.015349604601163825 0.0))
    (2.7006751687921984 (0.075 -0.015319191090303616 0.0))
    (2.701675418854714 (0.075 -0.015288120834357384 0.0))
    (2.7026756689172298 (0.075 -0.015256397242233018 0.0))
    (2.7036759189797452 (0.075 -0.015224023794519979 0.0))
    (2.7046761690422607 (0.075 -0.015191004043107331 0.0))
    (2.7056764191047766 (0.075 -0.015157341610794038 0.0))
    (2.706676669167292 (0.075 -0.015123040190891586 0.0))
    (2.7076769192298076 (0.075 -0.015088103546818667 0.0))
    (2.7086771692923235 (0.075 -0.015052535511688267 0.0))
    (2.709677419354839 (0.075 -0.015016339987887223 0.0))
    (2.7106776694173544 (0.075 -0.014979520946647954 0.0))
    (2.7116779194798704 (0.075 -0.014942082427612757 0.0))
    (2.712678169542386 (0.075 -0.014904028538390708 0.0))
    (2.7136784196049013 (0.075 -0.01486536345410687 0.0))
    (2.714678669667417 (0.075 -0.014826091416944215 0.0))
    (2.7156789197299327 (0.075 -0.014786216735678318 0.0))
    (2.7166791697924486 (0.075 -0.014745743785204449 0.0))
    (2.717679419854964 (0.075 -0.014704677006057728 0.0))
    (2.7186796699174796 (0.075 -0.01466302090392577 0.0))
    (2.7196799199799955 (0.075 -0.014620780049154462 0.0))
    (2.720680170042511 (0.075 -0.014577959076246524 0.0))
    (2.7216804201050264 (0.075 -0.0145345626833529 0.0))
    (2.7226806701675423 (0.075 -0.014490595631757426 0.0))
    (2.723680920230058 (0.075 -0.014446062745354444 0.0))
    (2.7246811702925733 (0.075 -0.0144009689101194 0.0))
    (2.725681420355089 (0.075 -0.014355319073572917 0.0))
    (2.7266816704176047 (0.075 -0.014309118244237974 0.0))
    (2.72768192048012 (0.075 -0.014262371491090244 0.0))
    (2.728682170542636 (0.075 -0.014215083943002086 0.0))
    (2.7296824206051515 (0.075 -0.014167260788179838 0.0))
    (2.730682670667667 (0.075 -0.014118907273594428 0.0))
    (2.731682920730183 (0.075 -0.014070028704405848 0.0))
    (2.7326831707926984 (0.075 -0.014020630443381095 0.0))
    (2.733683420855214 (0.075 -0.013970717910305639 0.0))
    (2.73468367091773 (0.075 -0.013920296581388929 0.0))
    (2.7356839209802453 (0.075 -0.013869371988663573 0.0))
    (2.736684171042761 (0.075 -0.013817949719378216 0.0))
    (2.7376844211052767 (0.075 -0.01376603541538476 0.0))
    (2.738684671167792 (0.075 -0.013713634772519195 0.0))
    (2.739684921230308 (0.075 -0.013660753539976672 0.0))
    (2.7406851712928235 (0.075 -0.01360739751968088 0.0))
    (2.741685421355339 (0.075 -0.013553572565647331 0.0))
    (2.742685671417855 (0.075 -0.013499284583341063 0.0))
    (2.7436859214803704 (0.075 -0.013444539529028902 0.0))
    (2.744686171542886 (0.075 -0.013389343409125776 0.0))
    (2.7456864216054018 (0.075 -0.013333702279535726 0.0))
    (2.7466866716679172 (0.075 -0.01327762224498764 0.0))
    (2.7476869217304327 (0.075 -0.0132211094583653 0.0))
    (2.7486871717929486 (0.075 -0.013164170120032312 0.0))
    (2.749687421855464 (0.075 -0.01310681047715199 0.0))
    (2.7506876719179796 (0.075 -0.013049036823001776 0.0))
    (2.7516879219804955 (0.075 -0.012990855496282767 0.0))
    (2.752688172043011 (0.075 -0.012932272880424426 0.0))
    (2.753688422105527 (0.075 -0.012873295402884007 0.0))
    (2.7546886721680424 (0.075 -0.012813929534441552 0.0))
    (2.755688922230558 (0.075 -0.012754181788489728 0.0))
    (2.7566891722930738 (0.075 -0.012694058720319382 0.0))
    (2.7576894223555892 (0.075 -0.012633566926400315 0.0))
    (2.7586896724181047 (0.075 -0.012572713043657369 0.0))
    (2.7596899224806206 (0.075 -0.012511503748742426 0.0))
    (2.760690172543136 (0.075 -0.012449945757301871 0.0))
    (2.7616904226056516 (0.075 -0.012388045823239602 0.0))
    (2.7626906726681675 (0.075 -0.01232581073797619 0.0))
    (2.763690922730683 (0.075 -0.012263247329703762 0.0))
    (2.7646911727931984 (0.075 -0.012200362462636644 0.0))
    (2.7656914228557143 (0.075 -0.012137163036258435 0.0))
    (2.76669167291823 (0.075 -0.01207365598456503 0.0))
    (2.7676919229807453 (0.075 -0.012009848275303645 0.0))
    (2.768692173043261 (0.075 -0.011945746909208549 0.0))
    (2.7696924231057767 (0.075 -0.01188135891923296 0.0))
    (2.770692673168292 (0.075 -0.011816691369777227 0.0))
    (2.771692923230808 (0.075 -0.011751751355913942 0.0))
    (2.7726931732933235 (0.075 -0.011686546002609509 0.0))
    (2.7736934233558395 (0.075 -0.011621082463942183 0.0))
    (2.774693673418355 (0.075 -0.011555367922317475 0.0))
    (2.7756939234808704 (0.075 -0.011489409587679897 0.0))
    (2.7766941735433863 (0.075 -0.011423214696721919 0.0))
    (2.777694423605902 (0.075 -0.011356790512090188 0.0))
    (2.7786946736684173 (0.075 -0.011290144321588494 0.0))
    (2.779694923730933 (0.075 -0.011223283437378181 0.0))
    (2.7806951737934487 (0.075 -0.011156215195176091 0.0))
    (2.781695423855964 (0.075 -0.011088946953449514 0.0))
    (2.78269567391848 (0.075 -0.01102148609260884 0.0))
    (2.7836959239809955 (0.075 -0.010953840014198019 0.0))
    (2.784696174043511 (0.075 -0.010886016140082286 0.0))
    (2.785696424106027 (0.075 -0.01081802191163386 0.0))
    (2.7866966741685424 (0.075 -0.010749864788915717 0.0))
    (2.787696924231058 (0.075 -0.010681552249862891 0.0))
    (2.7886971742935738 (0.075 -0.010613091789462022 0.0))
    (2.7896974243560893 (0.075 -0.010544490918929245 0.0))
    (2.7906976744186047 (0.075 -0.010475757164885885 0.0))
    (2.7916979244811206 (0.075 -0.010406898068532651 0.0))
    (2.792698174543636 (0.075 -0.010337921184822473 0.0))
    (2.793698424606152 (0.075 -0.010268834081631331 0.0))
    (2.7946986746686675 (0.075 -0.010199644338928178 0.0))
    (2.795698924731183 (0.075 -0.010130359547943033 0.0))
    (2.796699174793699 (0.075 -0.01006098731033432 0.0))
    (2.7976994248562144 (0.075 -0.009991535237354826 0.0))
    (2.79869967491873 (0.075 -0.009922010949016437 0.0))
    (2.7996999249812458 (0.075 -0.009852422073254291 0.0))
    (2.8007001750437612 (0.075 -0.009782776245089879 0.0))
    (2.8017004251062767 (0.075 -0.00971308110579315 0.0))
    (2.8027006751687926 (0.075 -0.009643344302044348 0.0))
    (2.803700925231308 (0.075 -0.009573573485095048 0.0))
    (2.8047011752938236 (0.075 -0.009503776309928482 0.0))
    (2.8057014253563395 (0.075 -0.009433960434419875 0.0))
    (2.806701675418855 (0.075 -0.009364133518496248 0.0))
    (2.8077019254813704 (0.075 -0.009333333333333334 0.0))
    (2.8087021755438863 (0.075 -0.009333333333333334 0.0))
    (2.809702425606402 (0.075 -0.009333333333333334 0.0))
    (2.8107026756689177 (0.075 -0.009333333333333334 0.0))
    (2.811702925731433 (0.075 -0.009333333333333334 0.0))
    (2.8127031757939487 (0.075 -0.009333333333333334 0.0))
    (2.8137034258564646 (0.075 -0.009333333333333334 0.0))
    (2.81470367591898 (0.075 -0.009333333333333334 0.0))
    (2.8157039259814955 (0.075 -0.009333333333333334 0.0))
    (2.8167041760440115 (0.075 -0.009333333333333334 0.0))
    (2.817704426106527 (0.075 -0.009333333333333334 0.0))
    (2.8187046761690424 (0.075 -0.009333333333333334 0.0))
    (2.8197049262315583 (0.075 -0.009333333333333334 0.0))
    (2.820705176294074 (0.075 -0.009333333333333334 0.0))
    (2.8217054263565893 (0.075 -0.009333333333333334 0.0))
    (2.822705676419105 (0.075 -0.009333333333333334 0.0))
    (2.8237059264816207 (0.075 -0.009333333333333334 0.0))
    (2.824706176544136 (0.075 -0.009333333333333334 0.0))
    (2.825706426606652 (0.075 -0.009333333333333334 0.0))
    (2.8267066766691675 (0.075 -0.009333333333333334 0.0))
    (2.827706926731683 (0.075 -0.009333333333333334 0.0))
    (2.828707176794199 (0.075 -0.009333333333333334 0.0))
    (2.8297074268567144 (0.075 -0.009333333333333334 0.0))
    (2.8307076769192303 (0.075 -0.009333333333333334 0.0))
    (2.831707926981746 (0.075 -0.009333333333333334 0.0))
    (2.8327081770442613 (0.075 -0.009333333333333334 0.0))
    (2.833708427106777 (0.075 -0.009333333333333334 0.0))
    (2.8347086771692926 (0.075 -0.009333333333333334 0.0))
    (2.835708927231808 (0.075 -0.009333333333333334 0.0))
    (2.836709177294324 (0.075 -0.009333333333333334 0.0))
    (2.8377094273568395 (0.075 -0.009333333333333334 0.0))
    (2.838709677419355 (0.075 -0.009333333333333334 0.0))
    (2.839709927481871 (0.075 -0.009333333333333334 0.0))
    (2.8407101775443864 (0.075 -0.009333333333333334 0.0))
    (2.841710427606902 (0.075 -0.009333333333333334 0.0))
    (2.8427106776694178 (0.075 -0.009333333333333334 0.0))
    (2.8437109277319332 (0.075 -0.009333333333333334 0.0))
    (2.8447111777944487 (0.075 -0.009333333333333334 0.0))
    (2.8457114278569646 (0.075 -0.009333333333333334 0.0))
    (2.84671167791948 (0.075 -0.009333333333333334 0.0))
    (2.847711927981996 (0.075 -0.009333333333333334 0.0))
    (2.8487121780445115 (0.075 -0.009333333333333334 0.0))
    (2.849712428107027 (0.075 -0.009333333333333334 0.0))
    (2.850712678169543 (0.075 -0.009333333333333334 0.0))
    (2.8517129282320584 (0.075 -0.009333333333333334 0.0))
    (2.852713178294574 (0.075 -0.009333333333333334 0.0))
    (2.8537134283570897 (0.075 -0.009333333333333334 0.0))
    (2.854713678419605 (0.075 -0.009333333333333334 0.0))
    (2.8557139284821207 (0.075 -0.009333333333333334 0.0))
    (2.8567141785446366 (0.075 -0.009333333333333334 0.0))
    (2.857714428607152 (0.075 -0.009333333333333334 0.0))
    (2.8587146786696676 (0.075 -0.009333333333333334 0.0))
    (2.8597149287321835 (0.075 -0.009333333333333334 0.0))
    (2.860715178794699 (0.075 -0.009333333333333334 0.0))
    (2.8617154288572144 (0.075 -0.009333333333333334 0.0))
    (2.8627156789197303 (0.075 -0.009333333333333334 0.0))
    (2.863715928982246 (0.075 -0.009333333333333334 0.0))
    (2.8647161790447613 (0.075 -0.009333333333333334 0.0))
    (2.865716429107277 (0.075 -0.009333333333333334 0.0))
    (2.8667166791697927 (0.075 -0.009333333333333334 0.0))
    (2.8677169292323086 (0.075 -0.009333333333333334 0.0))
    (2.868717179294824 (0.075 -0.009333333333333334 0.0))
    (2.8697174293573395 (0.075 -0.009333333333333334 0.0))
    (2.8707176794198555 (0.075 -0.009333333333333334 0.0))
    (2.871717929482371 (0.075 -0.009333333333333334 0.0))
    (2.8727181795448864 (0.075 -0.009333333333333334 0.0))
    (2.8737184296074023 (0.075 -0.009333333333333334 0.0))
    (2.874718679669918 (0.075 -0.009333333333333334 0.0))
    (2.8757189297324333 (0.075 -0.009333333333333334 0.0))
    (2.876719179794949 (0.075 -0.009333333333333334 0.0))
    (2.8777194298574647 (0.075 -0.009333333333333334 0.0))
    (2.87871967991998 (0.075 -0.009333333333333334 0.0))
    (2.879719929982496 (0.075 -0.009333333333333334 0.0))
    (2.8807201800450115 (0.075 -0.009333333333333334 0.0))
    (2.881720430107527 (0.075 -0.009333333333333334 0.0))
    (2.882720680170043 (0.075 -0.009333333333333334 0.0))
    (2.8837209302325584 (0.075 -0.009333333333333334 0.0))
    (2.884721180295074 (0.075 -0.009333333333333334 0.0))
    (2.8857214303575898 (0.075 -0.009333333333333334 0.0))
    (2.8867216804201052 (0.075 -0.009333333333333334 0.0))
    (2.887721930482621 (0.075 -0.009333333333333334 0.0))
    (2.8887221805451366 (0.075 -0.009333333333333334 0.0))
    (2.889722430607652 (0.075 -0.009333333333333334 0.0))
    (2.890722680670168 (0.075 -0.009333333333333334 0.0))
    (2.8917229307326835 (0.075 -0.009333333333333334 0.0))
    (2.892723180795199 (0.075 -0.009333333333333334 0.0))
    (2.893723430857715 (0.075 -0.009333333333333334 0.0))
    (2.8947236809202304 (0.075 -0.009333333333333334 0.0))
    (2.895723930982746 (0.075 -0.009333333333333334 0.0))
    (2.8967241810452617 (0.075 -0.009333333333333334 0.0))
    (2.897724431107777 (0.075 -0.009333333333333334 0.0))
    (2.8987246811702927 (0.075 -0.009333333333333334 0.0))
    (2.8997249312328086 (0.075 -0.009333333333333334 0.0))
    (2.900725181295324 (0.075 -0.009333333333333334 0.0))
    (2.9017254313578396 (0.075 -0.009333333333333334 0.0))
    (2.9027256814203555 (0.075 -0.009333333333333334 0.0))
    (2.903725931482871 (0.075 -0.009333333333333334 0.0))
    (2.904726181545387 (0.075 -0.009333333333333334 0.0))
    (2.9057264316079023 (0.075 -0.009333333333333334 0.0))
    (2.906726681670418 (0.075 -0.009333333333333334 0.0))
    (2.9077269317329337 (0.075 -0.009333333333333334 0.0))
    (2.908727181795449 (0.075 -0.009333333333333334 0.0))
    (2.9097274318579647 (0.075 -0.009333333333333334 0.0))
    (2.9107276819204806 (0.075 -0.009333333333333334 0.0))
    (2.911727931982996 (0.075 -0.009333333333333334 0.0))
    (2.9127281820455115 (0.075 -0.009333333333333334 0.0))
    (2.9137284321080275 (0.075 -0.009333333333333334 0.0))
    (2.914728682170543 (0.075 -0.009333333333333334 0.0))
    (2.9157289322330584 (0.075 -0.009333333333333334 0.0))
    (2.9167291822955743 (0.075 -0.009333333333333334 0.0))
    (2.91772943235809 (0.075 -0.009333333333333334 0.0))
    (2.9187296824206053 (0.075 -0.009333333333333334 0.0))
    (2.919729932483121 (0.075 -0.009333333333333334 0.0))
    (2.9207301825456367 (0.075 -0.009333333333333334 0.0))
    (2.921730432608152 (0.075 -0.009333333333333334 0.0))
    (2.922730682670668 (0.075 -0.009333333333333334 0.0))
    (2.9237309327331835 (0.075 -0.009333333333333334 0.0))
    (2.9247311827956994 (0.075 -0.009333333333333334 0.0))
    (2.925731432858215 (0.075 -0.009333333333333334 0.0))
    (2.9267316829207304 (0.075 -0.009333333333333334 0.0))
    (2.9277319329832463 (0.075 -0.009333333333333334 0.0))
    (2.9287321830457618 (0.075 -0.009333333333333334 0.0))
    (2.9297324331082772 (0.075 -0.009333333333333334 0.0))
    (2.930732683170793 (0.075 -0.009333333333333334 0.0))
    (2.9317329332333086 (0.075 -0.009333333333333334 0.0))
    (2.932733183295824 (0.075 -0.009333333333333334 0.0))
    (2.93373343335834 (0.075 -0.009333333333333334 0.0))
    (2.9347336834208555 (0.075 -0.009333333333333334 0.0))
    (2.935733933483371 (0.075 -0.009333333333333334 0.0))
    (2.936734183545887 (0.075 -0.009333333333333334 0.0))
    (2.9377344336084024 (0.075 -0.009333333333333334 0.0))
    (2.938734683670918 (0.075 -0.009333333333333334 0.0))
    (2.9397349337334338 (0.075 -0.009333333333333334 0.0))
    (2.9407351837959492 (0.075 -0.009333333333333334 0.0))
    (2.941735433858465 (0.075 -0.009333333333333334 0.0))
    (2.9427356839209806 (0.075 -0.009333333333333334 0.0))
    (2.943735933983496 (0.075 -0.009333333333333334 0.0))
    (2.944736184046012 (0.075 -0.009333333333333334 0.0))
    (2.9457364341085275 (0.075 -0.009333333333333334 0.0))
    (2.946736684171043 (0.075 -0.009333333333333334 0.0))
    (2.947736934233559 (0.075 -0.009333333333333334 0.0))
    (2.9487371842960743 (0.075 -0.009333333333333334 0.0))
    (2.94973743435859 (0.075 -0.009333333333333334 0.0))
    (2.9507376844211057 (0.075 -0.009333333333333334 0.0))
    (2.951737934483621 (0.075 -0.009333333333333334 0.0))
    (2.9527381845461367 (0.075 -0.009333333333333334 0.0))
    (2.9537384346086526 (0.075 -0.009333333333333334 0.0))
    (2.954738684671168 (0.075 -0.009333333333333334 0.0))
    (2.9557389347336835 (0.075 -0.009333333333333334 0.0))
    (2.9567391847961995 (0.075 -0.009333333333333334 0.0))
    (2.957739434858715 (0.075 -0.009333333333333334 0.0))
    (2.9587396849212304 (0.075 -0.009333333333333334 0.0))
    (2.9597399349837463 (0.075 -0.009333333333333334 0.0))
    (2.960740185046262 (0.075 -0.009333333333333334 0.0))
    (2.9617404351087777 (0.075 -0.009333333333333334 0.0))
    (2.962740685171293 (0.075 -0.009333333333333334 0.0))
    (2.9637409352338087 (0.075 -0.009333333333333334 0.0))
    (2.9647411852963246 (0.075 -0.009333333333333334 0.0))
    (2.96574143535884 (0.075 -0.009333333333333334 0.0))
    (2.9667416854213555 (0.075 -0.009333333333333334 0.0))
    (2.9677419354838714 (0.075 -0.009333333333333334 0.0))
    (2.968742185546387 (0.075 -0.009333333333333334 0.0))
    (2.9697424356089024 (0.075 -0.009333333333333334 0.0))
    (2.9707426856714183 (0.075 -0.009333333333333334 0.0))
    (2.9717429357339338 (0.075 -0.009333333333333334 0.0))
    (2.9727431857964493 (0.075 -0.009333333333333334 0.0))
    (2.973743435858965 (0.075 -0.009333333333333334 0.0))
    (2.9747436859214806 (0.075 -0.009333333333333334 0.0))
    (2.975743935983996 (0.075 -0.009333333333333334 0.0))
    (2.976744186046512 (0.075 -0.009333333333333334 0.0))
    (2.9777444361090275 (0.075 -0.009333333333333334 0.0))
    (2.978744686171543 (0.075 -0.009333333333333334 0.0))
    (2.979744936234059 (0.075 -0.009333333333333334 0.0))
    (2.9807451862965744 (0.075 -0.009333333333333334 0.0))
    (2.9817454363590903 (0.075 -0.009333333333333334 0.0))
    (2.9827456864216058 (0.075 -0.009333333333333334 0.0))
    (2.9837459364841212 (0.075 -0.009333333333333334 0.0))
    (2.984746186546637 (0.075 -0.009333333333333334 0.0))
    (2.9857464366091526 (0.075 -0.009333333333333334 0.0))
    (2.986746686671668 (0.075 -0.009333333333333334 0.0))
    (2.987746936734184 (0.075 -0.009333333333333334 0.0))
    (2.9887471867966995 (0.075 -0.009333333333333334 0.0))
    (2.989747436859215 (0.075 -0.009333333333333334 0.0))
    (2.990747686921731 (0.075 -0.009333333333333334 0.0))
    (2.9917479369842463 (0.075 -0.009333333333333334 0.0))
    (2.992748187046762 (0.075 -0.009333333333333334 0.0))
    (2.9937484371092777 (0.075 -0.009333333333333334 0.0))
    (2.994748687171793 (0.075 -0.009333333333333334 0.0))
    (2.9957489372343087 (0.075 -0.009333333333333334 0.0))
    (2.9967491872968246 (0.075 -0.009333333333333334 0.0))
    (2.99774943735934 (0.075 -0.009333333333333334 0.0))
    (2.998749687421856 (0.075 -0.009333333333333334 0.0))
    (2.9997499374843715 (0.075 -0.009333333333333334 0.0))
    (3.000750187546887 (0.075 -0.009333333333333334 0.0))
    (3.001750437609403 (0.075 -0.009333333333333334 0.0))
    (3.0027506876719183 (0.075 -0.009333333333333334 0.0))
    (3.003750937734434 (0.075 -0.009333333333333334 0.0))
    (3.0047511877969497 (0.075 -0.009333333333333334 0.0))
    (3.005751437859465 (0.075 -0.009333333333333334 0.0))
    (3.0067516879219807 (0.075 -0.009333333333333334 0.0))
    (3.0077519379844966 (0.075 -0.009333333333333334 0.0))
    (3.008752188047012 (0.075 -0.009333333333333334 0.0))
    (3.0097524381095275 (0.075 -0.009333333333333334 0.0))
    (3.0107526881720434 (0.075 -0.009333333333333334 0.0))
    (3.011752938234559 (0.075 -0.009333333333333334 0.0))
    (3.0127531882970744 (0.075 -0.009333333333333334 0.0))
    (3.0137534383595903 (0.075 -0.009333333333333334 0.0))
    (3.014753688422106 (0.075 -0.009333333333333334 0.0))
    (3.0157539384846213 (0.075 -0.009333333333333334 0.0))
    (3.016754188547137 (0.075 -0.009333333333333334 0.0))
    (3.0177544386096526 (0.075 -0.009333333333333334 0.0))
    (3.0187546886721686 (0.075 -0.009333333333333334 0.0))
    (3.019754938734684 (0.075 -0.009333333333333334 0.0))
    (3.0207551887971995 (0.075 -0.009333333333333334 0.0))
    (3.0217554388597154 (0.075 -0.009333333333333334 0.0))
    (3.022755688922231 (0.075 -0.009333333333333334 0.0))
    (3.0237559389847464 (0.075 -0.009333333333333334 0.0))
    (3.0247561890472623 (0.075 -0.009333333333333334 0.0))
    (3.0257564391097778 (0.075 -0.009333333333333334 0.0))
    (3.0267566891722932 (0.075 -0.009333333333333334 0.0))
    (3.027756939234809 (0.075 -0.009333333333333334 0.0))
    (3.0287571892973246 (0.075 -0.009333333333333334 0.0))
    (3.02975743935984 (0.075 -0.009333333333333334 0.0))
    (3.030757689422356 (0.075 -0.009333333333333334 0.0))
    (3.0317579394848715 (0.075 -0.009333333333333334 0.0))
    (3.032758189547387 (0.075 -0.009333333333333334 0.0))
    (3.033758439609903 (0.075 -0.009333333333333334 0.0))
    (3.0347586896724184 (0.075 -0.009333333333333334 0.0))
    (3.0357589397349343 (0.075 -0.009333333333333334 0.0))
    (3.0367591897974497 (0.075 -0.009333333333333334 0.0))
    (3.037759439859965 (0.075 -0.009333333333333334 0.0))
    (3.038759689922481 (0.075 -0.009333333333333334 0.0))
    (3.0397599399849966 (0.075 -0.009333333333333334 0.0))
    (3.040760190047512 (0.075 -0.009333333333333334 0.0))
    (3.041760440110028 (0.075 -0.009333333333333334 0.0))
    (3.0427606901725435 (0.075 -0.009333333333333334 0.0))
    (3.043760940235059 (0.075 -0.009333333333333334 0.0))
    (3.044761190297575 (0.075 -0.009333333333333334 0.0))
    (3.0457614403600903 (0.075 -0.009333333333333334 0.0))
    (3.046761690422606 (0.075 -0.009333333333333334 0.0))
    (3.0477619404851217 (0.075 -0.009333333333333334 0.0))
    (3.048762190547637 (0.075 -0.009333333333333334 0.0))
    (3.0497624406101527 (0.075 -0.009333333333333334 0.0))
    (3.0507626906726686 (0.075 -0.009333333333333334 0.0))
    (3.051762940735184 (0.075 -0.009333333333333334 0.0))
    (3.0527631907976995 (0.075 -0.009333333333333334 0.0))
    (3.0537634408602155 (0.075 -0.009333333333333334 0.0))
    (3.054763690922731 (0.075 -0.009333333333333334 0.0))
    (3.055763940985247 (0.075 -0.009333333333333334 0.0))
    (3.0567641910477623 (0.075 -0.009333333333333334 0.0))
    (3.057764441110278 (0.075 -0.009333333333333334 0.0))
    (3.0587646911727937 (0.075 -0.009333333333333334 0.0))
    (3.059764941235309 (0.075 -0.009333333333333334 0.0))
    (3.0607651912978247 (0.075 -0.009333333333333334 0.0))
    (3.0617654413603406 (0.075 -0.009333333333333334 0.0))
    (3.062765691422856 (0.075 -0.009333333333333334 0.0))
    (3.0637659414853715 (0.075 -0.009333333333333334 0.0))
    (3.0647661915478874 (0.075 -0.009333333333333334 0.0))
    (3.065766441610403 (0.075 -0.009333333333333334 0.0))
    (3.0667666916729184 (0.075 -0.009333333333333334 0.0))
    (3.0677669417354343 (0.075 -0.009333333333333334 0.0))
    (3.0687671917979498 (0.075 -0.009333333333333334 0.0))
    (3.0697674418604652 (0.075 -0.009333333333333334 0.0))
    (3.070767691922981 (0.075 -0.009333333333333334 0.0))
    (3.0717679419854966 (0.075 -0.009333333333333334 0.0))
    (3.072768192048012 (0.075 -0.009333333333333334 0.0))
    (3.073768442110528 (0.075 -0.009333333333333334 0.0))
    (3.0747686921730435 (0.075 -0.009333333333333334 0.0))
    (3.0757689422355594 (0.075 -0.009333333333333334 0.0))
    (3.076769192298075 (0.075 -0.009333333333333334 0.0))
    (3.0777694423605904 (0.075 -0.009333333333333334 0.0))
    (3.0787696924231063 (0.075 -0.009333333333333334 0.0))
    (3.0797699424856217 (0.075 -0.009333333333333334 0.0))
    (3.080770192548137 (0.075 -0.009333333333333334 0.0))
    (3.081770442610653 (0.075 -0.009333333333333334 0.0))
    (3.0827706926731686 (0.075 -0.009333333333333334 0.0))
    (3.083770942735684 (0.075 -0.009333333333333334 0.0))
    (3.0847711927982 (0.075 -0.009333333333333334 0.0))
    (3.0857714428607155 (0.075 -0.009333333333333334 0.0))
    (3.086771692923231 (0.075 -0.009333333333333334 0.0))
    (3.087771942985747 (0.075 -0.009333333333333334 0.0))
    (3.0887721930482623 (0.075 -0.009333333333333334 0.0))
    (3.089772443110778 (0.075 -0.009333333333333334 0.0))
    (3.0907726931732937 (0.075 -0.009333333333333334 0.0))
    (3.091772943235809 (0.075 -0.009333333333333334 0.0))
    (3.092773193298325 (0.075 -0.009333333333333334 0.0))
    (3.0937734433608406 (0.075 -0.009333333333333334 0.0))
    (3.094773693423356 (0.075 -0.009333333333333334 0.0))
    (3.095773943485872 (0.075 -0.009333333333333334 0.0))
    (3.0967741935483875 (0.075 -0.009333333333333334 0.0))
    (3.097774443610903 (0.075 -0.009333333333333334 0.0))
    (3.098774693673419 (0.075 -0.009333333333333334 0.0))
    (3.0997749437359343 (0.075 -0.009333333333333334 0.0))
    (3.10077519379845 (0.075 -0.009333333333333334 0.0))
    (3.1017754438609657 (0.075 -0.009333333333333334 0.0))
    (3.102775693923481 (0.075 -0.009333333333333334 0.0))
    (3.1037759439859967 (0.075 -0.009333333333333334 0.0))
    (3.1047761940485126 (0.075 -0.009333333333333334 0.0))
    (3.105776444111028 (0.075 -0.009333333333333334 0.0))
    (3.1067766941735435 (0.075 -0.009333333333333334 0.0))
    (3.1077769442360594 (0.075 -0.009377600638112668 0.0))
    (3.108777194298575 (0.075 -0.009447426021066553 0.0))
    (3.1097774443610904 (0.075 -0.00951723888621348 0.0))
    (3.1107776944236063 (0.075 -0.00958703157395678 0.0))
    (3.1117779444861218 (0.075 -0.009656796426913503 0.0))
    (3.1127781945486377 (0.075 -0.009726525790754788 0.0))
    (3.113778444611153 (0.075 -0.009796212015045333 0.0))
    (3.1147786946736686 (0.075 -0.009865847454083018 0.0))
    (3.1157789447361846 (0.075 -0.009935424467737746 0.0))
    (3.1167791947987 (0.075 -0.010004935422289495 0.0))
    (3.1177794448612155 (0.075 -0.01007437269126605 0.0))
    (3.1187796949237314 (0.075 -0.010143728656279773 0.0))
    (3.119779944986247 (0.075 -0.010212995707863234 0.0))
    (3.1207801950487624 (0.075 -0.01028216624630431 0.0))
    (3.1217804451112783 (0.075 -0.010351232682480003 0.0))
    (3.1227806951737938 (0.075 -0.010420187438688862 0.0))
    (3.1237809452363092 (0.075 -0.010489022949482603 0.0))
    (3.124781195298825 (0.075 -0.010557731662496154 0.0))
    (3.1257814453613406 (0.075 -0.010626306039276069 0.0))
    (3.126781695423856 (0.075 -0.010694738556107815 0.0))
    (3.127781945486372 (0.075 -0.010763021704841256 0.0))
    (3.1287821955488875 (0.075 -0.010831147993714206 0.0))
    (3.1297824456114034 (0.075 -0.010899109948174645 0.0))
    (3.130782695673919 (0.075 -0.01096690011170058 0.0))
    (3.1317829457364343 (0.075 -0.011034511046618378 0.0))
    (3.1327831957989503 (0.075 -0.011101935334918617 0.0))
    (3.1337834458614657 (0.075 -0.011169165579069945 0.0))
    (3.134783695923981 (0.075 -0.011236194402830916 0.0))
    (3.135783945986497 (0.075 -0.011303014452059078 0.0))
    (3.1367841960490126 (0.075 -0.011369618395517847 0.0))
    (3.137784446111528 (0.075 -0.01143599892568106 0.0))
    (3.138784696174044 (0.075 -0.011502148759534526 0.0))
    (3.1397849462365595 (0.075 -0.011568060639375086 0.0))
    (3.140785196299075 (0.075 -0.011633727333607114 0.0))
    (3.141785446361591 (0.075 -0.011699141637535727 0.0))
    (3.1427856964241063 (0.075 -0.011764296374157258 0.0))
    (3.143785946486622 (0.075 -0.011829184394946892 0.0))
    (3.1447861965491377 (0.075 -0.011893798580642777 0.0))
    (3.145786446611653 (0.075 -0.011958131842027117 0.0))
    (3.1467866966741687 (0.075 -0.01202217712070417 0.0))
    (3.1477869467366846 (0.075 -0.012085927389874476 0.0))
    (3.1487871967992 (0.075 -0.01214937565510581 0.0))
    (3.149787446861716 (0.075 -0.012212514955100794 0.0))
    (3.1507876969242314 (0.075 -0.012275338362460373 0.0))
    (3.151787946986747 (0.075 -0.012337838984444063 0.0))
    (3.152788197049263 (0.075 -0.012400009963726207 0.0))
    (3.1537884471117783 (0.075 -0.012461844479148141 0.0))
    (3.1547886971742938 (0.075 -0.012523335746466767 0.0))
    (3.1557889472368097 (0.075 -0.012584477019098907 0.0))
    (3.156789197299325 (0.075 -0.012645261588861308 0.0))
    (3.1577894473618406 (0.075 -0.012705682786706847 0.0))
    (3.1587896974243566 (0.075 -0.012765733983456207 0.0))
    (3.159789947486872 (0.075 -0.012825408590525037 0.0))
    (3.1607901975493875 (0.075 -0.012884700060647007 0.0))
    (3.1617904476119034 (0.075 -0.012943601888592147 0.0))
    (3.162790697674419 (0.075 -0.013002107611880392 0.0))
    (3.1637909477369344 (0.075 -0.013060210811490825 0.0))
    (3.1647911977994503 (0.075 -0.013117905112565841 0.0))
    (3.1657914478619658 (0.075 -0.0131751841851106 0.0))
    (3.1667916979244817 (0.075 -0.013232041744687525 0.0))
    (3.167791947986997 (0.075 -0.013288471553105804 0.0))
    (3.1687921980495126 (0.075 -0.013344467419105822 0.0))
    (3.1697924481120285 (0.075 -0.013400023199038446 0.0))
    (3.170792698174544 (0.075 -0.013455132797539075 0.0))
    (3.1717929482370595 (0.075 -0.013509790168196404 0.0))
    (3.1727931982995754 (0.075 -0.013563989314215813 0.0))
    (3.173793448362091 (0.075 -0.01361772428907731 0.0))
    (3.1747936984246063 (0.075 -0.013670989197187965 0.0))
    (3.1757939484871223 (0.075 -0.013723778194528743 0.0))
    (3.1767941985496377 (0.075 -0.013776085489295695 0.0))
    (3.177794448612153 (0.075 -0.013827905342535406 0.0))
    (3.178794698674669 (0.075 -0.01387923206877466 0.0))
    (3.1797949487371846 (0.075 -0.013930060036644216 0.0))
    (3.1807951987997 (0.075 -0.013980383669496669 0.0))
    (3.181795448862216 (0.075 -0.014030197446018293 0.0))
    (3.1827956989247315 (0.075 -0.014079495900834824 0.0))
    (3.183795948987247 (0.075 -0.014128273625111092 0.0))
    (3.184796199049763 (0.075 -0.014176525267144463 0.0))
    (3.1857964491122783 (0.075 -0.014224245532952005 0.0))
    (3.1867966991747942 (0.075 -0.014271429186851356 0.0))
    (3.1877969492373097 (0.075 -0.014318071052035001 0.0))
    (3.188797199299825 (0.075 -0.014364166011138576 0.0))
    (3.189797449362341 (0.075 -0.014409709006802026 0.0))
    (3.1907976994248566 (0.075 -0.014454695042224498 0.0))
    (3.191797949487372 (0.075 -0.01449911918171284 0.0))
    (3.192798199549888 (0.075 -0.014542976551222846 0.0))
    (3.1937984496124034 (0.075 -0.014586262338894023 0.0))
    (3.194798699674919 (0.075 -0.0146289717955778 0.0))
    (3.195798949737435 (0.075 -0.014671100235358316 0.0))
    (3.1967991997999503 (0.075 -0.014712643036066545 0.0))
    (3.197799449862466 (0.075 -0.014753595639787676 0.0))
    (3.1987996999249817 (0.075 -0.014793953553360939 0.0))
    (3.199799949987497 (0.075 -0.014833712348872576 0.0))
    (3.2008002000500126 (0.075 -0.014872867664141903 0.0))
    (3.2018004501125286 (0.075 -0.01491141520319966 0.0))
    (3.202800700175044 (0.075 -0.014949350736759362 0.0))
    (3.2038009502375595 (0.075 -0.01498667010268155 0.0))
    (3.2048012003000754 (0.075 -0.0150233692064302 0.0))
    (3.205801450362591 (0.075 -0.015059444021522006 0.0))
    (3.206801700425107 (0.075 -0.015094890589968261 0.0))
    (3.2078019504876223 (0.075 -0.015129705022709024 0.0))
    (3.2088022005501378 (0.075 -0.015163883500039822 0.0))
    (3.2098024506126537 (0.075 -0.015197422272030746 0.0))
    (3.210802700675169 (0.075 -0.015230317658937875 0.0))
    (3.2118029507376846 (0.075 -0.015262566051607002 0.0))
    (3.2128032008002005 (0.075 -0.015294163911869618 0.0))
    (3.213803450862716 (0.075 -0.015325107772931104 0.0))
    (3.2148037009252315 (0.075 -0.015355394239751099 0.0))
    (3.2158039509877474 (0.075 -0.01538501998941598 0.0))
    (3.216804201050263 (0.075 -0.015413981771503457 0.0))
    (3.2178044511127784 (0.075 -0.015442276408439176 0.0))
    (3.2188047011752943 (0.075 -0.015469900795845367 0.0))
    (3.2198049512378097 (0.075 -0.015496851902881435 0.0))
    (3.220805201300325 (0.075 -0.015523126772576494 0.0))
    (3.221805451362841 (0.075 -0.015548722522153797 0.0))
    (3.2228057014253566 (0.075 -0.01557363634334702 0.0))
    (3.2238059514878725 (0.075 -0.015597865502708374 0.0))
    (3.224806201550388 (0.075 -0.015621407341908514 0.0))
    (3.2258064516129035 (0.075 -0.01564425927802819 0.0))
    (3.2268067016754194 (0.075 -0.015666418803841647 0.0))
    (3.227806951737935 (0.075 -0.015687883488091692 0.0))
    (3.2288072018004503 (0.075 -0.015708650975756466 0.0))
    (3.2298074518629662 (0.075 -0.015728718988307806 0.0))
    (3.2308077019254817 (0.075 -0.01574808532396124 0.0))
    (3.231807951987997 (0.075 -0.01576674785791758 0.0))
    (3.232808202050513 (0.075 -0.015784704542596003 0.0))
    (3.2338084521130286 (0.075 -0.015801953407858747 0.0))
    (3.234808702175544 (0.075 -0.015818492561227252 0.0))
    (3.23580895223806 (0.075 -0.015834320188089786 0.0))
    (3.2368092023005754 (0.075 -0.01584943455190054 0.0))
    (3.237809452363091 (0.075 -0.015863833994370174 0.0))
    (3.238809702425607 (0.075 -0.01587751693564773 0.0))
    (3.2398099524881223 (0.075 -0.015890481874493986 0.0))
    (3.240810202550638 (0.075 -0.01590272738844616 0.0))
    (3.2418104526131537 (0.075 -0.015914252133973975 0.0))
    (3.242810702675669 (0.075 -0.015925054846627075 0.0))
    (3.243810952738185 (0.075 -0.015935134341173746 0.0))
    (3.2448112028007006 (0.075 -0.015944489511730955 0.0))
    (3.245811452863216 (0.075 -0.015953119331885694 0.0))
    (3.246811702925732 (0.075 -0.015961022854807577 0.0))
    (3.2478119529882474 (0.075 -0.01596819921335274 0.0))
    (3.248812203050763 (0.075 -0.015974647620158967 0.0))
    (3.249812453113279 (0.075 -0.015980367367732097 0.0))
    (3.2508127031757943 (0.075 -0.0159853578285236 0.0))
    (3.2518129532383098 (0.075 -0.015989618454999497 0.0))
    (3.2528132033008257 (0.075 -0.015993148779700386 0.0))
    (3.253813453363341 (0.075 -0.015995948415292727 0.0))
    (3.2548137034258566 (0.075 -0.015998017054611378 0.0))
    (3.2558139534883725 (0.075 -0.015999354470693256 0.0))
    (3.256814203550888 (0.075 -0.015999960516802254 0.0))
    (3.2578144536134035 (0.075 -0.01599983512644535 0.0))
    (3.2588147036759194 (0.075 -0.01599897831337989 0.0))
    (3.259814953738435 (0.075 -0.01599739017161207 0.0))
    (3.260815203800951 (0.075 -0.015995070875386645 0.0))
    (3.2618154538634663 (0.075 -0.0159920206791678 0.0))
    (3.2628157039259817 (0.075 -0.01598823991761123 0.0))
    (3.2638159539884977 (0.075 -0.015983729005527417 0.0))
    (3.264816204051013 (0.075 -0.015978488437836134 0.0))
    (3.2658164541135286 (0.075 -0.015972518789512138 0.0))
    (3.2668167041760445 (0.075 -0.015965820715522064 0.0))
    (3.26781695423856 (0.075 -0.015958394950752616 0.0))
    (3.2688172043010755 (0.075 -0.015950242309929887 0.0))
    (3.2698174543635914 (0.075 -0.015941363687529977 0.0))
    (3.270817704426107 (0.075 -0.015931760057680905 0.0))
    (3.2718179544886223 (0.075 -0.01592143247405567 0.0))
    (3.2728182045511383 (0.075 -0.015910382069756653 0.0))
    (3.2738184546136537 (0.075 -0.015898610057191356 0.0))
    (3.274818704676169 (0.075 -0.015886117727939318 0.0))
    (3.275818954738685 (0.075 -0.01587290645261041 0.0))
    (3.2768192048012006 (0.075 -0.015858977680694518 0.0))
    (3.277819454863716 (0.075 -0.01584433294040245 0.0))
    (3.278819704926232 (0.075 -0.015828973838498253 0.0))
    (3.2798199549887475 (0.075 -0.015812902060123025 0.0))
    (3.2808202050512634 (0.075 -0.015796119368609914 0.0))
    (3.281820455113779 (0.075 -0.01577862760529071 0.0))
    (3.2828207051762943 (0.075 -0.015760428689293806 0.0))
    (3.2838209552388102 (0.075 -0.015741524617333653 0.0))
    (3.2848212053013257 (0.075 -0.01572191746349167 0.0))
    (3.285821455363841 (0.075 -0.0157016093789887 0.0))
    (3.286821705426357 (0.075 -0.015680602591948967 0.0))
    (3.2878219554888726 (0.075 -0.015658899407155633 0.0))
    (3.288822205551388 (0.075 -0.015636502205797917 0.0))
    (3.289822455613904 (0.075 -0.015613413445209844 0.0))
    (3.2908227056764194 (0.075 -0.015589635658600637 0.0))
    (3.291822955738935 (0.075 -0.015565171454776774 0.0))
    (3.292823205801451 (0.075 -0.015540023517855772 0.0))
    (3.2938234558639663 (0.075 -0.015514194606971685 0.0))
    (3.2948237059264818 (0.075 -0.015487687555972393 0.0))
    (3.2958239559889977 (0.075 -0.015460505273108674 0.0))
    (3.296824206051513 (0.075 -0.01543265074071513 0.0))
    (3.2978244561140286 (0.075 -0.01540412701488297 0.0))
    (3.2988247061765446 (0.075 -0.015374937225124709 0.0))
    (3.29982495623906 (0.075 -0.015345084574030814 0.0))
    (3.300825206301576 (0.075 -0.015314572336918329 0.0))
    (3.3018254563640914 (0.075 -0.015283403861471506 0.0))
    (3.302825706426607 (0.075 -0.015251582567374532 0.0))
    (3.303825956489123 (0.075 -0.01521911194593632 0.0))
    (3.3048262065516383 (0.075 -0.015185995559707451 0.0))
    (3.3058264566141538 (0.075 -0.015152237042089328 0.0))
    (3.3068267066766697 (0.075 -0.015117840096935502 0.0))
    (3.307826956739185 (0.075 -0.01508280849814533 0.0))
    (3.3088272068017006 (0.075 -0.015047146089249895 0.0))
    (3.3098274568642165 (0.075 -0.015010856782990318 0.0))
    (3.310827706926732 (0.075 -0.01497394456088847 0.0))
    (3.3118279569892475 (0.075 -0.01493641347281013 0.0))
    (3.3128282070517634 (0.075 -0.014898267636520645 0.0))
    (3.313828457114279 (0.075 -0.014859511237233156 0.0))
    (3.3148287071767943 (0.075 -0.014820148527149406 0.0))
    (3.3158289572393103 (0.075 -0.014780183824993208 0.0))
    (3.3168292073018257 (0.075 -0.014739621515536601 0.0))
    (3.3178294573643416 (0.075 -0.01469846604911876 0.0))
    (3.318829707426857 (0.075 -0.014656721941157847 0.0))
    (3.3198299574893726 (0.075 -0.014614393771655323 0.0))
    (3.3208302075518885 (0.075 -0.014571486184693696 0.0))
    (3.321830457614404 (0.075 -0.014528003887927 0.0))
    (3.3228307076769195 (0.075 -0.014483951652064026 0.0))
    (3.3238309577394354 (0.075 -0.01443933431034515 0.0))
    (3.324831207801951 (0.075 -0.014394156758012073 0.0))
    (3.3258314578644663 (0.075 -0.01434842395177044 0.0))
    (3.3268317079269822 (0.075 -0.014302140909246287 0.0))
    (3.3278319579894977 (0.075 -0.014255312708435549 0.0))
    (3.328832208052013 (0.075 -0.014207944487146613 0.0))
    (3.329832458114529 (0.075 -0.014160041442436912 0.0))
    (3.3308327081770446 (0.075 -0.014111608830042734 0.0))
    (3.33183295823956 (0.075 -0.014062651963802273 0.0))
    (3.332833208302076 (0.075 -0.01401317621507293 0.0))
    (3.3338334583645914 (0.075 -0.01396318701214197 0.0))
    (3.334833708427107 (0.075 -0.013912689839630666 0.0))
    (3.335833958489623 (0.075 -0.013861690237892837 0.0))
    (3.3368342085521383 (0.075 -0.013810193802406997 0.0))
    (3.337834458614654 (0.075 -0.013758206183162085 0.0))
    (3.3388347086771697 (0.075 -0.013705733084038059 0.0))
    (3.339834958739685 (0.075 -0.013652780262179746 0.0))
    (3.340835208802201 (0.075 -0.013599353527365177 0.0))
    (3.3418354588647166 (0.075 -0.01354545874136849 0.0))
    (3.342835708927232 (0.075 -0.01349110181731648 0.0))
    (3.343835958989748 (0.075 -0.013436288719039815 0.0))
    (3.3448362090522634 (0.075 -0.013381025460419062 0.0))
    (3.345836459114779 (0.075 -0.013325318104724513 0.0))
    (3.346836709177295 (0.075 -0.01326917276395096 0.0))
    (3.3478369592398103 (0.075 -0.013212595598147449 0.0))
    (3.3488372093023258 (0.075 -0.01315559281474107 0.0))
    (3.3498374593648417 (0.075 -0.013098170667855916 0.0))
    (3.350837709427357 (0.075 -0.013040335457627238 0.0))
    (3.3518379594898726 (0.075 -0.012982093529509891 0.0))
    (3.3528382095523885 (0.075 -0.012923451273582107 0.0))
    (3.353838459614904 (0.075 -0.012864415123844777 0.0))
    (3.35483870967742 (0.075 -0.012804991557515128 0.0))
    (3.3558389597399354 (0.075 -0.012745187094316277 0.0))
    (3.356839209802451 (0.075 -0.012685008295761866 0.0))
    (3.357839459864967 (0.075 -0.012624461764436158 0.0))
    (3.3588397099274823 (0.075 -0.012563554143269632 0.0))
    (3.3598399599899977 (0.075 -0.012502292114810139 0.0))
    (3.3608402100525137 (0.075 -0.012440682400489724 0.0))
    (3.361840460115029 (0.075 -0.012378731759887181 0.0))
    (3.3628407101775446 (0.075 -0.012316446989986404 0.0))
    (3.3638409602400605 (0.075 -0.012253834924430666 0.0))
    (3.364841210302576 (0.075 -0.012190902432772838 0.0))
    (3.3658414603650915 (0.075 -0.012127656419721715 0.0))
    (3.3668417104276074 (0.075 -0.012064103824384427 0.0))
    (3.367841960490123 (0.075 -0.012000251619505131 0.0))
    (3.3688422105526383 (0.075 -0.011936106810699983 0.0))
    (3.3698424606151542 (0.075 -0.011871676435688499 0.0))
    (3.3708427106776697 (0.075 -0.011806967563521415 0.0))
    (3.371842960740185 (0.075 -0.011741987293805095 0.0))
    (3.372843210802701 (0.075 -0.011676742755922589 0.0))
    (3.3738434608652166 (0.075 -0.01161124110825142 0.0))
    (3.3748437109277325 (0.075 -0.011545489537378203 0.0))
    (3.375843960990248 (0.075 -0.011479495257310162 0.0))
    (3.3768442110527634 (0.075 -0.011413265508683622 0.0))
    (3.3778444611152794 (0.075 -0.011346807557969612 0.0))
    (3.378844711177795 (0.075 -0.011280128696676604 0.0))
    (3.3798449612403103 (0.075 -0.011213236240550525 0.0))
    (3.3808452113028262 (0.075 -0.011146137528772096 0.0))
    (3.3818454613653417 (0.075 -0.01107883992315161 0.0))
    (3.382845711427857 (0.075 -0.011011350807321218 0.0))
    (3.383845961490373 (0.075 -0.01094367758592483 0.0))
    (3.3848462115528886 (0.075 -0.010875827683805704 0.0))
    (3.385846461615404 (0.075 -0.010807808545191819 0.0))
    (3.38684671167792 (0.075 -0.010739627632879131 0.0))
    (3.3878469617404354 (0.075 -0.01067129242741277 0.0))
    (3.388847211802951 (0.075 -0.010602810426266322 0.0))
    (3.389847461865467 (0.075 -0.010534189143019219 0.0))
    (3.3908477119279823 (0.075 -0.010465436106532383 0.0))
    (3.3918479619904978 (0.075 -0.0103965588601222 0.0))
    (3.3928482120530137 (0.075 -0.010327564960732873 0.0))
    (3.393848462115529 (0.075 -0.010258461978107328 0.0))
    (3.394848712178045 (0.075 -0.01018925749395663 0.0))
    (3.3958489622405605 (0.075 -0.010119959101128383 0.0))
    (3.396849212303076 (0.075 -0.01005057440277321 0.0))
    (3.397849462365592 (0.075 -0.009981111011510977 0.0))
    (3.3988497124281074 (0.075 -0.009911576548595577 0.0))
    (3.399849962490623 (0.075 -0.009841978643078321 0.0))
    (3.400850212553139 (0.075 -0.009772324930971339 0.0))
    (3.4018504626156543 (0.075 -0.00970262305440979 0.0))
    (3.4028507126781697 (0.075 -0.009632880660812958 0.0))
    (3.4038509627406857 (0.075 -0.00956310540204565 0.0))
    (3.404851212803201 (0.075 -0.009493304933578599 0.0))
    (3.4058514628657166 (0.075 -0.009423486913648358 0.0))
    (3.4068517129282325 (0.075 -0.009353659002417017 0.0))
    (3.407851962990748 (0.075 -0.009333333333333334 0.0))
    (3.4088522130532635 (0.075 -0.009333333333333334 0.0))
    (3.4098524631157794 (0.075 -0.009333333333333334 0.0))
    (3.410852713178295 (0.075 -0.009333333333333334 0.0))
    (3.4118529632408108 (0.075 -0.009333333333333334 0.0))
    (3.4128532133033262 (0.075 -0.009333333333333334 0.0))
    (3.4138534633658417 (0.075 -0.009333333333333334 0.0))
    (3.4148537134283576 (0.075 -0.009333333333333334 0.0))
    (3.415853963490873 (0.075 -0.009333333333333334 0.0))
    (3.4168542135533886 (0.075 -0.009333333333333334 0.0))
    (3.4178544636159045 (0.075 -0.009333333333333334 0.0))
    (3.41885471367842 (0.075 -0.009333333333333334 0.0))
    (3.4198549637409354 (0.075 -0.009333333333333334 0.0))
    (3.4208552138034514 (0.075 -0.009333333333333334 0.0))
    (3.421855463865967 (0.075 -0.009333333333333334 0.0))
    (3.4228557139284823 (0.075 -0.009333333333333334 0.0))
    (3.4238559639909982 (0.075 -0.009333333333333334 0.0))
    (3.4248562140535137 (0.075 -0.009333333333333334 0.0))
    (3.425856464116029 (0.075 -0.009333333333333334 0.0))
    (3.426856714178545 (0.075 -0.009333333333333334 0.0))
    (3.4278569642410606 (0.075 -0.009333333333333334 0.0))
    (3.428857214303576 (0.075 -0.009333333333333334 0.0))
    (3.429857464366092 (0.075 -0.009333333333333334 0.0))
    (3.4308577144286074 (0.075 -0.009333333333333334 0.0))
    (3.4318579644911233 (0.075 -0.009333333333333334 0.0))
    (3.432858214553639 (0.075 -0.009333333333333334 0.0))
    (3.4338584646161543 (0.075 -0.009333333333333334 0.0))
    (3.43485871467867 (0.075 -0.009333333333333334 0.0))
    (3.4358589647411857 (0.075 -0.009333333333333334 0.0))
    (3.436859214803701 (0.075 -0.009333333333333334 0.0))
    (3.437859464866217 (0.075 -0.009333333333333334 0.0))
    (3.4388597149287325 (0.075 -0.009333333333333334 0.0))
    (3.439859964991248 (0.075 -0.009333333333333334 0.0))
    (3.440860215053764 (0.075 -0.009333333333333334 0.0))
    (3.4418604651162794 (0.075 -0.009333333333333334 0.0))
    (3.442860715178795 (0.075 -0.009333333333333334 0.0))
    (3.443860965241311 (0.075 -0.009333333333333334 0.0))
    (3.4448612153038263 (0.075 -0.009333333333333334 0.0))
    (3.4458614653663417 (0.075 -0.009333333333333334 0.0))
    (3.4468617154288577 (0.075 -0.009333333333333334 0.0))
    (3.447861965491373 (0.075 -0.009333333333333334 0.0))
    (3.448862215553889 (0.075 -0.009333333333333334 0.0))
    (3.4498624656164045 (0.075 -0.009333333333333334 0.0))
    (3.45086271567892 (0.075 -0.009333333333333334 0.0))
    (3.451862965741436 (0.075 -0.009333333333333334 0.0))
    (3.4528632158039514 (0.075 -0.009333333333333334 0.0))
    (3.453863465866467 (0.075 -0.009333333333333334 0.0))
    (3.454863715928983 (0.075 -0.009333333333333334 0.0))
    (3.4558639659914983 (0.075 -0.009333333333333334 0.0))
    (3.4568642160540137 (0.075 -0.009333333333333334 0.0))
    (3.4578644661165296 (0.075 -0.009333333333333334 0.0))
    (3.458864716179045 (0.075 -0.009333333333333334 0.0))
    (3.4598649662415606 (0.075 -0.009333333333333334 0.0))
    (3.4608652163040765 (0.075 -0.009333333333333334 0.0))
    (3.461865466366592 (0.075 -0.009333333333333334 0.0))
    (3.4628657164291075 (0.075 -0.009333333333333334 0.0))
    (3.4638659664916234 (0.075 -0.009333333333333334 0.0))
    (3.464866216554139 (0.075 -0.009333333333333334 0.0))
    (3.4658664666166543 (0.075 -0.009333333333333334 0.0))
    (3.4668667166791702 (0.075 -0.009333333333333334 0.0))
    (3.4678669667416857 (0.075 -0.009333333333333334 0.0))
    (3.4688672168042016 (0.075 -0.009333333333333334 0.0))
    (3.469867466866717 (0.075 -0.009333333333333334 0.0))
    (3.4708677169292326 (0.075 -0.009333333333333334 0.0))
    (3.4718679669917485 (0.075 -0.009333333333333334 0.0))
    (3.472868217054264 (0.075 -0.009333333333333334 0.0))
    (3.4738684671167794 (0.075 -0.009333333333333334 0.0))
    (3.4748687171792954 (0.075 -0.009333333333333334 0.0))
    (3.475868967241811 (0.075 -0.009333333333333334 0.0))
    (3.4768692173043263 (0.075 -0.009333333333333334 0.0))
    (3.477869467366842 (0.075 -0.009333333333333334 0.0))
    (3.4788697174293577 (0.075 -0.009333333333333334 0.0))
    (3.479869967491873 (0.075 -0.009333333333333334 0.0))
    (3.480870217554389 (0.075 -0.009333333333333334 0.0))
    (3.4818704676169046 (0.075 -0.009333333333333334 0.0))
    (3.48287071767942 (0.075 -0.009333333333333334 0.0))
    (3.483870967741936 (0.075 -0.009333333333333334 0.0))
    (3.4848712178044514 (0.075 -0.009333333333333334 0.0))
    (3.485871467866967 (0.075 -0.009333333333333334 0.0))
    (3.486871717929483 (0.075 -0.009333333333333334 0.0))
    (3.4878719679919983 (0.075 -0.009333333333333334 0.0))
    (3.488872218054514 (0.075 -0.009333333333333334 0.0))
    (3.4898724681170297 (0.075 -0.009333333333333334 0.0))
    (3.490872718179545 (0.075 -0.009333333333333334 0.0))
    (3.491872968242061 (0.075 -0.009333333333333334 0.0))
    (3.4928732183045765 (0.075 -0.009333333333333334 0.0))
    (3.493873468367092 (0.075 -0.009333333333333334 0.0))
    (3.494873718429608 (0.075 -0.009333333333333334 0.0))
    (3.4958739684921234 (0.075 -0.009333333333333334 0.0))
    (3.496874218554639 (0.075 -0.009333333333333334 0.0))
    (3.497874468617155 (0.075 -0.009333333333333334 0.0))
    (3.4988747186796703 (0.075 -0.009333333333333334 0.0))
    (3.4998749687421857 (0.075 -0.009333333333333334 0.0))
    (3.5008752188047016 (0.075 -0.009333333333333334 0.0))
    (3.501875468867217 (0.075 -0.009333333333333334 0.0))
    (3.5028757189297326 (0.075 -0.009333333333333334 0.0))
    (3.5038759689922485 (0.075 -0.009333333333333334 0.0))
    (3.504876219054764 (0.075 -0.009333333333333334 0.0))
    (3.50587646911728 (0.075 -0.009333333333333334 0.0))
    (3.5068767191797954 (0.075 -0.009333333333333334 0.0))
    (3.507876969242311 (0.075 -0.009333333333333334 0.0))
    (3.5088772193048268 (0.075 -0.009333333333333334 0.0))
    (3.5098774693673422 (0.075 -0.009333333333333334 0.0))
    (3.5108777194298577 (0.075 -0.009333333333333334 0.0))
    (3.5118779694923736 (0.075 -0.009333333333333334 0.0))
    (3.512878219554889 (0.075 -0.009333333333333334 0.0))
    (3.5138784696174046 (0.075 -0.009333333333333334 0.0))
    (3.5148787196799205 (0.075 -0.009333333333333334 0.0))
    (3.515878969742436 (0.075 -0.009333333333333334 0.0))
    (3.5168792198049514 (0.075 -0.009333333333333334 0.0))
    (3.5178794698674674 (0.075 -0.009333333333333334 0.0))
    (3.518879719929983 (0.075 -0.009333333333333334 0.0))
    (3.5198799699924983 (0.075 -0.009333333333333334 0.0))
    (3.520880220055014 (0.075 -0.009333333333333334 0.0))
    (3.5218804701175297 (0.075 -0.009333333333333334 0.0))
    (3.522880720180045 (0.075 -0.009333333333333334 0.0))
    (3.523880970242561 (0.075 -0.009333333333333334 0.0))
    (3.5248812203050766 (0.075 -0.009333333333333334 0.0))
    (3.5258814703675925 (0.075 -0.009333333333333334 0.0))
    (3.526881720430108 (0.075 -0.009333333333333334 0.0))
    (3.5278819704926234 (0.075 -0.009333333333333334 0.0))
    (3.5288822205551393 (0.075 -0.009333333333333334 0.0))
    (3.529882470617655 (0.075 -0.009333333333333334 0.0))
    (3.5308827206801703 (0.075 -0.009333333333333334 0.0))
    (3.531882970742686 (0.075 -0.009333333333333334 0.0))
    (3.5328832208052017 (0.075 -0.009333333333333334 0.0))
    (3.533883470867717 (0.075 -0.009333333333333334 0.0))
    (3.534883720930233 (0.075 -0.009333333333333334 0.0))
    (3.5358839709927485 (0.075 -0.009333333333333334 0.0))
    (3.536884221055264 (0.075 -0.009333333333333334 0.0))
    (3.53788447111778 (0.075 -0.009333333333333334 0.0))
    (3.5388847211802954 (0.075 -0.009333333333333334 0.0))
    (3.539884971242811 (0.075 -0.009333333333333334 0.0))
    (3.540885221305327 (0.075 -0.009333333333333334 0.0))
    (3.5418854713678423 (0.075 -0.009333333333333334 0.0))
    (3.542885721430358 (0.075 -0.009333333333333334 0.0))
    (3.5438859714928737 (0.075 -0.009333333333333334 0.0))
    (3.544886221555389 (0.075 -0.009333333333333334 0.0))
    (3.545886471617905 (0.075 -0.009333333333333334 0.0))
    (3.5468867216804205 (0.075 -0.009333333333333334 0.0))
    (3.547886971742936 (0.075 -0.009333333333333334 0.0))
    (3.548887221805452 (0.075 -0.009333333333333334 0.0))
    (3.5498874718679674 (0.075 -0.009333333333333334 0.0))
    (3.550887721930483 (0.075 -0.009333333333333334 0.0))
    (3.5518879719929988 (0.075 -0.009333333333333334 0.0))
    (3.5528882220555142 (0.075 -0.009333333333333334 0.0))
    (3.5538884721180297 (0.075 -0.009333333333333334 0.0))
    (3.5548887221805456 (0.075 -0.009333333333333334 0.0))
    (3.555888972243061 (0.075 -0.009333333333333334 0.0))
    (3.5568892223055766 (0.075 -0.009333333333333334 0.0))
    (3.5578894723680925 (0.075 -0.009333333333333334 0.0))
    (3.558889722430608 (0.075 -0.009333333333333334 0.0))
    (3.5598899724931234 (0.075 -0.009333333333333334 0.0))
    (3.5608902225556394 (0.075 -0.009333333333333334 0.0))
    (3.561890472618155 (0.075 -0.009333333333333334 0.0))
    (3.5628907226806708 (0.075 -0.009333333333333334 0.0))
    (3.5638909727431862 (0.075 -0.009333333333333334 0.0))
    (3.5648912228057017 (0.075 -0.009333333333333334 0.0))
    (3.5658914728682176 (0.075 -0.009333333333333334 0.0))
    (3.566891722930733 (0.075 -0.009333333333333334 0.0))
    (3.5678919729932486 (0.075 -0.009333333333333334 0.0))
    (3.5688922230557645 (0.075 -0.009333333333333334 0.0))
    (3.56989247311828 (0.075 -0.009333333333333334 0.0))
    (3.5708927231807954 (0.075 -0.009333333333333334 0.0))
    (3.5718929732433113 (0.075 -0.009333333333333334 0.0))
    (3.572893223305827 (0.075 -0.009333333333333334 0.0))
    (3.5738934733683423 (0.075 -0.009333333333333334 0.0))
    (3.574893723430858 (0.075 -0.009333333333333334 0.0))
    (3.5758939734933737 (0.075 -0.009333333333333334 0.0))
    (3.576894223555889 (0.075 -0.009333333333333334 0.0))
    (3.577894473618405 (0.075 -0.009333333333333334 0.0))
    (3.5788947236809205 (0.075 -0.009333333333333334 0.0))
    (3.579894973743436 (0.075 -0.009333333333333334 0.0))
    (3.580895223805952 (0.075 -0.009333333333333334 0.0))
    (3.5818954738684674 (0.075 -0.009333333333333334 0.0))
    (3.5828957239309833 (0.075 -0.009333333333333334 0.0))
    (3.583895973993499 (0.075 -0.009333333333333334 0.0))
    (3.5848962240560143 (0.075 -0.009333333333333334 0.0))
    (3.58589647411853 (0.075 -0.009333333333333334 0.0))
    (3.5868967241810457 (0.075 -0.009333333333333334 0.0))
    (3.587896974243561 (0.075 -0.009333333333333334 0.0))
    (3.588897224306077 (0.075 -0.009333333333333334 0.0))
    (3.5898974743685925 (0.075 -0.009333333333333334 0.0))
    (3.590897724431108 (0.075 -0.009333333333333334 0.0))
    (3.591897974493624 (0.075 -0.009333333333333334 0.0))
    (3.5928982245561394 (0.075 -0.009333333333333334 0.0))
    (3.593898474618655 (0.075 -0.009333333333333334 0.0))
    (3.5948987246811708 (0.075 -0.009333333333333334 0.0))
    (3.5958989747436862 (0.075 -0.009333333333333334 0.0))
    (3.5968992248062017 (0.075 -0.009333333333333334 0.0))
    (3.5978994748687176 (0.075 -0.009333333333333334 0.0))
    (3.598899724931233 (0.075 -0.009333333333333334 0.0))
    (3.599899974993749 (0.075 -0.009333333333333334 0.0))
    (3.6009002250562645 (0.075 -0.009333333333333334 0.0))
    (3.60190047511878 (0.075 -0.009333333333333334 0.0))
    (3.602900725181296 (0.075 -0.009333333333333334 0.0))
    (3.6039009752438114 (0.075 -0.009333333333333334 0.0))
    (3.604901225306327 (0.075 -0.009333333333333334 0.0))
    (3.6059014753688428 (0.075 -0.009333333333333334 0.0))
    (3.6069017254313582 (0.075 -0.009333333333333334 0.0))
    (3.6079019754938737 (0.075 -0.009333333333333334 0.0))
    (3.6089022255563896 (0.075 -0.009333333333333334 0.0))
    (3.609902475618905 (0.075 -0.009333333333333334 0.0))
    (3.6109027256814206 (0.075 -0.009333333333333334 0.0))
    (3.6119029757439365 (0.075 -0.009333333333333334 0.0))
    (3.612903225806452 (0.075 -0.009333333333333334 0.0))
    (3.6139034758689674 (0.075 -0.009333333333333334 0.0))
    (3.6149037259314833 (0.075 -0.009333333333333334 0.0))
    (3.615903975993999 (0.075 -0.009333333333333334 0.0))
    (3.6169042260565143 (0.075 -0.009333333333333334 0.0))
    (3.61790447611903 (0.075 -0.009333333333333334 0.0))
    (3.6189047261815457 (0.075 -0.009333333333333334 0.0))
    (3.6199049762440616 (0.075 -0.009333333333333334 0.0))
    (3.620905226306577 (0.075 -0.009333333333333334 0.0))
    (3.6219054763690925 (0.075 -0.009333333333333334 0.0))
    (3.6229057264316085 (0.075 -0.009333333333333334 0.0))
    (3.623905976494124 (0.075 -0.009333333333333334 0.0))
    (3.6249062265566394 (0.075 -0.009333333333333334 0.0))
    (3.6259064766191553 (0.075 -0.009333333333333334 0.0))
    (3.626906726681671 (0.075 -0.009333333333333334 0.0))
    (3.6279069767441863 (0.075 -0.009333333333333334 0.0))
    (3.628907226806702 (0.075 -0.009333333333333334 0.0))
    (3.6299074768692177 (0.075 -0.009333333333333334 0.0))
    (3.630907726931733 (0.075 -0.009333333333333334 0.0))
    (3.631907976994249 (0.075 -0.009333333333333334 0.0))
    (3.6329082270567645 (0.075 -0.009333333333333334 0.0))
    (3.63390847711928 (0.075 -0.009333333333333334 0.0))
    (3.634908727181796 (0.075 -0.009333333333333334 0.0))
    (3.6359089772443114 (0.075 -0.009333333333333334 0.0))
    (3.6369092273068273 (0.075 -0.009333333333333334 0.0))
    (3.637909477369343 (0.075 -0.009333333333333334 0.0))
    (3.6389097274318583 (0.075 -0.009333333333333334 0.0))
    (3.639909977494374 (0.075 -0.009333333333333334 0.0))
    (3.6409102275568896 (0.075 -0.009333333333333334 0.0))
    (3.641910477619405 (0.075 -0.009333333333333334 0.0))
    (3.642910727681921 (0.075 -0.009333333333333334 0.0))
    (3.6439109777444365 (0.075 -0.009333333333333334 0.0))
    (3.644911227806952 (0.075 -0.009333333333333334 0.0))
    (3.645911477869468 (0.075 -0.009333333333333334 0.0))
    (3.6469117279319834 (0.075 -0.009333333333333334 0.0))
    (3.647911977994499 (0.075 -0.009333333333333334 0.0))
    (3.6489122280570148 (0.075 -0.009333333333333334 0.0))
    (3.6499124781195302 (0.075 -0.009333333333333334 0.0))
    (3.6509127281820457 (0.075 -0.009333333333333334 0.0))
    (3.6519129782445616 (0.075 -0.009333333333333334 0.0))
    (3.652913228307077 (0.075 -0.009333333333333334 0.0))
    (3.6539134783695926 (0.075 -0.009333333333333334 0.0))
    (3.6549137284321085 (0.075 -0.009333333333333334 0.0))
    (3.655913978494624 (0.075 -0.009333333333333334 0.0))
    (3.65691422855714 (0.075 -0.009333333333333334 0.0))
    (3.6579144786196554 (0.075 -0.009333333333333334 0.0))
    (3.658914728682171 (0.075 -0.009333333333333334 0.0))
    (3.6599149787446867 (0.075 -0.009333333333333334 0.0))
    (3.660915228807202 (0.075 -0.009333333333333334 0.0))
    (3.6619154788697177 (0.075 -0.009333333333333334 0.0))
    (3.6629157289322336 (0.075 -0.009333333333333334 0.0))
    (3.663915978994749 (0.075 -0.009333333333333334 0.0))
    (3.6649162290572646 (0.075 -0.009333333333333334 0.0))
    (3.6659164791197805 (0.075 -0.009333333333333334 0.0))
    (3.666916729182296 (0.075 -0.009333333333333334 0.0))
    (3.6679169792448114 (0.075 -0.009333333333333334 0.0))
    (3.6689172293073273 (0.075 -0.009333333333333334 0.0))
    (3.669917479369843 (0.075 -0.009333333333333334 0.0))
    (3.6709177294323583 (0.075 -0.009333333333333334 0.0))
    (3.671917979494874 (0.075 -0.009333333333333334 0.0))
    (3.6729182295573897 (0.075 -0.009333333333333334 0.0))
    (3.673918479619905 (0.075 -0.009333333333333334 0.0))
    (3.674918729682421 (0.075 -0.009333333333333334 0.0))
    (3.6759189797449365 (0.075 -0.009333333333333334 0.0))
    (3.6769192298074524 (0.075 -0.009333333333333334 0.0))
    (3.677919479869968 (0.075 -0.009333333333333334 0.0))
    (3.6789197299324834 (0.075 -0.009333333333333334 0.0))
    (3.6799199799949993 (0.075 -0.009333333333333334 0.0))
    (3.680920230057515 (0.075 -0.009333333333333334 0.0))
    (3.6819204801200303 (0.075 -0.009333333333333334 0.0))
    (3.682920730182546 (0.075 -0.009333333333333334 0.0))
    (3.6839209802450616 (0.075 -0.009333333333333334 0.0))
    (3.684921230307577 (0.075 -0.009333333333333334 0.0))
    (3.685921480370093 (0.075 -0.009333333333333334 0.0))
    (3.6869217304326085 (0.075 -0.009333333333333334 0.0))
    (3.687921980495124 (0.075 -0.009333333333333334 0.0))
    (3.68892223055764 (0.075 -0.009333333333333334 0.0))
    (3.6899224806201554 (0.075 -0.009333333333333334 0.0))
    (3.690922730682671 (0.075 -0.009333333333333334 0.0))
    (3.6919229807451868 (0.075 -0.009333333333333334 0.0))
    (3.6929232308077022 (0.075 -0.009333333333333334 0.0))
    (3.693923480870218 (0.075 -0.009333333333333334 0.0))
    (3.6949237309327336 (0.075 -0.009333333333333334 0.0))
    (3.695923980995249 (0.075 -0.009333333333333334 0.0))
    (3.696924231057765 (0.075 -0.009333333333333334 0.0))
    (3.6979244811202805 (0.075 -0.009333333333333334 0.0))
    (3.698924731182796 (0.075 -0.009333333333333334 0.0))
    (3.699924981245312 (0.075 -0.009333333333333334 0.0))
    (3.7009252313078274 (0.075 -0.009333333333333334 0.0))
    (3.701925481370343 (0.075 -0.009333333333333334 0.0))
    (3.7029257314328587 (0.075 -0.009333333333333334 0.0))
    (3.703925981495374 (0.075 -0.009333333333333334 0.0))
    (3.7049262315578897 (0.075 -0.009333333333333334 0.0))
    (3.7059264816204056 (0.075 -0.009333333333333334 0.0))
    (3.706926731682921 (0.075 -0.009333333333333334 0.0))
    (3.7079269817454366 (0.075 -0.009388074942404163 0.0))
    (3.7089272318079525 (0.075 -0.009457898936049803 0.0))
    (3.709927481870468 (0.075 -0.009527709262840868 0.0))
    (3.7109277319329834 (0.075 -0.009597498263459188 0.0))
    (3.7119279819954993 (0.075 -0.009667258280926419 0.0))
    (3.712928232058015 (0.075 -0.009736981661444138 0.0))
    (3.7139284821205307 (0.075 -0.009806660755233582 0.0))
    (3.714928732183046 (0.075 -0.009876287917374958 0.0))
    (3.7159289822455617 (0.075 -0.009945855508646214 0.0))
    (3.7169292323080776 (0.075 -0.010015355896361176 0.0))
    (3.717929482370593 (0.075 -0.010084781455206993 0.0))
    (3.7189297324331085 (0.075 -0.010154124568080737 0.0))
    (3.7199299824956245 (0.075 -0.01022337762692514 0.0))
    (3.72093023255814 (0.075 -0.010292533033563311 0.0))
    (3.7219304826206554 (0.075 -0.010361583200532376 0.0))
    (3.7229307326831713 (0.075 -0.010430520551915954 0.0))
    (3.723930982745687 (0.075 -0.01049933752417535 0.0))
    (3.7249312328082023 (0.075 -0.010568026566979399 0.0))
    (3.725931482870718 (0.075 -0.010636580144032862 0.0))
    (3.7269317329332337 (0.075 -0.010704990733903273 0.0))
    (3.727931982995749 (0.075 -0.010773250830846166 0.0))
    (3.728932233058265 (0.075 -0.010841352945628577 0.0))
    (3.7299324831207805 (0.075 -0.010909289606350731 0.0))
    (3.7309327331832964 (0.075 -0.010977053359265874 0.0))
    (3.731932983245812 (0.075 -0.011044636769597844 0.0))
    (3.7329332333083274 (0.075 -0.011112032422357244 0.0))
    (3.7339334833708433 (0.075 -0.01117923292315457 0.0))
    (3.7349337334333588 (0.075 -0.011246230899011493 0.0))
    (3.7359339834958742 (0.075 -0.011313018999170218 0.0))
    (3.73693423355839 (0.075 -0.011379589895899551 0.0))
    (3.7379344836209056 (0.075 -0.011445936285298887 0.0))
    (3.738934733683421 (0.075 -0.01151205088809996 0.0))
    (3.739934983745937 (0.075 -0.011577926450465095 0.0))
    (3.7409352338084525 (0.075 -0.011643555744783075 0.0))
    (3.741935483870968 (0.075 -0.011708931570462525 0.0))
    (3.742935733933484 (0.075 -0.01177404675472153 0.0))
    (3.7439359839959994 (0.075 -0.011838894153374607 0.0))
    (3.744936234058515 (0.075 -0.01190346665161694 0.0))
    (3.7459364841210308 (0.075 -0.011967757164804582 0.0))
    (3.7469367341835462 (0.075 -0.012031758639231761 0.0))
    (3.7479369842460617 (0.075 -0.012095464052905184 0.0))
    (3.7489372343085776 (0.075 -0.012158866416314057 0.0))
    (3.749937484371093 (0.075 -0.01222195877319696 0.0))
    (3.750937734433609 (0.075 -0.012284734201305486 0.0))
    (3.7519379844961245 (0.075 -0.012347185813163124 0.0))
    (3.75293823455864 (0.075 -0.012409306756821354 0.0))
    (3.753938484621156 (0.075 -0.012471090216611415 0.0))
    (3.7549387346836713 (0.075 -0.01253252941389171 0.0))
    (3.755938984746187 (0.075 -0.012593617607791959 0.0))
    (3.7569392348087027 (0.075 -0.01265434809595257 0.0))
    (3.757939484871218 (0.075 -0.012714714215260037 0.0))
    (3.7589397349337337 (0.075 -0.012774709342577989 0.0))
    (3.7599399849962496 (0.075 -0.012834326895473855 0.0))
    (3.760940235058765 (0.075 -0.01289356033294107 0.0))
    (3.7619404851212805 (0.075 -0.01295240315611672 0.0))
    (3.7629407351837965 (0.075 -0.013010848908994573 0.0))
    (3.763940985246312 (0.075 -0.013068891179133412 0.0))
    (3.7649412353088274 (0.075 -0.013126523598360581 0.0))
    (3.7659414853713433 (0.075 -0.013183739843470673 0.0))
    (3.766941735433859 (0.075 -0.013240533636919296 0.0))
    (3.7679419854963743 (0.075 -0.013296898747511807 0.0))
    (3.76894223555889 (0.075 -0.013352828991086987 0.0))
    (3.7699424856214057 (0.075 -0.013408318231195543 0.0))
    (3.7709427356839216 (0.075 -0.01346336037977336 0.0))
    (3.771942985746437 (0.075 -0.013517949397809481 0.0))
    (3.7729432358089525 (0.075 -0.01357207929600867 0.0))
    (3.7739434858714684 (0.075 -0.013625744135448536 0.0))
    (3.774943735933984 (0.075 -0.013678938028231136 0.0))
    (3.7759439859964994 (0.075 -0.01373165513812896 0.0))
    (3.7769442360590153 (0.075 -0.013783889681225271 0.0))
    (3.7779444861215308 (0.075 -0.013835635926548687 0.0))
    (3.7789447361840462 (0.075 -0.013886888196701965 0.0))
    (3.779944986246562 (0.075 -0.013937640868484896 0.0))
    (3.7809452363090776 (0.075 -0.013987888373511271 0.0))
    (3.781945486371593 (0.075 -0.014037625198819816 0.0))
    (3.782945736434109 (0.075 -0.01408684588747905 0.0))
    (3.7839459864966245 (0.075 -0.014135545039186006 0.0))
    (3.78494623655914 (0.075 -0.01418371731085873 0.0))
    (3.785946486621656 (0.075 -0.014231357417222494 0.0))
    (3.7869467366841714 (0.075 -0.01427846013138969 0.0))
    (3.7879469867466873 (0.075 -0.014325020285433292 0.0))
    (3.7889472368092028 (0.075 -0.014371032770953867 0.0))
    (3.7899474868717182 (0.075 -0.014416492539640047 0.0))
    (3.790947736934234 (0.075 -0.014461394603822411 0.0))
    (3.7919479869967496 (0.075 -0.014505734037020712 0.0))
    (3.792948237059265 (0.075 -0.014549505974484386 0.0))
    (3.793948487121781 (0.075 -0.01459270561372631 0.0))
    (3.7949487371842965 (0.075 -0.014635328215049693 0.0))
    (3.795948987246812 (0.075 -0.014677369102068103 0.0))
    (3.796949237309328 (0.075 -0.014718823662218583 0.0))
    (3.7979494873718433 (0.075 -0.014759687347267562 0.0))
    (3.798949737434359 (0.075 -0.014799955673810166 0.0))
    (3.7999499874968747 (0.075 -0.01483962422376186 0.0))
    (3.80095023755939 (0.075 -0.01487868864484319 0.0))
    (3.8019504876219057 (0.075 -0.014917144651057538 0.0))
    (3.8029507376844216 (0.075 -0.014954988023161121 0.0))
    (3.803950987746937 (0.075 -0.01499221460912592 0.0))
    (3.8049512378094525 (0.075 -0.015028820324595453 0.0))
    (3.8059514878719685 (0.075 -0.015064801153332657 0.0))
    (3.806951737934484 (0.075 -0.015100153147660549 0.0))
    (3.807951987997 (0.075 -0.015134872428895583 0.0))
    (3.8089522380595153 (0.075 -0.015168955187772871 0.0))
    (3.809952488122031 (0.075 -0.01520239768486437 0.0))
    (3.8109527381845467 (0.075 -0.015235196250989125 0.0))
    (3.811952988247062 (0.075 -0.015267347287615668 0.0))
    (3.8129532383095777 (0.075 -0.015298847267257016 0.0))
    (3.8139534883720936 (0.075 -0.015329692733857697 0.0))
    (3.814953738434609 (0.075 -0.015359880303172743 0.0))
    (3.8159539884971245 (0.075 -0.015389406663139187 0.0))
    (3.8169542385596404 (0.075 -0.015418268574239443 0.0))
    (3.817954488622156 (0.075 -0.015446462869856563 0.0))
    (3.8189547386846714 (0.075 -0.015473986456621833 0.0))
    (3.8199549887471873 (0.075 -0.015500836314754168 0.0))
    (3.820955238809703 (0.075 -0.015527009498391269 0.0))
    (3.8219554888722183 (0.075 -0.015552503135912984 0.0))
    (3.822955738934734 (0.075 -0.015577314430256384 0.0))
    (3.8239559889972496 (0.075 -0.015601440659222476 0.0))
    (3.8249562390597656 (0.075 -0.015624879175775049 0.0))
    (3.825956489122281 (0.075 -0.015647627408331023 0.0))
    (3.8269567391847965 (0.075 -0.015669682861042585 0.0))
    (3.8279569892473124 (0.075 -0.01569104311407105 0.0))
    (3.828957239309828 (0.075 -0.01571170582385234 0.0))
    (3.8299574893723434 (0.075 -0.015731668723354113 0.0))
    (3.8309577394348593 (0.075 -0.015750929622324505 0.0))
    (3.8319579894973748 (0.075 -0.015769486407532413 0.0))
    (3.8329582395598902 (0.075 -0.015787337042999373 0.0))
    (3.833958489622406 (0.075 -0.015804479570222924 0.0))
    (3.8349587396849216 (0.075 -0.015820912108391504 0.0))
    (3.835958989747437 (0.075 -0.015836632854590783 0.0))
    (3.836959239809953 (0.075 -0.015851640084001493 0.0))
    (3.8379594898724685 (0.075 -0.015865932150088656 0.0))
    (3.838959739934984 (0.075 -0.015879507484782236 0.0))
    (3.8399599899975 (0.075 -0.015892364598649192 0.0))
    (3.8409602400600154 (0.075 -0.015904502081056874 0.0))
    (3.841960490122531 (0.075 -0.015915918600327816 0.0))
    (3.8429607401850467 (0.075 -0.015926612903885817 0.0))
    (3.843960990247562 (0.075 -0.015936583818393392 0.0))
    (3.844961240310078 (0.075 -0.01594583024988049 0.0))
    (3.8459614903725936 (0.075 -0.015954351183864526 0.0))
    (3.846961740435109 (0.075 -0.01596214568546169 0.0))
    (3.847961990497625 (0.075 -0.015969212899489514 0.0))
    (3.8489622405601405 (0.075 -0.015975552050560695 0.0))
    (3.849962490622656 (0.075 -0.015981162443168172 0.0))
    (3.850962740685172 (0.075 -0.015986043461761443 0.0))
    (3.8519629907476873 (0.075 -0.01599019457081409 0.0))
    (3.852963240810203 (0.075 -0.01599361531488253 0.0))
    (3.8539634908727187 (0.075 -0.015996305318655996 0.0))
    (3.854963740935234 (0.075 -0.01599826428699772 0.0))
    (3.8559639909977497 (0.075 -0.01599949200497729 0.0))
    (3.8569642410602656 (0.075 -0.015999988337894257 0.0))
    (3.857964491122781 (0.075 -0.015999753231292897 0.0))
    (3.8589647411852965 (0.075 -0.015998786710968195 0.0))
    (3.8599649912478124 (0.075 -0.01599708888296301 0.0))
    (3.860965241310328 (0.075 -0.015994659933556445 0.0))
    (3.8619654913728434 (0.075 -0.0159915001292434 0.0))
    (3.8629657414353593 (0.075 -0.01598760981670535 0.0))
    (3.863965991497875 (0.075 -0.01598298942277228 0.0))
    (3.8649662415603907 (0.075 -0.015977639454375886 0.0))
    (3.865966491622906 (0.075 -0.015971560498493957 0.0))
    (3.8669667416854216 (0.075 -0.015964753222085924 0.0))
    (3.8679669917479376 (0.075 -0.015957218372019744 0.0))
    (3.868967241810453 (0.075 -0.015948956774989944 0.0))
    (3.8699674918729685 (0.075 -0.015939969337426876 0.0))
    (3.8709677419354844 (0.075 -0.01593025704539731 0.0))
    (3.871967991998 (0.075 -0.01591982096449627 0.0))
    (3.8729682420605154 (0.075 -0.015908662239730025 0.0))
    (3.8739684921230313 (0.075 -0.015896782095390565 0.0))
    (3.8749687421855468 (0.075 -0.015884181834921247 0.0))
    (3.8759689922480622 (0.075 -0.01587086284077374 0.0))
    (3.876969242310578 (0.075 -0.015856826574256386 0.0))
    (3.8779694923730936 (0.075 -0.01584207457537392 0.0))
    (3.878969742435609 (0.075 -0.015826608462658386 0.0))
    (3.879969992498125 (0.075 -0.015810429932991657 0.0))
    (3.8809702425606405 (0.075 -0.01579354076141926 0.0))
    (3.8819704926231564 (0.075 -0.015775942800955522 0.0))
    (3.882970742685672 (0.075 -0.015757637982380415 0.0))
    (3.8839709927481874 (0.075 -0.0157386283140276 0.0))
    (3.8849712428107033 (0.075 -0.015718915881564093 0.0))
    (3.8859714928732187 (0.075 -0.01569850284776153 0.0))
    (3.886971742935734 (0.075 -0.015677391452258774 0.0))
    (3.88797199299825 (0.075 -0.01565558401131617 0.0))
    (3.8889722430607656 (0.075 -0.01563308291756157 0.0))
    (3.889972493123281 (0.075 -0.015609890639727668 0.0))
    (3.890972743185797 (0.075 -0.015586009722381142 0.0))
    (3.8919729932483125 (0.075 -0.015561442785643632 0.0))
    (3.892973243310828 (0.075 -0.015536192524904107 0.0))
    (3.893973493373344 (0.075 -0.015510261710523146 0.0))
    (3.8949737434358593 (0.075 -0.015483653187529135 0.0))
    (3.895973993498375 (0.075 -0.015456369875305964 0.0))
    (3.8969742435608907 (0.075 -0.015428414767272733 0.0))
    (3.897974493623406 (0.075 -0.015399790930555471 0.0))
    (3.8989747436859217 (0.075 -0.015370501505650478 0.0))
    (3.8999749937484376 (0.075 -0.015340549706079738 0.0))
    (3.900975243810953 (0.075 -0.015309938818038542 0.0))
    (3.901975493873469 (0.075 -0.015278672200034723 0.0))
    (3.9029757439359845 (0.075 -0.015246753282520285 0.0))
    (3.9039759939985 (0.075 -0.015214185567515 0.0))
    (3.904976244061016 (0.075 -0.015180972628222187 0.0))
    (3.9059764941235313 (0.075 -0.015147118108636668 0.0))
    (3.906976744186047 (0.075 -0.015112625723144965 0.0))
    (3.9079769942485627 (0.075 -0.015077499256117772 0.0))
    (3.908977244311078 (0.075 -0.015041742561494752 0.0))
    (3.9099774943735937 (0.075 -0.015005359562361688 0.0))
    (3.9109777444361096 (0.075 -0.014968354250520068 0.0))
    (3.911977994498625 (0.075 -0.014930730686049117 0.0))
    (3.9129782445611405 (0.075 -0.014892492996860334 0.0))
    (3.9139784946236564 (0.075 -0.014853645378244603 0.0))
    (3.914978744686172 (0.075 -0.0148141920924119 0.0))
    (3.9159789947486874 (0.075 -0.01477413746802365 0.0))
    (3.9169792448112033 (0.075 -0.01473348589971782 0.0))
    (3.9179794948737188 (0.075 -0.014692241847626745 0.0))
    (3.9189797449362347 (0.075 -0.014650409836887774 0.0))
    (3.91997999499875 (0.075 -0.014607994457146807 0.0))
    (3.9209802450612656 (0.075 -0.014565000362054725 0.0))
    (3.9219804951237816 (0.075 -0.01452143226875681 0.0))
    (3.922980745186297 (0.075 -0.014477294957375198 0.0))
    (3.9239809952488125 (0.075 -0.01443259327048443 0.0))
    (3.9249812453113284 (0.075 -0.014387332112580132 0.0))
    (3.925981495373844 (0.075 -0.014341516449540924 0.0))
    (3.9269817454363594 (0.075 -0.014295151308083572 0.0))
    (3.9279819954988753 (0.075 -0.014248241775211487 0.0))
    (3.9289822455613908 (0.075 -0.01420079299765659 0.0))
    (3.9299824956239062 (0.075 -0.01415281018131464 0.0))
    (3.930982745686422 (0.075 -0.014104298590674056 0.0))
    (3.9319829957489376 (0.075 -0.014055263548238323 0.0))
    (3.932983245811453 (0.075 -0.014005710433942024 0.0))
    (3.933983495873969 (0.075 -0.013955644684560578 0.0))
    (3.9349837459364845 (0.075 -0.013905071793113738 0.0))
    (3.935983995999 (0.075 -0.013853997308262912 0.0))
    (3.936984246061516 (0.075 -0.013802426833702391 0.0))
    (3.9379844961240313 (0.075 -0.013750366027544536 0.0))
    (3.9389847461865473 (0.075 -0.01369782060169895 0.0))
    (3.9399849962490627 (0.075 -0.013644796321245971 0.0))
    (3.940985246311578 (0.075 -0.013591299003803792 0.0))
    (3.941985496374094 (0.075 -0.013537334518890495 0.0))
    (3.9429857464366096 (0.075 -0.013482908787280071 0.0))
    (3.943985996499125 (0.075 -0.013428027780352498 0.0))
    (3.944986246561641 (0.075 -0.013372697519438898 0.0))
    (3.9459864966241565 (0.075 -0.01331692407516091 0.0))
    (3.946986746686672 (0.075 -0.01326071356676431 0.0))
    (3.947986996749188 (0.075 -0.013204072161447963 0.0))
    (3.9489872468117033 (0.075 -0.01314700607368719 0.0))
    (3.949987496874219 (0.075 -0.013089521564551586 0.0))
    (3.9509877469367347 (0.075 -0.013031624941018439 0.0))
    (3.95198799699925 (0.075 -0.0129733225552807 0.0))
    (3.9529882470617657 (0.075 -0.012914620804049905 0.0))
    (3.9539884971242816 (0.075 -0.012855526127854292 0.0))
    (3.954988747186797 (0.075 -0.012796045010332553 0.0))
    (3.9559889972493125 (0.075 -0.012736183977522093 0.0))
    (3.9569892473118284 (0.075 -0.012675949597143028 0.0))
    (3.957989497374344 (0.075 -0.012615348477877972 0.0))
    (3.95898974743686 (0.075 -0.012554387268646534 0.0))
    (3.9599899974993753 (0.075 -0.012493072657876043 0.0))
    (3.9609902475618908 (0.075 -0.012431411372767672 0.0))
    (3.9619904976244067 (0.075 -0.012369410178558358 0.0))
    (3.962990747686922 (0.075 -0.012307075877778545 0.0))
    (3.9639909977494376 (0.075 -0.012244415309505836 0.0))
    (3.9649912478119536 (0.075 -0.01218143534861464 0.0))
    (3.965991497874469 (0.075 -0.012118142905021882 0.0))
    (3.9669917479369845 (0.075 -0.01205454492292888 0.0))
    (3.9679919979995004 (0.075 -0.011990648380059447 0.0))
    (3.968992248062016 (0.075 -0.011926460286894328 0.0))
    (3.9699924981245314 (0.075 -0.011861987685902034 0.0))
    (3.9709927481870473 (0.075 -0.011797237650766172 0.0))
    (3.9719929982495628 (0.075 -0.011732217285609345 0.0))
    (3.9729932483120782 (0.075 -0.01166693372421372 0.0))
    (3.973993498374594 (0.075 -0.01160139412923833 0.0))
    (3.9749937484371096 (0.075 -0.01153560569143322 0.0))
    (3.9759939984996255 (0.075 -0.011469575628850509 0.0))
    (3.976994248562141 (0.075 -0.011403311186052444 0.0))
    (3.9779944986246565 (0.075 -0.01133681963331656 0.0))
    (3.9789947486871724 (0.075 -0.011270108265838017 0.0))
    (3.979994998749688 (0.075 -0.011203184402929191 0.0))
    (3.9809952488122033 (0.075 -0.011136055387216636 0.0))
    (3.9819954988747193 (0.075 -0.011068728583835471 0.0))
    (3.9829957489372347 (0.075 -0.011001211379621317 0.0))
    (3.98399599899975 (0.075 -0.010933511182299828 0.0))
    (3.984996249062266 (0.075 -0.010865635419673959 0.0))
    (3.9859964991247816 (0.075 -0.010797591538809001 0.0))
    (3.986996749187297 (0.075 -0.010729387005215535 0.0))
    (3.987996999249813 (0.075 -0.010661029302030329 0.0))
    (3.9889972493123285 (0.075 -0.010592525929195327 0.0))
    (3.989997499374844 (0.075 -0.010523884402634779 0.0))
    (3.99099774943736 (0.075 -0.010455112253430631 0.0))
    (3.9919979994998753 (0.075 -0.010386217026996235 0.0))
    (3.992998249562391 (0.075 -0.010317206282248498 0.0))
    (3.9939984996249067 (0.075 -0.010248087590778552 0.0))
    (3.994998749687422 (0.075 -0.01017886853602102 0.0))
    (3.995998999749938 (0.075 -0.010109556712421952 0.0))
    (3.9969992498124536 (0.075 -0.010040159724605823 0.0))
    (3.997999499874969 (0.075 -0.00997068518654071 0.0))
    (3.998999749937485 (0.075 -0.009901140720703347 0.0))
    (4.0 (0.075 -0.009831533957242813 0.0))
)
