(
    (0.0 (0.303 -0.009333333333333334 0.0))
    (0.001000250062515629 (0.303 -0.009333333333333334 0.0))
    (0.002000500125031258 (0.303 -0.009333333333333334 0.0))
    (0.003000750187546887 (0.303 -0.009333333333333334 0.0))
    (0.004001000250062516 (0.303 -0.009333333333333334 0.0))
    (0.005001250312578145 (0.303 -0.009333333333333334 0.0))
    (0.006001500375093774 (0.303 -0.009333333333333334 0.0))
    (0.007001750437609403 (0.303 -0.009333333333333334 0.0))
    (0.008002000500125032 (0.303 -0.009333333333333334 0.0))
    (0.009002250562640661 (0.303 -0.009333333333333334 0.0))
    (0.01000250062515629 (0.303 -0.009333333333333334 0.0))
    (0.01100275068767192 (0.303 -0.009333333333333334 0.0))
    (0.012003000750187547 (0.303 -0.009333333333333334 0.0))
    (0.013003250812703177 (0.303 -0.009333333333333334 0.0))
    (0.014003500875218806 (0.303 -0.009333333333333334 0.0))
    (0.015003750937734435 (0.303 -0.009333333333333334 0.0))
    (0.016004001000250064 (0.303 -0.009333333333333334 0.0))
    (0.017004251062765693 (0.303 -0.009333333333333334 0.0))
    (0.018004501125281323 (0.303 -0.009333333333333334 0.0))
    (0.019004751187796952 (0.303 -0.009333333333333334 0.0))
    (0.02000500125031258 (0.303 -0.009333333333333334 0.0))
    (0.02100525131282821 (0.303 -0.009333333333333334 0.0))
    (0.02200550137534384 (0.303 -0.009333333333333334 0.0))
    (0.02300575143785947 (0.303 -0.009333333333333334 0.0))
    (0.024006001500375095 (0.303 -0.009333333333333334 0.0))
    (0.025006251562890724 (0.303 -0.009333333333333334 0.0))
    (0.026006501625406353 (0.303 -0.009333333333333334 0.0))
    (0.027006751687921982 (0.303 -0.009333333333333334 0.0))
    (0.02800700175043761 (0.303 -0.009333333333333334 0.0))
    (0.02900725181295324 (0.303 -0.009333333333333334 0.0))
    (0.03000750187546887 (0.303 -0.009333333333333334 0.0))
    (0.0310077519379845 (0.303 -0.009333333333333334 0.0))
    (0.03200800200050013 (0.303 -0.009333333333333334 0.0))
    (0.033008252063015754 (0.303 -0.009333333333333334 0.0))
    (0.03400850212553139 (0.303 -0.009333333333333334 0.0))
    (0.03500875218804701 (0.303 -0.009333333333333334 0.0))
    (0.036009002250562645 (0.303 -0.009333333333333334 0.0))
    (0.03700925231307827 (0.303 -0.009333333333333334 0.0))
    (0.038009502375593904 (0.303 -0.009333333333333334 0.0))
    (0.03900975243810953 (0.303 -0.009333333333333334 0.0))
    (0.04001000250062516 (0.303 -0.009333333333333334 0.0))
    (0.04101025256314079 (0.303 -0.009333333333333334 0.0))
    (0.04201050262565642 (0.303 -0.009333333333333334 0.0))
    (0.043010752688172046 (0.303 -0.009333333333333334 0.0))
    (0.04401100275068768 (0.303 -0.009333333333333334 0.0))
    (0.045011252813203305 (0.303 -0.009333333333333334 0.0))
    (0.04601150287571894 (0.303 -0.009333333333333334 0.0))
    (0.04701175293823456 (0.303 -0.009333333333333334 0.0))
    (0.04801200300075019 (0.303 -0.009333333333333334 0.0))
    (0.04901225306326582 (0.303 -0.009333333333333334 0.0))
    (0.05001250312578145 (0.303 -0.009333333333333334 0.0))
    (0.05101275318829708 (0.303 -0.009333333333333334 0.0))
    (0.052013003250812706 (0.303 -0.009333333333333334 0.0))
    (0.05301325331332834 (0.303 -0.009333333333333334 0.0))
    (0.054013503375843964 (0.303 -0.009333333333333334 0.0))
    (0.0550137534383596 (0.303 -0.009333333333333334 0.0))
    (0.05601400350087522 (0.303 -0.009333333333333334 0.0))
    (0.057014253563390856 (0.303 -0.009333333333333334 0.0))
    (0.05801450362590648 (0.303 -0.009333333333333334 0.0))
    (0.059014753688422114 (0.303 -0.009333333333333334 0.0))
    (0.06001500375093774 (0.303 -0.009333333333333334 0.0))
    (0.06101525381345337 (0.303 -0.009333333333333334 0.0))
    (0.062015503875969 (0.303 -0.009333333333333334 0.0))
    (0.06301575393848463 (0.303 -0.009333333333333334 0.0))
    (0.06401600400100026 (0.303 -0.009333333333333334 0.0))
    (0.06501625406351588 (0.303 -0.009333333333333334 0.0))
    (0.06601650412603151 (0.303 -0.009333333333333334 0.0))
    (0.06701675418854715 (0.303 -0.009333333333333334 0.0))
    (0.06801700425106277 (0.303 -0.009333333333333334 0.0))
    (0.0690172543135784 (0.303 -0.009333333333333334 0.0))
    (0.07001750437609403 (0.303 -0.009333333333333334 0.0))
    (0.07101775443860966 (0.303 -0.009333333333333334 0.0))
    (0.07201800450112529 (0.303 -0.009333333333333334 0.0))
    (0.07301825456364092 (0.303 -0.009333333333333334 0.0))
    (0.07401850462615654 (0.303 -0.009333333333333334 0.0))
    (0.07501875468867218 (0.303 -0.009333333333333334 0.0))
    (0.07601900475118781 (0.303 -0.009333333333333334 0.0))
    (0.07701925481370343 (0.303 -0.009333333333333334 0.0))
    (0.07801950487621906 (0.303 -0.009333333333333334 0.0))
    (0.0790197549387347 (0.303 -0.009333333333333334 0.0))
    (0.08002000500125032 (0.303 -0.009333333333333334 0.0))
    (0.08102025506376595 (0.303 -0.009333333333333334 0.0))
    (0.08202050512628158 (0.303 -0.009333333333333334 0.0))
    (0.0830207551887972 (0.303 -0.009333333333333334 0.0))
    (0.08402100525131284 (0.303 -0.009333333333333334 0.0))
    (0.08502125531382847 (0.303 -0.009333333333333334 0.0))
    (0.08602150537634409 (0.303 -0.009333333333333334 0.0))
    (0.08702175543885972 (0.303 -0.009333333333333334 0.0))
    (0.08802200550137536 (0.303 -0.009333333333333334 0.0))
    (0.08902225556389098 (0.303 -0.009333333333333334 0.0))
    (0.09002250562640661 (0.303 -0.009333333333333334 0.0))
    (0.09102275568892224 (0.303 -0.009333333333333334 0.0))
    (0.09202300575143788 (0.303 -0.009333333333333334 0.0))
    (0.0930232558139535 (0.303 -0.009333333333333334 0.0))
    (0.09402350587646913 (0.303 -0.009333333333333334 0.0))
    (0.09502375593898475 (0.303 -0.009333333333333334 0.0))
    (0.09602400600150038 (0.303 -0.009333333333333334 0.0))
    (0.09702425606401602 (0.303 -0.009333333333333334 0.0))
    (0.09802450612653164 (0.303 -0.009333333333333334 0.0))
    (0.09902475618904727 (0.303 -0.009333333333333334 0.0))
    (0.1000250062515629 (0.303 -0.009333333333333334 0.0))
    (0.10102525631407853 (0.303 -0.009333333333333334 0.0))
    (0.10202550637659416 (0.303 -0.009333333333333334 0.0))
    (0.10302575643910979 (0.303 -0.009333333333333334 0.0))
    (0.10402600650162541 (0.303 -0.009333333333333334 0.0))
    (0.10502625656414105 (0.303 -0.009333333333333334 0.0))
    (0.10602650662665668 (0.303 -0.009333333333333334 0.0))
    (0.1070267566891723 (0.303 -0.009333333333333334 0.0))
    (0.10802700675168793 (0.303 -0.009333333333333334 0.0))
    (0.10902725681420357 (0.303 -0.009333333333333334 0.0))
    (0.1100275068767192 (0.303 -0.009333333333333334 0.0))
    (0.11102775693923482 (0.303 -0.009333333333333334 0.0))
    (0.11202800700175045 (0.303 -0.009333333333333334 0.0))
    (0.11302825706426607 (0.303 -0.009333333333333334 0.0))
    (0.11402850712678171 (0.303 -0.009333333333333334 0.0))
    (0.11502875718929734 (0.303 -0.009333333333333334 0.0))
    (0.11602900725181296 (0.303 -0.009333333333333334 0.0))
    (0.11702925731432859 (0.303 -0.009333333333333334 0.0))
    (0.11802950737684423 (0.303 -0.009333333333333334 0.0))
    (0.11902975743935985 (0.303 -0.009333333333333334 0.0))
    (0.12003000750187548 (0.303 -0.009333333333333334 0.0))
    (0.1210302575643911 (0.303 -0.009333333333333334 0.0))
    (0.12203050762690675 (0.303 -0.009333333333333334 0.0))
    (0.12303075768942237 (0.303 -0.009333333333333334 0.0))
    (0.124031007751938 (0.303 -0.009333333333333334 0.0))
    (0.12503125781445362 (0.303 -0.009333333333333334 0.0))
    (0.12603150787696926 (0.303 -0.009333333333333334 0.0))
    (0.12703175793948487 (0.303 -0.009333333333333334 0.0))
    (0.1280320080020005 (0.303 -0.009333333333333334 0.0))
    (0.12903225806451615 (0.303 -0.009333333333333334 0.0))
    (0.13003250812703177 (0.303 -0.009333333333333334 0.0))
    (0.1310327581895474 (0.303 -0.009333333333333334 0.0))
    (0.13203300825206302 (0.303 -0.009333333333333334 0.0))
    (0.13303325831457866 (0.303 -0.009333333333333334 0.0))
    (0.1340335083770943 (0.303 -0.009333333333333334 0.0))
    (0.1350337584396099 (0.303 -0.009333333333333334 0.0))
    (0.13603400850212555 (0.303 -0.009333333333333334 0.0))
    (0.1370342585646412 (0.303 -0.009333333333333334 0.0))
    (0.1380345086271568 (0.303 -0.009333333333333334 0.0))
    (0.13903475868967244 (0.303 -0.009333333333333334 0.0))
    (0.14003500875218805 (0.303 -0.009333333333333334 0.0))
    (0.1410352588147037 (0.303 -0.009333333333333334 0.0))
    (0.14203550887721933 (0.303 -0.009333333333333334 0.0))
    (0.14303575893973494 (0.303 -0.009333333333333334 0.0))
    (0.14403600900225058 (0.303 -0.009333333333333334 0.0))
    (0.1450362590647662 (0.303 -0.009333333333333334 0.0))
    (0.14603650912728183 (0.303 -0.009333333333333334 0.0))
    (0.14703675918979747 (0.303 -0.009333333333333334 0.0))
    (0.14803700925231308 (0.303 -0.009333333333333334 0.0))
    (0.14903725931482872 (0.303 -0.009333333333333334 0.0))
    (0.15003750937734436 (0.303 -0.009333333333333334 0.0))
    (0.15103775943985998 (0.303 -0.009333333333333334 0.0))
    (0.15203800950237562 (0.303 -0.009333333333333334 0.0))
    (0.15303825956489123 (0.303 -0.009333333333333334 0.0))
    (0.15403850962740687 (0.303 -0.009333333333333334 0.0))
    (0.1550387596899225 (0.303 -0.009333333333333334 0.0))
    (0.15603900975243812 (0.303 -0.009333333333333334 0.0))
    (0.15703925981495376 (0.303 -0.009333333333333334 0.0))
    (0.1580395098774694 (0.303 -0.009333333333333334 0.0))
    (0.159039759939985 (0.303 -0.009333333333333334 0.0))
    (0.16004001000250065 (0.303 -0.009333333333333334 0.0))
    (0.16104026006501626 (0.303 -0.009333333333333334 0.0))
    (0.1620405101275319 (0.303 -0.009333333333333334 0.0))
    (0.16304076019004754 (0.303 -0.009333333333333334 0.0))
    (0.16404101025256315 (0.303 -0.009333333333333334 0.0))
    (0.1650412603150788 (0.303 -0.009333333333333334 0.0))
    (0.1660415103775944 (0.303 -0.009333333333333334 0.0))
    (0.16704176044011004 (0.303 -0.009333333333333334 0.0))
    (0.16804201050262568 (0.303 -0.009333333333333334 0.0))
    (0.1690422605651413 (0.303 -0.009333333333333334 0.0))
    (0.17004251062765693 (0.303 -0.009333333333333334 0.0))
    (0.17104276069017257 (0.303 -0.009333333333333334 0.0))
    (0.17204301075268819 (0.303 -0.009333333333333334 0.0))
    (0.17304326081520383 (0.303 -0.009333333333333334 0.0))
    (0.17404351087771944 (0.303 -0.009333333333333334 0.0))
    (0.17504376094023508 (0.303 -0.009333333333333334 0.0))
    (0.17604401100275072 (0.303 -0.009333333333333334 0.0))
    (0.17704426106526633 (0.303 -0.009333333333333334 0.0))
    (0.17804451112778197 (0.303 -0.009333333333333334 0.0))
    (0.17904476119029758 (0.303 -0.009333333333333334 0.0))
    (0.18004501125281322 (0.303 -0.009333333333333334 0.0))
    (0.18104526131532886 (0.303 -0.009333333333333334 0.0))
    (0.18204551137784447 (0.303 -0.009333333333333334 0.0))
    (0.1830457614403601 (0.303 -0.009333333333333334 0.0))
    (0.18404601150287575 (0.303 -0.009333333333333334 0.0))
    (0.18504626156539136 (0.303 -0.009333333333333334 0.0))
    (0.186046511627907 (0.303 -0.009333333333333334 0.0))
    (0.1870467616904226 (0.303 -0.009333333333333334 0.0))
    (0.18804701175293825 (0.303 -0.009333333333333334 0.0))
    (0.1890472618154539 (0.303 -0.009333333333333334 0.0))
    (0.1900475118779695 (0.303 -0.009333333333333334 0.0))
    (0.19104776194048514 (0.303 -0.009333333333333334 0.0))
    (0.19204801200300076 (0.303 -0.009333333333333334 0.0))
    (0.1930482620655164 (0.303 -0.009333333333333334 0.0))
    (0.19404851212803204 (0.303 -0.009333333333333334 0.0))
    (0.19504876219054765 (0.303 -0.009333333333333334 0.0))
    (0.1960490122530633 (0.303 -0.009333333333333334 0.0))
    (0.19704926231557893 (0.303 -0.009333333333333334 0.0))
    (0.19804951237809454 (0.303 -0.009333333333333334 0.0))
    (0.19904976244061018 (0.303 -0.009333333333333334 0.0))
    (0.2000500125031258 (0.303 -0.009333333333333334 0.0))
    (0.20105026256564143 (0.303 -0.009333333333333334 0.0))
    (0.20205051262815707 (0.303 -0.009333333333333334 0.0))
    (0.20305076269067268 (0.303 -0.009333333333333334 0.0))
    (0.20405101275318832 (0.303 -0.009333333333333334 0.0))
    (0.20505126281570396 (0.303 -0.009333333333333334 0.0))
    (0.20605151287821957 (0.303 -0.009333333333333334 0.0))
    (0.2070517629407352 (0.303 -0.009333333333333334 0.0))
    (0.20805201300325082 (0.303 -0.009333333333333334 0.0))
    (0.20905226306576646 (0.303 -0.009333333333333334 0.0))
    (0.2100525131282821 (0.303 -0.009333333333333334 0.0))
    (0.21105276319079772 (0.303 -0.009333333333333334 0.0))
    (0.21205301325331335 (0.303 -0.009333333333333334 0.0))
    (0.21305326331582897 (0.303 -0.009333333333333334 0.0))
    (0.2140535133783446 (0.303 -0.009333333333333334 0.0))
    (0.21505376344086025 (0.303 -0.009333333333333334 0.0))
    (0.21605401350337586 (0.303 -0.009333333333333334 0.0))
    (0.2170542635658915 (0.303 -0.009333333333333334 0.0))
    (0.21805451362840714 (0.303 -0.009333333333333334 0.0))
    (0.21905476369092275 (0.303 -0.009333333333333334 0.0))
    (0.2200550137534384 (0.303 -0.009333333333333334 0.0))
    (0.221055263815954 (0.303 -0.009333333333333334 0.0))
    (0.22205551387846964 (0.303 -0.009333333333333334 0.0))
    (0.22305576394098528 (0.303 -0.009333333333333334 0.0))
    (0.2240560140035009 (0.303 -0.009333333333333334 0.0))
    (0.22505626406601653 (0.303 -0.009333333333333334 0.0))
    (0.22605651412853214 (0.303 -0.009333333333333334 0.0))
    (0.22705676419104778 (0.303 -0.009333333333333334 0.0))
    (0.22805701425356342 (0.303 -0.009333333333333334 0.0))
    (0.22905726431607903 (0.303 -0.009333333333333334 0.0))
    (0.23005751437859467 (0.303 -0.009333333333333334 0.0))
    (0.2310577644411103 (0.303 -0.009333333333333334 0.0))
    (0.23205801450362593 (0.303 -0.009333333333333334 0.0))
    (0.23305826456614157 (0.303 -0.009333333333333334 0.0))
    (0.23405851462865718 (0.303 -0.009333333333333334 0.0))
    (0.23505876469117282 (0.303 -0.009333333333333334 0.0))
    (0.23605901475368846 (0.303 -0.009333333333333334 0.0))
    (0.23705926481620407 (0.303 -0.009333333333333334 0.0))
    (0.2380595148787197 (0.303 -0.009333333333333334 0.0))
    (0.23905976494123535 (0.303 -0.009333333333333334 0.0))
    (0.24006001500375096 (0.303 -0.009333333333333334 0.0))
    (0.2410602650662666 (0.303 -0.009333333333333334 0.0))
    (0.2420605151287822 (0.303 -0.009333333333333334 0.0))
    (0.24306076519129785 (0.303 -0.009333333333333334 0.0))
    (0.2440610152538135 (0.303 -0.009333333333333334 0.0))
    (0.2450612653163291 (0.303 -0.009333333333333334 0.0))
    (0.24606151537884474 (0.303 -0.009333333333333334 0.0))
    (0.24706176544136035 (0.303 -0.009333333333333334 0.0))
    (0.248062015503876 (0.303 -0.009333333333333334 0.0))
    (0.24906226556639163 (0.303 -0.009333333333333334 0.0))
    (0.25006251562890724 (0.303 -0.009333333333333334 0.0))
    (0.2510627656914229 (0.303 -0.009333333333333334 0.0))
    (0.2520630157539385 (0.303 -0.009333333333333334 0.0))
    (0.25306326581645416 (0.303 -0.009333333333333334 0.0))
    (0.25406351587896975 (0.303 -0.009333333333333334 0.0))
    (0.2550637659414854 (0.303 -0.009333333333333334 0.0))
    (0.256064016004001 (0.303 -0.009333333333333334 0.0))
    (0.25706426606651667 (0.303 -0.009333333333333334 0.0))
    (0.2580645161290323 (0.303 -0.009333333333333334 0.0))
    (0.2590647661915479 (0.303 -0.009333333333333334 0.0))
    (0.26006501625406353 (0.303 -0.009333333333333334 0.0))
    (0.26106526631657917 (0.303 -0.009333333333333334 0.0))
    (0.2620655163790948 (0.303 -0.009333333333333334 0.0))
    (0.26306576644161045 (0.303 -0.009333333333333334 0.0))
    (0.26406601650412603 (0.303 -0.009333333333333334 0.0))
    (0.2650662665666417 (0.303 -0.009333333333333334 0.0))
    (0.2660665166291573 (0.303 -0.009333333333333334 0.0))
    (0.26706676669167295 (0.303 -0.009333333333333334 0.0))
    (0.2680670167541886 (0.303 -0.009333333333333334 0.0))
    (0.26906726681670423 (0.303 -0.009333333333333334 0.0))
    (0.2700675168792198 (0.303 -0.009333333333333334 0.0))
    (0.27106776694173546 (0.303 -0.009333333333333334 0.0))
    (0.2720680170042511 (0.303 -0.009333333333333334 0.0))
    (0.27306826706676673 (0.303 -0.009333333333333334 0.0))
    (0.2740685171292824 (0.303 -0.009333333333333334 0.0))
    (0.27506876719179796 (0.303 -0.009333333333333334 0.0))
    (0.2760690172543136 (0.303 -0.009333333333333334 0.0))
    (0.27706926731682924 (0.303 -0.009333333333333334 0.0))
    (0.2780695173793449 (0.303 -0.009333333333333334 0.0))
    (0.2790697674418605 (0.303 -0.009333333333333334 0.0))
    (0.2800700175043761 (0.303 -0.009333333333333334 0.0))
    (0.28107026756689174 (0.303 -0.009333333333333334 0.0))
    (0.2820705176294074 (0.303 -0.009333333333333334 0.0))
    (0.283070767691923 (0.303 -0.009333333333333334 0.0))
    (0.28407101775443866 (0.303 -0.009333333333333334 0.0))
    (0.28507126781695424 (0.303 -0.009333333333333334 0.0))
    (0.2860715178794699 (0.303 -0.009333333333333334 0.0))
    (0.2870717679419855 (0.303 -0.009333333333333334 0.0))
    (0.28807201800450116 (0.303 -0.009333333333333334 0.0))
    (0.2890722680670168 (0.303 -0.009333333333333334 0.0))
    (0.2900725181295324 (0.303 -0.009333333333333334 0.0))
    (0.291072768192048 (0.303 -0.009333333333333334 0.0))
    (0.29207301825456367 (0.303 -0.009333333333333334 0.0))
    (0.2930732683170793 (0.303 -0.009333333333333334 0.0))
    (0.29407351837959494 (0.303 -0.009333333333333334 0.0))
    (0.2950737684421106 (0.303 -0.009333333333333334 0.0))
    (0.29607401850462617 (0.303 -0.009333333333333334 0.0))
    (0.2970742685671418 (0.303 -0.009333333333333334 0.0))
    (0.29807451862965745 (0.303 -0.009333333333333334 0.0))
    (0.2990747686921731 (0.303 -0.009333333333333334 0.0))
    (0.3000750187546887 (0.303 -0.009333333333333334 0.0))
    (0.3010752688172043 (0.303 -0.009333333333333334 0.0))
    (0.30207551887971995 (0.303 -0.009333333333333334 0.0))
    (0.3030757689422356 (0.303 -0.009333333333333334 0.0))
    (0.30407601900475123 (0.303 -0.009333333333333334 0.0))
    (0.30507626906726687 (0.303 -0.009333333333333334 0.0))
    (0.30607651912978245 (0.303 -0.009333333333333334 0.0))
    (0.3070767691922981 (0.303 -0.009333333333333334 0.0))
    (0.30807701925481373 (0.303 -0.009333333333333334 0.0))
    (0.3090772693173294 (0.303 -0.009333333333333334 0.0))
    (0.310077519379845 (0.303 -0.009333333333333334 0.0))
    (0.3110777694423606 (0.303 -0.009333333333333334 0.0))
    (0.31207801950487624 (0.303 -0.009333333333333334 0.0))
    (0.3130782695673919 (0.303 -0.009333333333333334 0.0))
    (0.3140785196299075 (0.303 -0.009333333333333334 0.0))
    (0.31507876969242316 (0.303 -0.009333333333333334 0.0))
    (0.3160790197549388 (0.303 -0.009333333333333334 0.0))
    (0.3170792698174544 (0.303 -0.009333333333333334 0.0))
    (0.31807951987997 (0.303 -0.009333333333333334 0.0))
    (0.31907976994248566 (0.303 -0.009333333333333334 0.0))
    (0.3200800200050013 (0.303 -0.009333333333333334 0.0))
    (0.32108027006751694 (0.303 -0.009333333333333334 0.0))
    (0.3220805201300325 (0.303 -0.009333333333333334 0.0))
    (0.32308077019254816 (0.303 -0.009333333333333334 0.0))
    (0.3240810202550638 (0.303 -0.009333333333333334 0.0))
    (0.32508127031757944 (0.303 -0.009333333333333334 0.0))
    (0.3260815203800951 (0.303 -0.009333333333333334 0.0))
    (0.32708177044261066 (0.303 -0.009333333333333334 0.0))
    (0.3280820205051263 (0.303 -0.009333333333333334 0.0))
    (0.32908227056764194 (0.303 -0.009333333333333334 0.0))
    (0.3300825206301576 (0.303 -0.009333333333333334 0.0))
    (0.3310827706926732 (0.303 -0.009333333333333334 0.0))
    (0.3320830207551888 (0.303 -0.009333333333333334 0.0))
    (0.33308327081770445 (0.303 -0.009333333333333334 0.0))
    (0.3340835208802201 (0.303 -0.009333333333333334 0.0))
    (0.3350837709427357 (0.303 -0.009333333333333334 0.0))
    (0.33608402100525137 (0.303 -0.009333333333333334 0.0))
    (0.33708427106776695 (0.303 -0.009333333333333334 0.0))
    (0.3380845211302826 (0.303 -0.009333333333333334 0.0))
    (0.33908477119279823 (0.303 -0.009333333333333334 0.0))
    (0.34008502125531387 (0.303 -0.009333333333333334 0.0))
    (0.3410852713178295 (0.303 -0.009333333333333334 0.0))
    (0.34208552138034515 (0.303 -0.009333333333333334 0.0))
    (0.34308577144286073 (0.303 -0.009333333333333334 0.0))
    (0.34408602150537637 (0.303 -0.009333333333333334 0.0))
    (0.345086271567892 (0.303 -0.009333333333333334 0.0))
    (0.34608652163040765 (0.303 -0.009333333333333334 0.0))
    (0.3470867716929233 (0.303 -0.009333333333333334 0.0))
    (0.3480870217554389 (0.303 -0.009333333333333334 0.0))
    (0.3490872718179545 (0.303 -0.009333333333333334 0.0))
    (0.35008752188047015 (0.303 -0.009333333333333334 0.0))
    (0.3510877719429858 (0.303 -0.009333333333333334 0.0))
    (0.35208802200550143 (0.303 -0.009333333333333334 0.0))
    (0.353088272068017 (0.303 -0.009333333333333334 0.0))
    (0.35408852213053266 (0.303 -0.009333333333333334 0.0))
    (0.3550887721930483 (0.303 -0.009333333333333334 0.0))
    (0.35608902225556394 (0.303 -0.009333333333333334 0.0))
    (0.3570892723180796 (0.303 -0.009333333333333334 0.0))
    (0.35808952238059516 (0.303 -0.009333333333333334 0.0))
    (0.3590897724431108 (0.303 -0.009333333333333334 0.0))
    (0.36009002250562644 (0.303 -0.009333333333333334 0.0))
    (0.3610902725681421 (0.303 -0.009333333333333334 0.0))
    (0.3620905226306577 (0.303 -0.009333333333333334 0.0))
    (0.36309077269317336 (0.303 -0.009333333333333334 0.0))
    (0.36409102275568894 (0.303 -0.009333333333333334 0.0))
    (0.3650912728182046 (0.303 -0.009333333333333334 0.0))
    (0.3660915228807202 (0.303 -0.009333333333333334 0.0))
    (0.36709177294323586 (0.303 -0.009333333333333334 0.0))
    (0.3680920230057515 (0.303 -0.009333333333333334 0.0))
    (0.3690922730682671 (0.303 -0.009333333333333334 0.0))
    (0.3700925231307827 (0.303 -0.009333333333333334 0.0))
    (0.37109277319329836 (0.303 -0.009333333333333334 0.0))
    (0.372093023255814 (0.303 -0.009333333333333334 0.0))
    (0.37309327331832964 (0.303 -0.009333333333333334 0.0))
    (0.3740935233808452 (0.303 -0.009333333333333334 0.0))
    (0.37509377344336087 (0.303 -0.009333333333333334 0.0))
    (0.3760940235058765 (0.303 -0.009333333333333334 0.0))
    (0.37709427356839215 (0.303 -0.009333333333333334 0.0))
    (0.3780945236309078 (0.303 -0.009333333333333334 0.0))
    (0.37909477369342337 (0.303 -0.009333333333333334 0.0))
    (0.380095023755939 (0.303 -0.009333333333333334 0.0))
    (0.38109527381845465 (0.303 -0.009333333333333334 0.0))
    (0.3820955238809703 (0.303 -0.009333333333333334 0.0))
    (0.38309577394348593 (0.303 -0.009333333333333334 0.0))
    (0.3840960240060015 (0.303 -0.009333333333333334 0.0))
    (0.38509627406851715 (0.303 -0.009333333333333334 0.0))
    (0.3860965241310328 (0.303 -0.009333333333333334 0.0))
    (0.38709677419354843 (0.303 -0.009333333333333334 0.0))
    (0.38809702425606407 (0.303 -0.009333333333333334 0.0))
    (0.3890972743185797 (0.303 -0.009333333333333334 0.0))
    (0.3900975243810953 (0.303 -0.009333333333333334 0.0))
    (0.39109777444361093 (0.303 -0.009333333333333334 0.0))
    (0.3920980245061266 (0.303 -0.009333333333333334 0.0))
    (0.3930982745686422 (0.303 -0.009333333333333334 0.0))
    (0.39409852463115785 (0.303 -0.009333333333333334 0.0))
    (0.39509877469367344 (0.303 -0.009333333333333334 0.0))
    (0.3960990247561891 (0.303 -0.009333333333333334 0.0))
    (0.3970992748187047 (0.303 -0.009333333333333334 0.0))
    (0.39809952488122036 (0.303 -0.009333333333333334 0.0))
    (0.399099774943736 (0.303 -0.009333333333333334 0.0))
    (0.4001000250062516 (0.303 -0.009333333333333334 0.0))
    (0.4011002750687672 (0.303 -0.009333333333333334 0.0))
    (0.40210052513128286 (0.303 -0.009333333333333334 0.0))
    (0.4031007751937985 (0.303 -0.009333333333333334 0.0))
    (0.40410102525631414 (0.303 -0.009333333333333334 0.0))
    (0.4051012753188297 (0.303 -0.009333333333333334 0.0))
    (0.40610152538134536 (0.303 -0.009333333333333334 0.0))
    (0.407101775443861 (0.303 -0.009333333333333334 0.0))
    (0.40810202550637664 (0.303 -0.009333333333333334 0.0))
    (0.4091022755688923 (0.303 -0.009333333333333334 0.0))
    (0.4101025256314079 (0.303 -0.009333333333333334 0.0))
    (0.4111027756939235 (0.303 -0.009333333333333334 0.0))
    (0.41210302575643915 (0.303 -0.009333333333333334 0.0))
    (0.4131032758189548 (0.303 -0.009333333333333334 0.0))
    (0.4141035258814704 (0.303 -0.009333333333333334 0.0))
    (0.41510377594398606 (0.303 -0.009333333333333334 0.0))
    (0.41610402600650165 (0.303 -0.009333333333333334 0.0))
    (0.4171042760690173 (0.303 -0.009333333333333334 0.0))
    (0.4181045261315329 (0.303 -0.009333333333333334 0.0))
    (0.41910477619404857 (0.303 -0.009333333333333334 0.0))
    (0.4201050262565642 (0.303 -0.009333333333333334 0.0))
    (0.4211052763190798 (0.303 -0.009333333333333334 0.0))
    (0.42210552638159543 (0.303 -0.009333333333333334 0.0))
    (0.42310577644411107 (0.303 -0.009333333333333334 0.0))
    (0.4241060265066267 (0.303 -0.009333333333333334 0.0))
    (0.42510627656914235 (0.303 -0.009333333333333334 0.0))
    (0.42610652663165793 (0.303 -0.009333333333333334 0.0))
    (0.4271067766941736 (0.303 -0.009333333333333334 0.0))
    (0.4281070267566892 (0.303 -0.009333333333333334 0.0))
    (0.42910727681920485 (0.303 -0.009333333333333334 0.0))
    (0.4301075268817205 (0.303 -0.009333333333333334 0.0))
    (0.43110777694423613 (0.303 -0.009333333333333334 0.0))
    (0.4321080270067517 (0.303 -0.009333333333333334 0.0))
    (0.43310827706926736 (0.303 -0.009350865788587485 0.0))
    (0.434108527131783 (0.303 -0.009420693936121244 0.0))
    (0.43510877719429863 (0.303 -0.009490512498788652 0.0))
    (0.4361090272568143 (0.303 -0.009560313816367934 0.0))
    (0.43710927731932986 (0.303 -0.00963009023052937 0.0))
    (0.4381095273818455 (0.303 -0.009699834085675563 0.0))
    (0.43910977744436114 (0.303 -0.00976953772978135 0.0))
    (0.4401100275068768 (0.303 -0.009839193515233373 0.0))
    (0.4411102775693924 (0.303 -0.009908793799669137 0.0))
    (0.442110527631908 (0.303 -0.009978330946815505 0.0))
    (0.44311077769442364 (0.303 -0.010047797327326524 0.0))
    (0.4441110277569393 (0.303 -0.010117185319620473 0.0))
    (0.4451112778194549 (0.303 -0.010186487310716086 0.0))
    (0.44611152788197056 (0.303 -0.010255695697067814 0.0))
    (0.44711177794448614 (0.303 -0.010324802885400051 0.0))
    (0.4481120280070018 (0.303 -0.010393801293540263 0.0))
    (0.4491122780695174 (0.303 -0.010462683351250838 0.0))
    (0.45011252813203306 (0.303 -0.010531441501059691 0.0))
    (0.4511127781945487 (0.303 -0.010600068199089426 0.0))
    (0.4521130282570643 (0.303 -0.010668555915885027 0.0))
    (0.4531132783195799 (0.303 -0.010736897137239972 0.0))
    (0.45411352838209557 (0.303 -0.010805084365020631 0.0))
    (0.4551137784446112 (0.303 -0.010873110117988962 0.0))
    (0.45611402850712685 (0.303 -0.010940966932623312 0.0))
    (0.4571142785696425 (0.303 -0.011008647363937286 0.0))
    (0.45811452863215807 (0.303 -0.011076143986296577 0.0))
    (0.4591147786946737 (0.303 -0.0111434493942337 0.0))
    (0.46011502875718935 (0.303 -0.011210556203260452 0.0))
    (0.461115278819705 (0.303 -0.011277457050678149 0.0))
    (0.4621155288822206 (0.303 -0.011344144596385405 0.0))
    (0.4631157789447362 (0.303 -0.011410611523683473 0.0))
    (0.46411602900725185 (0.303 -0.01147685054007901 0.0))
    (0.4651162790697675 (0.303 -0.011542854378084161 0.0))
    (0.46611652913228313 (0.303 -0.011608615796013938 0.0))
    (0.46711677919479877 (0.303 -0.01167412757878074 0.0))
    (0.46811702925731435 (0.303 -0.011739382538685967 0.0))
    (0.46911727931983 (0.303 -0.011804373516208631 0.0))
    (0.47011752938234563 (0.303 -0.011869093380790867 0.0))
    (0.4711177794448613 (0.303 -0.011933535031620262 0.0))
    (0.4721180295073769 (0.303 -0.011997691398408944 0.0))
    (0.4731182795698925 (0.303 -0.012061555442169292 0.0))
    (0.47411852963240814 (0.303 -0.012125120155986244 0.0))
    (0.4751187796949238 (0.303 -0.012188378565786051 0.0))
    (0.4761190297574394 (0.303 -0.01225132373110145 0.0))
    (0.47711927981995506 (0.303 -0.01231394874583315 0.0))
    (0.4781195298824707 (0.303 -0.012376246739007541 0.0))
    (0.4791197799449863 (0.303 -0.012438210875530546 0.0))
    (0.4801200300075019 (0.303 -0.01249983435693755 0.0))
    (0.48112028007001756 (0.303 -0.012561110422139293 0.0))
    (0.4821205301325332 (0.303 -0.01262203234816367 0.0))
    (0.48312078019504884 (0.303 -0.012682593450893351 0.0))
    (0.4841210302575644 (0.303 -0.012742787085799144 0.0))
    (0.48512128032008006 (0.303 -0.012802606648668998 0.0))
    (0.4861215303825957 (0.303 -0.012862045576332597 0.0))
    (0.48712178044511134 (0.303 -0.012921097347381437 0.0))
    (0.488122030507627 (0.303 -0.01297975548288434 0.0))
    (0.48912228057014256 (0.303 -0.013038013547098283 0.0))
    (0.4901225306326582 (0.303 -0.013095865148174532 0.0))
    (0.49112278069517384 (0.303 -0.013153303938859896 0.0))
    (0.4921230307576895 (0.303 -0.01321032361719314 0.0))
    (0.4931232808202051 (0.303 -0.013266917927196413 0.0))
    (0.4941235308827207 (0.303 -0.013323080659561625 0.0))
    (0.49512378094523635 (0.303 -0.013378805652331714 0.0))
    (0.496124031007752 (0.303 -0.013434086791576698 0.0))
    (0.4971242810702676 (0.303 -0.013488918012064494 0.0))
    (0.49812453113278327 (0.303 -0.013543293297926352 0.0))
    (0.49912478119529885 (0.303 -0.013597206683316893 0.0))
    (0.5001250312578145 (0.303 -0.013650652253068683 0.0))
    (0.5011252813203302 (0.303 -0.013703624143341194 0.0))
    (0.5021255313828458 (0.303 -0.013756116542264166 0.0))
    (0.5031257814453614 (0.303 -0.013808123690575281 0.0))
    (0.504126031507877 (0.303 -0.013859639882252035 0.0))
    (0.5051262815703926 (0.303 -0.013910659465137771 0.0))
    (0.5061265316329083 (0.303 -0.013961176841561831 0.0))
    (0.5071267816954239 (0.303 -0.014011186468953692 0.0))
    (0.5081270317579395 (0.303 -0.014060682860451094 0.0))
    (0.5091272818204552 (0.303 -0.014109660585502027 0.0))
    (0.5101275318829708 (0.303 -0.014158114270460539 0.0))
    (0.5111277819454865 (0.303 -0.014206038599176345 0.0))
    (0.512128032008002 (0.303 -0.014253428313578044 0.0))
    (0.5131282820705176 (0.303 -0.014300278214250072 0.0))
    (0.5141285321330333 (0.303 -0.014346583161003118 0.0))
    (0.5151287821955489 (0.303 -0.014392338073438097 0.0))
    (0.5161290322580646 (0.303 -0.014437537931503567 0.0))
    (0.5171292823205802 (0.303 -0.014482177776046485 0.0))
    (0.5181295323830958 (0.303 -0.014526252709356327 0.0))
    (0.5191297824456115 (0.303 -0.014569757895702442 0.0))
    (0.5201300325081271 (0.303 -0.014612688561864585 0.0))
    (0.5211302825706428 (0.303 -0.014655039997656664 0.0))
    (0.5221305326331583 (0.303 -0.014696807556443467 0.0))
    (0.5231307826956739 (0.303 -0.014737986655650525 0.0))
    (0.5241310327581896 (0.303 -0.01477857277726686 0.0))
    (0.5251312828207052 (0.303 -0.014818561468340692 0.0))
    (0.5261315328832209 (0.303 -0.014857948341468011 0.0))
    (0.5271317829457365 (0.303 -0.014896729075273923 0.0))
    (0.5281320330082521 (0.303 -0.014934899414886803 0.0))
    (0.5291322830707678 (0.303 -0.014972455172405103 0.0))
    (0.5301325331332833 (0.303 -0.015009392227356831 0.0))
    (0.531132783195799 (0.303 -0.015045706527151651 0.0))
    (0.5321330332583146 (0.303 -0.015081394087525497 0.0))
    (0.5331332833208302 (0.303 -0.015116450992977723 0.0))
    (0.5341335333833459 (0.303 -0.0151508733972007 0.0))
    (0.5351337834458615 (0.303 -0.015184657523501802 0.0))
    (0.5361340335083772 (0.303 -0.015217799665217788 0.0))
    (0.5371342835708928 (0.303 -0.015250296186121465 0.0))
    (0.5381345336334085 (0.303 -0.015282143520820666 0.0))
    (0.539134783695924 (0.303 -0.015313338175149398 0.0))
    (0.5401350337584396 (0.303 -0.015343876726551233 0.0))
    (0.5411352838209553 (0.303 -0.01537375582445482 0.0))
    (0.5421355338834709 (0.303 -0.015402972190641465 0.0))
    (0.5431357839459866 (0.303 -0.01543152261960485 0.0))
    (0.5441360340085022 (0.303 -0.015459403978902685 0.0))
    (0.5451362840710178 (0.303 -0.015486613209500422 0.0))
    (0.5461365341335335 (0.303 -0.015513147326106862 0.0))
    (0.547136784196049 (0.303 -0.015539003417501685 0.0))
    (0.5481370342585647 (0.303 -0.01556417864685488 0.0))
    (0.5491372843210803 (0.303 -0.015588670252037964 0.0))
    (0.5501375343835959 (0.303 -0.015612475545927056 0.0))
    (0.5511377844461116 (0.303 -0.015635591916697684 0.0))
    (0.5521380345086272 (0.303 -0.015658016828111344 0.0))
    (0.5531382845711429 (0.303 -0.01567974781979377 0.0))
    (0.5541385346336585 (0.303 -0.01570078250750488 0.0))
    (0.5551387846961741 (0.303 -0.015721118583400355 0.0))
    (0.5561390347586898 (0.303 -0.01574075381628487 0.0))
    (0.5571392848212053 (0.303 -0.015759686051856847 0.0))
    (0.558139534883721 (0.303 -0.015777913212944878 0.0))
    (0.5591397849462366 (0.303 -0.015795433299735567 0.0))
    (0.5601400350087522 (0.303 -0.01581224438999298 0.0))
    (0.5611402850712679 (0.303 -0.01582834463926952 0.0))
    (0.5621405351337835 (0.303 -0.015843732281108316 0.0))
    (0.5631407851962992 (0.303 -0.01585840562723701 0.0))
    (0.5641410352588148 (0.303 -0.015872363067753005 0.0))
    (0.5651412853213303 (0.303 -0.01588560307130009 0.0))
    (0.566141535383846 (0.303 -0.015898124185236447 0.0))
    (0.5671417854463616 (0.303 -0.01590992503579404 0.0))
    (0.5681420355088773 (0.303 -0.01592100432822934 0.0))
    (0.5691422855713929 (0.303 -0.015931360846965368 0.0))
    (0.5701425356339085 (0.303 -0.01594099345572508 0.0))
    (0.5711427856964242 (0.303 -0.015949901097656018 0.0))
    (0.5721430357589398 (0.303 -0.015958082795446277 0.0))
    (0.5731432858214555 (0.303 -0.015965537651431716 0.0))
    (0.574143535883971 (0.303 -0.01597226484769447 0.0))
    (0.5751437859464866 (0.303 -0.015978263646152666 0.0))
    (0.5761440360090023 (0.303 -0.015983533388641415 0.0))
    (0.5771442860715179 (0.303 -0.01598807349698502 0.0))
    (0.5781445361340336 (0.303 -0.015991883473060412 0.0))
    (0.5791447861965492 (0.303 -0.015994962898851793 0.0))
    (0.5801450362590648 (0.303 -0.015997311436496523 0.0))
    (0.5811452863215805 (0.303 -0.01599892882832216 0.0))
    (0.582145536384096 (0.303 -0.01599981489687475 0.0))
    (0.5831457864466117 (0.303 -0.01599996954493829 0.0))
    (0.5841460365091273 (0.303 -0.015999392755545395 0.0))
    (0.585146286571643 (0.303 -0.015998084591979156 0.0))
    (0.5861465366341586 (0.303 -0.015996045197766207 0.0))
    (0.5871467866966742 (0.303 -0.015993274796660968 0.0))
    (0.5881470367591899 (0.303 -0.01598977369262109 0.0))
    (0.5891472868217055 (0.303 -0.015985542269774135 0.0))
    (0.5901475368842212 (0.303 -0.01598058099237539 0.0))
    (0.5911477869467368 (0.303 -0.015974890404756966 0.0))
    (0.5921480370092523 (0.303 -0.01596847113126805 0.0))
    (0.593148287071768 (0.303 -0.01596132387620642 0.0))
    (0.5941485371342836 (0.303 -0.015953449423741172 0.0))
    (0.5951487871967993 (0.303 -0.01594484863782667 0.0))
    (0.5961490372593149 (0.303 -0.015935522462107776 0.0))
    (0.5971492873218305 (0.303 -0.0159254719198163 0.0))
    (0.5981495373843462 (0.303 -0.01591469811365874 0.0))
    (0.5991497874468618 (0.303 -0.0159032022256953 0.0))
    (0.6001500375093775 (0.303 -0.01589098551721021 0.0))
    (0.601150287571893 (0.303 -0.01587804932857331 0.0))
    (0.6021505376344086 (0.303 -0.015864395079093024 0.0))
    (0.6031507876969243 (0.303 -0.01585002426686062 0.0))
    (0.6041510377594399 (0.303 -0.015834938468585857 0.0))
    (0.6051512878219556 (0.303 -0.015819139339423978 0.0))
    (0.6061515378844712 (0.303 -0.015802628612794137 0.0))
    (0.6071517879469868 (0.303 -0.015785408100189188 0.0))
    (0.6081520380095025 (0.303 -0.01576747969097695 0.0))
    (0.609152288072018 (0.303 -0.01574884535219292 0.0))
    (0.6101525381345337 (0.303 -0.015729507128324438 0.0))
    (0.6111527881970493 (0.303 -0.01570946714108639 0.0))
    (0.6121530382595649 (0.303 -0.015688727589188416 0.0))
    (0.6131532883220806 (0.303 -0.015667290748093667 0.0))
    (0.6141535383845962 (0.303 -0.015645158969769174 0.0))
    (0.6151537884471119 (0.303 -0.01562233468242777 0.0))
    (0.6161540385096275 (0.303 -0.015598820390261704 0.0))
    (0.617154288572143 (0.303 -0.015574618673167864 0.0))
    (0.6181545386346587 (0.303 -0.015549732186464736 0.0))
    (0.6191547886971743 (0.303 -0.015524163660601081 0.0))
    (0.62015503875969 (0.303 -0.015497915900856338 0.0))
    (0.6211552888222056 (0.303 -0.015470991787032859 0.0))
    (0.6221555388847212 (0.303 -0.015443394273139937 0.0))
    (0.6231557889472369 (0.303 -0.015415126387069707 0.0))
    (0.6241560390097525 (0.303 -0.015386191230264946 0.0))
    (0.6251562890722682 (0.303 -0.015356591977378771 0.0))
    (0.6261565391347838 (0.303 -0.015326331875926365 0.0))
    (0.6271567891972993 (0.303 -0.015295414245928634 0.0))
    (0.628157039259815 (0.303 -0.01526384247954797 0.0))
    (0.6291572893223306 (0.303 -0.015231620040716078 0.0))
    (0.6301575393848463 (0.303 -0.015198750464753906 0.0))
    (0.6311577894473619 (0.303 -0.01516523735798379 0.0))
    (0.6321580395098776 (0.303 -0.015131084397333757 0.0))
    (0.6331582895723932 (0.303 -0.015096295329934131 0.0))
    (0.6341585396349088 (0.303 -0.015060873972706394 0.0))
    (0.6351587896974245 (0.303 -0.015024824211944406 0.0))
    (0.63615903975994 (0.303 -0.014988150002888043 0.0))
    (0.6371592898224557 (0.303 -0.01495085536928921 0.0))
    (0.6381595398849713 (0.303 -0.014912944402970392 0.0))
    (0.6391597899474869 (0.303 -0.014874421263375709 0.0))
    (0.6401600400100026 (0.303 -0.014835290177114548 0.0))
    (0.6411602900725182 (0.303 -0.014795555437497861 0.0))
    (0.6421605401350339 (0.303 -0.014755221404067088 0.0))
    (0.6431607901975495 (0.303 -0.01471429250211587 0.0))
    (0.644161040260065 (0.303 -0.014672773222204517 0.0))
    (0.6451612903225807 (0.303 -0.014630668119667303 0.0))
    (0.6461615403850963 (0.303 -0.014587981814112706 0.0))
    (0.647161790447612 (0.303 -0.014544718988916527 0.0))
    (0.6481620405101276 (0.303 -0.014500884390708079 0.0))
    (0.6491622905726432 (0.303 -0.014456482828849385 0.0))
    (0.6501625406351589 (0.303 -0.014411519174907513 0.0))
    (0.6511627906976745 (0.303 -0.01436599836212011 0.0))
    (0.6521630407601902 (0.303 -0.014319925384854106 0.0))
    (0.6531632908227057 (0.303 -0.014273305298057804 0.0))
    (0.6541635408852213 (0.303 -0.014226143216706219 0.0))
    (0.655163790947737 (0.303 -0.014178444315239905 0.0))
    (0.6561640410102526 (0.303 -0.014130213826997261 0.0))
    (0.6571642910727683 (0.303 -0.01408145704364029 0.0))
    (0.6581645411352839 (0.303 -0.014032179314574083 0.0))
    (0.6591647911977995 (0.303 -0.013982386046359855 0.0))
    (0.6601650412603152 (0.303 -0.013932082702121772 0.0))
    (0.6611652913228308 (0.303 -0.013881274800947585 0.0))
    (0.6621655413853464 (0.303 -0.013829967917283047 0.0))
    (0.663165791447862 (0.303 -0.01377816768032036 0.0))
    (0.6641660415103776 (0.303 -0.013725879773380512 0.0))
    (0.6651662915728933 (0.303 -0.013673109933289757 0.0))
    (0.6661665416354089 (0.303 -0.013619863949750195 0.0))
    (0.6671667916979246 (0.303 -0.013566147664704514 0.0))
    (0.6681670417604402 (0.303 -0.01351196697169509 0.0))
    (0.6691672918229558 (0.303 -0.013457327815217314 0.0))
    (0.6701675418854715 (0.303 -0.013402236190067408 0.0))
    (0.671167791947987 (0.303 -0.013346698140684725 0.0))
    (0.6721680420105027 (0.303 -0.013290719760488522 0.0))
    (0.6731682920730183 (0.303 -0.01323430719120948 0.0))
    (0.6741685421355339 (0.303 -0.013177466622215786 0.0))
    (0.6751687921980496 (0.303 -0.013120204289834111 0.0))
    (0.6761690422605652 (0.303 -0.013062526476665375 0.0))
    (0.6771692923230809 (0.303 -0.013004439510895423 0.0))
    (0.6781695423855965 (0.303 -0.012945949765600751 0.0))
    (0.6791697924481122 (0.303 -0.012887063658049243 0.0))
    (0.6801700425106277 (0.303 -0.012827787648996135 0.0))
    (0.6811702925731433 (0.303 -0.01276812824197512 0.0))
    (0.682170542635659 (0.303 -0.012708091982584843 0.0))
    (0.6831707926981746 (0.303 -0.012647685457770723 0.0))
    (0.6841710427606903 (0.303 -0.012586915295102266 0.0))
    (0.6851712928232059 (0.303 -0.012525788162045914 0.0))
    (0.6861715428857215 (0.303 -0.012464310765233513 0.0))
    (0.6871717929482372 (0.303 -0.012402489849726481 0.0))
    (0.6881720430107527 (0.303 -0.012340332198275796 0.0))
    (0.6891722930732684 (0.303 -0.012277844630577768 0.0))
    (0.690172543135784 (0.303 -0.012215034002525871 0.0))
    (0.6911727931982996 (0.303 -0.012151907205458477 0.0))
    (0.6921730432608153 (0.303 -0.012088471165402804 0.0))
    (0.6931732933233309 (0.303 -0.012024732842315028 0.0))
    (0.6941735433858466 (0.303 -0.011960699229316618 0.0))
    (0.6951737934483622 (0.303 -0.011896377351927136 0.0))
    (0.6961740435108777 (0.303 -0.011831774267293375 0.0))
    (0.6971742935733934 (0.303 -0.011766897063415088 0.0))
    (0.698174543635909 (0.303 -0.011701752858367356 0.0))
    (0.6991747936984247 (0.303 -0.011636348799519563 0.0))
    (0.7001750437609403 (0.303 -0.011570692062751273 0.0))
    (0.7011752938234559 (0.303 -0.011504789851664865 0.0))
    (0.7021755438859716 (0.303 -0.01143864939679521 0.0))
    (0.7031757939484872 (0.303 -0.011372277954816386 0.0))
    (0.7041760440110029 (0.303 -0.011305682807745448 0.0))
    (0.7051762940735185 (0.303 -0.011238871262143539 0.0))
    (0.706176544136034 (0.303 -0.011171850648314184 0.0))
    (0.7071767941985497 (0.303 -0.011104628319499061 0.0))
    (0.7081770442610653 (0.303 -0.011037211651071261 0.0))
    (0.709177294323581 (0.303 -0.01096960803972603 0.0))
    (0.7101775443860966 (0.303 -0.010901824902669294 0.0))
    (0.7111777944486122 (0.303 -0.010833869676803826 0.0))
    (0.7121780445111279 (0.303 -0.01076574981791331 0.0))
    (0.7131782945736435 (0.303 -0.010697472799844352 0.0))
    (0.7141785446361592 (0.303 -0.010629046113686421 0.0))
    (0.7151787946986747 (0.303 -0.010560477266950023 0.0))
    (0.7161790447611903 (0.303 -0.010491773782742943 0.0))
    (0.717179294823706 (0.303 -0.010422943198944868 0.0))
    (0.7181795448862216 (0.303 -0.010353993067380385 0.0))
    (0.7191797949487373 (0.303 -0.010284930952990363 0.0))
    (0.7201800450112529 (0.303 -0.010215764433002029 0.0))
    (0.7211802950737685 (0.303 -0.010146501096097552 0.0))
    (0.7221805451362842 (0.303 -0.010077148541581496 0.0))
    (0.7231807951987997 (0.303 -0.010007714378547035 0.0))
    (0.7241810452613154 (0.303 -0.009938206225041109 0.0))
    (0.725181295323831 (0.303 -0.009868631707228608 0.0))
    (0.7261815453863467 (0.303 -0.009798998458555653 0.0))
    (0.7271817954488623 (0.303 -0.009729314118912095 0.0))
    (0.7281820455113779 (0.303 -0.009659586333793272 0.0))
    (0.7291822955738936 (0.303 -0.009589822753461204 0.0))
    (0.7301825456364092 (0.303 -0.009520031032105225 0.0))
    (0.7311827956989249 (0.303 -0.009450218827002178 0.0))
    (0.7321830457614404 (0.303 -0.009380393797676325 0.0))
    (0.733183295823956 (0.303 -0.009333333333333334 0.0))
    (0.7341835458864717 (0.303 -0.009333333333333334 0.0))
    (0.7351837959489873 (0.303 -0.009333333333333334 0.0))
    (0.736184046011503 (0.303 -0.009333333333333334 0.0))
    (0.7371842960740186 (0.303 -0.009333333333333334 0.0))
    (0.7381845461365342 (0.303 -0.009333333333333334 0.0))
    (0.7391847961990499 (0.303 -0.009333333333333334 0.0))
    (0.7401850462615654 (0.303 -0.009333333333333334 0.0))
    (0.7411852963240811 (0.303 -0.009333333333333334 0.0))
    (0.7421855463865967 (0.303 -0.009333333333333334 0.0))
    (0.7431857964491123 (0.303 -0.009333333333333334 0.0))
    (0.744186046511628 (0.303 -0.009333333333333334 0.0))
    (0.7451862965741436 (0.303 -0.009333333333333334 0.0))
    (0.7461865466366593 (0.303 -0.009333333333333334 0.0))
    (0.7471867966991749 (0.303 -0.009333333333333334 0.0))
    (0.7481870467616905 (0.303 -0.009333333333333334 0.0))
    (0.7491872968242062 (0.303 -0.009333333333333334 0.0))
    (0.7501875468867217 (0.303 -0.009333333333333334 0.0))
    (0.7511877969492374 (0.303 -0.009333333333333334 0.0))
    (0.752188047011753 (0.303 -0.009333333333333334 0.0))
    (0.7531882970742686 (0.303 -0.009333333333333334 0.0))
    (0.7541885471367843 (0.303 -0.009333333333333334 0.0))
    (0.7551887971992999 (0.303 -0.009333333333333334 0.0))
    (0.7561890472618156 (0.303 -0.009333333333333334 0.0))
    (0.7571892973243312 (0.303 -0.009333333333333334 0.0))
    (0.7581895473868467 (0.303 -0.009333333333333334 0.0))
    (0.7591897974493624 (0.303 -0.009333333333333334 0.0))
    (0.760190047511878 (0.303 -0.009333333333333334 0.0))
    (0.7611902975743937 (0.303 -0.009333333333333334 0.0))
    (0.7621905476369093 (0.303 -0.009333333333333334 0.0))
    (0.7631907976994249 (0.303 -0.009333333333333334 0.0))
    (0.7641910477619406 (0.303 -0.009333333333333334 0.0))
    (0.7651912978244562 (0.303 -0.009333333333333334 0.0))
    (0.7661915478869719 (0.303 -0.009333333333333334 0.0))
    (0.7671917979494874 (0.303 -0.009333333333333334 0.0))
    (0.768192048012003 (0.303 -0.009333333333333334 0.0))
    (0.7691922980745187 (0.303 -0.009333333333333334 0.0))
    (0.7701925481370343 (0.303 -0.009333333333333334 0.0))
    (0.77119279819955 (0.303 -0.009333333333333334 0.0))
    (0.7721930482620656 (0.303 -0.009333333333333334 0.0))
    (0.7731932983245813 (0.303 -0.009333333333333334 0.0))
    (0.7741935483870969 (0.303 -0.009333333333333334 0.0))
    (0.7751937984496124 (0.303 -0.009333333333333334 0.0))
    (0.7761940485121281 (0.303 -0.009333333333333334 0.0))
    (0.7771942985746437 (0.303 -0.009333333333333334 0.0))
    (0.7781945486371594 (0.303 -0.009333333333333334 0.0))
    (0.779194798699675 (0.303 -0.009333333333333334 0.0))
    (0.7801950487621906 (0.303 -0.009333333333333334 0.0))
    (0.7811952988247063 (0.303 -0.009333333333333334 0.0))
    (0.7821955488872219 (0.303 -0.009333333333333334 0.0))
    (0.7831957989497376 (0.303 -0.009333333333333334 0.0))
    (0.7841960490122531 (0.303 -0.009333333333333334 0.0))
    (0.7851962990747687 (0.303 -0.009333333333333334 0.0))
    (0.7861965491372844 (0.303 -0.009333333333333334 0.0))
    (0.7871967991998 (0.303 -0.009333333333333334 0.0))
    (0.7881970492623157 (0.303 -0.009333333333333334 0.0))
    (0.7891972993248313 (0.303 -0.009333333333333334 0.0))
    (0.7901975493873469 (0.303 -0.009333333333333334 0.0))
    (0.7911977994498626 (0.303 -0.009333333333333334 0.0))
    (0.7921980495123782 (0.303 -0.009333333333333334 0.0))
    (0.7931982995748939 (0.303 -0.009333333333333334 0.0))
    (0.7941985496374094 (0.303 -0.009333333333333334 0.0))
    (0.795198799699925 (0.303 -0.009333333333333334 0.0))
    (0.7961990497624407 (0.303 -0.009333333333333334 0.0))
    (0.7971992998249563 (0.303 -0.009333333333333334 0.0))
    (0.798199549887472 (0.303 -0.009333333333333334 0.0))
    (0.7991997999499876 (0.303 -0.009333333333333334 0.0))
    (0.8002000500125032 (0.303 -0.009333333333333334 0.0))
    (0.8012003000750189 (0.303 -0.009333333333333334 0.0))
    (0.8022005501375344 (0.303 -0.009333333333333334 0.0))
    (0.8032008002000501 (0.303 -0.009333333333333334 0.0))
    (0.8042010502625657 (0.303 -0.009333333333333334 0.0))
    (0.8052013003250813 (0.303 -0.009333333333333334 0.0))
    (0.806201550387597 (0.303 -0.009333333333333334 0.0))
    (0.8072018004501126 (0.303 -0.009333333333333334 0.0))
    (0.8082020505126283 (0.303 -0.009333333333333334 0.0))
    (0.8092023005751439 (0.303 -0.009333333333333334 0.0))
    (0.8102025506376594 (0.303 -0.009333333333333334 0.0))
    (0.8112028007001751 (0.303 -0.009333333333333334 0.0))
    (0.8122030507626907 (0.303 -0.009333333333333334 0.0))
    (0.8132033008252064 (0.303 -0.009333333333333334 0.0))
    (0.814203550887722 (0.303 -0.009333333333333334 0.0))
    (0.8152038009502377 (0.303 -0.009333333333333334 0.0))
    (0.8162040510127533 (0.303 -0.009333333333333334 0.0))
    (0.8172043010752689 (0.303 -0.009333333333333334 0.0))
    (0.8182045511377846 (0.303 -0.009333333333333334 0.0))
    (0.8192048012003001 (0.303 -0.009333333333333334 0.0))
    (0.8202050512628158 (0.303 -0.009333333333333334 0.0))
    (0.8212053013253314 (0.303 -0.009333333333333334 0.0))
    (0.822205551387847 (0.303 -0.009333333333333334 0.0))
    (0.8232058014503627 (0.303 -0.009333333333333334 0.0))
    (0.8242060515128783 (0.303 -0.009333333333333334 0.0))
    (0.825206301575394 (0.303 -0.009333333333333334 0.0))
    (0.8262065516379096 (0.303 -0.009333333333333334 0.0))
    (0.8272068017004252 (0.303 -0.009333333333333334 0.0))
    (0.8282070517629408 (0.303 -0.009333333333333334 0.0))
    (0.8292073018254564 (0.303 -0.009333333333333334 0.0))
    (0.8302075518879721 (0.303 -0.009333333333333334 0.0))
    (0.8312078019504877 (0.303 -0.009333333333333334 0.0))
    (0.8322080520130033 (0.303 -0.009333333333333334 0.0))
    (0.833208302075519 (0.303 -0.009333333333333334 0.0))
    (0.8342085521380346 (0.303 -0.009333333333333334 0.0))
    (0.8352088022005503 (0.303 -0.009333333333333334 0.0))
    (0.8362090522630659 (0.303 -0.009333333333333334 0.0))
    (0.8372093023255814 (0.303 -0.009333333333333334 0.0))
    (0.8382095523880971 (0.303 -0.009333333333333334 0.0))
    (0.8392098024506127 (0.303 -0.009333333333333334 0.0))
    (0.8402100525131284 (0.303 -0.009333333333333334 0.0))
    (0.841210302575644 (0.303 -0.009333333333333334 0.0))
    (0.8422105526381596 (0.303 -0.009333333333333334 0.0))
    (0.8432108027006753 (0.303 -0.009333333333333334 0.0))
    (0.8442110527631909 (0.303 -0.009333333333333334 0.0))
    (0.8452113028257066 (0.303 -0.009333333333333334 0.0))
    (0.8462115528882221 (0.303 -0.009333333333333334 0.0))
    (0.8472118029507377 (0.303 -0.009333333333333334 0.0))
    (0.8482120530132534 (0.303 -0.009333333333333334 0.0))
    (0.849212303075769 (0.303 -0.009333333333333334 0.0))
    (0.8502125531382847 (0.303 -0.009333333333333334 0.0))
    (0.8512128032008003 (0.303 -0.009333333333333334 0.0))
    (0.8522130532633159 (0.303 -0.009333333333333334 0.0))
    (0.8532133033258316 (0.303 -0.009333333333333334 0.0))
    (0.8542135533883471 (0.303 -0.009333333333333334 0.0))
    (0.8552138034508628 (0.303 -0.009333333333333334 0.0))
    (0.8562140535133784 (0.303 -0.009333333333333334 0.0))
    (0.857214303575894 (0.303 -0.009333333333333334 0.0))
    (0.8582145536384097 (0.303 -0.009333333333333334 0.0))
    (0.8592148037009253 (0.303 -0.009333333333333334 0.0))
    (0.860215053763441 (0.303 -0.009333333333333334 0.0))
    (0.8612153038259566 (0.303 -0.009333333333333334 0.0))
    (0.8622155538884723 (0.303 -0.009333333333333334 0.0))
    (0.8632158039509878 (0.303 -0.009333333333333334 0.0))
    (0.8642160540135034 (0.303 -0.009333333333333334 0.0))
    (0.8652163040760191 (0.303 -0.009333333333333334 0.0))
    (0.8662165541385347 (0.303 -0.009333333333333334 0.0))
    (0.8672168042010504 (0.303 -0.009333333333333334 0.0))
    (0.868217054263566 (0.303 -0.009333333333333334 0.0))
    (0.8692173043260816 (0.303 -0.009333333333333334 0.0))
    (0.8702175543885973 (0.303 -0.009333333333333334 0.0))
    (0.8712178044511129 (0.303 -0.009333333333333334 0.0))
    (0.8722180545136285 (0.303 -0.009333333333333334 0.0))
    (0.8732183045761441 (0.303 -0.009333333333333334 0.0))
    (0.8742185546386597 (0.303 -0.009333333333333334 0.0))
    (0.8752188047011754 (0.303 -0.009333333333333334 0.0))
    (0.876219054763691 (0.303 -0.009333333333333334 0.0))
    (0.8772193048262067 (0.303 -0.009333333333333334 0.0))
    (0.8782195548887223 (0.303 -0.009333333333333334 0.0))
    (0.8792198049512379 (0.303 -0.009333333333333334 0.0))
    (0.8802200550137536 (0.303 -0.009333333333333334 0.0))
    (0.8812203050762691 (0.303 -0.009333333333333334 0.0))
    (0.8822205551387848 (0.303 -0.009333333333333334 0.0))
    (0.8832208052013004 (0.303 -0.009333333333333334 0.0))
    (0.884221055263816 (0.303 -0.009333333333333334 0.0))
    (0.8852213053263317 (0.303 -0.009333333333333334 0.0))
    (0.8862215553888473 (0.303 -0.009333333333333334 0.0))
    (0.887221805451363 (0.303 -0.009333333333333334 0.0))
    (0.8882220555138786 (0.303 -0.009333333333333334 0.0))
    (0.8892223055763941 (0.303 -0.009333333333333334 0.0))
    (0.8902225556389098 (0.303 -0.009333333333333334 0.0))
    (0.8912228057014254 (0.303 -0.009333333333333334 0.0))
    (0.8922230557639411 (0.303 -0.009333333333333334 0.0))
    (0.8932233058264567 (0.303 -0.009333333333333334 0.0))
    (0.8942235558889723 (0.303 -0.009333333333333334 0.0))
    (0.895223805951488 (0.303 -0.009333333333333334 0.0))
    (0.8962240560140036 (0.303 -0.009333333333333334 0.0))
    (0.8972243060765193 (0.303 -0.009333333333333334 0.0))
    (0.8982245561390348 (0.303 -0.009333333333333334 0.0))
    (0.8992248062015504 (0.303 -0.009333333333333334 0.0))
    (0.9002250562640661 (0.303 -0.009333333333333334 0.0))
    (0.9012253063265817 (0.303 -0.009333333333333334 0.0))
    (0.9022255563890974 (0.303 -0.009333333333333334 0.0))
    (0.903225806451613 (0.303 -0.009333333333333334 0.0))
    (0.9042260565141286 (0.303 -0.009333333333333334 0.0))
    (0.9052263065766443 (0.303 -0.009333333333333334 0.0))
    (0.9062265566391599 (0.303 -0.009333333333333334 0.0))
    (0.9072268067016755 (0.303 -0.009333333333333334 0.0))
    (0.9082270567641911 (0.303 -0.009333333333333334 0.0))
    (0.9092273068267068 (0.303 -0.009333333333333334 0.0))
    (0.9102275568892224 (0.303 -0.009333333333333334 0.0))
    (0.911227806951738 (0.303 -0.009333333333333334 0.0))
    (0.9122280570142537 (0.303 -0.009333333333333334 0.0))
    (0.9132283070767693 (0.303 -0.009333333333333334 0.0))
    (0.914228557139285 (0.303 -0.009333333333333334 0.0))
    (0.9152288072018006 (0.303 -0.009333333333333334 0.0))
    (0.9162290572643161 (0.303 -0.009333333333333334 0.0))
    (0.9172293073268318 (0.303 -0.009333333333333334 0.0))
    (0.9182295573893474 (0.303 -0.009333333333333334 0.0))
    (0.9192298074518631 (0.303 -0.009333333333333334 0.0))
    (0.9202300575143787 (0.303 -0.009333333333333334 0.0))
    (0.9212303075768943 (0.303 -0.009333333333333334 0.0))
    (0.92223055763941 (0.303 -0.009333333333333334 0.0))
    (0.9232308077019256 (0.303 -0.009333333333333334 0.0))
    (0.9242310577644413 (0.303 -0.009333333333333334 0.0))
    (0.9252313078269568 (0.303 -0.009333333333333334 0.0))
    (0.9262315578894724 (0.303 -0.009333333333333334 0.0))
    (0.9272318079519881 (0.303 -0.009333333333333334 0.0))
    (0.9282320580145037 (0.303 -0.009333333333333334 0.0))
    (0.9292323080770194 (0.303 -0.009333333333333334 0.0))
    (0.930232558139535 (0.303 -0.009333333333333334 0.0))
    (0.9312328082020506 (0.303 -0.009333333333333334 0.0))
    (0.9322330582645663 (0.303 -0.009333333333333334 0.0))
    (0.9332333083270818 (0.303 -0.009333333333333334 0.0))
    (0.9342335583895975 (0.303 -0.009333333333333334 0.0))
    (0.9352338084521131 (0.303 -0.009333333333333334 0.0))
    (0.9362340585146287 (0.303 -0.009333333333333334 0.0))
    (0.9372343085771444 (0.303 -0.009333333333333334 0.0))
    (0.93823455863966 (0.303 -0.009333333333333334 0.0))
    (0.9392348087021757 (0.303 -0.009333333333333334 0.0))
    (0.9402350587646913 (0.303 -0.009333333333333334 0.0))
    (0.9412353088272069 (0.303 -0.009333333333333334 0.0))
    (0.9422355588897225 (0.303 -0.009333333333333334 0.0))
    (0.9432358089522381 (0.303 -0.009333333333333334 0.0))
    (0.9442360590147538 (0.303 -0.009333333333333334 0.0))
    (0.9452363090772694 (0.303 -0.009333333333333334 0.0))
    (0.946236559139785 (0.303 -0.009333333333333334 0.0))
    (0.9472368092023007 (0.303 -0.009333333333333334 0.0))
    (0.9482370592648163 (0.303 -0.009333333333333334 0.0))
    (0.949237309327332 (0.303 -0.009333333333333334 0.0))
    (0.9502375593898476 (0.303 -0.009333333333333334 0.0))
    (0.9512378094523631 (0.303 -0.009333333333333334 0.0))
    (0.9522380595148788 (0.303 -0.009333333333333334 0.0))
    (0.9532383095773944 (0.303 -0.009333333333333334 0.0))
    (0.9542385596399101 (0.303 -0.009333333333333334 0.0))
    (0.9552388097024257 (0.303 -0.009333333333333334 0.0))
    (0.9562390597649414 (0.303 -0.009333333333333334 0.0))
    (0.957239309827457 (0.303 -0.009333333333333334 0.0))
    (0.9582395598899726 (0.303 -0.009333333333333334 0.0))
    (0.9592398099524883 (0.303 -0.009333333333333334 0.0))
    (0.9602400600150038 (0.303 -0.009333333333333334 0.0))
    (0.9612403100775195 (0.303 -0.009333333333333334 0.0))
    (0.9622405601400351 (0.303 -0.009333333333333334 0.0))
    (0.9632408102025507 (0.303 -0.009333333333333334 0.0))
    (0.9642410602650664 (0.303 -0.009333333333333334 0.0))
    (0.965241310327582 (0.303 -0.009333333333333334 0.0))
    (0.9662415603900977 (0.303 -0.009333333333333334 0.0))
    (0.9672418104526133 (0.303 -0.009333333333333334 0.0))
    (0.9682420605151288 (0.303 -0.009333333333333334 0.0))
    (0.9692423105776445 (0.303 -0.009333333333333334 0.0))
    (0.9702425606401601 (0.303 -0.009333333333333334 0.0))
    (0.9712428107026758 (0.303 -0.009333333333333334 0.0))
    (0.9722430607651914 (0.303 -0.009333333333333334 0.0))
    (0.973243310827707 (0.303 -0.009333333333333334 0.0))
    (0.9742435608902227 (0.303 -0.009333333333333334 0.0))
    (0.9752438109527383 (0.303 -0.009333333333333334 0.0))
    (0.976244061015254 (0.303 -0.009333333333333334 0.0))
    (0.9772443110777695 (0.303 -0.009333333333333334 0.0))
    (0.9782445611402851 (0.303 -0.009333333333333334 0.0))
    (0.9792448112028008 (0.303 -0.009333333333333334 0.0))
    (0.9802450612653164 (0.303 -0.009333333333333334 0.0))
    (0.9812453113278321 (0.303 -0.009333333333333334 0.0))
    (0.9822455613903477 (0.303 -0.009333333333333334 0.0))
    (0.9832458114528633 (0.303 -0.009333333333333334 0.0))
    (0.984246061515379 (0.303 -0.009333333333333334 0.0))
    (0.9852463115778946 (0.303 -0.009333333333333334 0.0))
    (0.9862465616404102 (0.303 -0.009333333333333334 0.0))
    (0.9872468117029258 (0.303 -0.009333333333333334 0.0))
    (0.9882470617654414 (0.303 -0.009333333333333334 0.0))
    (0.9892473118279571 (0.303 -0.009333333333333334 0.0))
    (0.9902475618904727 (0.303 -0.009333333333333334 0.0))
    (0.9912478119529884 (0.303 -0.009333333333333334 0.0))
    (0.992248062015504 (0.303 -0.009333333333333334 0.0))
    (0.9932483120780196 (0.303 -0.009333333333333334 0.0))
    (0.9942485621405353 (0.303 -0.009333333333333334 0.0))
    (0.9952488122030508 (0.303 -0.009333333333333334 0.0))
    (0.9962490622655665 (0.303 -0.009333333333333334 0.0))
    (0.9972493123280821 (0.303 -0.009333333333333334 0.0))
    (0.9982495623905977 (0.303 -0.009333333333333334 0.0))
    (0.9992498124531134 (0.303 -0.009333333333333334 0.0))
    (1.000250062515629 (0.303 -0.009333333333333334 0.0))
    (1.0012503125781447 (0.303 -0.009333333333333334 0.0))
    (1.0022505626406604 (0.303 -0.009333333333333334 0.0))
    (1.0032508127031758 (0.303 -0.009333333333333334 0.0))
    (1.0042510627656915 (0.303 -0.009333333333333334 0.0))
    (1.0052513128282072 (0.303 -0.009333333333333334 0.0))
    (1.0062515628907227 (0.303 -0.009333333333333334 0.0))
    (1.0072518129532384 (0.303 -0.009333333333333334 0.0))
    (1.008252063015754 (0.303 -0.009333333333333334 0.0))
    (1.0092523130782696 (0.303 -0.009333333333333334 0.0))
    (1.0102525631407853 (0.303 -0.009333333333333334 0.0))
    (1.011252813203301 (0.303 -0.009333333333333334 0.0))
    (1.0122530632658167 (0.303 -0.009333333333333334 0.0))
    (1.0132533133283321 (0.303 -0.009333333333333334 0.0))
    (1.0142535633908478 (0.303 -0.009333333333333334 0.0))
    (1.0152538134533635 (0.303 -0.009333333333333334 0.0))
    (1.016254063515879 (0.303 -0.009333333333333334 0.0))
    (1.0172543135783947 (0.303 -0.009333333333333334 0.0))
    (1.0182545636409104 (0.303 -0.009333333333333334 0.0))
    (1.0192548137034259 (0.303 -0.009333333333333334 0.0))
    (1.0202550637659416 (0.303 -0.009333333333333334 0.0))
    (1.0212553138284572 (0.303 -0.009333333333333334 0.0))
    (1.022255563890973 (0.303 -0.009333333333333334 0.0))
    (1.0232558139534884 (0.303 -0.009333333333333334 0.0))
    (1.024256064016004 (0.303 -0.009333333333333334 0.0))
    (1.0252563140785198 (0.303 -0.009333333333333334 0.0))
    (1.0262565641410353 (0.303 -0.009333333333333334 0.0))
    (1.027256814203551 (0.303 -0.009333333333333334 0.0))
    (1.0282570642660667 (0.303 -0.009333333333333334 0.0))
    (1.0292573143285824 (0.303 -0.009333333333333334 0.0))
    (1.0302575643910978 (0.303 -0.009333333333333334 0.0))
    (1.0312578144536135 (0.303 -0.009333333333333334 0.0))
    (1.0322580645161292 (0.303 -0.009333333333333334 0.0))
    (1.0332583145786447 (0.303 -0.00936134032057544 0.0))
    (1.0342585646411604 (0.303 -0.009431167518769233 0.0))
    (1.035258814703676 (0.303 -0.009500983982975827 0.0))
    (1.0362590647661916 (0.303 -0.009570782053203662 0.0))
    (1.0372593148287073 (0.303 -0.00964055407147935 0.0))
    (1.038259564891223 (0.303 -0.009710292382687762 0.0))
    (1.0392598149537386 (0.303 -0.009779989335412003 0.0))
    (1.0402600650162541 (0.303 -0.009849637282772848 0.0))
    (1.0412603150787698 (0.303 -0.009919228583267804 0.0))
    (1.0422605651412855 (0.303 -0.0099887556016094 0.0))
    (1.043260815203801 (0.303 -0.010058210709562953 0.0))
    (1.0442610652663167 (0.303 -0.010127586286783563 0.0))
    (1.0452613153288324 (0.303 -0.010196874721652077 0.0))
    (1.0462615653913478 (0.303 -0.010266068412110273 0.0))
    (1.0472618154538635 (0.303 -0.010335159766494944 0.0))
    (1.0482620655163792 (0.303 -0.010404141204370786 0.0))
    (1.049262315578895 (0.303 -0.010473005157362096 0.0))
    (1.0502625656414104 (0.303 -0.010541744069983159 0.0))
    (1.051262815703926 (0.303 -0.010610350400467225 0.0))
    (1.0522630657664418 (0.303 -0.01067881662159393 0.0))
    (1.0532633158289573 (0.303 -0.010747135221515144 0.0))
    (1.054263565891473 (0.303 -0.010815298704579203 0.0))
    (1.0552638159539887 (0.303 -0.010883299592153237 0.0))
    (1.0562640660165041 (0.303 -0.010951130423443712 0.0))
    (1.0572643160790198 (0.303 -0.011018783756315046 0.0))
    (1.0582645661415355 (0.303 -0.011086252168106058 0.0))
    (1.0592648162040512 (0.303 -0.011153528256444414 0.0))
    (1.0602650662665667 (0.303 -0.01122060464005874 0.0))
    (1.0612653163290824 (0.303 -0.011287473959588526 0.0))
    (1.062265566391598 (0.303 -0.01135412887839149 0.0))
    (1.0632658164541136 (0.303 -0.011420562083348584 0.0))
    (1.0642660665166292 (0.303 -0.011486766285666358 0.0))
    (1.065266316579145 (0.303 -0.011552734221676611 0.0))
    (1.0662665666416604 (0.303 -0.011618458653633383 0.0))
    (1.0672668167041761 (0.303 -0.011683932370507048 0.0))
    (1.0682670667666918 (0.303 -0.011749148188775437 0.0))
    (1.0692673168292075 (0.303 -0.011814098953212022 0.0))
    (1.070267566891723 (0.303 -0.011878777537670962 0.0))
    (1.0712678169542387 (0.303 -0.011943176845868958 0.0))
    (1.0722680670167544 (0.303 -0.012007289812163794 0.0))
    (1.0732683170792698 (0.303 -0.012071109402329569 0.0))
    (1.0742685671417855 (0.303 -0.012134628614328529 0.0))
    (1.0752688172043012 (0.303 -0.012197840479079186 0.0))
    (1.076269067266817 (0.303 -0.01226073806122102 0.0))
    (1.0772693173293324 (0.303 -0.012323314459875381 0.0))
    (1.078269567391848 (0.303 -0.01238556280940264 0.0))
    (1.0792698174543638 (0.303 -0.01244747628015542 0.0))
    (1.0802700675168793 (0.303 -0.012509048079227942 0.0))
    (1.081270317579395 (0.303 -0.012570271451201357 0.0))
    (1.0822705676419107 (0.303 -0.012631139678884844 0.0))
    (1.0832708177044261 (0.303 -0.012691646084052637 0.0))
    (1.0842710677669418 (0.303 -0.012751784028176774 0.0))
    (1.0852713178294575 (0.303 -0.012811546913155364 0.0))
    (1.0862715678919732 (0.303 -0.01287092818203657 0.0))
    (1.0872718179544887 (0.303 -0.012929921319737971 0.0))
    (1.0882720680170044 (0.303 -0.01298851985376144 0.0))
    (1.08927231807952 (0.303 -0.013046717354903193 0.0))
    (1.0902725681420355 (0.303 -0.013104507437959214 0.0))
    (1.0912728182045512 (0.303 -0.013161883762425865 0.0))
    (1.092273068267067 (0.303 -0.013218840033195445 0.0))
    (1.0932733183295824 (0.303 -0.013275370001246924 0.0))
    (1.094273568392098 (0.303 -0.013331467464331588 0.0))
    (1.0952738184546138 (0.303 -0.01338712626765345 0.0))
    (1.0962740685171295 (0.303 -0.013442340304544588 0.0))
    (1.097274318579645 (0.303 -0.013497103517135102 0.0))
    (1.0982745686421607 (0.303 -0.013551409897017835 0.0))
    (1.0992748187046764 (0.303 -0.013605253485907503 0.0))
    (1.1002750687671918 (0.303 -0.013658628376294444 0.0))
    (1.1012753188297075 (0.303 -0.013711528712092826 0.0))
    (1.1022755688922232 (0.303 -0.013763948689283066 0.0))
    (1.1032758189547387 (0.303 -0.013815882556548652 0.0))
    (1.1042760690172544 (0.303 -0.013867324615907221 0.0))
    (1.10527631907977 (0.303 -0.013918269223335618 0.0))
    (1.1062765691422858 (0.303 -0.013968710789389193 0.0))
    (1.1072768192048013 (0.303 -0.01401864377981504 0.0))
    (1.108277069267317 (0.303 -0.014068062716159228 0.0))
    (1.1092773193298326 (0.303 -0.014116962176367813 0.0))
    (1.1102775693923481 (0.303 -0.01416533679538175 0.0))
    (1.1112778194548638 (0.303 -0.014213181265725579 0.0))
    (1.1122780695173795 (0.303 -0.01426049033808965 0.0))
    (1.113278319579895 (0.303 -0.01430725882190611 0.0))
    (1.1142785696424107 (0.303 -0.014353481585918412 0.0))
    (1.1152788197049264 (0.303 -0.014399153558744238 0.0))
    (1.116279069767442 (0.303 -0.014444269729431948 0.0))
    (1.1172793198299575 (0.303 -0.014488825148010353 0.0))
    (1.1182795698924732 (0.303 -0.014532814926031833 0.0))
    (1.119279819954989 (0.303 -0.014576234237108632 0.0))
    (1.1202800700175044 (0.303 -0.014619078317442406 0.0))
    (1.12128032008002 (0.303 -0.01466134246634693 0.0))
    (1.1222805701425358 (0.303 -0.01470302204676378 0.0))
    (1.1232808202050515 (0.303 -0.014744112485771114 0.0))
    (1.124281070267567 (0.303 -0.014784609275085406 0.0))
    (1.1252813203300827 (0.303 -0.01482450797155609 0.0))
    (1.1262815703925984 (0.303 -0.014863804197653 0.0))
    (1.1272818204551138 (0.303 -0.014902493641946676 0.0))
    (1.1282820705176295 (0.303 -0.014940572059581443 0.0))
    (1.1292823205801452 (0.303 -0.014978035272741065 0.0))
    (1.1302825706426607 (0.303 -0.015014879171107151 0.0))
    (1.1312828207051764 (0.303 -0.015051099712310157 0.0))
    (1.132283070767692 (0.303 -0.015086692922372844 0.0))
    (1.1332833208302078 (0.303 -0.015121654896146313 0.0))
    (1.1342835708927232 (0.303 -0.01515598179773846 0.0))
    (1.135283820955239 (0.303 -0.015189669860934856 0.0))
    (1.1362840710177546 (0.303 -0.01522271538961192 0.0))
    (1.13728432108027 (0.303 -0.015255114758142467 0.0))
    (1.1382845711427858 (0.303 -0.015286864411793517 0.0))
    (1.1392848212053015 (0.303 -0.01531796086711626 0.0))
    (1.140285071267817 (0.303 -0.015348400712328278 0.0))
    (1.1412853213303327 (0.303 -0.015378180607687881 0.0))
    (1.1422855713928484 (0.303 -0.015407297285860502 0.0))
    (1.143285821455364 (0.303 -0.015435747552277196 0.0))
    (1.1442860715178795 (0.303 -0.015463528285485119 0.0))
    (1.1452863215803952 (0.303 -0.015490636437490029 0.0))
    (1.146286571642911 (0.303 -0.01551706903409068 0.0))
    (1.1472868217054264 (0.303 -0.015542823175205129 0.0))
    (1.148287071767942 (0.303 -0.015567896035188957 0.0))
    (1.1492873218304578 (0.303 -0.015592284863145256 0.0))
    (1.1502875718929733 (0.303 -0.015615986983226453 0.0))
    (1.151287821955489 (0.303 -0.015638999794927912 0.0))
    (1.1522880720180046 (0.303 -0.015661320773373226 0.0))
    (1.1532883220805203 (0.303 -0.015682947469591257 0.0))
    (1.1542885721430358 (0.303 -0.01570387751078481 0.0))
    (1.1552888222055515 (0.303 -0.01572410860059098 0.0))
    (1.1562890722680672 (0.303 -0.015743638519333095 0.0))
    (1.1572893223305827 (0.303 -0.01576246512426426 0.0))
    (1.1582895723930984 (0.303 -0.015780586349802433 0.0))
    (1.159289822455614 (0.303 -0.01579800020775706 0.0))
    (1.1602900725181295 (0.303 -0.01581470478754722 0.0))
    (1.1612903225806452 (0.303 -0.01583069825641124 0.0))
    (1.162290572643161 (0.303 -0.015845978859607777 0.0))
    (1.1632908227056766 (0.303 -0.015860544920608333 0.0))
    (1.164291072768192 (0.303 -0.015874394841281225 0.0))
    (1.1652913228307078 (0.303 -0.015887527102066895 0.0))
    (1.1662915728932235 (0.303 -0.01589994026214465 0.0))
    (1.167291822955739 (0.303 -0.015911632959590728 0.0))
    (1.1682920730182547 (0.303 -0.015922603911527746 0.0))
    (1.1692923230807704 (0.303 -0.015932851914265418 0.0))
    (1.170292573143286 (0.303 -0.015942375843432655 0.0))
    (1.1712928232058015 (0.303 -0.0159511746541009 0.0))
    (1.1722930732683172 (0.303 -0.015959247380898794 0.0))
    (1.173293323330833 (0.303 -0.015966593138118077 0.0))
    (1.1742935733933484 (0.303 -0.015973211119810767 0.0))
    (1.175293823455864 (0.303 -0.015979100599877595 0.0))
    (1.1762940735183798 (0.303 -0.01598426093214766 0.0))
    (1.1772943235808953 (0.303 -0.01598869155044933 0.0))
    (1.178294573643411 (0.303 -0.015992391968672363 0.0))
    (1.1792948237059266 (0.303 -0.01599536178082122 0.0))
    (1.1802950737684423 (0.303 -0.01599760066105964 0.0))
    (1.1812953238309578 (0.303 -0.01599910836374637 0.0))
    (1.1822955738934735 (0.303 -0.015999884723462126 0.0))
    (1.1832958239559892 (0.303 -0.01599992965502773 0.0))
    (1.1842960740185047 (0.303 -0.015999243153513462 0.0))
    (1.1852963240810204 (0.303 -0.015997825294239605 0.0))
    (1.186296574143536 (0.303 -0.015995676232768184 0.0))
    (1.1872968242060515 (0.303 -0.015992796204885876 0.0))
    (1.1882970742685672 (0.303 -0.015989185526578166 0.0))
    (1.189297324331083 (0.303 -0.01598484459399467 0.0))
    (1.1902975743935986 (0.303 -0.015979773883405667 0.0))
    (1.191297824456114 (0.303 -0.015973973951149845 0.0))
    (1.1922980745186298 (0.303 -0.015967445433573268 0.0))
    (1.1932983245811455 (0.303 -0.015960189046959547 0.0))
    (1.194298574643661 (0.303 -0.015952205587451272 0.0))
    (1.1952988247061767 (0.303 -0.015943495930962635 0.0))
    (1.1962990747686923 (0.303 -0.015934061033083348 0.0))
    (1.1972993248312078 (0.303 -0.015923901928973805 0.0))
    (1.1982995748937235 (0.303 -0.015913019733251477 0.0))
    (1.1992998249562392 (0.303 -0.015901415639868664 0.0))
    (1.200300075018755 (0.303 -0.01588909092198145 0.0))
    (1.2013003250812704 (0.303 -0.01587604693181008 0.0))
    (1.202300575143786 (0.303 -0.015862285100490515 0.0))
    (1.2033008252063018 (0.303 -0.0158478069379175 0.0))
    (1.2043010752688172 (0.303 -0.015832614032578858 0.0))
    (1.205301325331333 (0.303 -0.015816708051381197 0.0))
    (1.2063015753938486 (0.303 -0.01580009073946706 0.0))
    (1.207301825456364 (0.303 -0.015782763920023434 0.0))
    (1.2083020755188798 (0.303 -0.015764729494081704 0.0))
    (1.2093023255813955 (0.303 -0.01574598944030911 0.0))
    (1.2103025756439112 (0.303 -0.01572654581479164 0.0))
    (1.2113028257064267 (0.303 -0.01570640075080843 0.0))
    (1.2123030757689424 (0.303 -0.01568555645859774 0.0))
    (1.213303325831458 (0.303 -0.015664015225114413 0.0))
    (1.2143035758939735 (0.303 -0.01564177941377902 0.0))
    (1.2153038259564892 (0.303 -0.015618851464218486 0.0))
    (1.216304076019005 (0.303 -0.015595233891998465 0.0))
    (1.2173043260815206 (0.303 -0.01557092928834735 0.0))
    (1.218304576144036 (0.303 -0.01554594031987194 0.0))
    (1.2193048262065518 (0.303 -0.015520269728264882 0.0))
    (1.2203050762690675 (0.303 -0.015493920330003887 0.0))
    (1.221305326331583 (0.303 -0.015466895016042686 0.0))
    (1.2223055763940986 (0.303 -0.015439196751493852 0.0))
    (1.2233058264566143 (0.303 -0.015410828575303504 0.0))
    (1.2243060765191298 (0.303 -0.015381793599917853 0.0))
    (1.2253063265816455 (0.303 -0.015352095010941726 0.0))
    (1.2263065766441612 (0.303 -0.015321736066789073 0.0))
    (1.227306826706677 (0.303 -0.015290720098325439 0.0))
    (1.2283070767691924 (0.303 -0.015259050508502542 0.0))
    (1.229307326831708 (0.303 -0.015226730771984878 0.0))
    (1.2303075768942238 (0.303 -0.015193764434768525 0.0))
    (1.2313078269567392 (0.303 -0.015160155113792099 0.0))
    (1.232308077019255 (0.303 -0.015125906496539866 0.0))
    (1.2333083270817706 (0.303 -0.015091022340637214 0.0))
    (1.234308577144286 (0.303 -0.015055506473438385 0.0))
    (1.2353088272068018 (0.303 -0.015019362791606497 0.0))
    (1.2363090772693175 (0.303 -0.014982595260686073 0.0))
    (1.2373093273318332 (0.303 -0.014945207914667948 0.0))
    (1.2383095773943487 (0.303 -0.014907204855546648 0.0))
    (1.2393098274568644 (0.303 -0.01486859025287034 0.0))
    (1.24031007751938 (0.303 -0.014829368343283411 0.0))
    (1.2413103275818955 (0.303 -0.01478954343006159 0.0))
    (1.2423105776444112 (0.303 -0.0147491198826398 0.0))
    (1.243310827706927 (0.303 -0.014708102136132824 0.0))
    (1.2443110777694424 (0.303 -0.014666494690848655 0.0))
    (1.245311327831958 (0.303 -0.014624302111794711 0.0))
    (1.2463115778944738 (0.303 -0.014581529028177068 0.0))
    (1.2473118279569895 (0.303 -0.014538180132892476 0.0))
    (1.248312078019505 (0.303 -0.014494260182013535 0.0))
    (1.2493123280820206 (0.303 -0.014449773994266814 0.0))
    (1.2503125781445363 (0.303 -0.01440472645050421 0.0))
    (1.2513128282070518 (0.303 -0.014359122493167448 0.0))
    (1.2523130782695675 (0.303 -0.014312967125745747 0.0))
    (1.2533133283320832 (0.303 -0.01426626541222692 0.0))
    (1.2543135783945987 (0.303 -0.014219022476541783 0.0))
    (1.2553138284571144 (0.303 -0.014171243502001898 0.0))
    (1.25631407851963 (0.303 -0.01412293373073095 0.0))
    (1.2573143285821458 (0.303 -0.014074098463089605 0.0))
    (1.2583145786446612 (0.303 -0.014024743057093933 0.0))
    (1.259314828707177 (0.303 -0.013974872927827536 0.0))
    (1.2603150787696926 (0.303 -0.013924493546847515 0.0))
    (1.261315328832208 (0.303 -0.013873610441584056 0.0))
    (1.2623155788947238 (0.303 -0.013822229194734005 0.0))
    (1.2633158289572395 (0.303 -0.013770355443648418 0.0))
    (1.2643160790197552 (0.303 -0.013717994879713955 0.0))
    (1.2653163290822707 (0.303 -0.013665153247728544 0.0))
    (1.2663165791447863 (0.303 -0.013611836345270977 0.0))
    (1.267316829207302 (0.303 -0.013558050022064904 0.0))
    (1.2683170792698175 (0.303 -0.013503800179337028 0.0))
    (1.2693173293323332 (0.303 -0.013449092769169555 0.0))
    (1.270317579394849 (0.303 -0.01339393379384725 0.0))
    (1.2713178294573644 (0.303 -0.013338329305198878 0.0))
    (1.27231807951988 (0.303 -0.01328228540393314 0.0))
    (1.2733183295823958 (0.303 -0.013225808238969416 0.0))
    (1.2743185796449115 (0.303 -0.013168904006763116 0.0))
    (1.275318829707427 (0.303 -0.013111578950625789 0.0))
    (1.2763190797699426 (0.303 -0.013053839360040126 0.0))
    (1.2773193298324583 (0.303 -0.012995691569969988 0.0))
    (1.2783195798949738 (0.303 -0.012937141960165259 0.0))
    (1.2793198299574895 (0.303 -0.012878196954461935 0.0))
    (1.2803200800200052 (0.303 -0.012818863020077315 0.0))
    (1.2813203300825207 (0.303 -0.012759146666900447 0.0))
    (1.2823205801450364 (0.303 -0.012699054446777883 0.0))
    (1.283320830207552 (0.303 -0.012638592952794837 0.0))
    (1.2843210802700677 (0.303 -0.012577768818551808 0.0))
    (1.2853213303325832 (0.303 -0.012516588717436817 0.0))
    (1.286321580395099 (0.303 -0.012455059361893133 0.0))
    (1.2873218304576146 (0.303 -0.012393187502682888 0.0))
    (1.28832208052013 (0.303 -0.012330979928146427 0.0))
    (1.2893223305826458 (0.303 -0.012268443463457398 0.0))
    (1.2903225806451615 (0.303 -0.012205584969874079 0.0))
    (1.291322830707677 (0.303 -0.012142411343986472 0.0))
    (1.2923230807701926 (0.303 -0.012078929516959644 0.0))
    (1.2933233308327083 (0.303 -0.01201514645377336 0.0))
    (1.294323580895224 (0.303 -0.011951069152457803 0.0))
    (1.2953238309577395 (0.303 -0.011886704643325832 0.0))
    (1.2963240810202552 (0.303 -0.011822059988201633 0.0))
    (1.297324331082771 (0.303 -0.011757142279645924 0.0))
    (1.2983245811452864 (0.303 -0.011691958640177788 0.0))
    (1.299324831207802 (0.303 -0.011626516221493214 0.0))
    (1.3003250812703178 (0.303 -0.011560822203680429 0.0))
    (1.3013253313328332 (0.303 -0.01149488379443219 0.0))
    (1.302325581395349 (0.303 -0.011428708228254859 0.0))
    (1.3033258314578646 (0.303 -0.011362302765674778 0.0))
    (1.3043260815203803 (0.303 -0.01129567469244165 0.0))
    (1.3053263315828958 (0.303 -0.011228831318729128 0.0))
    (1.3063265816454115 (0.303 -0.01116177997833277 0.0))
    (1.3073268317079272 (0.303 -0.0110945280278655 0.0))
    (1.3083270817704427 (0.303 -0.011027082845950359 0.0))
    (1.3093273318329584 (0.303 -0.010959451832410969 0.0))
    (1.310327581895474 (0.303 -0.010891642407459733 0.0))
    (1.3113278319579897 (0.303 -0.010823662010883616 0.0))
    (1.3123280820205052 (0.303 -0.010755518101227978 0.0))
    (1.313328332083021 (0.303 -0.010687218154978131 0.0))
    (1.3143285821455366 (0.303 -0.010618769665739153 0.0))
    (1.315328832208052 (0.303 -0.010550180143413714 0.0))
    (1.3163290822705678 (0.303 -0.01048145711337802 0.0))
    (1.3173293323330835 (0.303 -0.01041260811565626 0.0))
    (1.318329582395599 (0.303 -0.010343640704093339 0.0))
    (1.3193298324581146 (0.303 -0.010274562445526006 0.0))
    (1.3203300825206303 (0.303 -0.010205380918952746 0.0))
    (1.321330332583146 (0.303 -0.010136103714702228 0.0))
    (1.3223305826456615 (0.303 -0.010066738433600488 0.0))
    (1.3233308327081772 (0.303 -0.009997292686136972 0.0))
    (1.324331082770693 (0.303 -0.009927774091629652 0.0))
    (1.3253313328332084 (0.303 -0.009858190277388969 0.0))
    (1.326331582895724 (0.303 -0.009788548877880974 0.0))
    (1.3273318329582398 (0.303 -0.009718857533889826 0.0))
    (1.3283320830207552 (0.303 -0.009649123891679363 0.0))
    (1.329332333083271 (0.303 -0.009579355602154184 0.0))
    (1.3303325831457866 (0.303 -0.009509560320020326 0.0))
    (1.3313328332083023 (0.303 -0.009439745702945297 0.0))
    (1.3323330832708178 (0.303 -0.009369919410718013 0.0))
    (1.3333333333333335 (0.303 -0.009333333333333334 0.0))
    (1.3343335833958492 (0.303 -0.009333333333333334 0.0))
    (1.3353338334583646 (0.303 -0.009333333333333334 0.0))
    (1.3363340835208803 (0.303 -0.009333333333333334 0.0))
    (1.337334333583396 (0.303 -0.009333333333333334 0.0))
    (1.3383345836459115 (0.303 -0.009333333333333334 0.0))
    (1.3393348337084272 (0.303 -0.009333333333333334 0.0))
    (1.340335083770943 (0.303 -0.009333333333333334 0.0))
    (1.3413353338334586 (0.303 -0.009333333333333334 0.0))
    (1.342335583895974 (0.303 -0.009333333333333334 0.0))
    (1.3433358339584898 (0.303 -0.009333333333333334 0.0))
    (1.3443360840210055 (0.303 -0.009333333333333334 0.0))
    (1.345336334083521 (0.303 -0.009333333333333334 0.0))
    (1.3463365841460366 (0.303 -0.009333333333333334 0.0))
    (1.3473368342085523 (0.303 -0.009333333333333334 0.0))
    (1.3483370842710678 (0.303 -0.009333333333333334 0.0))
    (1.3493373343335835 (0.303 -0.009333333333333334 0.0))
    (1.3503375843960992 (0.303 -0.009333333333333334 0.0))
    (1.3513378344586149 (0.303 -0.009333333333333334 0.0))
    (1.3523380845211304 (0.303 -0.009333333333333334 0.0))
    (1.353338334583646 (0.303 -0.009333333333333334 0.0))
    (1.3543385846461617 (0.303 -0.009333333333333334 0.0))
    (1.3553388347086772 (0.303 -0.009333333333333334 0.0))
    (1.356339084771193 (0.303 -0.009333333333333334 0.0))
    (1.3573393348337086 (0.303 -0.009333333333333334 0.0))
    (1.3583395848962243 (0.303 -0.009333333333333334 0.0))
    (1.3593398349587398 (0.303 -0.009333333333333334 0.0))
    (1.3603400850212555 (0.303 -0.009333333333333334 0.0))
    (1.3613403350837712 (0.303 -0.009333333333333334 0.0))
    (1.3623405851462866 (0.303 -0.009333333333333334 0.0))
    (1.3633408352088023 (0.303 -0.009333333333333334 0.0))
    (1.364341085271318 (0.303 -0.009333333333333334 0.0))
    (1.3653413353338335 (0.303 -0.009333333333333334 0.0))
    (1.3663415853963492 (0.303 -0.009333333333333334 0.0))
    (1.367341835458865 (0.303 -0.009333333333333334 0.0))
    (1.3683420855213806 (0.303 -0.009333333333333334 0.0))
    (1.369342335583896 (0.303 -0.009333333333333334 0.0))
    (1.3703425856464118 (0.303 -0.009333333333333334 0.0))
    (1.3713428357089275 (0.303 -0.009333333333333334 0.0))
    (1.372343085771443 (0.303 -0.009333333333333334 0.0))
    (1.3733433358339586 (0.303 -0.009333333333333334 0.0))
    (1.3743435858964743 (0.303 -0.009333333333333334 0.0))
    (1.3753438359589898 (0.303 -0.009333333333333334 0.0))
    (1.3763440860215055 (0.303 -0.009333333333333334 0.0))
    (1.3773443360840212 (0.303 -0.009333333333333334 0.0))
    (1.3783445861465369 (0.303 -0.009333333333333334 0.0))
    (1.3793448362090523 (0.303 -0.009333333333333334 0.0))
    (1.380345086271568 (0.303 -0.009333333333333334 0.0))
    (1.3813453363340837 (0.303 -0.009333333333333334 0.0))
    (1.3823455863965992 (0.303 -0.009333333333333334 0.0))
    (1.383345836459115 (0.303 -0.009333333333333334 0.0))
    (1.3843460865216306 (0.303 -0.009333333333333334 0.0))
    (1.385346336584146 (0.303 -0.009333333333333334 0.0))
    (1.3863465866466618 (0.303 -0.009333333333333334 0.0))
    (1.3873468367091775 (0.303 -0.009333333333333334 0.0))
    (1.3883470867716932 (0.303 -0.009333333333333334 0.0))
    (1.3893473368342086 (0.303 -0.009333333333333334 0.0))
    (1.3903475868967243 (0.303 -0.009333333333333334 0.0))
    (1.39134783695924 (0.303 -0.009333333333333334 0.0))
    (1.3923480870217555 (0.303 -0.009333333333333334 0.0))
    (1.3933483370842712 (0.303 -0.009333333333333334 0.0))
    (1.3943485871467869 (0.303 -0.009333333333333334 0.0))
    (1.3953488372093024 (0.303 -0.009333333333333334 0.0))
    (1.396349087271818 (0.303 -0.009333333333333334 0.0))
    (1.3973493373343338 (0.303 -0.009333333333333334 0.0))
    (1.3983495873968494 (0.303 -0.009333333333333334 0.0))
    (1.399349837459365 (0.303 -0.009333333333333334 0.0))
    (1.4003500875218806 (0.303 -0.009333333333333334 0.0))
    (1.4013503375843963 (0.303 -0.009333333333333334 0.0))
    (1.4023505876469118 (0.303 -0.009333333333333334 0.0))
    (1.4033508377094275 (0.303 -0.009333333333333334 0.0))
    (1.4043510877719432 (0.303 -0.009333333333333334 0.0))
    (1.4053513378344589 (0.303 -0.009333333333333334 0.0))
    (1.4063515878969743 (0.303 -0.009333333333333334 0.0))
    (1.40735183795949 (0.303 -0.009333333333333334 0.0))
    (1.4083520880220057 (0.303 -0.009333333333333334 0.0))
    (1.4093523380845212 (0.303 -0.009333333333333334 0.0))
    (1.410352588147037 (0.303 -0.009333333333333334 0.0))
    (1.4113528382095526 (0.303 -0.009333333333333334 0.0))
    (1.412353088272068 (0.303 -0.009333333333333334 0.0))
    (1.4133533383345838 (0.303 -0.009333333333333334 0.0))
    (1.4143535883970995 (0.303 -0.009333333333333334 0.0))
    (1.4153538384596152 (0.303 -0.009333333333333334 0.0))
    (1.4163540885221306 (0.303 -0.009333333333333334 0.0))
    (1.4173543385846463 (0.303 -0.009333333333333334 0.0))
    (1.418354588647162 (0.303 -0.009333333333333334 0.0))
    (1.4193548387096775 (0.303 -0.009333333333333334 0.0))
    (1.4203550887721932 (0.303 -0.009333333333333334 0.0))
    (1.4213553388347089 (0.303 -0.009333333333333334 0.0))
    (1.4223555888972244 (0.303 -0.009333333333333334 0.0))
    (1.42335583895974 (0.303 -0.009333333333333334 0.0))
    (1.4243560890222557 (0.303 -0.009333333333333334 0.0))
    (1.4253563390847714 (0.303 -0.009333333333333334 0.0))
    (1.426356589147287 (0.303 -0.009333333333333334 0.0))
    (1.4273568392098026 (0.303 -0.009333333333333334 0.0))
    (1.4283570892723183 (0.303 -0.009333333333333334 0.0))
    (1.4293573393348338 (0.303 -0.009333333333333334 0.0))
    (1.4303575893973495 (0.303 -0.009333333333333334 0.0))
    (1.4313578394598652 (0.303 -0.009333333333333334 0.0))
    (1.4323580895223806 (0.303 -0.009333333333333334 0.0))
    (1.4333583395848963 (0.303 -0.009333333333333334 0.0))
    (1.434358589647412 (0.303 -0.009333333333333334 0.0))
    (1.4353588397099277 (0.303 -0.009333333333333334 0.0))
    (1.4363590897724432 (0.303 -0.009333333333333334 0.0))
    (1.437359339834959 (0.303 -0.009333333333333334 0.0))
    (1.4383595898974746 (0.303 -0.009333333333333334 0.0))
    (1.43935983995999 (0.303 -0.009333333333333334 0.0))
    (1.4403600900225058 (0.303 -0.009333333333333334 0.0))
    (1.4413603400850215 (0.303 -0.009333333333333334 0.0))
    (1.442360590147537 (0.303 -0.009333333333333334 0.0))
    (1.4433608402100526 (0.303 -0.009333333333333334 0.0))
    (1.4443610902725683 (0.303 -0.009333333333333334 0.0))
    (1.445361340335084 (0.303 -0.009333333333333334 0.0))
    (1.4463615903975995 (0.303 -0.009333333333333334 0.0))
    (1.4473618404601152 (0.303 -0.009333333333333334 0.0))
    (1.4483620905226309 (0.303 -0.009333333333333334 0.0))
    (1.4493623405851463 (0.303 -0.009333333333333334 0.0))
    (1.450362590647662 (0.303 -0.009333333333333334 0.0))
    (1.4513628407101777 (0.303 -0.009333333333333334 0.0))
    (1.4523630907726934 (0.303 -0.009333333333333334 0.0))
    (1.453363340835209 (0.303 -0.009333333333333334 0.0))
    (1.4543635908977246 (0.303 -0.009333333333333334 0.0))
    (1.4553638409602403 (0.303 -0.009333333333333334 0.0))
    (1.4563640910227558 (0.303 -0.009333333333333334 0.0))
    (1.4573643410852715 (0.303 -0.009333333333333334 0.0))
    (1.4583645911477872 (0.303 -0.009333333333333334 0.0))
    (1.4593648412103026 (0.303 -0.009333333333333334 0.0))
    (1.4603650912728183 (0.303 -0.009333333333333334 0.0))
    (1.461365341335334 (0.303 -0.009333333333333334 0.0))
    (1.4623655913978497 (0.303 -0.009333333333333334 0.0))
    (1.4633658414603652 (0.303 -0.009333333333333334 0.0))
    (1.4643660915228809 (0.303 -0.009333333333333334 0.0))
    (1.4653663415853966 (0.303 -0.009333333333333334 0.0))
    (1.466366591647912 (0.303 -0.009333333333333334 0.0))
    (1.4673668417104277 (0.303 -0.009333333333333334 0.0))
    (1.4683670917729434 (0.303 -0.009333333333333334 0.0))
    (1.469367341835459 (0.303 -0.009333333333333334 0.0))
    (1.4703675918979746 (0.303 -0.009333333333333334 0.0))
    (1.4713678419604903 (0.303 -0.009333333333333334 0.0))
    (1.472368092023006 (0.303 -0.009333333333333334 0.0))
    (1.4733683420855215 (0.303 -0.009333333333333334 0.0))
    (1.4743685921480372 (0.303 -0.009333333333333334 0.0))
    (1.4753688422105529 (0.303 -0.009333333333333334 0.0))
    (1.4763690922730683 (0.303 -0.009333333333333334 0.0))
    (1.477369342335584 (0.303 -0.009333333333333334 0.0))
    (1.4783695923980997 (0.303 -0.009333333333333334 0.0))
    (1.4793698424606152 (0.303 -0.009333333333333334 0.0))
    (1.480370092523131 (0.303 -0.009333333333333334 0.0))
    (1.4813703425856466 (0.303 -0.009333333333333334 0.0))
    (1.4823705926481623 (0.303 -0.009333333333333334 0.0))
    (1.4833708427106778 (0.303 -0.009333333333333334 0.0))
    (1.4843710927731935 (0.303 -0.009333333333333334 0.0))
    (1.4853713428357092 (0.303 -0.009333333333333334 0.0))
    (1.4863715928982246 (0.303 -0.009333333333333334 0.0))
    (1.4873718429607403 (0.303 -0.009333333333333334 0.0))
    (1.488372093023256 (0.303 -0.009333333333333334 0.0))
    (1.4893723430857715 (0.303 -0.009333333333333334 0.0))
    (1.4903725931482872 (0.303 -0.009333333333333334 0.0))
    (1.4913728432108029 (0.303 -0.009333333333333334 0.0))
    (1.4923730932733186 (0.303 -0.009333333333333334 0.0))
    (1.493373343335834 (0.303 -0.009333333333333334 0.0))
    (1.4943735933983497 (0.303 -0.009333333333333334 0.0))
    (1.4953738434608654 (0.303 -0.009333333333333334 0.0))
    (1.496374093523381 (0.303 -0.009333333333333334 0.0))
    (1.4973743435858966 (0.303 -0.009333333333333334 0.0))
    (1.4983745936484123 (0.303 -0.009333333333333334 0.0))
    (1.499374843710928 (0.303 -0.009333333333333334 0.0))
    (1.5003750937734435 (0.303 -0.009333333333333334 0.0))
    (1.5013753438359592 (0.303 -0.009333333333333334 0.0))
    (1.5023755938984749 (0.303 -0.009333333333333334 0.0))
    (1.5033758439609903 (0.303 -0.009333333333333334 0.0))
    (1.504376094023506 (0.303 -0.009333333333333334 0.0))
    (1.5053763440860217 (0.303 -0.009333333333333334 0.0))
    (1.5063765941485372 (0.303 -0.009333333333333334 0.0))
    (1.507376844211053 (0.303 -0.009333333333333334 0.0))
    (1.5083770942735686 (0.303 -0.009333333333333334 0.0))
    (1.5093773443360843 (0.303 -0.009333333333333334 0.0))
    (1.5103775943985998 (0.303 -0.009333333333333334 0.0))
    (1.5113778444611154 (0.303 -0.009333333333333334 0.0))
    (1.5123780945236311 (0.303 -0.009333333333333334 0.0))
    (1.5133783445861466 (0.303 -0.009333333333333334 0.0))
    (1.5143785946486623 (0.303 -0.009333333333333334 0.0))
    (1.515378844711178 (0.303 -0.009333333333333334 0.0))
    (1.5163790947736935 (0.303 -0.009333333333333334 0.0))
    (1.5173793448362092 (0.303 -0.009333333333333334 0.0))
    (1.5183795948987249 (0.303 -0.009333333333333334 0.0))
    (1.5193798449612406 (0.303 -0.009333333333333334 0.0))
    (1.520380095023756 (0.303 -0.009333333333333334 0.0))
    (1.5213803450862717 (0.303 -0.009333333333333334 0.0))
    (1.5223805951487874 (0.303 -0.009333333333333334 0.0))
    (1.523380845211303 (0.303 -0.009333333333333334 0.0))
    (1.5243810952738186 (0.303 -0.009333333333333334 0.0))
    (1.5253813453363343 (0.303 -0.009333333333333334 0.0))
    (1.5263815953988498 (0.303 -0.009333333333333334 0.0))
    (1.5273818454613655 (0.303 -0.009333333333333334 0.0))
    (1.5283820955238812 (0.303 -0.009333333333333334 0.0))
    (1.5293823455863969 (0.303 -0.009333333333333334 0.0))
    (1.5303825956489123 (0.303 -0.009333333333333334 0.0))
    (1.531382845711428 (0.303 -0.009333333333333334 0.0))
    (1.5323830957739437 (0.303 -0.009333333333333334 0.0))
    (1.5333833458364592 (0.303 -0.009333333333333334 0.0))
    (1.5343835958989749 (0.303 -0.009333333333333334 0.0))
    (1.5353838459614906 (0.303 -0.009333333333333334 0.0))
    (1.536384096024006 (0.303 -0.009333333333333334 0.0))
    (1.5373843460865217 (0.303 -0.009333333333333334 0.0))
    (1.5383845961490374 (0.303 -0.009333333333333334 0.0))
    (1.5393848462115531 (0.303 -0.009333333333333334 0.0))
    (1.5403850962740686 (0.303 -0.009333333333333334 0.0))
    (1.5413853463365843 (0.303 -0.009333333333333334 0.0))
    (1.5423855963991 (0.303 -0.009333333333333334 0.0))
    (1.5433858464616155 (0.303 -0.009333333333333334 0.0))
    (1.5443860965241312 (0.303 -0.009333333333333334 0.0))
    (1.5453863465866469 (0.303 -0.009333333333333334 0.0))
    (1.5463865966491626 (0.303 -0.009333333333333334 0.0))
    (1.547386846711678 (0.303 -0.009333333333333334 0.0))
    (1.5483870967741937 (0.303 -0.009333333333333334 0.0))
    (1.5493873468367094 (0.303 -0.009333333333333334 0.0))
    (1.550387596899225 (0.303 -0.009333333333333334 0.0))
    (1.5513878469617406 (0.303 -0.009333333333333334 0.0))
    (1.5523880970242563 (0.303 -0.009333333333333334 0.0))
    (1.5533883470867718 (0.303 -0.009333333333333334 0.0))
    (1.5543885971492875 (0.303 -0.009333333333333334 0.0))
    (1.5553888472118031 (0.303 -0.009333333333333334 0.0))
    (1.5563890972743188 (0.303 -0.009333333333333334 0.0))
    (1.5573893473368343 (0.303 -0.009333333333333334 0.0))
    (1.55838959739935 (0.303 -0.009333333333333334 0.0))
    (1.5593898474618657 (0.303 -0.009333333333333334 0.0))
    (1.5603900975243812 (0.303 -0.009333333333333334 0.0))
    (1.5613903475868969 (0.303 -0.009333333333333334 0.0))
    (1.5623905976494126 (0.303 -0.009333333333333334 0.0))
    (1.563390847711928 (0.303 -0.009333333333333334 0.0))
    (1.5643910977744437 (0.303 -0.009333333333333334 0.0))
    (1.5653913478369594 (0.303 -0.009333333333333334 0.0))
    (1.5663915978994751 (0.303 -0.009333333333333334 0.0))
    (1.5673918479619906 (0.303 -0.009333333333333334 0.0))
    (1.5683920980245063 (0.303 -0.009333333333333334 0.0))
    (1.569392348087022 (0.303 -0.009333333333333334 0.0))
    (1.5703925981495375 (0.303 -0.009333333333333334 0.0))
    (1.5713928482120532 (0.303 -0.009333333333333334 0.0))
    (1.5723930982745689 (0.303 -0.009333333333333334 0.0))
    (1.5733933483370843 (0.303 -0.009333333333333334 0.0))
    (1.5743935983996 (0.303 -0.009333333333333334 0.0))
    (1.5753938484621157 (0.303 -0.009333333333333334 0.0))
    (1.5763940985246314 (0.303 -0.009333333333333334 0.0))
    (1.5773943485871469 (0.303 -0.009333333333333334 0.0))
    (1.5783945986496626 (0.303 -0.009333333333333334 0.0))
    (1.5793948487121783 (0.303 -0.009333333333333334 0.0))
    (1.5803950987746938 (0.303 -0.009333333333333334 0.0))
    (1.5813953488372094 (0.303 -0.009333333333333334 0.0))
    (1.5823955988997251 (0.303 -0.009333333333333334 0.0))
    (1.5833958489622408 (0.303 -0.009333333333333334 0.0))
    (1.5843960990247563 (0.303 -0.009333333333333334 0.0))
    (1.585396349087272 (0.303 -0.009333333333333334 0.0))
    (1.5863965991497877 (0.303 -0.009333333333333334 0.0))
    (1.5873968492123032 (0.303 -0.009333333333333334 0.0))
    (1.5883970992748189 (0.303 -0.009333333333333334 0.0))
    (1.5893973493373346 (0.303 -0.009333333333333334 0.0))
    (1.59039759939985 (0.303 -0.009333333333333334 0.0))
    (1.5913978494623657 (0.303 -0.009333333333333334 0.0))
    (1.5923980995248814 (0.303 -0.009333333333333334 0.0))
    (1.5933983495873971 (0.303 -0.009333333333333334 0.0))
    (1.5943985996499126 (0.303 -0.009333333333333334 0.0))
    (1.5953988497124283 (0.303 -0.009333333333333334 0.0))
    (1.596399099774944 (0.303 -0.009333333333333334 0.0))
    (1.5973993498374595 (0.303 -0.009333333333333334 0.0))
    (1.5983995998999752 (0.303 -0.009333333333333334 0.0))
    (1.5993998499624908 (0.303 -0.009333333333333334 0.0))
    (1.6004001000250063 (0.303 -0.009333333333333334 0.0))
    (1.601400350087522 (0.303 -0.009333333333333334 0.0))
    (1.6024006001500377 (0.303 -0.009333333333333334 0.0))
    (1.6034008502125534 (0.303 -0.009333333333333334 0.0))
    (1.6044011002750689 (0.303 -0.009333333333333334 0.0))
    (1.6054013503375846 (0.303 -0.009333333333333334 0.0))
    (1.6064016004001003 (0.303 -0.009333333333333334 0.0))
    (1.6074018504626157 (0.303 -0.009333333333333334 0.0))
    (1.6084021005251314 (0.303 -0.009333333333333334 0.0))
    (1.6094023505876471 (0.303 -0.009333333333333334 0.0))
    (1.6104026006501626 (0.303 -0.009333333333333334 0.0))
    (1.6114028507126783 (0.303 -0.009333333333333334 0.0))
    (1.612403100775194 (0.303 -0.009333333333333334 0.0))
    (1.6134033508377097 (0.303 -0.009333333333333334 0.0))
    (1.6144036009002252 (0.303 -0.009333333333333334 0.0))
    (1.6154038509627409 (0.303 -0.009333333333333334 0.0))
    (1.6164041010252566 (0.303 -0.009333333333333334 0.0))
    (1.617404351087772 (0.303 -0.009333333333333334 0.0))
    (1.6184046011502877 (0.303 -0.009333333333333334 0.0))
    (1.6194048512128034 (0.303 -0.009333333333333334 0.0))
    (1.620405101275319 (0.303 -0.009333333333333334 0.0))
    (1.6214053513378346 (0.303 -0.009333333333333334 0.0))
    (1.6224056014003503 (0.303 -0.009333333333333334 0.0))
    (1.623405851462866 (0.303 -0.009333333333333334 0.0))
    (1.6244061015253815 (0.303 -0.009333333333333334 0.0))
    (1.6254063515878971 (0.303 -0.009333333333333334 0.0))
    (1.6264066016504128 (0.303 -0.009333333333333334 0.0))
    (1.6274068517129283 (0.303 -0.009333333333333334 0.0))
    (1.628407101775444 (0.303 -0.009333333333333334 0.0))
    (1.6294073518379597 (0.303 -0.009333333333333334 0.0))
    (1.6304076019004754 (0.303 -0.009333333333333334 0.0))
    (1.6314078519629909 (0.303 -0.009333333333333334 0.0))
    (1.6324081020255066 (0.303 -0.009333333333333334 0.0))
    (1.6334083520880223 (0.303 -0.009371814783424389 0.0))
    (1.6344086021505377 (0.303 -0.009441640859900341 0.0))
    (1.6354088522130534 (0.303 -0.00951145505329477 0.0))
    (1.6364091022755691 (0.303 -0.009581249703865244 0.0))
    (1.6374093523380846 (0.303 -0.009651017154013525 0.0))
    (1.6384096024006003 (0.303 -0.009720749749125743 0.0))
    (1.639409852463116 (0.303 -0.009790439838412107 0.0))
    (1.6404101025256317 (0.303 -0.009860079775746468 0.0))
    (1.6414103525881472 (0.303 -0.00992966192050509 0.0))
    (1.6424106026506629 (0.303 -0.009999178638405085 0.0))
    (1.6434108527131785 (0.303 -0.010068622302341916 0.0))
    (1.644411102775694 (0.303 -0.010137985293226202 0.0))
    (1.6454113528382097 (0.303 -0.01020726000081977 0.0))
    (1.6464116029007254 (0.303 -0.01027643882457051 0.0))
    (1.6474118529632409 (0.303 -0.010345514174446282 0.0))
    (1.6484121030257566 (0.303 -0.010414478471767769 0.0))
    (1.6494123530882723 (0.303 -0.01048332415003987 0.0))
    (1.650412603150788 (0.303 -0.010552043655781884 0.0))
    (1.6514128532133034 (0.303 -0.010620629449356312 0.0))
    (1.6524131032758191 (0.303 -0.010689074005796013 0.0))
    (1.6534133533383348 (0.303 -0.010757369815629842 0.0))
    (1.6544136034008503 (0.303 -0.010825509385706556 0.0))
    (1.655413853463366 (0.303 -0.010893485240016928 0.0))
    (1.6564141035258817 (0.303 -0.010961289920513992 0.0))
    (1.6574143535883972 (0.303 -0.01102891598793131 0.0))
    (1.6584146036509129 (0.303 -0.01109635602259917 0.0))
    (1.6594148537134286 (0.303 -0.011163602625258664 0.0))
    (1.6604151037759443 (0.303 -0.011230648417873494 0.0))
    (1.6614153538384597 (0.303 -0.011297486044439422 0.0))
    (1.6624156039009754 (0.303 -0.011364108171791456 0.0))
    (1.6634158539634911 (0.303 -0.011430507490408266 0.0))
    (1.6644161040260066 (0.303 -0.011496676715214262 0.0))
    (1.6654163540885223 (0.303 -0.011562608586378892 0.0))
    (1.666416604151038 (0.303 -0.011628295870113055 0.0))
    (1.6674168542135535 (0.303 -0.011693731359462866 0.0))
    (1.6684171042760692 (0.303 -0.01175890787510038 0.0))
    (1.6694173543385848 (0.303 -0.011823818266111173 0.0))
    (1.6704176044011005 (0.303 -0.011888455410779028 0.0))
    (1.671417854463616 (0.303 -0.011952812217367242 0.0))
    (1.6724181045261317 (0.303 -0.012016881624896726 0.0))
    (1.6734183545886474 (0.303 -0.012080656603920704 0.0))
    (1.6744186046511629 (0.303 -0.012144130157295914 0.0))
    (1.6754188547136786 (0.303 -0.012207295320950407 0.0))
    (1.6764191047761943 (0.303 -0.012270145164647531 0.0))
    (1.67741935483871 (0.303 -0.012332672792746292 0.0))
    (1.6784196049012254 (0.303 -0.01239487134495796 0.0))
    (1.6794198549637411 (0.303 -0.01245673399709877 0.0))
    (1.6804201050262568 (0.303 -0.012518253961838543 0.0))
    (1.6814203550887723 (0.303 -0.012579424489445469 0.0))
    (1.682420605151288 (0.303 -0.012640238868526648 0.0))
    (1.6834208552138037 (0.303 -0.012700690426764357 0.0))
    (1.6844211052763192 (0.303 -0.012760772531648196 0.0))
    (1.6854213553388349 (0.303 -0.01282047859120279 0.0))
    (1.6864216054013506 (0.303 -0.012879802054710928 0.0))
    (1.6874218554638662 (0.303 -0.01293873641343241 0.0))
    (1.6884221055263817 (0.303 -0.012997275201318053 0.0))
    (1.6894223555888974 (0.303 -0.013055411995719229 0.0))
    (1.6904226056514131 (0.303 -0.013113140418092445 0.0))
    (1.6914228557139286 (0.303 -0.013170454134699174 0.0))
    (1.6924231057764443 (0.303 -0.013227346857300853 0.0))
    (1.69342335583896 (0.303 -0.013283812343848723 0.0))
    (1.6944236059014754 (0.303 -0.013339844399168674 0.0))
    (1.6954238559639911 (0.303 -0.013395436875641048 0.0))
    (1.6964241060265068 (0.303 -0.013450583673875043 0.0))
    (1.6974243560890225 (0.303 -0.013505278743377926 0.0))
    (1.698424606151538 (0.303 -0.013559516083218905 0.0))
    (1.6994248562140537 (0.303 -0.013613289742687537 0.0))
    (1.7004251062765694 (0.303 -0.01366659382194654 0.0))
    (1.7014253563390849 (0.303 -0.013719422472679176 0.0))
    (1.7024256064016006 (0.303 -0.0137717698987309 0.0))
    (1.7034258564641163 (0.303 -0.013823630356745227 0.0))
    (1.7044261065266317 (0.303 -0.01387499815679394 0.0))
    (1.7054263565891474 (0.303 -0.013925867663001367 0.0))
    (1.7064266066516631 (0.303 -0.01397623329416265 0.0))
    (1.7074268567141788 (0.303 -0.014026089524356189 0.0))
    (1.7084271067766943 (0.303 -0.014075430883549844 0.0))
    (1.70942735683921 (0.303 -0.014124251958201165 0.0))
    (1.7104276069017257 (0.303 -0.014172547391851288 0.0))
    (1.7114278569642412 (0.303 -0.014220311885712605 0.0))
    (1.7124281070267569 (0.303 -0.01426754019925022 0.0))
    (1.7134283570892725 (0.303 -0.01431422715075683 0.0))
    (1.714428607151788 (0.303 -0.014360367617921251 0.0))
    (1.7154288572143037 (0.303 -0.014405956538390495 0.0))
    (1.7164291072768194 (0.303 -0.014450988910325101 0.0))
    (1.717429357339335 (0.303 -0.014495459792947949 0.0))
    (1.7184296074018506 (0.303 -0.014539364307086359 0.0))
    (1.7194298574643663 (0.303 -0.014582697635707426 0.0))
    (1.720430107526882 (0.303 -0.014625455024446456 0.0))
    (1.7214303575893974 (0.303 -0.014667631782128671 0.0))
    (1.7224306076519131 (0.303 -0.014709223281283901 0.0))
    (1.7234308577144288 (0.303 -0.014750224958654223 0.0))
    (1.7244311077769445 (0.303 -0.01479063231569471 0.0))
    (1.72543135783946 (0.303 -0.01483044091906692 0.0))
    (1.7264316079019757 (0.303 -0.014869646401125385 0.0))
    (1.7274318579644914 (0.303 -0.01490824446039674 0.0))
    (1.7284321080270069 (0.303 -0.014946230862051678 0.0))
    (1.7294323580895226 (0.303 -0.014983601438369624 0.0))
    (1.7304326081520383 (0.303 -0.015020352089195957 0.0))
    (1.7314328582145537 (0.303 -0.015056478782391854 0.0))
    (1.7324331082770694 (0.303 -0.015091977554276739 0.0))
    (1.7334333583395851 (0.303 -0.015126844510063108 0.0))
    (1.7344336084021008 (0.303 -0.015161075824283856 0.0))
    (1.7354338584646163 (0.303 -0.01519466774121201 0.0))
    (1.736434108527132 (0.303 -0.015227616575272818 0.0))
    (1.7374343585896477 (0.303 -0.015259918711448033 0.0))
    (1.7384346086521631 (0.303 -0.015291570605672624 0.0))
    (1.7394348587146788 (0.303 -0.01532256878522359 0.0))
    (1.7404351087771945 (0.303 -0.015352909849100933 0.0))
    (1.74143535883971 (0.303 -0.01538259046840087 0.0))
    (1.7424356089022257 (0.303 -0.015411607386681018 0.0))
    (1.7434358589647414 (0.303 -0.015439957420317698 0.0))
    (1.744436109027257 (0.303 -0.015467637458855234 0.0))
    (1.7454363590897726 (0.303 -0.01549464446534719 0.0))
    (1.7464366091522883 (0.303 -0.015520975476689621 0.0))
    (1.747436859214804 (0.303 -0.015546627603946137 0.0))
    (1.7484371092773194 (0.303 -0.015571598032664863 0.0))
    (1.7494373593398351 (0.303 -0.015595884023187262 0.0))
    (1.7504376094023508 (0.303 -0.015619482910948695 0.0))
    (1.7514378594648663 (0.303 -0.015642392106770753 0.0))
    (1.752438109527382 (0.303 -0.015664609097145385 0.0))
    (1.7534383595898977 (0.303 -0.0156861314445106 0.0))
    (1.7544386096524134 (0.303 -0.015706956787517965 0.0))
    (1.7554388597149289 (0.303 -0.015727082841291658 0.0))
    (1.7564391097774446 (0.303 -0.015746507397679146 0.0))
    (1.7574393598399602 (0.303 -0.015765228325493482 0.0))
    (1.7584396099024757 (0.303 -0.015783243570747108 0.0))
    (1.7594398599649914 (0.303 -0.01580055115687722 0.0))
    (1.760440110027507 (0.303 -0.01581714918496263 0.0))
    (1.7614403600900226 (0.303 -0.015833035833932092 0.0))
    (1.7624406101525383 (0.303 -0.015848209360764136 0.0))
    (1.763440860215054 (0.303 -0.015862668100678275 0.0))
    (1.7644411102775697 (0.303 -0.015876410467317664 0.0))
    (1.7654413603400851 (0.303 -0.01588943495292317 0.0))
    (1.7664416104026008 (0.303 -0.015901740128498765 0.0))
    (1.7674418604651165 (0.303 -0.01591332464396833 0.0))
    (1.768442110527632 (0.303 -0.015924187228323783 0.0))
    (1.7694423605901477 (0.303 -0.015934326689764525 0.0))
    (1.7704426106526634 (0.303 -0.01594374191582818 0.0))
    (1.771442860715179 (0.303 -0.01595243187351269 0.0))
    (1.7724431107776946 (0.303 -0.015960395609389603 0.0))
    (1.7734433608402103 (0.303 -0.015967632249708735 0.0))
    (1.774443610902726 (0.303 -0.015974141000493984 0.0))
    (1.7754438609652414 (0.303 -0.01597992114763047 0.0))
    (1.7764441110277571 (0.303 -0.015984972056942878 0.0))
    (1.7774443610902728 (0.303 -0.015989293174265038 0.0))
    (1.7784446111527883 (0.303 -0.015992884025500725 0.0))
    (1.779444861215304 (0.303 -0.015995744216675673 0.0))
    (1.7804451112778197 (0.303 -0.01599787343398081 0.0))
    (1.7814453613403354 (0.303 -0.015999271443806667 0.0))
    (1.7824456114028508 (0.303 -0.01599993809276904 0.0))
    (1.7834458614653665 (0.303 -0.015999873307725784 0.0))
    (1.7844461115278822 (0.303 -0.015999077095784867 0.0))
    (1.7854463615903977 (0.303 -0.015997549544303574 0.0))
    (1.7864466116529134 (0.303 -0.015995290820878923 0.0))
    (1.787446861715429 (0.303 -0.015992301173329282 0.0))
    (1.7884471117779446 (0.303 -0.015988580929667186 0.0))
    (1.7894473618404603 (0.303 -0.01598413049806333 0.0))
    (1.790447611902976 (0.303 -0.015978950366801796 0.0))
    (1.7914478619654917 (0.303 -0.015973041104226496 0.0))
    (1.7924481120280071 (0.303 -0.01596640335867878 0.0))
    (1.7934483620905228 (0.303 -0.01595903785842634 0.0))
    (1.7944486121530385 (0.303 -0.01595094541158328 0.0))
    (1.795448862215554 (0.303 -0.015942126906021464 0.0))
    (1.7964491122780697 (0.303 -0.015932583309273107 0.0))
    (1.7974493623405854 (0.303 -0.01592231566842461 0.0))
    (1.7984496124031009 (0.303 -0.01591132511000169 0.0))
    (1.7994498624656166 (0.303 -0.015899612839845763 0.0))
    (1.8004501125281323 (0.303 -0.015887180142981665 0.0))
    (1.801450362590648 (0.303 -0.01587402838347666 0.0))
    (1.8024506126531634 (0.303 -0.015860159004290757 0.0))
    (1.8034508627156791 (0.303 -0.01584557352711843 0.0))
    (1.8044511127781948 (0.303 -0.015830273552221635 0.0))
    (1.8054513628407103 (0.303 -0.015814260758254255 0.0))
    (1.806451612903226 (0.303 -0.015797536902077896 0.0))
    (1.8074518629657417 (0.303 -0.015780103818569174 0.0))
    (1.8084521130282571 (0.303 -0.01576196342041837 0.0))
    (1.8094523630907728 (0.303 -0.015743117697919563 0.0))
    (1.8104526131532885 (0.303 -0.01572356871875231 0.0))
    (1.8114528632158042 (0.303 -0.015703318627754745 0.0))
    (1.8124531132783197 (0.303 -0.01568236964668828 0.0))
    (1.8134533633408354 (0.303 -0.015660724073993822 0.0))
    (1.814453613403351 (0.303 -0.015638384284539616 0.0))
    (1.8154538634658666 (0.303 -0.015615352729360684 0.0))
    (1.8164541135283823 (0.303 -0.01559163193538988 0.0))
    (1.817454363590898 (0.303 -0.015567224505180674 0.0))
    (1.8184546136534137 (0.303 -0.015542133116621608 0.0))
    (1.8194548637159291 (0.303 -0.015516360522642473 0.0))
    (1.8204551137784448 (0.303 -0.01548990955091226 0.0))
    (1.8214553638409605 (0.303 -0.015462783103528962 0.0))
    (1.822455613903476 (0.303 -0.015434984156701127 0.0))
    (1.8234558639659917 (0.303 -0.01540651576042132 0.0))
    (1.8244561140285074 (0.303 -0.015377381038131525 0.0))
    (1.8254563640910229 (0.303 -0.015347583186380423 0.0))
    (1.8264566141535385 (0.303 -0.015317125474472667 0.0))
    (1.8274568642160542 (0.303 -0.015286011244110234 0.0))
    (1.82845711427857 (0.303 -0.015254243909025737 0.0))
    (1.8294573643410854 (0.303 -0.015221826954607935 0.0))
    (1.830457614403601 (0.303 -0.015188763937519256 0.0))
    (1.8314578644661168 (0.303 -0.015155058485305642 0.0))
    (1.8324581145286323 (0.303 -0.015120714295998539 0.0))
    (1.833458364591148 (0.303 -0.015085735137709113 0.0))
    (1.8344586146536637 (0.303 -0.015050124848214882 0.0))
    (1.8354588647161791 (0.303 -0.015013887334538647 0.0))
    (1.8364591147786948 (0.303 -0.014977026572519777 0.0))
    (1.8374593648412105 (0.303 -0.014939546606378052 0.0))
    (1.8384596149037262 (0.303 -0.01490145154826993 0.0))
    (1.8394598649662417 (0.303 -0.014862745577837365 0.0))
    (1.8404601150287574 (0.303 -0.014823432941749235 0.0))
    (1.841460365091273 (0.303 -0.014783517953235431 0.0))
    (1.8424606151537886 (0.303 -0.014743004991613608 0.0))
    (1.8434608652163043 (0.303 -0.01470189850180871 0.0))
    (1.84446111527882 (0.303 -0.014660202993865296 0.0))
    (1.8454613653413354 (0.303 -0.014617923042452702 0.0))
    (1.8464616154038511 (0.303 -0.014575063286363137 0.0))
    (1.8474618654663668 (0.303 -0.014531628428002732 0.0))
    (1.8484621155288825 (0.303 -0.014487623232875595 0.0))
    (1.849462365591398 (0.303 -0.014443052529061005 0.0))
    (1.8504626156539137 (0.303 -0.014397921206683605 0.0))
    (1.8514628657164294 (0.303 -0.014352234217376986 0.0))
    (1.8524631157789448 (0.303 -0.014305996573740333 0.0))
    (1.8534633658414605 (0.303 -0.014259213348788467 0.0))
    (1.8544636159039762 (0.303 -0.014211889675395316 0.0))
    (1.8554638659664917 (0.303 -0.014164030745730697 0.0))
    (1.8564641160290074 (0.303 -0.014115641810690641 0.0))
    (1.857464366091523 (0.303 -0.014066728179321359 0.0))
    (1.8584646161540388 (0.303 -0.014017295218236674 0.0))
    (1.8594648662165543 (0.303 -0.013967348351029264 0.0))
    (1.86046511627907 (0.303 -0.013916893057675586 0.0))
    (1.8614653663415857 (0.303 -0.013865934873934636 0.0))
    (1.8624656164041011 (0.303 -0.013814479390740628 0.0))
    (1.8634658664666168 (0.303 -0.013762532253589487 0.0))
    (1.8644661165291325 (0.303 -0.013710099161919526 0.0))
    (1.8654663665916482 (0.303 -0.013657185868486127 0.0))
    (1.8664666166541637 (0.303 -0.013603798178730525 0.0))
    (1.8674668667166794 (0.303 -0.013549941950142851 0.0))
    (1.868467116779195 (0.303 -0.013495623091619552 0.0))
    (1.8694673668417106 (0.303 -0.013440847562815012 0.0))
    (1.8704676169042262 (0.303 -0.013385621373487677 0.0))
    (1.871467866966742 (0.303 -0.01332995058284077 0.0))
    (1.8724681170292574 (0.303 -0.013273841298857425 0.0))
    (1.8734683670917731 (0.303 -0.013217299677630525 0.0))
    (1.8744686171542888 (0.303 -0.013160331922687382 0.0))
    (1.8754688672168045 (0.303 -0.013102944284308997 0.0))
    (1.87646911727932 (0.303 -0.013045143058844397 0.0))
    (1.8774693673418357 (0.303 -0.012986934588019725 0.0))
    (1.8784696174043514 (0.303 -0.012928325258242532 0.0))
    (1.8794698674668668 (0.303 -0.012869321499901089 0.0))
    (1.8804701175293825 (0.303 -0.012809929786658774 0.0))
    (1.8814703675918982 (0.303 -0.012750156634743907 0.0))
    (1.8824706176544137 (0.303 -0.012690008602234808 0.0))
    (1.8834708677169294 (0.303 -0.012629492288340179 0.0))
    (1.884471117779445 (0.303 -0.012568614332675157 0.0))
    (1.8854713678419608 (0.303 -0.012507381414532833 0.0))
    (1.8864716179044763 (0.303 -0.012445800252151383 0.0))
    (1.887471867966992 (0.303 -0.012383877601976954 0.0))
    (1.8884721180295077 (0.303 -0.012321620257922479 0.0))
    (1.8894723680920231 (0.303 -0.012259035050622166 0.0))
    (1.8904726181545388 (0.303 -0.012196128846682077 0.0))
    (1.8914728682170545 (0.303 -0.012132908547926848 0.0))
    (1.89247311827957 (0.303 -0.012069381090642338 0.0))
    (1.8934733683420857 (0.303 -0.012005553444814625 0.0))
    (1.8944736184046014 (0.303 -0.011941432613365367 0.0))
    (1.895473868467117 (0.303 -0.01187702563138336 0.0))
    (1.8964741185296325 (0.303 -0.011812339565352782 0.0))
    (1.8974743685921482 (0.303 -0.01174738151237776 0.0))
    (1.898474618654664 (0.303 -0.011682158599403808 0.0))
    (1.8994748687171794 (0.303 -0.011616677982435885 0.0))
    (1.900475118779695 (0.303 -0.011550946845753168 0.0))
    (1.9014753688422108 (0.303 -0.011484972401120914 0.0))
    (1.9024756189047263 (0.303 -0.011418761886999217 0.0))
    (1.903475868967242 (0.303 -0.011352322567748737 0.0))
    (1.9044761190297577 (0.303 -0.011285661732833777 0.0))
    (1.9054763690922734 (0.303 -0.0112187866960225 0.0))
    (1.9064766191547888 (0.303 -0.011151704794584447 0.0))
    (1.9074768692173045 (0.303 -0.011084423388485512 0.0))
    (1.9084771192798202 (0.303 -0.011016949859580532 0.0))
    (1.9094773693423357 (0.303 -0.01094929161080328 0.0))
    (1.9104776194048514 (0.303 -0.010881456065354239 0.0))
    (1.911477869467367 (0.303 -0.01081345066588627 0.0))
    (1.9124781195298828 (0.303 -0.010745282873687895 0.0))
    (1.9134783695923983 (0.303 -0.010676960167864794 0.0))
    (1.914478619654914 (0.303 -0.010608490044519104 0.0))
    (1.9154788697174296 (0.303 -0.01053988001592707 0.0))
    (1.9164791197799451 (0.303 -0.010471137609714838 0.0))
    (1.9174793698424608 (0.303 -0.010402270368032436 0.0))
    (1.9184796199049765 (0.303 -0.010333285846726397 0.0))
    (1.919479869967492 (0.303 -0.01026419161451075 0.0))
    (1.9204801200300077 (0.303 -0.010194995252136511 0.0))
    (1.9214803700925234 (0.303 -0.010125704351560056 0.0))
    (1.922480620155039 (0.303 -0.010056326515110148 0.0))
    (1.9234808702175545 (0.303 -0.009986869354653795 0.0))
    (1.9244811202800702 (0.303 -0.00991734049076109 0.0))
    (1.925481370342586 (0.303 -0.00984774755186922 0.0))
    (1.9264816204051014 (0.303 -0.009778098173445385 0.0))
    (1.927481870467617 (0.303 -0.009708399997149125 0.0))
    (1.9284821205301328 (0.303 -0.009638660669993889 0.0))
    (1.9294823705926483 (0.303 -0.009568887843508045 0.0))
    (1.930482620655164 (0.303 -0.009499089172895372 0.0))
    (1.9314828707176797 (0.303 -0.009429272316195168 0.0))
    (1.9324831207801954 (0.303 -0.009359444933442027 0.0))
    (1.9334833708427108 (0.303 -0.009333333333333334 0.0))
    (1.9344836209052265 (0.303 -0.009333333333333334 0.0))
    (1.9354838709677422 (0.303 -0.009333333333333334 0.0))
    (1.9364841210302577 (0.303 -0.009333333333333334 0.0))
    (1.9374843710927734 (0.303 -0.009333333333333334 0.0))
    (1.938484621155289 (0.303 -0.009333333333333334 0.0))
    (1.9394848712178046 (0.303 -0.009333333333333334 0.0))
    (1.9404851212803202 (0.303 -0.009333333333333334 0.0))
    (1.941485371342836 (0.303 -0.009333333333333334 0.0))
    (1.9424856214053516 (0.303 -0.009333333333333334 0.0))
    (1.943485871467867 (0.303 -0.009333333333333334 0.0))
    (1.9444861215303828 (0.303 -0.009333333333333334 0.0))
    (1.9454863715928985 (0.303 -0.009333333333333334 0.0))
    (1.946486621655414 (0.303 -0.009333333333333334 0.0))
    (1.9474868717179297 (0.303 -0.009333333333333334 0.0))
    (1.9484871217804454 (0.303 -0.009333333333333334 0.0))
    (1.9494873718429608 (0.303 -0.009333333333333334 0.0))
    (1.9504876219054765 (0.303 -0.009333333333333334 0.0))
    (1.9514878719679922 (0.303 -0.009333333333333334 0.0))
    (1.952488122030508 (0.303 -0.009333333333333334 0.0))
    (1.9534883720930234 (0.303 -0.009333333333333334 0.0))
    (1.954488622155539 (0.303 -0.009333333333333334 0.0))
    (1.9554888722180548 (0.303 -0.009333333333333334 0.0))
    (1.9564891222805703 (0.303 -0.009333333333333334 0.0))
    (1.957489372343086 (0.303 -0.009333333333333334 0.0))
    (1.9584896224056016 (0.303 -0.009333333333333334 0.0))
    (1.9594898724681173 (0.303 -0.009333333333333334 0.0))
    (1.9604901225306328 (0.303 -0.009333333333333334 0.0))
    (1.9614903725931485 (0.303 -0.009333333333333334 0.0))
    (1.9624906226556642 (0.303 -0.009333333333333334 0.0))
    (1.9634908727181797 (0.303 -0.009333333333333334 0.0))
    (1.9644911227806954 (0.303 -0.009333333333333334 0.0))
    (1.965491372843211 (0.303 -0.009333333333333334 0.0))
    (1.9664916229057265 (0.303 -0.009333333333333334 0.0))
    (1.9674918729682422 (0.303 -0.009333333333333334 0.0))
    (1.968492123030758 (0.303 -0.009333333333333334 0.0))
    (1.9694923730932736 (0.303 -0.009333333333333334 0.0))
    (1.970492623155789 (0.303 -0.009333333333333334 0.0))
    (1.9714928732183048 (0.303 -0.009333333333333334 0.0))
    (1.9724931232808205 (0.303 -0.009333333333333334 0.0))
    (1.973493373343336 (0.303 -0.009333333333333334 0.0))
    (1.9744936234058517 (0.303 -0.009333333333333334 0.0))
    (1.9754938734683674 (0.303 -0.009333333333333334 0.0))
    (1.9764941235308828 (0.303 -0.009333333333333334 0.0))
    (1.9774943735933985 (0.303 -0.009333333333333334 0.0))
    (1.9784946236559142 (0.303 -0.009333333333333334 0.0))
    (1.97949487371843 (0.303 -0.009333333333333334 0.0))
    (1.9804951237809454 (0.303 -0.009333333333333334 0.0))
    (1.981495373843461 (0.303 -0.009333333333333334 0.0))
    (1.9824956239059768 (0.303 -0.009333333333333334 0.0))
    (1.9834958739684923 (0.303 -0.009333333333333334 0.0))
    (1.984496124031008 (0.303 -0.009333333333333334 0.0))
    (1.9854963740935236 (0.303 -0.009333333333333334 0.0))
    (1.9864966241560391 (0.303 -0.009333333333333334 0.0))
    (1.9874968742185548 (0.303 -0.009333333333333334 0.0))
    (1.9884971242810705 (0.303 -0.009333333333333334 0.0))
    (1.9894973743435862 (0.303 -0.009333333333333334 0.0))
    (1.9904976244061017 (0.303 -0.009333333333333334 0.0))
    (1.9914978744686174 (0.303 -0.009333333333333334 0.0))
    (1.992498124531133 (0.303 -0.009333333333333334 0.0))
    (1.9934983745936485 (0.303 -0.009333333333333334 0.0))
    (1.9944986246561642 (0.303 -0.009333333333333334 0.0))
    (1.99549887471868 (0.303 -0.009333333333333334 0.0))
    (1.9964991247811954 (0.303 -0.009333333333333334 0.0))
    (1.997499374843711 (0.303 -0.009333333333333334 0.0))
    (1.9984996249062268 (0.303 -0.009333333333333334 0.0))
    (1.9994998749687425 (0.303 -0.009333333333333334 0.0))
    (2.000500125031258 (0.303 -0.009333333333333334 0.0))
    (2.0015003750937734 (0.303 -0.009333333333333334 0.0))
    (2.0025006251562893 (0.303 -0.009333333333333334 0.0))
    (2.003500875218805 (0.303 -0.009333333333333334 0.0))
    (2.0045011252813207 (0.303 -0.009333333333333334 0.0))
    (2.005501375343836 (0.303 -0.009333333333333334 0.0))
    (2.0065016254063517 (0.303 -0.009333333333333334 0.0))
    (2.0075018754688676 (0.303 -0.009333333333333334 0.0))
    (2.008502125531383 (0.303 -0.009333333333333334 0.0))
    (2.0095023755938985 (0.303 -0.009333333333333334 0.0))
    (2.0105026256564145 (0.303 -0.009333333333333334 0.0))
    (2.01150287571893 (0.303 -0.009333333333333334 0.0))
    (2.0125031257814454 (0.303 -0.009333333333333334 0.0))
    (2.0135033758439613 (0.303 -0.009333333333333334 0.0))
    (2.014503625906477 (0.303 -0.009333333333333334 0.0))
    (2.0155038759689923 (0.303 -0.009333333333333334 0.0))
    (2.016504126031508 (0.303 -0.009333333333333334 0.0))
    (2.0175043760940237 (0.303 -0.009333333333333334 0.0))
    (2.018504626156539 (0.303 -0.009333333333333334 0.0))
    (2.019504876219055 (0.303 -0.009333333333333334 0.0))
    (2.0205051262815705 (0.303 -0.009333333333333334 0.0))
    (2.0215053763440864 (0.303 -0.009333333333333334 0.0))
    (2.022505626406602 (0.303 -0.009333333333333334 0.0))
    (2.0235058764691174 (0.303 -0.009333333333333334 0.0))
    (2.0245061265316333 (0.303 -0.009333333333333334 0.0))
    (2.025506376594149 (0.303 -0.009333333333333334 0.0))
    (2.0265066266566643 (0.303 -0.009333333333333334 0.0))
    (2.02750687671918 (0.303 -0.009333333333333334 0.0))
    (2.0285071267816956 (0.303 -0.009333333333333334 0.0))
    (2.029507376844211 (0.303 -0.009333333333333334 0.0))
    (2.030507626906727 (0.303 -0.009333333333333334 0.0))
    (2.0315078769692425 (0.303 -0.009333333333333334 0.0))
    (2.032508127031758 (0.303 -0.009333333333333334 0.0))
    (2.033508377094274 (0.303 -0.009333333333333334 0.0))
    (2.0345086271567894 (0.303 -0.009333333333333334 0.0))
    (2.035508877219305 (0.303 -0.009333333333333334 0.0))
    (2.0365091272818208 (0.303 -0.009333333333333334 0.0))
    (2.0375093773443362 (0.303 -0.009333333333333334 0.0))
    (2.0385096274068517 (0.303 -0.009333333333333334 0.0))
    (2.0395098774693676 (0.303 -0.009333333333333334 0.0))
    (2.040510127531883 (0.303 -0.009333333333333334 0.0))
    (2.041510377594399 (0.303 -0.009333333333333334 0.0))
    (2.0425106276569145 (0.303 -0.009333333333333334 0.0))
    (2.04351087771943 (0.303 -0.009333333333333334 0.0))
    (2.044511127781946 (0.303 -0.009333333333333334 0.0))
    (2.0455113778444614 (0.303 -0.009333333333333334 0.0))
    (2.046511627906977 (0.303 -0.009333333333333334 0.0))
    (2.0475118779694927 (0.303 -0.009333333333333334 0.0))
    (2.048512128032008 (0.303 -0.009333333333333334 0.0))
    (2.0495123780945237 (0.303 -0.009333333333333334 0.0))
    (2.0505126281570396 (0.303 -0.009333333333333334 0.0))
    (2.051512878219555 (0.303 -0.009333333333333334 0.0))
    (2.0525131282820706 (0.303 -0.009333333333333334 0.0))
    (2.0535133783445865 (0.303 -0.009333333333333334 0.0))
    (2.054513628407102 (0.303 -0.009333333333333334 0.0))
    (2.0555138784696174 (0.303 -0.009333333333333334 0.0))
    (2.0565141285321333 (0.303 -0.009333333333333334 0.0))
    (2.057514378594649 (0.303 -0.009333333333333334 0.0))
    (2.0585146286571647 (0.303 -0.009333333333333334 0.0))
    (2.05951487871968 (0.303 -0.009333333333333334 0.0))
    (2.0605151287821957 (0.303 -0.009333333333333334 0.0))
    (2.0615153788447116 (0.303 -0.009333333333333334 0.0))
    (2.062515628907227 (0.303 -0.009333333333333334 0.0))
    (2.0635158789697425 (0.303 -0.009333333333333334 0.0))
    (2.0645161290322585 (0.303 -0.009333333333333334 0.0))
    (2.065516379094774 (0.303 -0.009333333333333334 0.0))
    (2.0665166291572894 (0.303 -0.009333333333333334 0.0))
    (2.0675168792198053 (0.303 -0.009333333333333334 0.0))
    (2.068517129282321 (0.303 -0.009333333333333334 0.0))
    (2.0695173793448363 (0.303 -0.009333333333333334 0.0))
    (2.070517629407352 (0.303 -0.009333333333333334 0.0))
    (2.0715178794698677 (0.303 -0.009333333333333334 0.0))
    (2.072518129532383 (0.303 -0.009333333333333334 0.0))
    (2.073518379594899 (0.303 -0.009333333333333334 0.0))
    (2.0745186296574145 (0.303 -0.009333333333333334 0.0))
    (2.07551887971993 (0.303 -0.009333333333333334 0.0))
    (2.076519129782446 (0.303 -0.009333333333333334 0.0))
    (2.0775193798449614 (0.303 -0.009333333333333334 0.0))
    (2.0785196299074773 (0.303 -0.009333333333333334 0.0))
    (2.0795198799699928 (0.303 -0.009333333333333334 0.0))
    (2.0805201300325082 (0.303 -0.009333333333333334 0.0))
    (2.081520380095024 (0.303 -0.009333333333333334 0.0))
    (2.0825206301575396 (0.303 -0.009333333333333334 0.0))
    (2.083520880220055 (0.303 -0.009333333333333334 0.0))
    (2.084521130282571 (0.303 -0.009333333333333334 0.0))
    (2.0855213803450865 (0.303 -0.009333333333333334 0.0))
    (2.086521630407602 (0.303 -0.009333333333333334 0.0))
    (2.087521880470118 (0.303 -0.009333333333333334 0.0))
    (2.0885221305326334 (0.303 -0.009333333333333334 0.0))
    (2.089522380595149 (0.303 -0.009333333333333334 0.0))
    (2.0905226306576647 (0.303 -0.009333333333333334 0.0))
    (2.09152288072018 (0.303 -0.009333333333333334 0.0))
    (2.0925231307826957 (0.303 -0.009333333333333334 0.0))
    (2.0935233808452116 (0.303 -0.009333333333333334 0.0))
    (2.094523630907727 (0.303 -0.009333333333333334 0.0))
    (2.095523880970243 (0.303 -0.009333333333333334 0.0))
    (2.0965241310327585 (0.303 -0.009333333333333334 0.0))
    (2.097524381095274 (0.303 -0.009333333333333334 0.0))
    (2.09852463115779 (0.303 -0.009333333333333334 0.0))
    (2.0995248812203053 (0.303 -0.009333333333333334 0.0))
    (2.100525131282821 (0.303 -0.009333333333333334 0.0))
    (2.1015253813453367 (0.303 -0.009333333333333334 0.0))
    (2.102525631407852 (0.303 -0.009333333333333334 0.0))
    (2.1035258814703677 (0.303 -0.009333333333333334 0.0))
    (2.1045261315328836 (0.303 -0.009333333333333334 0.0))
    (2.105526381595399 (0.303 -0.009333333333333334 0.0))
    (2.1065266316579145 (0.303 -0.009333333333333334 0.0))
    (2.1075268817204305 (0.303 -0.009333333333333334 0.0))
    (2.108527131782946 (0.303 -0.009333333333333334 0.0))
    (2.1095273818454614 (0.303 -0.009333333333333334 0.0))
    (2.1105276319079773 (0.303 -0.009333333333333334 0.0))
    (2.111527881970493 (0.303 -0.009333333333333334 0.0))
    (2.1125281320330083 (0.303 -0.009333333333333334 0.0))
    (2.113528382095524 (0.303 -0.009333333333333334 0.0))
    (2.1145286321580397 (0.303 -0.009333333333333334 0.0))
    (2.1155288822205556 (0.303 -0.009333333333333334 0.0))
    (2.116529132283071 (0.303 -0.009333333333333334 0.0))
    (2.1175293823455865 (0.303 -0.009333333333333334 0.0))
    (2.1185296324081024 (0.303 -0.009333333333333334 0.0))
    (2.119529882470618 (0.303 -0.009333333333333334 0.0))
    (2.1205301325331334 (0.303 -0.009333333333333334 0.0))
    (2.1215303825956493 (0.303 -0.009333333333333334 0.0))
    (2.1225306326581648 (0.303 -0.009333333333333334 0.0))
    (2.1235308827206802 (0.303 -0.009333333333333334 0.0))
    (2.124531132783196 (0.303 -0.009333333333333334 0.0))
    (2.1255313828457116 (0.303 -0.009333333333333334 0.0))
    (2.126531632908227 (0.303 -0.009333333333333334 0.0))
    (2.127531882970743 (0.303 -0.009333333333333334 0.0))
    (2.1285321330332585 (0.303 -0.009333333333333334 0.0))
    (2.129532383095774 (0.303 -0.009333333333333334 0.0))
    (2.13053263315829 (0.303 -0.009333333333333334 0.0))
    (2.1315328832208054 (0.303 -0.009333333333333334 0.0))
    (2.132533133283321 (0.303 -0.009333333333333334 0.0))
    (2.1335333833458368 (0.303 -0.009333333333333334 0.0))
    (2.1345336334083522 (0.303 -0.009333333333333334 0.0))
    (2.135533883470868 (0.303 -0.009333333333333334 0.0))
    (2.1365341335333836 (0.303 -0.009333333333333334 0.0))
    (2.137534383595899 (0.303 -0.009333333333333334 0.0))
    (2.138534633658415 (0.303 -0.009333333333333334 0.0))
    (2.1395348837209305 (0.303 -0.009333333333333334 0.0))
    (2.140535133783446 (0.303 -0.009333333333333334 0.0))
    (2.141535383845962 (0.303 -0.009333333333333334 0.0))
    (2.1425356339084773 (0.303 -0.009333333333333334 0.0))
    (2.143535883970993 (0.303 -0.009333333333333334 0.0))
    (2.1445361340335087 (0.303 -0.009333333333333334 0.0))
    (2.145536384096024 (0.303 -0.009333333333333334 0.0))
    (2.1465366341585397 (0.303 -0.009333333333333334 0.0))
    (2.1475368842210556 (0.303 -0.009333333333333334 0.0))
    (2.148537134283571 (0.303 -0.009333333333333334 0.0))
    (2.1495373843460865 (0.303 -0.009333333333333334 0.0))
    (2.1505376344086025 (0.303 -0.009333333333333334 0.0))
    (2.151537884471118 (0.303 -0.009333333333333334 0.0))
    (2.152538134533634 (0.303 -0.009333333333333334 0.0))
    (2.1535383845961493 (0.303 -0.009333333333333334 0.0))
    (2.154538634658665 (0.303 -0.009333333333333334 0.0))
    (2.1555388847211807 (0.303 -0.009333333333333334 0.0))
    (2.156539134783696 (0.303 -0.009333333333333334 0.0))
    (2.1575393848462117 (0.303 -0.009333333333333334 0.0))
    (2.1585396349087276 (0.303 -0.009333333333333334 0.0))
    (2.159539884971243 (0.303 -0.009333333333333334 0.0))
    (2.1605401350337585 (0.303 -0.009333333333333334 0.0))
    (2.1615403850962744 (0.303 -0.009333333333333334 0.0))
    (2.16254063515879 (0.303 -0.009333333333333334 0.0))
    (2.1635408852213054 (0.303 -0.009333333333333334 0.0))
    (2.1645411352838213 (0.303 -0.009333333333333334 0.0))
    (2.1655413853463368 (0.303 -0.009333333333333334 0.0))
    (2.1665416354088523 (0.303 -0.009333333333333334 0.0))
    (2.167541885471368 (0.303 -0.009333333333333334 0.0))
    (2.1685421355338836 (0.303 -0.009333333333333334 0.0))
    (2.169542385596399 (0.303 -0.009333333333333334 0.0))
    (2.170542635658915 (0.303 -0.009333333333333334 0.0))
    (2.1715428857214305 (0.303 -0.009333333333333334 0.0))
    (2.1725431357839464 (0.303 -0.009333333333333334 0.0))
    (2.173543385846462 (0.303 -0.009333333333333334 0.0))
    (2.1745436359089774 (0.303 -0.009333333333333334 0.0))
    (2.1755438859714933 (0.303 -0.009333333333333334 0.0))
    (2.1765441360340088 (0.303 -0.009333333333333334 0.0))
    (2.1775443860965242 (0.303 -0.009333333333333334 0.0))
    (2.17854463615904 (0.303 -0.009333333333333334 0.0))
    (2.1795448862215556 (0.303 -0.009333333333333334 0.0))
    (2.180545136284071 (0.303 -0.009333333333333334 0.0))
    (2.181545386346587 (0.303 -0.009333333333333334 0.0))
    (2.1825456364091025 (0.303 -0.009333333333333334 0.0))
    (2.183545886471618 (0.303 -0.009333333333333334 0.0))
    (2.184546136534134 (0.303 -0.009333333333333334 0.0))
    (2.1855463865966493 (0.303 -0.009333333333333334 0.0))
    (2.186546636659165 (0.303 -0.009333333333333334 0.0))
    (2.1875468867216807 (0.303 -0.009333333333333334 0.0))
    (2.188547136784196 (0.303 -0.009333333333333334 0.0))
    (2.189547386846712 (0.303 -0.009333333333333334 0.0))
    (2.1905476369092276 (0.303 -0.009333333333333334 0.0))
    (2.191547886971743 (0.303 -0.009333333333333334 0.0))
    (2.192548137034259 (0.303 -0.009333333333333334 0.0))
    (2.1935483870967745 (0.303 -0.009333333333333334 0.0))
    (2.19454863715929 (0.303 -0.009333333333333334 0.0))
    (2.195548887221806 (0.303 -0.009333333333333334 0.0))
    (2.1965491372843213 (0.303 -0.009333333333333334 0.0))
    (2.197549387346837 (0.303 -0.009333333333333334 0.0))
    (2.1985496374093527 (0.303 -0.009333333333333334 0.0))
    (2.199549887471868 (0.303 -0.009333333333333334 0.0))
    (2.2005501375343837 (0.303 -0.009333333333333334 0.0))
    (2.2015503875968996 (0.303 -0.009333333333333334 0.0))
    (2.202550637659415 (0.303 -0.009333333333333334 0.0))
    (2.2035508877219305 (0.303 -0.009333333333333334 0.0))
    (2.2045511377844464 (0.303 -0.009333333333333334 0.0))
    (2.205551387846962 (0.303 -0.009333333333333334 0.0))
    (2.2065516379094774 (0.303 -0.009333333333333334 0.0))
    (2.2075518879719933 (0.303 -0.009333333333333334 0.0))
    (2.208552138034509 (0.303 -0.009333333333333334 0.0))
    (2.2095523880970247 (0.303 -0.009333333333333334 0.0))
    (2.21055263815954 (0.303 -0.009333333333333334 0.0))
    (2.2115528882220556 (0.303 -0.009333333333333334 0.0))
    (2.2125531382845716 (0.303 -0.009333333333333334 0.0))
    (2.213553388347087 (0.303 -0.009333333333333334 0.0))
    (2.2145536384096025 (0.303 -0.009333333333333334 0.0))
    (2.2155538884721184 (0.303 -0.009333333333333334 0.0))
    (2.216554138534634 (0.303 -0.009333333333333334 0.0))
    (2.2175543885971494 (0.303 -0.009333333333333334 0.0))
    (2.2185546386596653 (0.303 -0.009333333333333334 0.0))
    (2.2195548887221808 (0.303 -0.009333333333333334 0.0))
    (2.2205551387846962 (0.303 -0.009333333333333334 0.0))
    (2.221555388847212 (0.303 -0.009333333333333334 0.0))
    (2.2225556389097276 (0.303 -0.009333333333333334 0.0))
    (2.223555888972243 (0.303 -0.009333333333333334 0.0))
    (2.224556139034759 (0.303 -0.009333333333333334 0.0))
    (2.2255563890972745 (0.303 -0.009333333333333334 0.0))
    (2.22655663915979 (0.303 -0.009333333333333334 0.0))
    (2.227556889222306 (0.303 -0.009333333333333334 0.0))
    (2.2285571392848214 (0.303 -0.009333333333333334 0.0))
    (2.2295573893473373 (0.303 -0.009333333333333334 0.0))
    (2.2305576394098527 (0.303 -0.009333333333333334 0.0))
    (2.231557889472368 (0.303 -0.009333333333333334 0.0))
    (2.232558139534884 (0.303 -0.009333333333333334 0.0))
    (2.2335583895973996 (0.303 -0.009382289151276677 0.0))
    (2.234558639659915 (0.303 -0.009452113933659741 0.0))
    (2.235558889722431 (0.303 -0.009521925683896246 0.0))
    (2.2365591397849465 (0.303 -0.009591716742511844 0.0))
    (2.237559389847462 (0.303 -0.0096614794523024 0.0))
    (2.238559639909978 (0.303 -0.009731206159174118 0.0))
    (2.2395598899724933 (0.303 -0.009800889212983213 0.0))
    (2.240560140035009 (0.303 -0.009870520968375483 0.0))
    (2.2415603900975247 (0.303 -0.009940093785624922 0.0))
    (2.24256064016004 (0.303 -0.010009600031471916 0.0))
    (2.2435608902225557 (0.303 -0.010079032079960946 0.0))
    (2.2445611402850716 (0.303 -0.01014838231327707 0.0))
    (2.245561390347587 (0.303 -0.010217643122581723 0.0))
    (2.246561640410103 (0.303 -0.010286806908847753 0.0))
    (2.2475618904726185 (0.303 -0.010355866083692841 0.0))
    (2.248562140535134 (0.303 -0.010424813070212292 0.0))
    (2.24956239059765 (0.303 -0.010493640303810354 0.0))
    (2.2505626406601653 (0.303 -0.010562340233029958 0.0))
    (2.251562890722681 (0.303 -0.010630905320381447 0.0))
    (2.2525631407851967 (0.303 -0.010699328043169563 0.0))
    (2.253563390847712 (0.303 -0.010767600894318592 0.0))
    (2.2545636409102277 (0.303 -0.010835716383196227 0.0))
    (2.2555638909727436 (0.303 -0.01090366703643541 0.0))
    (2.256564141035259 (0.303 -0.010971445398754068 0.0))
    (2.2575643910977745 (0.303 -0.011039044033773288 0.0))
    (2.2585646411602904 (0.303 -0.01110645552483321 0.0))
    (2.259564891222806 (0.303 -0.011173672475806544 0.0))
    (2.2605651412853214 (0.303 -0.011240687511910255 0.0))
    (2.2615653913478373 (0.303 -0.011307493280514686 0.0))
    (2.2625656414103528 (0.303 -0.011374082451950068 0.0))
    (2.2635658914728682 (0.303 -0.0114404477203109 0.0))
    (2.264566141535384 (0.303 -0.011506581804257522 0.0))
    (2.2655663915978996 (0.303 -0.011572477447814797 0.0))
    (2.2665666416604155 (0.303 -0.011638127421168456 0.0))
    (2.267566891722931 (0.303 -0.011703524521458097 0.0))
    (2.2685671417854465 (0.303 -0.011768661573567709 0.0))
    (2.2695673918479624 (0.303 -0.011833531430912682 0.0))
    (2.270567641910478 (0.303 -0.011898126976223923 0.0))
    (2.2715678919729934 (0.303 -0.011962441122328913 0.0))
    (2.2725681420355093 (0.303 -0.012026466812929106 0.0))
    (2.2735683920980247 (0.303 -0.0120901970233741 0.0))
    (2.27456864216054 (0.303 -0.012153624761432568 0.0))
    (2.275568892223056 (0.303 -0.012216743068059206 0.0))
    (2.2765691422855716 (0.303 -0.01227954501815827 0.0))
    (2.277569392348087 (0.303 -0.012342023721343546 0.0))
    (2.278569642410603 (0.303 -0.012404172322694163 0.0))
    (2.2795698924731185 (0.303 -0.012465984003506672 0.0))
    (2.280570142535634 (0.303 -0.012527451982043367 0.0))
    (2.28157039259815 (0.303 -0.012588569514276157 0.0))
    (2.2825706426606653 (0.303 -0.012649329894626502 0.0))
    (2.2835708927231813 (0.303 -0.01270972645670132 0.0))
    (2.2845711427856967 (0.303 -0.012769752574024117 0.0))
    (2.285571392848212 (0.303 -0.012829401660762222 0.0))
    (2.286571642910728 (0.303 -0.012888667172449356 0.0))
    (2.2875718929732436 (0.303 -0.012947542606703485 0.0))
    (2.288572143035759 (0.303 -0.013006021503940418 0.0))
    (2.289572393098275 (0.303 -0.01306409744808253 0.0))
    (2.2905726431607905 (0.303 -0.01312176406726252 0.0))
    (2.291572893223306 (0.303 -0.0131790150345227 0.0))
    (2.292573143285822 (0.303 -0.01323584406850915 0.0))
    (2.2935733933483373 (0.303 -0.01329224493416072 0.0))
    (2.294573643410853 (0.303 -0.013348211443393283 0.0))
    (2.2955738934733687 (0.303 -0.013403737455778674 0.0))
    (2.296574143535884 (0.303 -0.01345881687921821 0.0))
    (2.2975743935983997 (0.303 -0.013513443670611285 0.0))
    (2.2985746436609156 (0.303 -0.013567611836518365 0.0))
    (2.299574893723431 (0.303 -0.013621315433818428 0.0))
    (2.3005751437859465 (0.303 -0.013674548570361163 0.0))
    (2.3015753938484624 (0.303 -0.013727305405613444 0.0))
    (2.302575643910978 (0.303 -0.013779580151299967 0.0))
    (2.303575893973494 (0.303 -0.013831367072038515 0.0))
    (2.3045761440360093 (0.303 -0.013882660485969037 0.0))
    (2.3055763940985248 (0.303 -0.013933454765377253 0.0))
    (2.3065766441610407 (0.303 -0.013983744337311916 0.0))
    (2.307576894223556 (0.303 -0.014033523684196286 0.0))
    (2.3085771442860716 (0.303 -0.01408278734443363 0.0))
    (2.3095773943485876 (0.303 -0.01413152991300631 0.0))
    (2.310577644411103 (0.303 -0.01417974604206879 0.0))
    (2.3115778944736185 (0.303 -0.014227430441534527 0.0))
    (2.3125781445361344 (0.303 -0.014274577879656247 0.0))
    (2.31357839459865 (0.303 -0.014321183183599935 0.0))
    (2.3145786446611654 (0.303 -0.014367241240012537 0.0))
    (2.3155788947236813 (0.303 -0.014412746995582823 0.0))
    (2.3165791447861968 (0.303 -0.014457695457595822 0.0))
    (2.3175793948487122 (0.303 -0.01450208169448074 0.0))
    (2.318579644911228 (0.303 -0.014545900836351901 0.0))
    (2.3195798949737436 (0.303 -0.014589148075543049 0.0))
    (2.320580145036259 (0.303 -0.014631818667134953 0.0))
    (2.321580395098775 (0.303 -0.014673907929475882 0.0))
    (2.3225806451612905 (0.303 -0.014715411244695246 0.0))
    (2.3235808952238064 (0.303 -0.014756324059210405 0.0))
    (2.324581145286322 (0.303 -0.014796641884226063 0.0))
    (2.3255813953488373 (0.303 -0.014836360296226904 0.0))
    (2.3265816454113533 (0.303 -0.014875474937462925 0.0))
    (2.3275818954738687 (0.303 -0.014913981516427425 0.0))
    (2.328582145536384 (0.303 -0.014951875808327984 0.0))
    (2.3295823955989 (0.303 -0.01498915365554997 0.0))
    (2.3305826456614156 (0.303 -0.015025810968112598 0.0))
    (2.331582895723931 (0.303 -0.015061843724117778 0.0))
    (2.332583145786447 (0.303 -0.015097247970191376 0.0))
    (2.3335833958489625 (0.303 -0.015132019821916854 0.0))
    (2.334583645911478 (0.303 -0.015166155464261573 0.0))
    (2.335583895973994 (0.303 -0.015199651151995341 0.0))
    (2.3365841460365093 (0.303 -0.015232503210101242 0.0))
    (2.337584396099025 (0.303 -0.015264708034178936 0.0))
    (2.3385846461615407 (0.303 -0.015296262090840125 0.0))
    (2.339584896224056 (0.303 -0.015327161918096119 0.0))
    (2.340585146286572 (0.303 -0.015357404125737795 0.0))
    (2.3415853963490876 (0.303 -0.015386985395707447 0.0))
    (2.342585646411603 (0.303 -0.01541590248246295 0.0))
    (2.343585896474119 (0.303 -0.015444152213333753 0.0))
    (2.3445861465366344 (0.303 -0.015471731488868974 0.0))
    (2.34558639659915 (0.303 -0.015498637283177547 0.0))
    (2.346586646661666 (0.303 -0.015524866644260121 0.0))
    (2.3475868967241813 (0.303 -0.015550416694332953 0.0))
    (2.3485871467866968 (0.303 -0.015575284630143713 0.0))
    (2.3495873968492127 (0.303 -0.015599467723278984 0.0))
    (2.350587646911728 (0.303 -0.0156229633204636 0.0))
    (2.3515878969742436 (0.303 -0.015645768843851833 0.0))
    (2.3525881470367596 (0.303 -0.015667881791310144 0.0))
    (2.353588397099275 (0.303 -0.015689299736691725 0.0))
    (2.3545886471617905 (0.303 -0.015710020330102742 0.0))
    (2.3555888972243064 (0.303 -0.015730041298160084 0.0))
    (2.356589147286822 (0.303 -0.0157493604442408 0.0))
    (2.3575893973493374 (0.303 -0.015767975648723176 0.0))
    (2.3585896474118533 (0.303 -0.015785884869219204 0.0))
    (2.3595898974743688 (0.303 -0.015803086140798686 0.0))
    (2.3605901475368847 (0.303 -0.015819577576204873 0.0))
    (2.3615903975994 (0.303 -0.01583535736606145 0.0))
    (2.3625906476619156 (0.303 -0.0158504237790711 0.0))
    (2.3635908977244315 (0.303 -0.015864775162205476 0.0))
    (2.364591147786947 (0.303 -0.015878409940886483 0.0))
    (2.3655913978494625 (0.303 -0.015891326619159117 0.0))
    (2.3665916479119784 (0.303 -0.01590352377985557 0.0))
    (2.367591897974494 (0.303 -0.015915000084750688 0.0))
    (2.3685921480370093 (0.303 -0.015925754274708825 0.0))
    (2.3695923980995253 (0.303 -0.015935785169822008 0.0))
    (2.3705926481620407 (0.303 -0.015945091669539335 0.0))
    (2.371592898224556 (0.303 -0.015953672752787768 0.0))
    (2.372593148287072 (0.303 -0.015961527478084152 0.0))
    (2.3735933983495876 (0.303 -0.01596865498363851 0.0))
    (2.374593648412103 (0.303 -0.015975054487448587 0.0))
    (2.375593898474619 (0.303 -0.015980725287385658 0.0))
    (2.3765941485371345 (0.303 -0.01598566676127156 0.0))
    (2.3775943985996504 (0.303 -0.015989878366946948 0.0))
    (2.378594648662166 (0.303 -0.01599335964233079 0.0))
    (2.3795948987246813 (0.303 -0.015996110205471065 0.0))
    (2.3805951487871972 (0.303 -0.015998129754586653 0.0))
    (2.3815953988497127 (0.303 -0.015999418068100464 0.0))
    (2.382595648912228 (0.303 -0.01599997500466374 0.0))
    (2.383595898974744 (0.303 -0.015999800503171558 0.0))
    (2.3845961490372596 (0.303 -0.015998894582769548 0.0))
    (2.385596399099775 (0.303 -0.01599725734285178 0.0))
    (2.386596649162291 (0.303 -0.015994888963049864 0.0))
    (2.3875968992248064 (0.303 -0.015991789703213244 0.0))
    (2.388597149287322 (0.303 -0.015987959903380682 0.0))
    (2.389597399349838 (0.303 -0.01598339998374295 0.0))
    (2.3905976494123533 (0.303 -0.01597811044459675 0.0))
    (2.391597899474869 (0.303 -0.015972091866289777 0.0))
    (2.3925981495373847 (0.303 -0.015965344909157093 0.0))
    (2.3935983995999 (0.303 -0.015957870313448662 0.0))
    (2.3945986496624156 (0.303 -0.015949668899248114 0.0))
    (2.3955988997249316 (0.303 -0.01594074156638279 0.0))
    (2.396599149787447 (0.303 -0.01593108929432501 0.0))
    (2.397599399849963 (0.303 -0.01592071314208462 0.0))
    (2.3985996499124784 (0.303 -0.015909614248092778 0.0))
    (2.399599899974994 (0.303 -0.015897793830077056 0.0))
    (2.40060015003751 (0.303 -0.01588525318492786 0.0))
    (2.4016004001000253 (0.303 -0.015871993688556112 0.0))
    (2.4026006501625408 (0.303 -0.015858016795742304 0.0))
    (2.4036009002250567 (0.303 -0.01584332403997688 0.0))
    (2.404601150287572 (0.303 -0.015827917033291984 0.0))
    (2.4056014003500876 (0.303 -0.015811797466084614 0.0))
    (2.4066016504126035 (0.303 -0.015794967106931134 0.0))
    (2.407601900475119 (0.303 -0.01577742780239324 0.0))
    (2.4086021505376345 (0.303 -0.015759181476815366 0.0))
    (2.4096024006001504 (0.303 -0.015740230132113554 0.0))
    (2.410602650662666 (0.303 -0.01572057584755581 0.0))
    (2.4116029007251814 (0.303 -0.015700220779533973 0.0))
    (2.4126031507876973 (0.303 -0.015679167161327112 0.0))
    (2.4136034008502127 (0.303 -0.01565741730285653 0.0))
    (2.414603650912728 (0.303 -0.015634973590432304 0.0))
    (2.415603900975244 (0.303 -0.015611838486491458 0.0))
    (2.4166041510377596 (0.303 -0.01558801452932785 0.0))
    (2.4176044011002755 (0.303 -0.015563504332813585 0.0))
    (2.418604651162791 (0.303 -0.015538310586112339 0.0))
    (2.4196049012253065 (0.303 -0.015512436053384244 0.0))
    (2.4206051512878224 (0.303 -0.015485883573482602 0.0))
    (2.421605401350338 (0.303 -0.0154586560596425 0.0))
    (2.4226056514128533 (0.303 -0.015430756499161109 0.0))
    (2.4236059014753693 (0.303 -0.015402187953069914 0.0))
    (2.4246061515378847 (0.303 -0.015372953555798968 0.0))
    (2.4256064016004 (0.303 -0.0153430565148329 0.0))
    (2.426606651662916 (0.303 -0.015312500110359003 0.0))
    (2.4276069017254316 (0.303 -0.01528128769490744 0.0))
    (2.428607151787947 (0.303 -0.015249422692983319 0.0))
    (2.429607401850463 (0.303 -0.015216908600690974 0.0))
    (2.4306076519129785 (0.303 -0.015183748985350475 0.0))
    (2.431607901975494 (0.303 -0.015149947485106154 0.0))
    (2.43260815203801 (0.303 -0.015115507808527415 0.0))
    (2.4336084021005253 (0.303 -0.015080433734201974 0.0))
    (2.4346086521630412 (0.303 -0.015044729110321146 0.0))
    (2.4356089022255567 (0.303 -0.015008397854257751 0.0))
    (2.436609152288072 (0.303 -0.014971443952136189 0.0))
    (2.437609402350588 (0.303 -0.014933871458395209 0.0))
    (2.4386096524131036 (0.303 -0.014895684495343071 0.0))
    (2.439609902475619 (0.303 -0.014856887252705142 0.0))
    (2.440610152538135 (0.303 -0.01481748398716434 0.0))
    (2.4416104026006504 (0.303 -0.0147774790218941 0.0))
    (2.442610652663166 (0.303 -0.014736876746083944 0.0))
    (2.443610902725682 (0.303 -0.01469568161445802 0.0))
    (2.4446111527881973 (0.303 -0.014653898146786363 0.0))
    (2.4456114028507128 (0.303 -0.014611530927388866 0.0))
    (2.4466116529132287 (0.303 -0.014568584604632449 0.0))
    (2.447611902975744 (0.303 -0.01452506389042104 0.0))
    (2.4486121530382596 (0.303 -0.014480973559678482 0.0))
    (2.4496124031007755 (0.303 -0.014436318449824782 0.0))
    (2.450612653163291 (0.303 -0.014391103460245361 0.0))
    (2.4516129032258065 (0.303 -0.014345333551753381 0.0))
    (2.4526131532883224 (0.303 -0.0142990137460456 0.0))
    (2.453613403350838 (0.303 -0.01425214912515141 0.0))
    (2.454613653413354 (0.303 -0.014204744830875107 0.0))
    (2.4556139034758693 (0.303 -0.014156806064231956 0.0))
    (2.4566141535383847 (0.303 -0.01410833808487742 0.0))
    (2.4576144036009007 (0.303 -0.014059346210530073 0.0))
    (2.458614653663416 (0.303 -0.014009835816388313 0.0))
    (2.4596149037259316 (0.303 -0.013959812334540467 0.0))
    (2.4606151537884475 (0.303 -0.01390928125336881 0.0))
    (2.461615403850963 (0.303 -0.013858248116947539 0.0))
    (2.4626156539134785 (0.303 -0.013806718524434356 0.0))
    (2.4636159039759944 (0.303 -0.01375469812945615 0.0))
    (2.46461615403851 (0.303 -0.013702192639488856 0.0))
    (2.4656164041010253 (0.303 -0.013649207815231091 0.0))
    (2.4666166541635413 (0.303 -0.013595749469972124 0.0))
    (2.4676169042260567 (0.303 -0.013541823468954215 0.0))
    (2.468617154288572 (0.303 -0.013487435728728944 0.0))
    (2.469617404351088 (0.303 -0.013432592216508074 0.0))
    (2.4706176544136036 (0.303 -0.013377298949509007 0.0))
    (2.4716179044761195 (0.303 -0.013321561994294406 0.0))
    (2.472618154538635 (0.303 -0.01326538746610678 0.0))
    (2.4736184046011505 (0.303 -0.013208781528197325 0.0))
    (2.4746186546636664 (0.303 -0.013151750391149903 0.0))
    (2.475618904726182 (0.303 -0.013094300312199623 0.0))
    (2.4766191547886973 (0.303 -0.013036437594546174 0.0))
    (2.4776194048512132 (0.303 -0.012978168586662403 0.0))
    (2.4786196549137287 (0.303 -0.012919499681597814 0.0))
    (2.479619904976244 (0.303 -0.012860437316276958 0.0))
    (2.48062015503876 (0.303 -0.012800987970793374 0.0))
    (2.4816204051012756 (0.303 -0.01274115816769863 0.0))
    (2.482620655163791 (0.303 -0.0126809544712865 0.0))
    (2.483620905226307 (0.303 -0.012620383486872944 0.0))
    (2.4846211552888224 (0.303 -0.012559451860071399 0.0))
    (2.485621405351338 (0.303 -0.01249816627606346 0.0))
    (2.486621655413854 (0.303 -0.012436533458865598 0.0))
    (2.4876219054763693 (0.303 -0.012374560170591424 0.0))
    (2.4886221555388848 (0.303 -0.012312253210709587 0.0))
    (2.4896224056014007 (0.303 -0.012249619415297956 0.0))
    (2.490622655663916 (0.303 -0.012186665656293585 0.0))
    (2.491622905726432 (0.303 -0.012123398840738545 0.0))
    (2.4926231557889476 (0.303 -0.012059825910022411 0.0))
    (2.493623405851463 (0.303 -0.011995953839120456 0.0))
    (2.494623655913979 (0.303 -0.01193178963582839 0.0))
    (2.4956239059764944 (0.303 -0.011867340339993685 0.0))
    (2.49662415603901 (0.303 -0.011802613022742997 0.0))
    (2.497624406101526 (0.303 -0.011737614785706346 0.0))
    (2.4986246561640413 (0.303 -0.01167235276023815 0.0))
    (2.4996249062265568 (0.303 -0.011606834106634609 0.0))
    (2.5006251562890727 (0.303 -0.011541066013348093 0.0))
    (2.501625406351588 (0.303 -0.011475055696198663 0.0))
    (2.5026256564141036 (0.303 -0.011408810397582177 0.0))
    (2.5036259064766195 (0.303 -0.011342337385675678 0.0))
    (2.504626156539135 (0.303 -0.011275643953640163 0.0))
    (2.5056264066016505 (0.303 -0.011208737418820204 0.0))
    (2.5066266566641664 (0.303 -0.011141625121941112 0.0))
    (2.507626906726682 (0.303 -0.011074314426303753 0.0))
    (2.5086271567891973 (0.303 -0.011006812716976466 0.0))
    (2.5096274068517133 (0.303 -0.0109391273999848 0.0))
    (2.5106276569142287 (0.303 -0.010871265901499163 0.0))
    (2.5116279069767447 (0.303 -0.010803235667019798 0.0))
    (2.51262815703926 (0.303 -0.010735044160560125 0.0))
    (2.5136284071017756 (0.303 -0.010666698863827555 0.0))
    (2.5146286571642915 (0.303 -0.010598207275402845 0.0))
    (2.515628907226807 (0.303 -0.010529576909917376 0.0))
    (2.5166291572893225 (0.303 -0.010460815297228475 0.0))
    (2.5176294073518384 (0.303 -0.010391929981593464 0.0))
    (2.518629657414354 (0.303 -0.01032292852084195 0.0))
    (2.5196299074768693 (0.303 -0.010253818485546387 0.0))
    (2.5206301575393852 (0.303 -0.01018460745819168 0.0))
    (2.5216304076019007 (0.303 -0.01011530303234326 0.0))
    (2.522630657664416 (0.303 -0.010045912811813737 0.0))
    (2.523630907726932 (0.303 -0.009976444409828847 0.0))
    (2.5246311577894476 (0.303 -0.009906905448192171 0.0))
    (2.525631407851963 (0.303 -0.009837303556448676 0.0))
    (2.526631657914479 (0.303 -0.009767646371047843 0.0))
    (2.5276319079769944 (0.303 -0.009697941534505834 0.0))
    (2.5286321580395104 (0.303 -0.009628196694566741 0.0))
    (2.529632408102026 (0.303 -0.009558419503363844 0.0))
    (2.5306326581645413 (0.303 -0.009488617616579802 0.0))
    (2.531632908227057 (0.303 -0.009418798692606707 0.0))
    (2.5326331582895727 (0.303 -0.009348970391706051 0.0))
    (2.533633408352088 (0.303 -0.009333333333333334 0.0))
    (2.534633658414604 (0.303 -0.009333333333333334 0.0))
    (2.5356339084771196 (0.303 -0.009333333333333334 0.0))
    (2.536634158539635 (0.303 -0.009333333333333334 0.0))
    (2.537634408602151 (0.303 -0.009333333333333334 0.0))
    (2.5386346586646664 (0.303 -0.009333333333333334 0.0))
    (2.539634908727182 (0.303 -0.009333333333333334 0.0))
    (2.540635158789698 (0.303 -0.009333333333333334 0.0))
    (2.5416354088522133 (0.303 -0.009333333333333334 0.0))
    (2.5426356589147288 (0.303 -0.009333333333333334 0.0))
    (2.5436359089772447 (0.303 -0.009333333333333334 0.0))
    (2.54463615903976 (0.303 -0.009333333333333334 0.0))
    (2.5456364091022756 (0.303 -0.009333333333333334 0.0))
    (2.5466366591647915 (0.303 -0.009333333333333334 0.0))
    (2.547636909227307 (0.303 -0.009333333333333334 0.0))
    (2.548637159289823 (0.303 -0.009333333333333334 0.0))
    (2.5496374093523384 (0.303 -0.009333333333333334 0.0))
    (2.550637659414854 (0.303 -0.009333333333333334 0.0))
    (2.55163790947737 (0.303 -0.009333333333333334 0.0))
    (2.5526381595398853 (0.303 -0.009333333333333334 0.0))
    (2.5536384096024007 (0.303 -0.009333333333333334 0.0))
    (2.5546386596649167 (0.303 -0.009333333333333334 0.0))
    (2.555638909727432 (0.303 -0.009333333333333334 0.0))
    (2.5566391597899476 (0.303 -0.009333333333333334 0.0))
    (2.5576394098524635 (0.303 -0.009333333333333334 0.0))
    (2.558639659914979 (0.303 -0.009333333333333334 0.0))
    (2.5596399099774945 (0.303 -0.009333333333333334 0.0))
    (2.5606401600400104 (0.303 -0.009333333333333334 0.0))
    (2.561640410102526 (0.303 -0.009333333333333334 0.0))
    (2.5626406601650413 (0.303 -0.009333333333333334 0.0))
    (2.5636409102275572 (0.303 -0.009333333333333334 0.0))
    (2.5646411602900727 (0.303 -0.009333333333333334 0.0))
    (2.5656414103525886 (0.303 -0.009333333333333334 0.0))
    (2.566641660415104 (0.303 -0.009333333333333334 0.0))
    (2.5676419104776196 (0.303 -0.009333333333333334 0.0))
    (2.5686421605401355 (0.303 -0.009333333333333334 0.0))
    (2.569642410602651 (0.303 -0.009333333333333334 0.0))
    (2.5706426606651664 (0.303 -0.009333333333333334 0.0))
    (2.5716429107276824 (0.303 -0.009333333333333334 0.0))
    (2.572643160790198 (0.303 -0.009333333333333334 0.0))
    (2.5736434108527133 (0.303 -0.009333333333333334 0.0))
    (2.5746436609152292 (0.303 -0.009333333333333334 0.0))
    (2.5756439109777447 (0.303 -0.009333333333333334 0.0))
    (2.57664416104026 (0.303 -0.009333333333333334 0.0))
    (2.577644411102776 (0.303 -0.009333333333333334 0.0))
    (2.5786446611652916 (0.303 -0.009333333333333334 0.0))
    (2.579644911227807 (0.303 -0.009333333333333334 0.0))
    (2.580645161290323 (0.303 -0.009333333333333334 0.0))
    (2.5816454113528384 (0.303 -0.009333333333333334 0.0))
    (2.582645661415354 (0.303 -0.009333333333333334 0.0))
    (2.58364591147787 (0.303 -0.009333333333333334 0.0))
    (2.5846461615403853 (0.303 -0.009333333333333334 0.0))
    (2.585646411602901 (0.303 -0.009333333333333334 0.0))
    (2.5866466616654167 (0.303 -0.009333333333333334 0.0))
    (2.587646911727932 (0.303 -0.009333333333333334 0.0))
    (2.588647161790448 (0.303 -0.009333333333333334 0.0))
    (2.5896474118529635 (0.303 -0.009333333333333334 0.0))
    (2.590647661915479 (0.303 -0.009333333333333334 0.0))
    (2.591647911977995 (0.303 -0.009333333333333334 0.0))
    (2.5926481620405104 (0.303 -0.009333333333333334 0.0))
    (2.593648412103026 (0.303 -0.009333333333333334 0.0))
    (2.594648662165542 (0.303 -0.009333333333333334 0.0))
    (2.5956489122280573 (0.303 -0.009333333333333334 0.0))
    (2.5966491622905727 (0.303 -0.009333333333333334 0.0))
    (2.5976494123530887 (0.303 -0.009333333333333334 0.0))
    (2.598649662415604 (0.303 -0.009333333333333334 0.0))
    (2.5996499124781196 (0.303 -0.009333333333333334 0.0))
    (2.6006501625406355 (0.303 -0.009333333333333334 0.0))
    (2.601650412603151 (0.303 -0.009333333333333334 0.0))
    (2.6026506626656665 (0.303 -0.009333333333333334 0.0))
    (2.6036509127281824 (0.303 -0.009333333333333334 0.0))
    (2.604651162790698 (0.303 -0.009333333333333334 0.0))
    (2.6056514128532138 (0.303 -0.009333333333333334 0.0))
    (2.6066516629157293 (0.303 -0.009333333333333334 0.0))
    (2.6076519129782447 (0.303 -0.009333333333333334 0.0))
    (2.6086521630407606 (0.303 -0.009333333333333334 0.0))
    (2.609652413103276 (0.303 -0.009333333333333334 0.0))
    (2.6106526631657916 (0.303 -0.009333333333333334 0.0))
    (2.6116529132283075 (0.303 -0.009333333333333334 0.0))
    (2.612653163290823 (0.303 -0.009333333333333334 0.0))
    (2.6136534133533385 (0.303 -0.009333333333333334 0.0))
    (2.6146536634158544 (0.303 -0.009333333333333334 0.0))
    (2.61565391347837 (0.303 -0.009333333333333334 0.0))
    (2.6166541635408853 (0.303 -0.009333333333333334 0.0))
    (2.6176544136034012 (0.303 -0.009333333333333334 0.0))
    (2.6186546636659167 (0.303 -0.009333333333333334 0.0))
    (2.619654913728432 (0.303 -0.009333333333333334 0.0))
    (2.620655163790948 (0.303 -0.009333333333333334 0.0))
    (2.6216554138534636 (0.303 -0.009333333333333334 0.0))
    (2.6226556639159795 (0.303 -0.009333333333333334 0.0))
    (2.623655913978495 (0.303 -0.009333333333333334 0.0))
    (2.6246561640410104 (0.303 -0.009333333333333334 0.0))
    (2.6256564141035263 (0.303 -0.009333333333333334 0.0))
    (2.626656664166042 (0.303 -0.009333333333333334 0.0))
    (2.6276569142285573 (0.303 -0.009333333333333334 0.0))
    (2.628657164291073 (0.303 -0.009333333333333334 0.0))
    (2.6296574143535887 (0.303 -0.009333333333333334 0.0))
    (2.630657664416104 (0.303 -0.009333333333333334 0.0))
    (2.63165791447862 (0.303 -0.009333333333333334 0.0))
    (2.6326581645411355 (0.303 -0.009333333333333334 0.0))
    (2.633658414603651 (0.303 -0.009333333333333334 0.0))
    (2.634658664666167 (0.303 -0.009333333333333334 0.0))
    (2.6356589147286824 (0.303 -0.009333333333333334 0.0))
    (2.636659164791198 (0.303 -0.009333333333333334 0.0))
    (2.637659414853714 (0.303 -0.009333333333333334 0.0))
    (2.6386596649162293 (0.303 -0.009333333333333334 0.0))
    (2.6396599149787447 (0.303 -0.009333333333333334 0.0))
    (2.6406601650412607 (0.303 -0.009333333333333334 0.0))
    (2.641660415103776 (0.303 -0.009333333333333334 0.0))
    (2.642660665166292 (0.303 -0.009333333333333334 0.0))
    (2.6436609152288075 (0.303 -0.009333333333333334 0.0))
    (2.644661165291323 (0.303 -0.009333333333333334 0.0))
    (2.645661415353839 (0.303 -0.009333333333333334 0.0))
    (2.6466616654163544 (0.303 -0.009333333333333334 0.0))
    (2.64766191547887 (0.303 -0.009333333333333334 0.0))
    (2.648662165541386 (0.303 -0.009333333333333334 0.0))
    (2.6496624156039013 (0.303 -0.009333333333333334 0.0))
    (2.6506626656664167 (0.303 -0.009333333333333334 0.0))
    (2.6516629157289326 (0.303 -0.009333333333333334 0.0))
    (2.652663165791448 (0.303 -0.009333333333333334 0.0))
    (2.6536634158539636 (0.303 -0.009333333333333334 0.0))
    (2.6546636659164795 (0.303 -0.009333333333333334 0.0))
    (2.655663915978995 (0.303 -0.009333333333333334 0.0))
    (2.6566641660415105 (0.303 -0.009333333333333334 0.0))
    (2.6576644161040264 (0.303 -0.009333333333333334 0.0))
    (2.658664666166542 (0.303 -0.009333333333333334 0.0))
    (2.6596649162290578 (0.303 -0.009333333333333334 0.0))
    (2.6606651662915732 (0.303 -0.009333333333333334 0.0))
    (2.6616654163540887 (0.303 -0.009333333333333334 0.0))
    (2.6626656664166046 (0.303 -0.009333333333333334 0.0))
    (2.66366591647912 (0.303 -0.009333333333333334 0.0))
    (2.6646661665416356 (0.303 -0.009333333333333334 0.0))
    (2.6656664166041515 (0.303 -0.009333333333333334 0.0))
    (2.666666666666667 (0.303 -0.009333333333333334 0.0))
    (2.6676669167291824 (0.303 -0.009333333333333334 0.0))
    (2.6686671667916984 (0.303 -0.009333333333333334 0.0))
    (2.669667416854214 (0.303 -0.009333333333333334 0.0))
    (2.6706676669167293 (0.303 -0.009333333333333334 0.0))
    (2.671667916979245 (0.303 -0.009333333333333334 0.0))
    (2.6726681670417607 (0.303 -0.009333333333333334 0.0))
    (2.673668417104276 (0.303 -0.009333333333333334 0.0))
    (2.674668667166792 (0.303 -0.009333333333333334 0.0))
    (2.6756689172293076 (0.303 -0.009333333333333334 0.0))
    (2.676669167291823 (0.303 -0.009333333333333334 0.0))
    (2.677669417354339 (0.303 -0.009333333333333334 0.0))
    (2.6786696674168544 (0.303 -0.009333333333333334 0.0))
    (2.6796699174793703 (0.303 -0.009333333333333334 0.0))
    (2.680670167541886 (0.303 -0.009333333333333334 0.0))
    (2.6816704176044013 (0.303 -0.009333333333333334 0.0))
    (2.682670667666917 (0.303 -0.009333333333333334 0.0))
    (2.6836709177294327 (0.303 -0.009333333333333334 0.0))
    (2.684671167791948 (0.303 -0.009333333333333334 0.0))
    (2.685671417854464 (0.303 -0.009333333333333334 0.0))
    (2.6866716679169795 (0.303 -0.009333333333333334 0.0))
    (2.687671917979495 (0.303 -0.009333333333333334 0.0))
    (2.688672168042011 (0.303 -0.009333333333333334 0.0))
    (2.6896724181045264 (0.303 -0.009333333333333334 0.0))
    (2.690672668167042 (0.303 -0.009333333333333334 0.0))
    (2.691672918229558 (0.303 -0.009333333333333334 0.0))
    (2.6926731682920733 (0.303 -0.009333333333333334 0.0))
    (2.6936734183545887 (0.303 -0.009333333333333334 0.0))
    (2.6946736684171047 (0.303 -0.009333333333333334 0.0))
    (2.69567391847962 (0.303 -0.009333333333333334 0.0))
    (2.6966741685421356 (0.303 -0.009333333333333334 0.0))
    (2.6976744186046515 (0.303 -0.009333333333333334 0.0))
    (2.698674668667167 (0.303 -0.009333333333333334 0.0))
    (2.699674918729683 (0.303 -0.009333333333333334 0.0))
    (2.7006751687921984 (0.303 -0.009333333333333334 0.0))
    (2.701675418854714 (0.303 -0.009333333333333334 0.0))
    (2.7026756689172298 (0.303 -0.009333333333333334 0.0))
    (2.7036759189797452 (0.303 -0.009333333333333334 0.0))
    (2.7046761690422607 (0.303 -0.009333333333333334 0.0))
    (2.7056764191047766 (0.303 -0.009333333333333334 0.0))
    (2.706676669167292 (0.303 -0.009333333333333334 0.0))
    (2.7076769192298076 (0.303 -0.009333333333333334 0.0))
    (2.7086771692923235 (0.303 -0.009333333333333334 0.0))
    (2.709677419354839 (0.303 -0.009333333333333334 0.0))
    (2.7106776694173544 (0.303 -0.009333333333333334 0.0))
    (2.7116779194798704 (0.303 -0.009333333333333334 0.0))
    (2.712678169542386 (0.303 -0.009333333333333334 0.0))
    (2.7136784196049013 (0.303 -0.009333333333333334 0.0))
    (2.714678669667417 (0.303 -0.009333333333333334 0.0))
    (2.7156789197299327 (0.303 -0.009333333333333334 0.0))
    (2.7166791697924486 (0.303 -0.009333333333333334 0.0))
    (2.717679419854964 (0.303 -0.009333333333333334 0.0))
    (2.7186796699174796 (0.303 -0.009333333333333334 0.0))
    (2.7196799199799955 (0.303 -0.009333333333333334 0.0))
    (2.720680170042511 (0.303 -0.009333333333333334 0.0))
    (2.7216804201050264 (0.303 -0.009333333333333334 0.0))
    (2.7226806701675423 (0.303 -0.009333333333333334 0.0))
    (2.723680920230058 (0.303 -0.009333333333333334 0.0))
    (2.7246811702925733 (0.303 -0.009333333333333334 0.0))
    (2.725681420355089 (0.303 -0.009333333333333334 0.0))
    (2.7266816704176047 (0.303 -0.009333333333333334 0.0))
    (2.72768192048012 (0.303 -0.009333333333333334 0.0))
    (2.728682170542636 (0.303 -0.009333333333333334 0.0))
    (2.7296824206051515 (0.303 -0.009333333333333334 0.0))
    (2.730682670667667 (0.303 -0.009333333333333334 0.0))
    (2.731682920730183 (0.303 -0.009333333333333334 0.0))
    (2.7326831707926984 (0.303 -0.009333333333333334 0.0))
    (2.733683420855214 (0.303 -0.009333333333333334 0.0))
    (2.73468367091773 (0.303 -0.009333333333333334 0.0))
    (2.7356839209802453 (0.303 -0.009333333333333334 0.0))
    (2.736684171042761 (0.303 -0.009333333333333334 0.0))
    (2.7376844211052767 (0.303 -0.009333333333333334 0.0))
    (2.738684671167792 (0.303 -0.009333333333333334 0.0))
    (2.739684921230308 (0.303 -0.009333333333333334 0.0))
    (2.7406851712928235 (0.303 -0.009333333333333334 0.0))
    (2.741685421355339 (0.303 -0.009333333333333334 0.0))
    (2.742685671417855 (0.303 -0.009333333333333334 0.0))
    (2.7436859214803704 (0.303 -0.009333333333333334 0.0))
    (2.744686171542886 (0.303 -0.009333333333333334 0.0))
    (2.7456864216054018 (0.303 -0.009333333333333334 0.0))
    (2.7466866716679172 (0.303 -0.009333333333333334 0.0))
    (2.7476869217304327 (0.303 -0.009333333333333334 0.0))
    (2.7486871717929486 (0.303 -0.009333333333333334 0.0))
    (2.749687421855464 (0.303 -0.009333333333333334 0.0))
    (2.7506876719179796 (0.303 -0.009333333333333334 0.0))
    (2.7516879219804955 (0.303 -0.009333333333333334 0.0))
    (2.752688172043011 (0.303 -0.009333333333333334 0.0))
    (2.753688422105527 (0.303 -0.009333333333333334 0.0))
    (2.7546886721680424 (0.303 -0.009333333333333334 0.0))
    (2.755688922230558 (0.303 -0.009333333333333334 0.0))
    (2.7566891722930738 (0.303 -0.009333333333333334 0.0))
    (2.7576894223555892 (0.303 -0.009333333333333334 0.0))
    (2.7586896724181047 (0.303 -0.009333333333333334 0.0))
    (2.7596899224806206 (0.303 -0.009333333333333334 0.0))
    (2.760690172543136 (0.303 -0.009333333333333334 0.0))
    (2.7616904226056516 (0.303 -0.009333333333333334 0.0))
    (2.7626906726681675 (0.303 -0.009333333333333334 0.0))
    (2.763690922730683 (0.303 -0.009333333333333334 0.0))
    (2.7646911727931984 (0.303 -0.009333333333333334 0.0))
    (2.7656914228557143 (0.303 -0.009333333333333334 0.0))
    (2.76669167291823 (0.303 -0.009333333333333334 0.0))
    (2.7676919229807453 (0.303 -0.009333333333333334 0.0))
    (2.768692173043261 (0.303 -0.009333333333333334 0.0))
    (2.7696924231057767 (0.303 -0.009333333333333334 0.0))
    (2.770692673168292 (0.303 -0.009333333333333334 0.0))
    (2.771692923230808 (0.303 -0.009333333333333334 0.0))
    (2.7726931732933235 (0.303 -0.009333333333333334 0.0))
    (2.7736934233558395 (0.303 -0.009333333333333334 0.0))
    (2.774693673418355 (0.303 -0.009333333333333334 0.0))
    (2.7756939234808704 (0.303 -0.009333333333333334 0.0))
    (2.7766941735433863 (0.303 -0.009333333333333334 0.0))
    (2.777694423605902 (0.303 -0.009333333333333334 0.0))
    (2.7786946736684173 (0.303 -0.009333333333333334 0.0))
    (2.779694923730933 (0.303 -0.009333333333333334 0.0))
    (2.7806951737934487 (0.303 -0.009333333333333334 0.0))
    (2.781695423855964 (0.303 -0.009333333333333334 0.0))
    (2.78269567391848 (0.303 -0.009333333333333334 0.0))
    (2.7836959239809955 (0.303 -0.009333333333333334 0.0))
    (2.784696174043511 (0.303 -0.009333333333333334 0.0))
    (2.785696424106027 (0.303 -0.009333333333333334 0.0))
    (2.7866966741685424 (0.303 -0.009333333333333334 0.0))
    (2.787696924231058 (0.303 -0.009333333333333334 0.0))
    (2.7886971742935738 (0.303 -0.009333333333333334 0.0))
    (2.7896974243560893 (0.303 -0.009333333333333334 0.0))
    (2.7906976744186047 (0.303 -0.009333333333333334 0.0))
    (2.7916979244811206 (0.303 -0.009333333333333334 0.0))
    (2.792698174543636 (0.303 -0.009333333333333334 0.0))
    (2.793698424606152 (0.303 -0.009333333333333334 0.0))
    (2.7946986746686675 (0.303 -0.009333333333333334 0.0))
    (2.795698924731183 (0.303 -0.009333333333333334 0.0))
    (2.796699174793699 (0.303 -0.009333333333333334 0.0))
    (2.7976994248562144 (0.303 -0.009333333333333334 0.0))
    (2.79869967491873 (0.303 -0.009333333333333334 0.0))
    (2.7996999249812458 (0.303 -0.009333333333333334 0.0))
    (2.8007001750437612 (0.303 -0.009333333333333334 0.0))
    (2.8017004251062767 (0.303 -0.009333333333333334 0.0))
    (2.8027006751687926 (0.303 -0.009333333333333334 0.0))
    (2.803700925231308 (0.303 -0.009333333333333334 0.0))
    (2.8047011752938236 (0.303 -0.009333333333333334 0.0))
    (2.8057014253563395 (0.303 -0.009333333333333334 0.0))
    (2.806701675418855 (0.303 -0.009333333333333334 0.0))
    (2.8077019254813704 (0.303 -0.009333333333333334 0.0))
    (2.8087021755438863 (0.303 -0.009333333333333334 0.0))
    (2.809702425606402 (0.303 -0.009333333333333334 0.0))
    (2.8107026756689177 (0.303 -0.009333333333333334 0.0))
    (2.811702925731433 (0.303 -0.009333333333333334 0.0))
    (2.8127031757939487 (0.303 -0.009333333333333334 0.0))
    (2.8137034258564646 (0.303 -0.009333333333333334 0.0))
    (2.81470367591898 (0.303 -0.009333333333333334 0.0))
    (2.8157039259814955 (0.303 -0.009333333333333334 0.0))
    (2.8167041760440115 (0.303 -0.009333333333333334 0.0))
    (2.817704426106527 (0.303 -0.009333333333333334 0.0))
    (2.8187046761690424 (0.303 -0.009333333333333334 0.0))
    (2.8197049262315583 (0.303 -0.009333333333333334 0.0))
    (2.820705176294074 (0.303 -0.009333333333333334 0.0))
    (2.8217054263565893 (0.303 -0.009333333333333334 0.0))
    (2.822705676419105 (0.303 -0.009333333333333334 0.0))
    (2.8237059264816207 (0.303 -0.009333333333333334 0.0))
    (2.824706176544136 (0.303 -0.009333333333333334 0.0))
    (2.825706426606652 (0.303 -0.009333333333333334 0.0))
    (2.8267066766691675 (0.303 -0.009333333333333334 0.0))
    (2.827706926731683 (0.303 -0.009333333333333334 0.0))
    (2.828707176794199 (0.303 -0.009333333333333334 0.0))
    (2.8297074268567144 (0.303 -0.009333333333333334 0.0))
    (2.8307076769192303 (0.303 -0.009333333333333334 0.0))
    (2.831707926981746 (0.303 -0.009333333333333334 0.0))
    (2.8327081770442613 (0.303 -0.009333333333333334 0.0))
    (2.833708427106777 (0.303 -0.009392763398274946 0.0))
    (2.8347086771692926 (0.303 -0.009462586714193226 0.0))
    (2.835708927231808 (0.303 -0.009532395848932078 0.0))
    (2.836709177294324 (0.303 -0.009602183143304193 0.0))
    (2.8377094273568395 (0.303 -0.009671940940518358 0.0))
    (2.838709677419355 (0.303 -0.009741661587019747 0.0))
    (2.839709927481871 (0.303 -0.009811337433329634 0.0))
    (2.8407101775443864 (0.303 -0.009880960834884456 0.0))
    (2.841710427606902 (0.303 -0.009950524152874755 0.0))
    (2.8427106776694178 (0.303 -0.010020019755083282 0.0))
    (2.8437109277319332 (0.303 -0.010089440016722155 0.0))
    (2.8447111777944487 (0.303 -0.010158777321269642 0.0))
    (2.8457114278569646 (0.303 -0.010228024061305808 0.0))
    (2.84671167791948 (0.303 -0.010297172639346966 0.0))
    (2.847711927981996 (0.303 -0.010366215468679501 0.0))
    (2.8487121780445115 (0.303 -0.010435144974192014 0.0))
    (2.849712428107027 (0.303 -0.010503953593206702 0.0))
    (2.850712678169543 (0.303 -0.010572633776308883 0.0))
    (2.8517129282320584 (0.303 -0.0106411779881753 0.0))
    (2.852713178294574 (0.303 -0.010709578708401071 0.0))
    (2.8537134283570897 (0.303 -0.01077782843232459 0.0))
    (2.854713678419605 (0.303 -0.010845919671850909 0.0))
    (2.8557139284821207 (0.303 -0.01091384495627351 0.0))
    (2.8567141785446366 (0.303 -0.010981596833093764 0.0))
    (2.857714428607152 (0.303 -0.011049167868838571 0.0))
    (2.8587146786696676 (0.303 -0.011116550649876157 0.0))
    (2.8597149287321835 (0.303 -0.011183737783229255 0.0))
    (2.860715178794699 (0.303 -0.011250721897386231 0.0))
    (2.8617154288572144 (0.303 -0.011317495643110069 0.0))
    (2.8627156789197303 (0.303 -0.011384051694244491 0.0))
    (2.863715928982246 (0.303 -0.01145038274851776 0.0))
    (2.8647161790447613 (0.303 -0.011516481528344051 0.0))
    (2.865716429107277 (0.303 -0.01158234078162173 0.0))
    (2.8667166791697927 (0.303 -0.01164795328252901 0.0))
    (2.8677169292323086 (0.303 -0.011713311832316983 0.0))
    (2.868717179294824 (0.303 -0.01177840926009911 0.0))
    (2.8697174293573395 (0.303 -0.011843238423638217 0.0))
    (2.8707176794198555 (0.303 -0.0119077922101301 0.0))
    (2.871717929482371 (0.303 -0.01197206353698373 0.0))
    (2.8727181795448864 (0.303 -0.01203604535259852 0.0))
    (2.8737184296074023 (0.303 -0.012099730637137996 0.0))
    (2.874718679669918 (0.303 -0.012163112403299791 0.0))
    (2.8757189297324333 (0.303 -0.012226183697082465 0.0))
    (2.876719179794949 (0.303 -0.012288937598548464 0.0))
    (2.8777194298574647 (0.303 -0.012351367222583162 0.0))
    (2.87871967991998 (0.303 -0.012413465719650456 0.0))
    (2.879719929982496 (0.303 -0.012475226276544274 0.0))
    (2.8807201800450115 (0.303 -0.0125366421171359 0.0))
    (2.881720430107527 (0.303 -0.01259770650311762 0.0))
    (2.882720680170043 (0.303 -0.012658412734742016 0.0))
    (2.8837209302325584 (0.303 -0.01271875415155685 0.0))
    (2.884721180295074 (0.303 -0.012778724133136014 0.0))
    (2.8857214303575898 (0.303 -0.012838316099805893 0.0))
    (2.8867216804201052 (0.303 -0.012897523513367079 0.0))
    (2.887721930482621 (0.303 -0.012956339877811942 0.0))
    (2.8887221805451366 (0.303 -0.013014758740037139 0.0))
    (2.889722430607652 (0.303 -0.013072773690551851 0.0))
    (2.890722680670168 (0.303 -0.013130378364180828 0.0))
    (2.8917229307326835 (0.303 -0.01318756644076274 0.0))
    (2.892723180795199 (0.303 -0.013244331645843793 0.0))
    (2.893723430857715 (0.303 -0.013300667751365954 0.0))
    (2.8947236809202304 (0.303 -0.013356568576350269 0.0))
    (2.895723930982746 (0.303 -0.013412027987575192 0.0))
    (2.8967241810452617 (0.303 -0.013467039900249321 0.0))
    (2.897724431107777 (0.303 -0.013521598278679008 0.0))
    (2.8987246811702927 (0.303 -0.013575697136930732 0.0))
    (2.8997249312328086 (0.303 -0.013629330539487682 0.0))
    (2.900725181295324 (0.303 -0.013682492601900995 0.0))
    (2.9017254313578396 (0.303 -0.013735177491435522 0.0))
    (2.9027256814203555 (0.303 -0.013787379427709617 0.0))
    (2.903725931482871 (0.303 -0.013839092683329338 0.0))
    (2.904726181545387 (0.303 -0.013890311584517014 0.0))
    (2.9057264316079023 (0.303 -0.0139410305117335 0.0))
    (2.906726681670418 (0.303 -0.013991243900294905 0.0))
    (2.9077269317329337 (0.303 -0.014040946240983138 0.0))
    (2.908727181795449 (0.303 -0.014090132080650183 0.0))
    (2.9097274318579647 (0.303 -0.014138796022816574 0.0))
    (2.9107276819204806 (0.303 -0.014186932728263452 0.0))
    (2.911727931982996 (0.303 -0.014234536915618237 0.0))
    (2.9127281820455115 (0.303 -0.014281603361934209 0.0))
    (2.9137284321080275 (0.303 -0.014328126903263561 0.0))
    (2.914728682170543 (0.303 -0.014374102435223815 0.0))
    (2.9157289322330584 (0.303 -0.014419524913558008 0.0))
    (2.9167291822955743 (0.303 -0.014464389354688115 0.0))
    (2.91772943235809 (0.303 -0.014508690836261698 0.0))
    (2.9187296824206053 (0.303 -0.014552424497692104 0.0))
    (2.919729932483121 (0.303 -0.014595585540691746 0.0))
    (2.9207301825456367 (0.303 -0.014638169229798416 0.0))
    (2.921730432608152 (0.303 -0.014680170892895007 0.0))
    (2.922730682670668 (0.303 -0.014721585921722017 0.0))
    (2.9237309327331835 (0.303 -0.01476240977238319 0.0))
    (2.9247311827956994 (0.303 -0.014802637965844051 0.0))
    (2.925731432858215 (0.303 -0.014842266088423275 0.0))
    (2.9267316829207304 (0.303 -0.014881289792277066 0.0))
    (2.9277319329832463 (0.303 -0.014919704795876055 0.0))
    (2.9287321830457618 (0.303 -0.014957506884475072 0.0))
    (2.9297324331082772 (0.303 -0.014994691910575682 0.0))
    (2.930732683170793 (0.303 -0.015031255794381108 0.0))
    (2.9317329332333086 (0.303 -0.015067194524243863 0.0))
    (2.932733183295824 (0.303 -0.015102504157105998 0.0))
    (2.93373343335834 (0.303 -0.015137180818931603 0.0))
    (2.9347336834208555 (0.303 -0.01517122070513187 0.0))
    (2.935733933483371 (0.303 -0.015204620080982603 0.0))
    (2.936734183545887 (0.303 -0.015237375282033883 0.0))
    (2.9377344336084024 (0.303 -0.01526948271451212 0.0))
    (2.938734683670918 (0.303 -0.01530093885571444 0.0))
    (2.9397349337334338 (0.303 -0.015331740254395092 0.0))
    (2.9407351837959492 (0.303 -0.0153618835311441 0.0))
    (2.941735433858465 (0.303 -0.015391365378758147 0.0))
    (2.9427356839209806 (0.303 -0.015420182562603281 0.0))
    (2.943735933983496 (0.303 -0.01544833192096992 0.0))
    (2.944736184046012 (0.303 -0.015475810365419692 0.0))
    (2.9457364341085275 (0.303 -0.0155026148811243 0.0))
    (2.946736684171043 (0.303 -0.015528742527196285 0.0))
    (2.947736934233559 (0.303 -0.01555419043701171 0.0))
    (2.9487371842960743 (0.303 -0.015578955818524656 0.0))
    (2.94973743435859 (0.303 -0.015603035954573557 0.0))
    (2.9507376844211057 (0.303 -0.015626428203179325 0.0))
    (2.951737934483621 (0.303 -0.01564912999783522 0.0))
    (2.9527381845461367 (0.303 -0.01567113884778841 0.0))
    (2.9537384346086526 (0.303 -0.01569245233831329 0.0))
    (2.954738684671168 (0.303 -0.015713068130976376 0.0))
    (2.9557389347336835 (0.303 -0.0157329839638929 0.0))
    (2.9567391847961995 (0.303 -0.015752197651974945 0.0))
    (2.957739434858715 (0.303 -0.015770707087171217 0.0))
    (2.9587396849212304 (0.303 -0.01578851023869831 0.0))
    (2.9597399349837463 (0.303 -0.015805605153263513 0.0))
    (2.960740185046262 (0.303 -0.015821989955279142 0.0))
    (2.9617404351087777 (0.303 -0.015837662847068296 0.0))
    (2.962740685171293 (0.303 -0.0158526221090621 0.0))
    (2.9637409352338087 (0.303 -0.01586686609998837 0.0))
    (2.9647411852963246 (0.303 -0.01588039325705171 0.0))
    (2.96574143535884 (0.303 -0.01589320209610492 0.0))
    (2.9667416854213555 (0.303 -0.015905291211811886 0.0))
    (2.9677419354838714 (0.303 -0.015916659277801753 0.0))
    (2.968742185546387 (0.303 -0.015927305046814416 0.0))
    (2.9697424356089024 (0.303 -0.015937227350837416 0.0))
    (2.9707426856714183 (0.303 -0.015946425101234063 0.0))
    (2.9717429357339338 (0.303 -0.01595489728886286 0.0))
    (2.9727431857964493 (0.303 -0.015962642984188265 0.0))
    (2.973743435858965 (0.303 -0.015969661337382646 0.0))
    (2.9747436859214806 (0.303 -0.015975951578419512 0.0))
    (2.975743935983996 (0.303 -0.015981513017158035 0.0))
    (2.976744186046512 (0.303 -0.015986345043418733 0.0))
    (2.9777444361090275 (0.303 -0.01599044712705043 0.0))
    (2.978744686171543 (0.303 -0.015993818817988434 0.0))
    (2.979744936234059 (0.303 -0.015996459746303898 0.0))
    (2.9807451862965744 (0.303 -0.015998369622244414 0.0))
    (2.9817454363590903 (0.303 -0.0159995482362658 0.0))
    (2.9827456864216058 (0.303 -0.015999995459055106 0.0))
    (2.9837459364841212 (0.303 -0.015999711241544777 0.0))
    (2.984746186546637 (0.303 -0.01599869561491806 0.0))
    (2.9857464366091526 (0.303 -0.015996948690605566 0.0))
    (2.986746686671668 (0.303 -0.01599447066027305 0.0))
    (2.987746936734184 (0.303 -0.015991261795800387 0.0))
    (2.9887471867966995 (0.303 -0.015987322449251738 0.0))
    (2.989747436859215 (0.303 -0.015982653052836915 0.0))
    (2.990747686921731 (0.303 -0.01597725411886397 0.0))
    (2.9917479369842463 (0.303 -0.015971126239683005 0.0))
    (2.992748187046762 (0.303 -0.015964270087621128 0.0))
    (2.9937484371092777 (0.303 -0.015956686414908747 0.0))
    (2.994748687171793 (0.303 -0.01594837605359701 0.0))
    (2.9957489372343087 (0.303 -0.015939339915466505 0.0))
    (2.9967491872968246 (0.303 -0.01592957899192724 0.0))
    (2.99774943735934 (0.303 -0.01591909435390989 0.0))
    (2.998749687421856 (0.303 -0.015907887151748235 0.0))
    (2.9997499374843715 (0.303 -0.015895958615053014 0.0))
    (3.000750187546887 (0.303 -0.015883310052576996 0.0))
    (3.001750437609403 (0.303 -0.015869942852071356 0.0))
    (3.0027506876719183 (0.303 -0.015855858480133482 0.0))
    (3.003750937734434 (0.303 -0.01584105848204601 0.0))
    (3.0047511877969497 (0.303 -0.015825544481607286 0.0))
    (3.005751437859465 (0.303 -0.015809318180953255 0.0))
    (3.0067516879219807 (0.303 -0.01579238136037066 0.0))
    (3.0077519379844966 (0.303 -0.01577473587810172 0.0))
    (3.008752188047012 (0.303 -0.015756383670140296 0.0))
    (3.0097524381095275 (0.303 -0.015737326750019435 0.0))
    (3.0107526881720434 (0.303 -0.015717567208590445 0.0))
    (3.011752938234559 (0.303 -0.015697107213793554 0.0))
    (3.0127531882970744 (0.303 -0.015675949010420007 0.0))
    (3.0137534383595903 (0.303 -0.015654094919865753 0.0))
    (3.014753688422106 (0.303 -0.015631547339876827 0.0))
    (3.0157539384846213 (0.303 -0.015608308744286214 0.0))
    (3.016754188547137 (0.303 -0.015584381682742428 0.0))
    (3.0177544386096526 (0.303 -0.01555976878042984 0.0))
    (3.0187546886721686 (0.303 -0.015534472737780566 0.0))
    (3.019754938734684 (0.303 -0.015508496330178277 0.0))
    (3.0207551887971995 (0.303 -0.015481842407653594 0.0))
    (3.0217554388597154 (0.303 -0.015454513894571469 0.0))
    (3.022755688922231 (0.303 -0.015426513789310339 0.0))
    (3.0237559389847464 (0.303 -0.015397845163933076 0.0))
    (3.0247561890472623 (0.303 -0.015368511163850017 0.0))
    (3.0257564391097778 (0.303 -0.015338515007473852 0.0))
    (3.0267566891722932 (0.303 -0.015307859985866434 0.0))
    (3.027756939234809 (0.303 -0.015276549462377782 0.0))
    (3.0287571892973246 (0.303 -0.015244586872277071 0.0))
    (3.02975743935984 (0.303 -0.015211975722375629 0.0))
    (3.030757689422356 (0.303 -0.015178719590642282 0.0))
    (3.0317579394848715 (0.303 -0.015144822125810791 0.0))
    (3.032758189547387 (0.303 -0.01511028704697943 0.0))
    (3.033758439609903 (0.303 -0.015075118143203045 0.0))
    (3.0347586896724184 (0.303 -0.015039319273077324 0.0))
    (3.0357589397349343 (0.303 -0.015002894364315334 0.0))
    (3.0367591897974497 (0.303 -0.014965847413316769 0.0))
    (3.037759439859965 (0.303 -0.014928182484729333 0.0))
    (3.038759689922481 (0.303 -0.014889903711002801 0.0))
    (3.0397599399849966 (0.303 -0.014851015291935733 0.0))
    (3.040760190047512 (0.303 -0.014811521494214566 0.0))
    (3.041760440110028 (0.303 -0.014771426650945503 0.0))
    (3.0427606901725435 (0.303 -0.0147307351611792 0.0))
    (3.043760940235059 (0.303 -0.014689451489428025 0.0))
    (3.044761190297575 (0.303 -0.014647580165176203 0.0))
    (3.0457614403600903 (0.303 -0.014605125782382997 0.0))
    (3.046761690422606 (0.303 -0.014562092998978555 0.0))
    (3.0477619404851217 (0.303 -0.014518486536352843 0.0))
    (3.048762190547637 (0.303 -0.014474311178837782 0.0))
    (3.0497624406101527 (0.303 -0.01442957177318218 0.0))
    (3.0507626906726686 (0.303 -0.014384273228019977 0.0))
    (3.051762940735184 (0.303 -0.014338420513331826 0.0))
    (3.0527631907976995 (0.303 -0.014292018659899652 0.0))
    (3.0537634408602155 (0.303 -0.01424507275875472 0.0))
    (3.054763690922731 (0.303 -0.014197587960619179 0.0))
    (3.055763940985247 (0.303 -0.014149569475340795 0.0))
    (3.0567641910477623 (0.303 -0.014101022571321495 0.0))
    (3.057764441110278 (0.303 -0.01405195257493916 0.0))
    (3.0587646911727937 (0.303 -0.014002364869963386 0.0))
    (3.059764941235309 (0.303 -0.013952264896964797 0.0))
    (3.0607651912978247 (0.303 -0.013901658152717974 0.0))
    (3.0617654413603406 (0.303 -0.013850550189598528 0.0))
    (3.062765691422856 (0.303 -0.013798946614973908 0.0))
    (3.0637659414853715 (0.303 -0.01374685309058803 0.0))
    (3.0647661915478874 (0.303 -0.013694275331940248 0.0))
    (3.065766441610403 (0.303 -0.013641219107658281 0.0))
    (3.0667666916729184 (0.303 -0.013587690238865125 0.0))
    (3.0677669417354343 (0.303 -0.013533694598540553 0.0))
    (3.0687671917979498 (0.303 -0.013479238110876757 0.0))
    (3.0697674418604652 (0.303 -0.013424326750628202 0.0))
    (3.070767691922981 (0.303 -0.013368966542456256 0.0))
    (3.0717679419854966 (0.303 -0.013313163560268204 0.0))
    (3.072768192048012 (0.303 -0.01325692392655066 0.0))
    (3.073768442110528 (0.303 -0.01320025381169801 0.0))
    (3.0747686921730435 (0.303 -0.013143159433335409 0.0))
    (3.0757689422355594 (0.303 -0.013085647055636434 0.0))
    (3.076769192298075 (0.303 -0.013027722988636057 0.0))
    (3.0777694423605904 (0.303 -0.012969393587538144 0.0))
    (3.0787696924231063 (0.303 -0.01291066525201819 0.0))
    (3.0797699424856217 (0.303 -0.012851544425521338 0.0))
    (3.080770192548137 (0.303 -0.012792037594555267 0.0))
    (3.081770442610653 (0.303 -0.012732151287978504 0.0))
    (3.0827706926731686 (0.303 -0.01267189207628429 0.0))
    (3.083770942735684 (0.303 -0.012611266570879506 0.0))
    (3.0847711927982 (0.303 -0.012550281423359297 0.0))
    (3.0857714428607155 (0.303 -0.012488943324777468 0.0))
    (3.086771692923231 (0.303 -0.012427259004912185 0.0))
    (3.087771942985747 (0.303 -0.012365235231527603 0.0))
    (3.0887721930482623 (0.303 -0.012302878809631532 0.0))
    (3.089772443110778 (0.303 -0.01224019658072862 0.0))
    (3.0907726931732937 (0.303 -0.012177195422069728 0.0))
    (3.091772943235809 (0.303 -0.012113882245897583 0.0))
    (3.092773193298325 (0.303 -0.012050263998688159 0.0))
    (3.0937734433608406 (0.303 -0.011986347660388745 0.0))
    (3.094773693423356 (0.303 -0.011922140243651895 0.0))
    (3.095773943485872 (0.303 -0.011857648793066231 0.0))
    (3.0967741935483875 (0.303 -0.011792880384383527 0.0))
    (3.097774443610903 (0.303 -0.0117278421237422 0.0))
    (3.098774693673419 (0.303 -0.01166254114688783 0.0))
    (3.0997749437359343 (0.303 -0.011596984618390283 0.0))
    (3.10077519379845 (0.303 -0.011531179730857415 0.0))
    (3.1017754438609657 (0.303 -0.011465133704146141 0.0))
    (3.102775693923481 (0.303 -0.0113988537845703 0.0))
    (3.1037759439859967 (0.303 -0.011332347244105414 0.0))
    (3.1047761940485126 (0.303 -0.011265621379591034 0.0))
    (3.105776444111028 (0.303 -0.011198683511930168 0.0))
    (3.1067766941735435 (0.303 -0.011131540985285841 0.0))
    (3.1077769442360594 (0.303 -0.011064201166275548 0.0))
    (3.108777194298575 (0.303 -0.010996671443162995 0.0))
    (3.1097774443610904 (0.303 -0.0109289592250473 0.0))
    (3.1107776944236063 (0.303 -0.010861071941050284 0.0))
    (3.1117779444861218 (0.303 -0.010793017039501397 0.0))
    (3.1127781945486377 (0.303 -0.010724801987120267 0.0))
    (3.113778444611153 (0.303 -0.010656434268197812 0.0))
    (3.1147786946736686 (0.303 -0.010587921383774868 0.0))
    (3.1157789447361846 (0.303 -0.01051927085081919 0.0))
    (3.1167791947987 (0.303 -0.010450490201400936 0.0))
    (3.1177794448612155 (0.303 -0.010381586981866047 0.0))
    (3.1187796949237314 (0.303 -0.010312568752008405 0.0))
    (3.119779944986247 (0.303 -0.010243443084240375 0.0))
    (3.1207801950487624 (0.303 -0.010174217562761994 0.0))
    (3.1217804451112783 (0.303 -0.010104899782728865 0.0))
    (3.1227806951737938 (0.303 -0.010035497349418833 0.0))
    (3.1237809452363092 (0.303 -0.00996601787739758 0.0))
    (3.124781195298825 (0.303 -0.009896468989683172 0.0))
    (3.1257814453613406 (0.303 -0.009826858316909699 0.0))
    (3.126781695423856 (0.303 -0.009757193496490063 0.0))
    (3.127781945486372 (0.303 -0.00968748217177804 0.0))
    (3.1287821955488875 (0.303 -0.009617731991229676 0.0))
    (3.1297824456114034 (0.303 -0.009547950607564101 0.0))
    (3.130782695673919 (0.303 -0.00947814567692403 0.0))
    (3.1317829457364343 (0.303 -0.009408324858035515 0.0))
    (3.1327831957989503 (0.303 -0.009338495811367878 0.0))
    (3.1337834458614657 (0.303 -0.009333333333333334 0.0))
    (3.134783695923981 (0.303 -0.009333333333333334 0.0))
    (3.135783945986497 (0.303 -0.009333333333333334 0.0))
    (3.1367841960490126 (0.303 -0.009333333333333334 0.0))
    (3.137784446111528 (0.303 -0.009333333333333334 0.0))
    (3.138784696174044 (0.303 -0.009333333333333334 0.0))
    (3.1397849462365595 (0.303 -0.009333333333333334 0.0))
    (3.140785196299075 (0.303 -0.009333333333333334 0.0))
    (3.141785446361591 (0.303 -0.009333333333333334 0.0))
    (3.1427856964241063 (0.303 -0.009333333333333334 0.0))
    (3.143785946486622 (0.303 -0.009333333333333334 0.0))
    (3.1447861965491377 (0.303 -0.009333333333333334 0.0))
    (3.145786446611653 (0.303 -0.009333333333333334 0.0))
    (3.1467866966741687 (0.303 -0.009333333333333334 0.0))
    (3.1477869467366846 (0.303 -0.009333333333333334 0.0))
    (3.1487871967992 (0.303 -0.009333333333333334 0.0))
    (3.149787446861716 (0.303 -0.009333333333333334 0.0))
    (3.1507876969242314 (0.303 -0.009333333333333334 0.0))
    (3.151787946986747 (0.303 -0.009333333333333334 0.0))
    (3.152788197049263 (0.303 -0.009333333333333334 0.0))
    (3.1537884471117783 (0.303 -0.009333333333333334 0.0))
    (3.1547886971742938 (0.303 -0.009333333333333334 0.0))
    (3.1557889472368097 (0.303 -0.009333333333333334 0.0))
    (3.156789197299325 (0.303 -0.009333333333333334 0.0))
    (3.1577894473618406 (0.303 -0.009333333333333334 0.0))
    (3.1587896974243566 (0.303 -0.009333333333333334 0.0))
    (3.159789947486872 (0.303 -0.009333333333333334 0.0))
    (3.1607901975493875 (0.303 -0.009333333333333334 0.0))
    (3.1617904476119034 (0.303 -0.009333333333333334 0.0))
    (3.162790697674419 (0.303 -0.009333333333333334 0.0))
    (3.1637909477369344 (0.303 -0.009333333333333334 0.0))
    (3.1647911977994503 (0.303 -0.009333333333333334 0.0))
    (3.1657914478619658 (0.303 -0.009333333333333334 0.0))
    (3.1667916979244817 (0.303 -0.009333333333333334 0.0))
    (3.167791947986997 (0.303 -0.009333333333333334 0.0))
    (3.1687921980495126 (0.303 -0.009333333333333334 0.0))
    (3.1697924481120285 (0.303 -0.009333333333333334 0.0))
    (3.170792698174544 (0.303 -0.009333333333333334 0.0))
    (3.1717929482370595 (0.303 -0.009333333333333334 0.0))
    (3.1727931982995754 (0.303 -0.009333333333333334 0.0))
    (3.173793448362091 (0.303 -0.009333333333333334 0.0))
    (3.1747936984246063 (0.303 -0.009333333333333334 0.0))
    (3.1757939484871223 (0.303 -0.009333333333333334 0.0))
    (3.1767941985496377 (0.303 -0.009333333333333334 0.0))
    (3.177794448612153 (0.303 -0.009333333333333334 0.0))
    (3.178794698674669 (0.303 -0.009333333333333334 0.0))
    (3.1797949487371846 (0.303 -0.009333333333333334 0.0))
    (3.1807951987997 (0.303 -0.009333333333333334 0.0))
    (3.181795448862216 (0.303 -0.009333333333333334 0.0))
    (3.1827956989247315 (0.303 -0.009333333333333334 0.0))
    (3.183795948987247 (0.303 -0.009333333333333334 0.0))
    (3.184796199049763 (0.303 -0.009333333333333334 0.0))
    (3.1857964491122783 (0.303 -0.009333333333333334 0.0))
    (3.1867966991747942 (0.303 -0.009333333333333334 0.0))
    (3.1877969492373097 (0.303 -0.009333333333333334 0.0))
    (3.188797199299825 (0.303 -0.009333333333333334 0.0))
    (3.189797449362341 (0.303 -0.009333333333333334 0.0))
    (3.1907976994248566 (0.303 -0.009333333333333334 0.0))
    (3.191797949487372 (0.303 -0.009333333333333334 0.0))
    (3.192798199549888 (0.303 -0.009333333333333334 0.0))
    (3.1937984496124034 (0.303 -0.009333333333333334 0.0))
    (3.194798699674919 (0.303 -0.009333333333333334 0.0))
    (3.195798949737435 (0.303 -0.009333333333333334 0.0))
    (3.1967991997999503 (0.303 -0.009333333333333334 0.0))
    (3.197799449862466 (0.303 -0.009333333333333334 0.0))
    (3.1987996999249817 (0.303 -0.009333333333333334 0.0))
    (3.199799949987497 (0.303 -0.009333333333333334 0.0))
    (3.2008002000500126 (0.303 -0.009333333333333334 0.0))
    (3.2018004501125286 (0.303 -0.009333333333333334 0.0))
    (3.202800700175044 (0.303 -0.009333333333333334 0.0))
    (3.2038009502375595 (0.303 -0.009333333333333334 0.0))
    (3.2048012003000754 (0.303 -0.009333333333333334 0.0))
    (3.205801450362591 (0.303 -0.009333333333333334 0.0))
    (3.206801700425107 (0.303 -0.009333333333333334 0.0))
    (3.2078019504876223 (0.303 -0.009333333333333334 0.0))
    (3.2088022005501378 (0.303 -0.009333333333333334 0.0))
    (3.2098024506126537 (0.303 -0.009333333333333334 0.0))
    (3.210802700675169 (0.303 -0.009333333333333334 0.0))
    (3.2118029507376846 (0.303 -0.009333333333333334 0.0))
    (3.2128032008002005 (0.303 -0.009333333333333334 0.0))
    (3.213803450862716 (0.303 -0.009333333333333334 0.0))
    (3.2148037009252315 (0.303 -0.009333333333333334 0.0))
    (3.2158039509877474 (0.303 -0.009333333333333334 0.0))
    (3.216804201050263 (0.303 -0.009333333333333334 0.0))
    (3.2178044511127784 (0.303 -0.009333333333333334 0.0))
    (3.2188047011752943 (0.303 -0.009333333333333334 0.0))
    (3.2198049512378097 (0.303 -0.009333333333333334 0.0))
    (3.220805201300325 (0.303 -0.009333333333333334 0.0))
    (3.221805451362841 (0.303 -0.009333333333333334 0.0))
    (3.2228057014253566 (0.303 -0.009333333333333334 0.0))
    (3.2238059514878725 (0.303 -0.009333333333333334 0.0))
    (3.224806201550388 (0.303 -0.009333333333333334 0.0))
    (3.2258064516129035 (0.303 -0.009333333333333334 0.0))
    (3.2268067016754194 (0.303 -0.009333333333333334 0.0))
    (3.227806951737935 (0.303 -0.009333333333333334 0.0))
    (3.2288072018004503 (0.303 -0.009333333333333334 0.0))
    (3.2298074518629662 (0.303 -0.009333333333333334 0.0))
    (3.2308077019254817 (0.303 -0.009333333333333334 0.0))
    (3.231807951987997 (0.303 -0.009333333333333334 0.0))
    (3.232808202050513 (0.303 -0.009333333333333334 0.0))
    (3.2338084521130286 (0.303 -0.009333333333333334 0.0))
    (3.234808702175544 (0.303 -0.009333333333333334 0.0))
    (3.23580895223806 (0.303 -0.009333333333333334 0.0))
    (3.2368092023005754 (0.303 -0.009333333333333334 0.0))
    (3.237809452363091 (0.303 -0.009333333333333334 0.0))
    (3.238809702425607 (0.303 -0.009333333333333334 0.0))
    (3.2398099524881223 (0.303 -0.009333333333333334 0.0))
    (3.240810202550638 (0.303 -0.009333333333333334 0.0))
    (3.2418104526131537 (0.303 -0.009333333333333334 0.0))
    (3.242810702675669 (0.303 -0.009333333333333334 0.0))
    (3.243810952738185 (0.303 -0.009333333333333334 0.0))
    (3.2448112028007006 (0.303 -0.009333333333333334 0.0))
    (3.245811452863216 (0.303 -0.009333333333333334 0.0))
    (3.246811702925732 (0.303 -0.009333333333333334 0.0))
    (3.2478119529882474 (0.303 -0.009333333333333334 0.0))
    (3.248812203050763 (0.303 -0.009333333333333334 0.0))
    (3.249812453113279 (0.303 -0.009333333333333334 0.0))
    (3.2508127031757943 (0.303 -0.009333333333333334 0.0))
    (3.2518129532383098 (0.303 -0.009333333333333334 0.0))
    (3.2528132033008257 (0.303 -0.009333333333333334 0.0))
    (3.253813453363341 (0.303 -0.009333333333333334 0.0))
    (3.2548137034258566 (0.303 -0.009333333333333334 0.0))
    (3.2558139534883725 (0.303 -0.009333333333333334 0.0))
    (3.256814203550888 (0.303 -0.009333333333333334 0.0))
    (3.2578144536134035 (0.303 -0.009333333333333334 0.0))
    (3.2588147036759194 (0.303 -0.009333333333333334 0.0))
    (3.259814953738435 (0.303 -0.009333333333333334 0.0))
    (3.260815203800951 (0.303 -0.009333333333333334 0.0))
    (3.2618154538634663 (0.303 -0.009333333333333334 0.0))
    (3.2628157039259817 (0.303 -0.009333333333333334 0.0))
    (3.2638159539884977 (0.303 -0.009333333333333334 0.0))
    (3.264816204051013 (0.303 -0.009333333333333334 0.0))
    (3.2658164541135286 (0.303 -0.009333333333333334 0.0))
    (3.2668167041760445 (0.303 -0.009333333333333334 0.0))
    (3.26781695423856 (0.303 -0.009333333333333334 0.0))
    (3.2688172043010755 (0.303 -0.009333333333333334 0.0))
    (3.2698174543635914 (0.303 -0.009333333333333334 0.0))
    (3.270817704426107 (0.303 -0.009333333333333334 0.0))
    (3.2718179544886223 (0.303 -0.009333333333333334 0.0))
    (3.2728182045511383 (0.303 -0.009333333333333334 0.0))
    (3.2738184546136537 (0.303 -0.009333333333333334 0.0))
    (3.274818704676169 (0.303 -0.009333333333333334 0.0))
    (3.275818954738685 (0.303 -0.009333333333333334 0.0))
    (3.2768192048012006 (0.303 -0.009333333333333334 0.0))
    (3.277819454863716 (0.303 -0.009333333333333334 0.0))
    (3.278819704926232 (0.303 -0.009333333333333334 0.0))
    (3.2798199549887475 (0.303 -0.009333333333333334 0.0))
    (3.2808202050512634 (0.303 -0.009333333333333334 0.0))
    (3.281820455113779 (0.303 -0.009333333333333334 0.0))
    (3.2828207051762943 (0.303 -0.009333333333333334 0.0))
    (3.2838209552388102 (0.303 -0.009333333333333334 0.0))
    (3.2848212053013257 (0.303 -0.009333333333333334 0.0))
    (3.285821455363841 (0.303 -0.009333333333333334 0.0))
    (3.286821705426357 (0.303 -0.009333333333333334 0.0))
    (3.2878219554888726 (0.303 -0.009333333333333334 0.0))
    (3.288822205551388 (0.303 -0.009333333333333334 0.0))
    (3.289822455613904 (0.303 -0.009333333333333334 0.0))
    (3.2908227056764194 (0.303 -0.009333333333333334 0.0))
    (3.291822955738935 (0.303 -0.009333333333333334 0.0))
    (3.292823205801451 (0.303 -0.009333333333333334 0.0))
    (3.2938234558639663 (0.303 -0.009333333333333334 0.0))
    (3.2948237059264818 (0.303 -0.009333333333333334 0.0))
    (3.2958239559889977 (0.303 -0.009333333333333334 0.0))
    (3.296824206051513 (0.303 -0.009333333333333334 0.0))
    (3.2978244561140286 (0.303 -0.009333333333333334 0.0))
    (3.2988247061765446 (0.303 -0.009333333333333334 0.0))
    (3.29982495623906 (0.303 -0.009333333333333334 0.0))
    (3.300825206301576 (0.303 -0.009333333333333334 0.0))
    (3.3018254563640914 (0.303 -0.009333333333333334 0.0))
    (3.302825706426607 (0.303 -0.009333333333333334 0.0))
    (3.303825956489123 (0.303 -0.009333333333333334 0.0))
    (3.3048262065516383 (0.303 -0.009333333333333334 0.0))
    (3.3058264566141538 (0.303 -0.009333333333333334 0.0))
    (3.3068267066766697 (0.303 -0.009333333333333334 0.0))
    (3.307826956739185 (0.303 -0.009333333333333334 0.0))
    (3.3088272068017006 (0.303 -0.009333333333333334 0.0))
    (3.3098274568642165 (0.303 -0.009333333333333334 0.0))
    (3.310827706926732 (0.303 -0.009333333333333334 0.0))
    (3.3118279569892475 (0.303 -0.009333333333333334 0.0))
    (3.3128282070517634 (0.303 -0.009333333333333334 0.0))
    (3.313828457114279 (0.303 -0.009333333333333334 0.0))
    (3.3148287071767943 (0.303 -0.009333333333333334 0.0))
    (3.3158289572393103 (0.303 -0.009333333333333334 0.0))
    (3.3168292073018257 (0.303 -0.009333333333333334 0.0))
    (3.3178294573643416 (0.303 -0.009333333333333334 0.0))
    (3.318829707426857 (0.303 -0.009333333333333334 0.0))
    (3.3198299574893726 (0.303 -0.009333333333333334 0.0))
    (3.3208302075518885 (0.303 -0.009333333333333334 0.0))
    (3.321830457614404 (0.303 -0.009333333333333334 0.0))
    (3.3228307076769195 (0.303 -0.009333333333333334 0.0))
    (3.3238309577394354 (0.303 -0.009333333333333334 0.0))
    (3.324831207801951 (0.303 -0.009333333333333334 0.0))
    (3.3258314578644663 (0.303 -0.009333333333333334 0.0))
    (3.3268317079269822 (0.303 -0.009333333333333334 0.0))
    (3.3278319579894977 (0.303 -0.009333333333333334 0.0))
    (3.328832208052013 (0.303 -0.009333333333333334 0.0))
    (3.329832458114529 (0.303 -0.009333333333333334 0.0))
    (3.3308327081770446 (0.303 -0.009333333333333334 0.0))
    (3.33183295823956 (0.303 -0.009333333333333334 0.0))
    (3.332833208302076 (0.303 -0.009333333333333334 0.0))
    (3.3338334583645914 (0.303 -0.009333333333333334 0.0))
    (3.334833708427107 (0.303 -0.009333333333333334 0.0))
    (3.335833958489623 (0.303 -0.009333333333333334 0.0))
    (3.3368342085521383 (0.303 -0.009333333333333334 0.0))
    (3.337834458614654 (0.303 -0.009333333333333334 0.0))
    (3.3388347086771697 (0.303 -0.009333333333333334 0.0))
    (3.339834958739685 (0.303 -0.009333333333333334 0.0))
    (3.340835208802201 (0.303 -0.009333333333333334 0.0))
    (3.3418354588647166 (0.303 -0.009333333333333334 0.0))
    (3.342835708927232 (0.303 -0.009333333333333334 0.0))
    (3.343835958989748 (0.303 -0.009333333333333334 0.0))
    (3.3448362090522634 (0.303 -0.009333333333333334 0.0))
    (3.345836459114779 (0.303 -0.009333333333333334 0.0))
    (3.346836709177295 (0.303 -0.009333333333333334 0.0))
    (3.3478369592398103 (0.303 -0.009333333333333334 0.0))
    (3.3488372093023258 (0.303 -0.009333333333333334 0.0))
    (3.3498374593648417 (0.303 -0.009333333333333334 0.0))
    (3.350837709427357 (0.303 -0.009333333333333334 0.0))
    (3.3518379594898726 (0.303 -0.009333333333333334 0.0))
    (3.3528382095523885 (0.303 -0.009333333333333334 0.0))
    (3.353838459614904 (0.303 -0.009333333333333334 0.0))
    (3.35483870967742 (0.303 -0.009333333333333334 0.0))
    (3.3558389597399354 (0.303 -0.009333333333333334 0.0))
    (3.356839209802451 (0.303 -0.009333333333333334 0.0))
    (3.357839459864967 (0.303 -0.009333333333333334 0.0))
    (3.3588397099274823 (0.303 -0.009333333333333334 0.0))
    (3.3598399599899977 (0.303 -0.009333333333333334 0.0))
    (3.3608402100525137 (0.303 -0.009333333333333334 0.0))
    (3.361840460115029 (0.303 -0.009333333333333334 0.0))
    (3.3628407101775446 (0.303 -0.009333333333333334 0.0))
    (3.3638409602400605 (0.303 -0.009333333333333334 0.0))
    (3.364841210302576 (0.303 -0.009333333333333334 0.0))
    (3.3658414603650915 (0.303 -0.009333333333333334 0.0))
    (3.3668417104276074 (0.303 -0.009333333333333334 0.0))
    (3.367841960490123 (0.303 -0.009333333333333334 0.0))
    (3.3688422105526383 (0.303 -0.009333333333333334 0.0))
    (3.3698424606151542 (0.303 -0.009333333333333334 0.0))
    (3.3708427106776697 (0.303 -0.009333333333333334 0.0))
    (3.371842960740185 (0.303 -0.009333333333333334 0.0))
    (3.372843210802701 (0.303 -0.009333333333333334 0.0))
    (3.3738434608652166 (0.303 -0.009333333333333334 0.0))
    (3.3748437109277325 (0.303 -0.009333333333333334 0.0))
    (3.375843960990248 (0.303 -0.009333333333333334 0.0))
    (3.3768442110527634 (0.303 -0.009333333333333334 0.0))
    (3.3778444611152794 (0.303 -0.009333333333333334 0.0))
    (3.378844711177795 (0.303 -0.009333333333333334 0.0))
    (3.3798449612403103 (0.303 -0.009333333333333334 0.0))
    (3.3808452113028262 (0.303 -0.009333333333333334 0.0))
    (3.3818454613653417 (0.303 -0.009333333333333334 0.0))
    (3.382845711427857 (0.303 -0.009333333333333334 0.0))
    (3.383845961490373 (0.303 -0.009333333333333334 0.0))
    (3.3848462115528886 (0.303 -0.009333333333333334 0.0))
    (3.385846461615404 (0.303 -0.009333333333333334 0.0))
    (3.38684671167792 (0.303 -0.009333333333333334 0.0))
    (3.3878469617404354 (0.303 -0.009333333333333334 0.0))
    (3.388847211802951 (0.303 -0.009333333333333334 0.0))
    (3.389847461865467 (0.303 -0.009333333333333334 0.0))
    (3.3908477119279823 (0.303 -0.009333333333333334 0.0))
    (3.3918479619904978 (0.303 -0.009333333333333334 0.0))
    (3.3928482120530137 (0.303 -0.009333333333333334 0.0))
    (3.393848462115529 (0.303 -0.009333333333333334 0.0))
    (3.394848712178045 (0.303 -0.009333333333333334 0.0))
    (3.3958489622405605 (0.303 -0.009333333333333334 0.0))
    (3.396849212303076 (0.303 -0.009333333333333334 0.0))
    (3.397849462365592 (0.303 -0.009333333333333334 0.0))
    (3.3988497124281074 (0.303 -0.009333333333333334 0.0))
    (3.399849962490623 (0.303 -0.009333333333333334 0.0))
    (3.400850212553139 (0.303 -0.009333333333333334 0.0))
    (3.4018504626156543 (0.303 -0.009333333333333334 0.0))
    (3.4028507126781697 (0.303 -0.009333333333333334 0.0))
    (3.4038509627406857 (0.303 -0.009333333333333334 0.0))
    (3.404851212803201 (0.303 -0.009333333333333334 0.0))
    (3.4058514628657166 (0.303 -0.009333333333333334 0.0))
    (3.4068517129282325 (0.303 -0.009333333333333334 0.0))
    (3.407851962990748 (0.303 -0.009333333333333334 0.0))
    (3.4088522130532635 (0.303 -0.009333333333333334 0.0))
    (3.4098524631157794 (0.303 -0.009333333333333334 0.0))
    (3.410852713178295 (0.303 -0.009333333333333334 0.0))
    (3.4118529632408108 (0.303 -0.009333333333333334 0.0))
    (3.4128532133033262 (0.303 -0.009333333333333334 0.0))
    (3.4138534633658417 (0.303 -0.009333333333333334 0.0))
    (3.4148537134283576 (0.303 -0.009333333333333334 0.0))
    (3.415853963490873 (0.303 -0.009333333333333334 0.0))
    (3.4168542135533886 (0.303 -0.009333333333333334 0.0))
    (3.4178544636159045 (0.303 -0.009333333333333334 0.0))
    (3.41885471367842 (0.303 -0.009333333333333334 0.0))
    (3.4198549637409354 (0.303 -0.009333333333333334 0.0))
    (3.4208552138034514 (0.303 -0.009333333333333334 0.0))
    (3.421855463865967 (0.303 -0.009333333333333334 0.0))
    (3.4228557139284823 (0.303 -0.009333333333333334 0.0))
    (3.4238559639909982 (0.303 -0.009333333333333334 0.0))
    (3.4248562140535137 (0.303 -0.009333333333333334 0.0))
    (3.425856464116029 (0.303 -0.009333333333333334 0.0))
    (3.426856714178545 (0.303 -0.009333333333333334 0.0))
    (3.4278569642410606 (0.303 -0.009333333333333334 0.0))
    (3.428857214303576 (0.303 -0.009333333333333334 0.0))
    (3.429857464366092 (0.303 -0.009333333333333334 0.0))
    (3.4308577144286074 (0.303 -0.009333333333333334 0.0))
    (3.4318579644911233 (0.303 -0.009333333333333334 0.0))
    (3.432858214553639 (0.303 -0.009333408151863079 0.0))
    (3.4338584646161543 (0.303 -0.009403237498562067 0.0))
    (3.43485871467867 (0.303 -0.00947305917564732 0.0))
    (3.4358589647411857 (0.303 -0.009542865522555288 0.0))
    (3.436859214803701 (0.303 -0.009612648880404532 0.0))
    (3.437859464866217 (0.303 -0.00968240159283581 0.0))
    (3.4388597149287325 (0.303 -0.009752116006852106 0.0))
    (3.439859964991248 (0.303 -0.009821784473658496 0.0))
    (3.440860215053764 (0.303 -0.009891399349501144 0.0))
    (3.4418604651162794 (0.303 -0.009960952996505927 0.0))
    (3.442860715178795 (0.303 -0.010030437783516657 0.0))
    (3.443860965241311 (0.303 -0.010099846086932127 0.0))
    (3.4448612153038263 (0.303 -0.010169170291542542 0.0))
    (3.4458614653663417 (0.303 -0.010238402791365243 0.0))
    (3.4468617154288577 (0.303 -0.010307535990478994 0.0))
    (3.447861965491373 (0.303 -0.010376562303857376 0.0))
    (3.448862215553889 (0.303 -0.010445474158201226 0.0))
    (3.4498624656164045 (0.303 -0.010514263992769213 0.0))
    (3.45086271567892 (0.303 -0.010582924260207615 0.0))
    (3.451862965741436 (0.303 -0.010651447427378384 0.0))
    (3.4528632158039514 (0.303 -0.01071982597618544 0.0))
    (3.453863465866467 (0.303 -0.010788052404399737 0.0))
    (3.454863715928983 (0.303 -0.010856119226482384 0.0))
    (3.4558639659914983 (0.303 -0.010924018974405711 0.0))
    (3.4568642160540137 (0.303 -0.010991744198472852 0.0))
    (3.4578644661165296 (0.303 -0.011059287468135085 0.0))
    (3.458864716179045 (0.303 -0.011126641372806884 0.0))
    (3.4598649662415606 (0.303 -0.011193798522679183 0.0))
    (3.4608652163040765 (0.303 -0.011260751549530159 0.0))
    (3.461865466366592 (0.303 -0.011327493107533436 0.0))
    (3.4628657164291075 (0.303 -0.01139401587406425 0.0))
    (3.4638659664916234 (0.303 -0.011460312550502852 0.0))
    (3.464866216554139 (0.303 -0.011526375863035091 0.0))
    (3.4658664666166543 (0.303 -0.011592198563450663 0.0))
    (3.4668667166791702 (0.303 -0.011657773429938355 0.0))
    (3.4678669667416857 (0.303 -0.011723093267878206 0.0))
    (3.4688672168042016 (0.303 -0.0117881509106311 0.0))
    (3.469867466866717 (0.303 -0.011852939220324855 0.0))
    (3.4708677169292326 (0.303 -0.011917451088637595 0.0))
    (3.4718679669917485 (0.303 -0.011981679437577455 0.0))
    (3.472868217054264 (0.303 -0.012045617220259154 0.0))
    (3.4738684671167794 (0.303 -0.012109257421677337 0.0))
    (3.4748687171792954 (0.303 -0.012172593059476051 0.0))
    (3.475868967241811 (0.303 -0.012235617184714815 0.0))
    (3.4768692173043263 (0.303 -0.012298322882631225 0.0))
    (3.477869467366842 (0.303 -0.012360703273399424 0.0))
    (3.4788697174293577 (0.303 -0.01242275151288493 0.0))
    (3.479869967491873 (0.303 -0.012484460793395737 0.0))
    (3.480870217554389 (0.303 -0.012545824344429038 0.0))
    (3.4818704676169046 (0.303 -0.012606835433414064 0.0))
    (3.48287071767942 (0.303 -0.012667487366450934 0.0))
    (3.483870967741936 (0.303 -0.012727773489044907 0.0))
    (3.4848712178044514 (0.303 -0.012787687186836476 0.0))
    (3.485871467866967 (0.303 -0.012847221886327267 0.0))
    (3.486871717929483 (0.303 -0.012906371055601069 0.0))
    (3.4878719679919983 (0.303 -0.012965128205040482 0.0))
    (3.488872218054514 (0.303 -0.01302348688803915 0.0))
    (3.4898724681170297 (0.303 -0.01308144070170876 0.0))
    (3.490872718179545 (0.303 -0.013138983287581781 0.0))
    (3.491872968242061 (0.303 -0.013196108332308974 0.0))
    (3.4928732183045765 (0.303 -0.013252809568352092 0.0))
    (3.493873468367092 (0.303 -0.013309080774671536 0.0))
    (3.494873718429608 (0.303 -0.013364915777408903 0.0))
    (3.4958739684921234 (0.303 -0.013420308450564349 0.0))
    (3.496874218554639 (0.303 -0.013475252716668712 0.0))
    (3.497874468617155 (0.303 -0.013529742547450322 0.0))
    (3.4988747186796703 (0.303 -0.013583771964496383 0.0))
    (3.4998749687421857 (0.303 -0.013637335039908906 0.0))
    (3.5008752188047016 (0.303 -0.0136904258969551 0.0))
    (3.501875468867217 (0.303 -0.013743038710712141 0.0))
    (3.5028757189297326 (0.303 -0.013795167708706256 0.0))
    (3.5038759689922485 (0.303 -0.013846807171546063 0.0))
    (3.504876219054764 (0.303 -0.013897951433550078 0.0))
    (3.50587646911728 (0.303 -0.013948594883368328 0.0))
    (3.5068767191797954 (0.303 -0.013998731964598016 0.0))
    (3.507876969242311 (0.303 -0.014048357176393134 0.0))
    (3.5088772193048268 (0.303 -0.014097465074068005 0.0))
    (3.5098774693673422 (0.303 -0.014146050269694656 0.0))
    (3.5108777194298577 (0.303 -0.014194107432693942 0.0))
    (3.5118779694923736 (0.303 -0.014241631290420421 0.0))
    (3.512878219554889 (0.303 -0.014288616628740829 0.0))
    (3.5138784696174046 (0.303 -0.014335058292606166 0.0))
    (3.5148787196799205 (0.303 -0.014380951186617277 0.0))
    (3.515878969742436 (0.303 -0.014426290275583915 0.0))
    (3.5168792198049514 (0.303 -0.014471070585077166 0.0))
    (3.5178794698674674 (0.303 -0.014515287201975237 0.0))
    (3.518879719929983 (0.303 -0.014558935275002493 0.0))
    (3.5198799699924983 (0.303 -0.014602010015261733 0.0))
    (3.520880220055014 (0.303 -0.0146445066967596 0.0))
    (3.5218804701175297 (0.303 -0.014686420656925096 0.0))
    (3.522880720180045 (0.303 -0.014727747297121159 0.0))
    (3.523880970242561 (0.303 -0.01476848208314921 0.0))
    (3.5248812203050766 (0.303 -0.014808620545746509 0.0))
    (3.5258814703675925 (0.303 -0.014848158281076797 0.0))
    (3.526881720430108 (0.303 -0.014887090951213093 0.0))
    (3.5278819704926234 (0.303 -0.014925414284613905 0.0))
    (3.5288822205551393 (0.303 -0.014963124076591873 0.0))
    (3.529882470617655 (0.303 -0.015000216189774871 0.0))
    (3.5308827206801703 (0.303 -0.015036686554560173 0.0))
    (3.531882970742686 (0.303 -0.01507253116956094 0.0))
    (3.5328832208052017 (0.303 -0.015107746102045034 0.0))
    (3.533883470867717 (0.303 -0.015142327488366709 0.0))
    (3.534883720930233 (0.303 -0.015176271534390513 0.0))
    (3.5358839709927485 (0.303 -0.015209574515907362 0.0))
    (3.536884221055264 (0.303 -0.015242232779043349 0.0))
    (3.53788447111778 (0.303 -0.015274242740660634 0.0))
    (3.5388847211802954 (0.303 -0.015305600888750374 0.0))
    (3.539884971242811 (0.303 -0.01533630378281824 0.0))
    (3.540885221305327 (0.303 -0.015366348054261892 0.0))
    (3.5418854713678423 (0.303 -0.01539573040674039 0.0))
    (3.542885721430358 (0.303 -0.015424447616536052 0.0))
    (3.5438859714928737 (0.303 -0.01545249653290805 0.0))
    (3.544886221555389 (0.303 -0.015479874078438122 0.0))
    (3.545886471617905 (0.303 -0.015506577249368204 0.0))
    (3.5468867216804205 (0.303 -0.015532603115929997 0.0))
    (3.547886971742936 (0.303 -0.015557948822666413 0.0))
    (3.548887221805452 (0.303 -0.015582611588744858 0.0))
    (3.5498874718679674 (0.303 -0.015606588708262339 0.0))
    (3.550887721930483 (0.303 -0.015629877550542338 0.0))
    (3.5518879719929988 (0.303 -0.01565247556042345 0.0))
    (3.5528882220555142 (0.303 -0.015674380258539716 0.0))
    (3.5538884721180297 (0.303 -0.01569558924159266 0.0))
    (3.5548887221805456 (0.303 -0.015716100182614958 0.0))
    (3.555888972243061 (0.303 -0.015735910831225747 0.0))
    (3.5568892223055766 (0.303 -0.01575501901387754 0.0))
    (3.5578894723680925 (0.303 -0.015773422634094675 0.0))
    (3.558889722430608 (0.303 -0.015791119672703358 0.0))
    (3.5598899724931234 (0.303 -0.01580810818805318 0.0))
    (3.5608902225556394 (0.303 -0.01582438631623016 0.0))
    (3.561890472618155 (0.303 -0.01583995227126124 0.0))
    (3.5628907226806708 (0.303 -0.015854804345310232 0.0))
    (3.5638909727431862 (0.303 -0.015868940908865203 0.0))
    (3.5648912228057017 (0.303 -0.015882360410917257 0.0))
    (3.5658914728682176 (0.303 -0.015895061379130694 0.0))
    (3.566891722930733 (0.303 -0.015907042420004572 0.0))
    (3.5678919729932486 (0.303 -0.015918302219025578 0.0))
    (3.5688922230557645 (0.303 -0.01592883954081225 0.0))
    (3.56989247311828 (0.303 -0.01593865322925053 0.0))
    (3.5708927231807954 (0.303 -0.015947742207620606 0.0))
    (3.5718929732433113 (0.303 -0.015956105478715035 0.0))
    (3.572893223305827 (0.303 -0.01596374212494817 0.0))
    (3.5738934733683423 (0.303 -0.015970651308456815 0.0))
    (3.574893723430858 (0.303 -0.01597683227119217 0.0))
    (3.5758939734933737 (0.303 -0.01598228433500298 0.0))
    (3.576894223555889 (0.303 -0.015987006901709965 0.0))
    (3.577894473618405 (0.303 -0.01599099945317143 0.0))
    (3.5788947236809205 (0.303 -0.015994261551340122 0.0))
    (3.579894973743436 (0.303 -0.015996792838311288 0.0))
    (3.580895223805952 (0.303 -0.01599859303636194 0.0))
    (3.5818954738684674 (0.303 -0.015999661947981338 0.0))
    (3.5828957239309833 (0.303 -0.015999999455892644 0.0))
    (3.583895973993499 (0.303 -0.0159996055230658 0.0))
    (3.5848962240560143 (0.303 -0.015998480192721588 0.0))
    (3.58589647411853 (0.303 -0.015996623588326882 0.0))
    (3.5868967241810457 (0.303 -0.015994035913581124 0.0))
    (3.587896974243561 (0.303 -0.015990717452393933 0.0))
    (3.588897224306077 (0.303 -0.015986668568853998 0.0))
    (3.5898974743685925 (0.303 -0.015981889707189115 0.0))
    (3.590897724431108 (0.303 -0.015976381391717438 0.0))
    (3.591897974493624 (0.303 -0.01597014422678996 0.0))
    (3.5928982245561394 (0.303 -0.01596317889672423 0.0))
    (3.593898474618655 (0.303 -0.015955486165729227 0.0))
    (3.5948987246811708 (0.303 -0.015947066877821534 0.0))
    (3.5958989747436862 (0.303 -0.015937921956732777 0.0))
    (3.5968992248062017 (0.303 -0.01592805240580819 0.0))
    (3.5978994748687176 (0.303 -0.015917459307896602 0.0))
    (3.598899724931233 (0.303 -0.015906143825231638 0.0))
    (3.599899974993749 (0.303 -0.015894107199304112 0.0))
    (3.6009002250562645 (0.303 -0.015881350750725942 0.0))
    (3.60190047511878 (0.303 -0.015867875879085166 0.0))
    (3.602900725181296 (0.303 -0.01585368406279239 0.0))
    (3.6039009752438114 (0.303 -0.01583877685891865 0.0))
    (3.604901225306327 (0.303 -0.015823155903024515 0.0))
    (3.6059014753688428 (0.303 -0.01580682290898062 0.0))
    (3.6069017254313582 (0.303 -0.01578977966877973 0.0))
    (3.6079019754938737 (0.303 -0.015772028052340018 0.0))
    (3.6089022255563896 (0.303 -0.015753570007299933 0.0))
    (3.609902475618905 (0.303 -0.015734407558804578 0.0))
    (3.6109027256814206 (0.303 -0.015714542809283458 0.0))
    (3.6119029757439365 (0.303 -0.01569397793821976 0.0))
    (3.612903225806452 (0.303 -0.015672715201911384 0.0))
    (3.6139034758689674 (0.303 -0.01565075693322325 0.0))
    (3.6149037259314833 (0.303 -0.015628105541331355 0.0))
    (3.615903975993999 (0.303 -0.015604763511458557 0.0))
    (3.6169042260565143 (0.303 -0.015580733404601808 0.0))
    (3.61790447611903 (0.303 -0.015556017857251137 0.0))
    (3.6189047261815457 (0.303 -0.015530619581100542 0.0))
    (3.6199049762440616 (0.303 -0.015504541362750316 0.0))
    (3.620905226306577 (0.303 -0.01547778606340138 0.0))
    (3.6219054763690925 (0.303 -0.015450356618541362 0.0))
    (3.6229057264316085 (0.303 -0.015422256037622518 0.0))
    (3.623905976494124 (0.303 -0.015393487403731547 0.0))
    (3.6249062265566394 (0.303 -0.015364053873251326 0.0))
    (3.6259064766191553 (0.303 -0.015333958675514608 0.0))
    (3.626906726681671 (0.303 -0.01530320511244971 0.0))
    (3.6279069767441863 (0.303 -0.015271796558218238 0.0))
    (3.628907226806702 (0.303 -0.015239736458844886 0.0))
    (3.6299074768692177 (0.303 -0.015207028331839356 0.0))
    (3.630907726931733 (0.303 -0.015173675765810423 0.0))
    (3.631907976994249 (0.303 -0.015139682420072211 0.0))
    (3.6329082270567645 (0.303 -0.015105052024242716 0.0))
    (3.63390847711928 (0.303 -0.015069788377834584 0.0))
    (3.634908727181796 (0.303 -0.015033895349838268 0.0))
    (3.6359089772443114 (0.303 -0.014997376878297521 0.0))
    (3.6369092273068273 (0.303 -0.01496023696987734 0.0))
    (3.637909477369343 (0.303 -0.014922479699424361 0.0))
    (3.6389097274318583 (0.303 -0.014884109209519788 0.0))
    (3.639909977494374 (0.303 -0.014845129710024883 0.0))
    (3.6409102275568896 (0.303 -0.014805545477619076 0.0))
    (3.641910477619405 (0.303 -0.014765360855330749 0.0))
    (3.642910727681921 (0.303 -0.014724580252060727 0.0))
    (3.6439109777444365 (0.303 -0.014683208142098565 0.0))
    (3.644911227806952 (0.303 -0.014641249064631625 0.0))
    (3.645911477869468 (0.303 -0.014598707623247076 0.0))
    (3.6469117279319834 (0.303 -0.01455558848542679 0.0))
    (3.647911977994499 (0.303 -0.01451189638203525 0.0))
    (3.6489122280570148 (0.303 -0.014467636106800508 0.0))
    (3.6499124781195302 (0.303 -0.014422812515788211 0.0))
    (3.6509127281820457 (0.303 -0.014377430526868839 0.0))
    (3.6519129782445616 (0.303 -0.014331495119178118 0.0))
    (3.652913228307077 (0.303 -0.014285011332570735 0.0))
    (3.6539134783695926 (0.303 -0.014237984267067386 0.0))
    (3.6549137284321085 (0.303 -0.014190419082295219 0.0))
    (3.655913978494624 (0.303 -0.014142320996921734 0.0))
    (3.65691422855714 (0.303 -0.014093695288082193 0.0))
    (3.6579144786196554 (0.303 -0.014044547290800787 0.0))
    (3.658914728682171 (0.303 -0.013994882397404963 0.0))
    (3.6599149787446867 (0.303 -0.013944706056934115 0.0))
    (3.660915228807202 (0.303 -0.013894023774541714 0.0))
    (3.6619154788697177 (0.303 -0.013842841110891024 0.0))
    (3.6629157289322336 (0.303 -0.013791163681545288 0.0))
    (3.663915978994749 (0.303 -0.01373899715635164 0.0))
    (3.6649162290572646 (0.303 -0.013686347258818694 0.0))
    (3.6659164791197805 (0.303 -0.013633219765488905 0.0))
    (3.666916729182296 (0.303 -0.013579620505304802 0.0))
    (3.6679169792448114 (0.303 -0.01352555535896912 0.0))
    (3.6689172293073273 (0.303 -0.013471030258299923 0.0))
    (3.669917479369843 (0.303 -0.013416051185579793 0.0))
    (3.6709177294323583 (0.303 -0.013360624172899141 0.0))
    (3.671917979494874 (0.303 -0.013304755301494725 0.0))
    (3.6729182295573897 (0.303 -0.013248450701082437 0.0))
    (3.673918479619905 (0.303 -0.013191716549184438 0.0))
    (3.674918729682421 (0.303 -0.013134559070451735 0.0))
    (3.6759189797449365 (0.303 -0.013076984535981212 0.0))
    (3.6769192298074524 (0.303 -0.013018999262627236 0.0))
    (3.677919479869968 (0.303 -0.012960609612309108 0.0))
    (3.6789197299324834 (0.303 -0.012901821991312654 0.0))
    (3.6799199799949993 (0.303 -0.012842642849587537 0.0))
    (3.680920230057515 (0.303 -0.01278307868003955 0.0))
    (3.6819204801200303 (0.303 -0.01272313601781825 0.0))
    (3.682920730182546 (0.303 -0.012662821439599934 0.0))
    (3.6839209802450616 (0.303 -0.01260214156286609 0.0))
    (3.684921230307577 (0.303 -0.012541103045177332 0.0))
    (3.685921480370093 (0.303 -0.012479712583442975 0.0))
    (3.6869217304326085 (0.303 -0.012417976913186262 0.0))
    (3.687921980495124 (0.303 -0.01235590280780538 0.0))
    (3.68892223055764 (0.303 -0.012293497077830305 0.0))
    (3.6899224806201554 (0.303 -0.012230766570175577 0.0))
    (3.690922730682671 (0.303 -0.012167718167389078 0.0))
    (3.6919229807451868 (0.303 -0.012104358786896915 0.0))
    (3.6929232308077022 (0.303 -0.01204069538024446 0.0))
    (3.693923480870218 (0.303 -0.011976734932333657 0.0))
    (3.6949237309327336 (0.303 -0.011912484460656665 0.0))
    (3.695923980995249 (0.303 -0.011847951014525921 0.0))
    (3.696924231057765 (0.303 -0.011783141674300725 0.0))
    (3.6979244811202805 (0.303 -0.011718063550610405 0.0))
    (3.698924731182796 (0.303 -0.011652723783574171 0.0))
    (3.699924981245312 (0.303 -0.01158712954201772 0.0))
    (3.7009252313078274 (0.303 -0.011521288022686708 0.0))
    (3.701925481370343 (0.303 -0.011455206449457153 0.0))
    (3.7029257314328587 (0.303 -0.011388892072542848 0.0))
    (3.703925981495374 (0.303 -0.01132235216769991 0.0))
    (3.7049262315578897 (0.303 -0.0112555940354285 0.0))
    (3.7059264816204056 (0.303 -0.011188625000171848 0.0))
    (3.706926731682921 (0.303 -0.011121452409512641 0.0))
    (3.7079269817454366 (0.303 -0.011054083633366876 0.0))
    (3.7089272318079525 (0.303 -0.010986526063175258 0.0))
    (3.709927481870468 (0.303 -0.010918787111092244 0.0))
    (3.7109277319329834 (0.303 -0.010850874209172806 0.0))
    (3.7119279819954993 (0.303 -0.01078279480855702 0.0))
    (3.712928232058015 (0.303 -0.01071455637865255 0.0))
    (3.7139284821205307 (0.303 -0.010646166406315142 0.0))
    (3.714928732183046 (0.303 -0.01057763239502718 0.0))
    (3.7159289822455617 (0.303 -0.010508961864074452 0.0))
    (3.7169292323080776 (0.303 -0.01044016234772115 0.0))
    (3.717929482370593 (0.303 -0.010371241394383241 0.0))
    (3.7189297324331085 (0.303 -0.010302206565800295 0.0))
    (3.7199299824956245 (0.303 -0.010233065436205776 0.0))
    (3.72093023255814 (0.303 -0.010163825591496273 0.0))
    (3.7219304826206554 (0.303 -0.010094494628398738 0.0))
    (3.7229307326831713 (0.303 -0.010025080153637412 0.0))
    (3.723930982745687 (0.303 -0.009955589783099258 0.0))
    (3.7249312328082023 (0.303 -0.009886031140997944 0.0))
    (3.725931482870718 (0.303 -0.009816411859037772 0.0))
    (3.7269317329332337 (0.303 -0.009746739575576355 0.0))
    (3.727931982995749 (0.303 -0.00967702193478614 0.0))
    (3.728932233058265 (0.303 -0.00960726658581615 0.0))
    (3.7299324831207805 (0.303 -0.009537481181952743 0.0))
    (3.7309327331832964 (0.303 -0.00946767337977945 0.0))
    (3.731932983245812 (0.303 -0.00939785083833759 0.0))
    (3.7329332333083274 (0.303 -0.009333333333333334 0.0))
    (3.7339334833708433 (0.303 -0.009333333333333334 0.0))
    (3.7349337334333588 (0.303 -0.009333333333333334 0.0))
    (3.7359339834958742 (0.303 -0.009333333333333334 0.0))
    (3.73693423355839 (0.303 -0.009333333333333334 0.0))
    (3.7379344836209056 (0.303 -0.009333333333333334 0.0))
    (3.738934733683421 (0.303 -0.009333333333333334 0.0))
    (3.739934983745937 (0.303 -0.009333333333333334 0.0))
    (3.7409352338084525 (0.303 -0.009333333333333334 0.0))
    (3.741935483870968 (0.303 -0.009333333333333334 0.0))
    (3.742935733933484 (0.303 -0.009333333333333334 0.0))
    (3.7439359839959994 (0.303 -0.009333333333333334 0.0))
    (3.744936234058515 (0.303 -0.009333333333333334 0.0))
    (3.7459364841210308 (0.303 -0.009333333333333334 0.0))
    (3.7469367341835462 (0.303 -0.009333333333333334 0.0))
    (3.7479369842460617 (0.303 -0.009333333333333334 0.0))
    (3.7489372343085776 (0.303 -0.009333333333333334 0.0))
    (3.749937484371093 (0.303 -0.009333333333333334 0.0))
    (3.750937734433609 (0.303 -0.009333333333333334 0.0))
    (3.7519379844961245 (0.303 -0.009333333333333334 0.0))
    (3.75293823455864 (0.303 -0.009333333333333334 0.0))
    (3.753938484621156 (0.303 -0.009333333333333334 0.0))
    (3.7549387346836713 (0.303 -0.009333333333333334 0.0))
    (3.755938984746187 (0.303 -0.009333333333333334 0.0))
    (3.7569392348087027 (0.303 -0.009333333333333334 0.0))
    (3.757939484871218 (0.303 -0.009333333333333334 0.0))
    (3.7589397349337337 (0.303 -0.009333333333333334 0.0))
    (3.7599399849962496 (0.303 -0.009333333333333334 0.0))
    (3.760940235058765 (0.303 -0.009333333333333334 0.0))
    (3.7619404851212805 (0.303 -0.009333333333333334 0.0))
    (3.7629407351837965 (0.303 -0.009333333333333334 0.0))
    (3.763940985246312 (0.303 -0.009333333333333334 0.0))
    (3.7649412353088274 (0.303 -0.009333333333333334 0.0))
    (3.7659414853713433 (0.303 -0.009333333333333334 0.0))
    (3.766941735433859 (0.303 -0.009333333333333334 0.0))
    (3.7679419854963743 (0.303 -0.009333333333333334 0.0))
    (3.76894223555889 (0.303 -0.009333333333333334 0.0))
    (3.7699424856214057 (0.303 -0.009333333333333334 0.0))
    (3.7709427356839216 (0.303 -0.009333333333333334 0.0))
    (3.771942985746437 (0.303 -0.009333333333333334 0.0))
    (3.7729432358089525 (0.303 -0.009333333333333334 0.0))
    (3.7739434858714684 (0.303 -0.009333333333333334 0.0))
    (3.774943735933984 (0.303 -0.009333333333333334 0.0))
    (3.7759439859964994 (0.303 -0.009333333333333334 0.0))
    (3.7769442360590153 (0.303 -0.009333333333333334 0.0))
    (3.7779444861215308 (0.303 -0.009333333333333334 0.0))
    (3.7789447361840462 (0.303 -0.009333333333333334 0.0))
    (3.779944986246562 (0.303 -0.009333333333333334 0.0))
    (3.7809452363090776 (0.303 -0.009333333333333334 0.0))
    (3.781945486371593 (0.303 -0.009333333333333334 0.0))
    (3.782945736434109 (0.303 -0.009333333333333334 0.0))
    (3.7839459864966245 (0.303 -0.009333333333333334 0.0))
    (3.78494623655914 (0.303 -0.009333333333333334 0.0))
    (3.785946486621656 (0.303 -0.009333333333333334 0.0))
    (3.7869467366841714 (0.303 -0.009333333333333334 0.0))
    (3.7879469867466873 (0.303 -0.009333333333333334 0.0))
    (3.7889472368092028 (0.303 -0.009333333333333334 0.0))
    (3.7899474868717182 (0.303 -0.009333333333333334 0.0))
    (3.790947736934234 (0.303 -0.009333333333333334 0.0))
    (3.7919479869967496 (0.303 -0.009333333333333334 0.0))
    (3.792948237059265 (0.303 -0.009333333333333334 0.0))
    (3.793948487121781 (0.303 -0.009333333333333334 0.0))
    (3.7949487371842965 (0.303 -0.009333333333333334 0.0))
    (3.795948987246812 (0.303 -0.009333333333333334 0.0))
    (3.796949237309328 (0.303 -0.009333333333333334 0.0))
    (3.7979494873718433 (0.303 -0.009333333333333334 0.0))
    (3.798949737434359 (0.303 -0.009333333333333334 0.0))
    (3.7999499874968747 (0.303 -0.009333333333333334 0.0))
    (3.80095023755939 (0.303 -0.009333333333333334 0.0))
    (3.8019504876219057 (0.303 -0.009333333333333334 0.0))
    (3.8029507376844216 (0.303 -0.009333333333333334 0.0))
    (3.803950987746937 (0.303 -0.009333333333333334 0.0))
    (3.8049512378094525 (0.303 -0.009333333333333334 0.0))
    (3.8059514878719685 (0.303 -0.009333333333333334 0.0))
    (3.806951737934484 (0.303 -0.009333333333333334 0.0))
    (3.807951987997 (0.303 -0.009333333333333334 0.0))
    (3.8089522380595153 (0.303 -0.009333333333333334 0.0))
    (3.809952488122031 (0.303 -0.009333333333333334 0.0))
    (3.8109527381845467 (0.303 -0.009333333333333334 0.0))
    (3.811952988247062 (0.303 -0.009333333333333334 0.0))
    (3.8129532383095777 (0.303 -0.009333333333333334 0.0))
    (3.8139534883720936 (0.303 -0.009333333333333334 0.0))
    (3.814953738434609 (0.303 -0.009333333333333334 0.0))
    (3.8159539884971245 (0.303 -0.009333333333333334 0.0))
    (3.8169542385596404 (0.303 -0.009333333333333334 0.0))
    (3.817954488622156 (0.303 -0.009333333333333334 0.0))
    (3.8189547386846714 (0.303 -0.009333333333333334 0.0))
    (3.8199549887471873 (0.303 -0.009333333333333334 0.0))
    (3.820955238809703 (0.303 -0.009333333333333334 0.0))
    (3.8219554888722183 (0.303 -0.009333333333333334 0.0))
    (3.822955738934734 (0.303 -0.009333333333333334 0.0))
    (3.8239559889972496 (0.303 -0.009333333333333334 0.0))
    (3.8249562390597656 (0.303 -0.009333333333333334 0.0))
    (3.825956489122281 (0.303 -0.009333333333333334 0.0))
    (3.8269567391847965 (0.303 -0.009333333333333334 0.0))
    (3.8279569892473124 (0.303 -0.009333333333333334 0.0))
    (3.828957239309828 (0.303 -0.009333333333333334 0.0))
    (3.8299574893723434 (0.303 -0.009333333333333334 0.0))
    (3.8309577394348593 (0.303 -0.009333333333333334 0.0))
    (3.8319579894973748 (0.303 -0.009333333333333334 0.0))
    (3.8329582395598902 (0.303 -0.009333333333333334 0.0))
    (3.833958489622406 (0.303 -0.009333333333333334 0.0))
    (3.8349587396849216 (0.303 -0.009333333333333334 0.0))
    (3.835958989747437 (0.303 -0.009333333333333334 0.0))
    (3.836959239809953 (0.303 -0.009333333333333334 0.0))
    (3.8379594898724685 (0.303 -0.009333333333333334 0.0))
    (3.838959739934984 (0.303 -0.009333333333333334 0.0))
    (3.8399599899975 (0.303 -0.009333333333333334 0.0))
    (3.8409602400600154 (0.303 -0.009333333333333334 0.0))
    (3.841960490122531 (0.303 -0.009333333333333334 0.0))
    (3.8429607401850467 (0.303 -0.009333333333333334 0.0))
    (3.843960990247562 (0.303 -0.009333333333333334 0.0))
    (3.844961240310078 (0.303 -0.009333333333333334 0.0))
    (3.8459614903725936 (0.303 -0.009333333333333334 0.0))
    (3.846961740435109 (0.303 -0.009333333333333334 0.0))
    (3.847961990497625 (0.303 -0.009333333333333334 0.0))
    (3.8489622405601405 (0.303 -0.009333333333333334 0.0))
    (3.849962490622656 (0.303 -0.009333333333333334 0.0))
    (3.850962740685172 (0.303 -0.009333333333333334 0.0))
    (3.8519629907476873 (0.303 -0.009333333333333334 0.0))
    (3.852963240810203 (0.303 -0.009333333333333334 0.0))
    (3.8539634908727187 (0.303 -0.009333333333333334 0.0))
    (3.854963740935234 (0.303 -0.009333333333333334 0.0))
    (3.8559639909977497 (0.303 -0.009333333333333334 0.0))
    (3.8569642410602656 (0.303 -0.009333333333333334 0.0))
    (3.857964491122781 (0.303 -0.009333333333333334 0.0))
    (3.8589647411852965 (0.303 -0.009333333333333334 0.0))
    (3.8599649912478124 (0.303 -0.009333333333333334 0.0))
    (3.860965241310328 (0.303 -0.009333333333333334 0.0))
    (3.8619654913728434 (0.303 -0.009333333333333334 0.0))
    (3.8629657414353593 (0.303 -0.009333333333333334 0.0))
    (3.863965991497875 (0.303 -0.009333333333333334 0.0))
    (3.8649662415603907 (0.303 -0.009333333333333334 0.0))
    (3.865966491622906 (0.303 -0.009333333333333334 0.0))
    (3.8669667416854216 (0.303 -0.009333333333333334 0.0))
    (3.8679669917479376 (0.303 -0.009333333333333334 0.0))
    (3.868967241810453 (0.303 -0.009333333333333334 0.0))
    (3.8699674918729685 (0.303 -0.009333333333333334 0.0))
    (3.8709677419354844 (0.303 -0.009333333333333334 0.0))
    (3.871967991998 (0.303 -0.009333333333333334 0.0))
    (3.8729682420605154 (0.303 -0.009333333333333334 0.0))
    (3.8739684921230313 (0.303 -0.009333333333333334 0.0))
    (3.8749687421855468 (0.303 -0.009333333333333334 0.0))
    (3.8759689922480622 (0.303 -0.009333333333333334 0.0))
    (3.876969242310578 (0.303 -0.009333333333333334 0.0))
    (3.8779694923730936 (0.303 -0.009333333333333334 0.0))
    (3.878969742435609 (0.303 -0.009333333333333334 0.0))
    (3.879969992498125 (0.303 -0.009333333333333334 0.0))
    (3.8809702425606405 (0.303 -0.009333333333333334 0.0))
    (3.8819704926231564 (0.303 -0.009333333333333334 0.0))
    (3.882970742685672 (0.303 -0.009333333333333334 0.0))
    (3.8839709927481874 (0.303 -0.009333333333333334 0.0))
    (3.8849712428107033 (0.303 -0.009333333333333334 0.0))
    (3.8859714928732187 (0.303 -0.009333333333333334 0.0))
    (3.886971742935734 (0.303 -0.009333333333333334 0.0))
    (3.88797199299825 (0.303 -0.009333333333333334 0.0))
    (3.8889722430607656 (0.303 -0.009333333333333334 0.0))
    (3.889972493123281 (0.303 -0.009333333333333334 0.0))
    (3.890972743185797 (0.303 -0.009333333333333334 0.0))
    (3.8919729932483125 (0.303 -0.009333333333333334 0.0))
    (3.892973243310828 (0.303 -0.009333333333333334 0.0))
    (3.893973493373344 (0.303 -0.009333333333333334 0.0))
    (3.8949737434358593 (0.303 -0.009333333333333334 0.0))
    (3.895973993498375 (0.303 -0.009333333333333334 0.0))
    (3.8969742435608907 (0.303 -0.009333333333333334 0.0))
    (3.897974493623406 (0.303 -0.009333333333333334 0.0))
    (3.8989747436859217 (0.303 -0.009333333333333334 0.0))
    (3.8999749937484376 (0.303 -0.009333333333333334 0.0))
    (3.900975243810953 (0.303 -0.009333333333333334 0.0))
    (3.901975493873469 (0.303 -0.009333333333333334 0.0))
    (3.9029757439359845 (0.303 -0.009333333333333334 0.0))
    (3.9039759939985 (0.303 -0.009333333333333334 0.0))
    (3.904976244061016 (0.303 -0.009333333333333334 0.0))
    (3.9059764941235313 (0.303 -0.009333333333333334 0.0))
    (3.906976744186047 (0.303 -0.009333333333333334 0.0))
    (3.9079769942485627 (0.303 -0.009333333333333334 0.0))
    (3.908977244311078 (0.303 -0.009333333333333334 0.0))
    (3.9099774943735937 (0.303 -0.009333333333333334 0.0))
    (3.9109777444361096 (0.303 -0.009333333333333334 0.0))
    (3.911977994498625 (0.303 -0.009333333333333334 0.0))
    (3.9129782445611405 (0.303 -0.009333333333333334 0.0))
    (3.9139784946236564 (0.303 -0.009333333333333334 0.0))
    (3.914978744686172 (0.303 -0.009333333333333334 0.0))
    (3.9159789947486874 (0.303 -0.009333333333333334 0.0))
    (3.9169792448112033 (0.303 -0.009333333333333334 0.0))
    (3.9179794948737188 (0.303 -0.009333333333333334 0.0))
    (3.9189797449362347 (0.303 -0.009333333333333334 0.0))
    (3.91997999499875 (0.303 -0.009333333333333334 0.0))
    (3.9209802450612656 (0.303 -0.009333333333333334 0.0))
    (3.9219804951237816 (0.303 -0.009333333333333334 0.0))
    (3.922980745186297 (0.303 -0.009333333333333334 0.0))
    (3.9239809952488125 (0.303 -0.009333333333333334 0.0))
    (3.9249812453113284 (0.303 -0.009333333333333334 0.0))
    (3.925981495373844 (0.303 -0.009333333333333334 0.0))
    (3.9269817454363594 (0.303 -0.009333333333333334 0.0))
    (3.9279819954988753 (0.303 -0.009333333333333334 0.0))
    (3.9289822455613908 (0.303 -0.009333333333333334 0.0))
    (3.9299824956239062 (0.303 -0.009333333333333334 0.0))
    (3.930982745686422 (0.303 -0.009333333333333334 0.0))
    (3.9319829957489376 (0.303 -0.009333333333333334 0.0))
    (3.932983245811453 (0.303 -0.009333333333333334 0.0))
    (3.933983495873969 (0.303 -0.009333333333333334 0.0))
    (3.9349837459364845 (0.303 -0.009333333333333334 0.0))
    (3.935983995999 (0.303 -0.009333333333333334 0.0))
    (3.936984246061516 (0.303 -0.009333333333333334 0.0))
    (3.9379844961240313 (0.303 -0.009333333333333334 0.0))
    (3.9389847461865473 (0.303 -0.009333333333333334 0.0))
    (3.9399849962490627 (0.303 -0.009333333333333334 0.0))
    (3.940985246311578 (0.303 -0.009333333333333334 0.0))
    (3.941985496374094 (0.303 -0.009333333333333334 0.0))
    (3.9429857464366096 (0.303 -0.009333333333333334 0.0))
    (3.943985996499125 (0.303 -0.009333333333333334 0.0))
    (3.944986246561641 (0.303 -0.009333333333333334 0.0))
    (3.9459864966241565 (0.303 -0.009333333333333334 0.0))
    (3.946986746686672 (0.303 -0.009333333333333334 0.0))
    (3.947986996749188 (0.303 -0.009333333333333334 0.0))
    (3.9489872468117033 (0.303 -0.009333333333333334 0.0))
    (3.949987496874219 (0.303 -0.009333333333333334 0.0))
    (3.9509877469367347 (0.303 -0.009333333333333334 0.0))
    (3.95198799699925 (0.303 -0.009333333333333334 0.0))
    (3.9529882470617657 (0.303 -0.009333333333333334 0.0))
    (3.9539884971242816 (0.303 -0.009333333333333334 0.0))
    (3.954988747186797 (0.303 -0.009333333333333334 0.0))
    (3.9559889972493125 (0.303 -0.009333333333333334 0.0))
    (3.9569892473118284 (0.303 -0.009333333333333334 0.0))
    (3.957989497374344 (0.303 -0.009333333333333334 0.0))
    (3.95898974743686 (0.303 -0.009333333333333334 0.0))
    (3.9599899974993753 (0.303 -0.009333333333333334 0.0))
    (3.9609902475618908 (0.303 -0.009333333333333334 0.0))
    (3.9619904976244067 (0.303 -0.009333333333333334 0.0))
    (3.962990747686922 (0.303 -0.009333333333333334 0.0))
    (3.9639909977494376 (0.303 -0.009333333333333334 0.0))
    (3.9649912478119536 (0.303 -0.009333333333333334 0.0))
    (3.965991497874469 (0.303 -0.009333333333333334 0.0))
    (3.9669917479369845 (0.303 -0.009333333333333334 0.0))
    (3.9679919979995004 (0.303 -0.009333333333333334 0.0))
    (3.968992248062016 (0.303 -0.009333333333333334 0.0))
    (3.9699924981245314 (0.303 -0.009333333333333334 0.0))
    (3.9709927481870473 (0.303 -0.009333333333333334 0.0))
    (3.9719929982495628 (0.303 -0.009333333333333334 0.0))
    (3.9729932483120782 (0.303 -0.009333333333333334 0.0))
    (3.973993498374594 (0.303 -0.009333333333333334 0.0))
    (3.9749937484371096 (0.303 -0.009333333333333334 0.0))
    (3.9759939984996255 (0.303 -0.009333333333333334 0.0))
    (3.976994248562141 (0.303 -0.009333333333333334 0.0))
    (3.9779944986246565 (0.303 -0.009333333333333334 0.0))
    (3.9789947486871724 (0.303 -0.009333333333333334 0.0))
    (3.979994998749688 (0.303 -0.009333333333333334 0.0))
    (3.9809952488122033 (0.303 -0.009333333333333334 0.0))
    (3.9819954988747193 (0.303 -0.009333333333333334 0.0))
    (3.9829957489372347 (0.303 -0.009333333333333334 0.0))
    (3.98399599899975 (0.303 -0.009333333333333334 0.0))
    (3.984996249062266 (0.303 -0.009333333333333334 0.0))
    (3.9859964991247816 (0.303 -0.009333333333333334 0.0))
    (3.986996749187297 (0.303 -0.009333333333333334 0.0))
    (3.987996999249813 (0.303 -0.009333333333333334 0.0))
    (3.9889972493123285 (0.303 -0.009333333333333334 0.0))
    (3.989997499374844 (0.303 -0.009333333333333334 0.0))
    (3.99099774943736 (0.303 -0.009333333333333334 0.0))
    (3.9919979994998753 (0.303 -0.009333333333333334 0.0))
    (3.992998249562391 (0.303 -0.009333333333333334 0.0))
    (3.9939984996249067 (0.303 -0.009333333333333334 0.0))
    (3.994998749687422 (0.303 -0.009333333333333334 0.0))
    (3.995998999749938 (0.303 -0.009333333333333334 0.0))
    (3.9969992498124536 (0.303 -0.009333333333333334 0.0))
    (3.997999499874969 (0.303 -0.009333333333333334 0.0))
    (3.998999749937485 (0.303 -0.009333333333333334 0.0))
    (4.0 (0.303 -0.009333333333333334 0.0))
)
