(
    (0.0 (0.391 -0.009333333333333334 0.0))
    (0.001000250062515629 (0.391 -0.009333333333333334 0.0))
    (0.002000500125031258 (0.391 -0.009333333333333334 0.0))
    (0.003000750187546887 (0.391 -0.009333333333333334 0.0))
    (0.004001000250062516 (0.391 -0.009333333333333334 0.0))
    (0.005001250312578145 (0.391 -0.009333333333333334 0.0))
    (0.006001500375093774 (0.391 -0.009333333333333334 0.0))
    (0.007001750437609403 (0.391 -0.009333333333333334 0.0))
    (0.008002000500125032 (0.391 -0.009333333333333334 0.0))
    (0.009002250562640661 (0.391 -0.009333333333333334 0.0))
    (0.01000250062515629 (0.391 -0.009333333333333334 0.0))
    (0.01100275068767192 (0.391 -0.009333333333333334 0.0))
    (0.012003000750187547 (0.391 -0.009333333333333334 0.0))
    (0.013003250812703177 (0.391 -0.009333333333333334 0.0))
    (0.014003500875218806 (0.391 -0.009333333333333334 0.0))
    (0.015003750937734435 (0.391 -0.009333333333333334 0.0))
    (0.016004001000250064 (0.391 -0.009333333333333334 0.0))
    (0.017004251062765693 (0.391 -0.009333333333333334 0.0))
    (0.018004501125281323 (0.391 -0.009333333333333334 0.0))
    (0.019004751187796952 (0.391 -0.009333333333333334 0.0))
    (0.02000500125031258 (0.391 -0.009333333333333334 0.0))
    (0.02100525131282821 (0.391 -0.009333333333333334 0.0))
    (0.02200550137534384 (0.391 -0.009333333333333334 0.0))
    (0.02300575143785947 (0.391 -0.009333333333333334 0.0))
    (0.024006001500375095 (0.391 -0.009333333333333334 0.0))
    (0.025006251562890724 (0.391 -0.009333333333333334 0.0))
    (0.026006501625406353 (0.391 -0.009333333333333334 0.0))
    (0.027006751687921982 (0.391 -0.009333333333333334 0.0))
    (0.02800700175043761 (0.391 -0.009333333333333334 0.0))
    (0.02900725181295324 (0.391 -0.009333333333333334 0.0))
    (0.03000750187546887 (0.391 -0.009333333333333334 0.0))
    (0.0310077519379845 (0.391 -0.009333333333333334 0.0))
    (0.03200800200050013 (0.391 -0.009333333333333334 0.0))
    (0.033008252063015754 (0.391 -0.009333333333333334 0.0))
    (0.03400850212553139 (0.391 -0.009333333333333334 0.0))
    (0.03500875218804701 (0.391 -0.009333333333333334 0.0))
    (0.036009002250562645 (0.391 -0.009333333333333334 0.0))
    (0.03700925231307827 (0.391 -0.009333333333333334 0.0))
    (0.038009502375593904 (0.391 -0.009333333333333334 0.0))
    (0.03900975243810953 (0.391 -0.009333333333333334 0.0))
    (0.04001000250062516 (0.391 -0.009333333333333334 0.0))
    (0.04101025256314079 (0.391 -0.009333333333333334 0.0))
    (0.04201050262565642 (0.391 -0.009333333333333334 0.0))
    (0.043010752688172046 (0.391 -0.009333333333333334 0.0))
    (0.04401100275068768 (0.391 -0.009333333333333334 0.0))
    (0.045011252813203305 (0.391 -0.009333333333333334 0.0))
    (0.04601150287571894 (0.391 -0.009333333333333334 0.0))
    (0.04701175293823456 (0.391 -0.009333333333333334 0.0))
    (0.04801200300075019 (0.391 -0.009333333333333334 0.0))
    (0.04901225306326582 (0.391 -0.009333333333333334 0.0))
    (0.05001250312578145 (0.391 -0.009333333333333334 0.0))
    (0.05101275318829708 (0.391 -0.009333333333333334 0.0))
    (0.052013003250812706 (0.391 -0.009333333333333334 0.0))
    (0.05301325331332834 (0.391 -0.009333333333333334 0.0))
    (0.054013503375843964 (0.391 -0.009333333333333334 0.0))
    (0.0550137534383596 (0.391 -0.009333333333333334 0.0))
    (0.05601400350087522 (0.391 -0.009333333333333334 0.0))
    (0.057014253563390856 (0.391 -0.009333333333333334 0.0))
    (0.05801450362590648 (0.391 -0.009333333333333334 0.0))
    (0.059014753688422114 (0.391 -0.009333333333333334 0.0))
    (0.06001500375093774 (0.391 -0.009333333333333334 0.0))
    (0.06101525381345337 (0.391 -0.009333333333333334 0.0))
    (0.062015503875969 (0.391 -0.009333333333333334 0.0))
    (0.06301575393848463 (0.391 -0.009333333333333334 0.0))
    (0.06401600400100026 (0.391 -0.009333333333333334 0.0))
    (0.06501625406351588 (0.391 -0.009333333333333334 0.0))
    (0.06601650412603151 (0.391 -0.009333333333333334 0.0))
    (0.06701675418854715 (0.391 -0.009333333333333334 0.0))
    (0.06801700425106277 (0.391 -0.009333333333333334 0.0))
    (0.0690172543135784 (0.391 -0.009333333333333334 0.0))
    (0.07001750437609403 (0.391 -0.009333333333333334 0.0))
    (0.07101775443860966 (0.391 -0.009333333333333334 0.0))
    (0.07201800450112529 (0.391 -0.009333333333333334 0.0))
    (0.07301825456364092 (0.391 -0.009333333333333334 0.0))
    (0.07401850462615654 (0.391 -0.009333333333333334 0.0))
    (0.07501875468867218 (0.391 -0.009333333333333334 0.0))
    (0.07601900475118781 (0.391 -0.009333333333333334 0.0))
    (0.07701925481370343 (0.391 -0.009333333333333334 0.0))
    (0.07801950487621906 (0.391 -0.009333333333333334 0.0))
    (0.0790197549387347 (0.391 -0.009333333333333334 0.0))
    (0.08002000500125032 (0.391 -0.009333333333333334 0.0))
    (0.08102025506376595 (0.391 -0.009333333333333334 0.0))
    (0.08202050512628158 (0.391 -0.009333333333333334 0.0))
    (0.0830207551887972 (0.391 -0.009333333333333334 0.0))
    (0.08402100525131284 (0.391 -0.009333333333333334 0.0))
    (0.08502125531382847 (0.391 -0.009333333333333334 0.0))
    (0.08602150537634409 (0.391 -0.009333333333333334 0.0))
    (0.08702175543885972 (0.391 -0.009333333333333334 0.0))
    (0.08802200550137536 (0.391 -0.009333333333333334 0.0))
    (0.08902225556389098 (0.391 -0.009333333333333334 0.0))
    (0.09002250562640661 (0.391 -0.009333333333333334 0.0))
    (0.09102275568892224 (0.391 -0.009333333333333334 0.0))
    (0.09202300575143788 (0.391 -0.009333333333333334 0.0))
    (0.0930232558139535 (0.391 -0.009333333333333334 0.0))
    (0.09402350587646913 (0.391 -0.009333333333333334 0.0))
    (0.09502375593898475 (0.391 -0.009333333333333334 0.0))
    (0.09602400600150038 (0.391 -0.009333333333333334 0.0))
    (0.09702425606401602 (0.391 -0.009333333333333334 0.0))
    (0.09802450612653164 (0.391 -0.009333333333333334 0.0))
    (0.09902475618904727 (0.391 -0.009333333333333334 0.0))
    (0.1000250062515629 (0.391 -0.009333333333333334 0.0))
    (0.10102525631407853 (0.391 -0.009333333333333334 0.0))
    (0.10202550637659416 (0.391 -0.009333333333333334 0.0))
    (0.10302575643910979 (0.391 -0.009333333333333334 0.0))
    (0.10402600650162541 (0.391 -0.009333333333333334 0.0))
    (0.10502625656414105 (0.391 -0.009333333333333334 0.0))
    (0.10602650662665668 (0.391 -0.009333333333333334 0.0))
    (0.1070267566891723 (0.391 -0.009333333333333334 0.0))
    (0.10802700675168793 (0.391 -0.009333333333333334 0.0))
    (0.10902725681420357 (0.391 -0.009333333333333334 0.0))
    (0.1100275068767192 (0.391 -0.009333333333333334 0.0))
    (0.11102775693923482 (0.391 -0.009333333333333334 0.0))
    (0.11202800700175045 (0.391 -0.009333333333333334 0.0))
    (0.11302825706426607 (0.391 -0.009333333333333334 0.0))
    (0.11402850712678171 (0.391 -0.009333333333333334 0.0))
    (0.11502875718929734 (0.391 -0.009333333333333334 0.0))
    (0.11602900725181296 (0.391 -0.009333333333333334 0.0))
    (0.11702925731432859 (0.391 -0.009333333333333334 0.0))
    (0.11802950737684423 (0.391 -0.009333333333333334 0.0))
    (0.11902975743935985 (0.391 -0.009333333333333334 0.0))
    (0.12003000750187548 (0.391 -0.009333333333333334 0.0))
    (0.1210302575643911 (0.391 -0.009333333333333334 0.0))
    (0.12203050762690675 (0.391 -0.009333333333333334 0.0))
    (0.12303075768942237 (0.391 -0.009333333333333334 0.0))
    (0.124031007751938 (0.391 -0.009333333333333334 0.0))
    (0.12503125781445362 (0.391 -0.009333333333333334 0.0))
    (0.12603150787696926 (0.391 -0.009333333333333334 0.0))
    (0.12703175793948487 (0.391 -0.009333333333333334 0.0))
    (0.1280320080020005 (0.391 -0.009333333333333334 0.0))
    (0.12903225806451615 (0.391 -0.009333333333333334 0.0))
    (0.13003250812703177 (0.391 -0.009333333333333334 0.0))
    (0.1310327581895474 (0.391 -0.009333333333333334 0.0))
    (0.13203300825206302 (0.391 -0.009333333333333334 0.0))
    (0.13303325831457866 (0.391 -0.009333333333333334 0.0))
    (0.1340335083770943 (0.391 -0.009333333333333334 0.0))
    (0.1350337584396099 (0.391 -0.009333333333333334 0.0))
    (0.13603400850212555 (0.391 -0.009333333333333334 0.0))
    (0.1370342585646412 (0.391 -0.009333333333333334 0.0))
    (0.1380345086271568 (0.391 -0.009333333333333334 0.0))
    (0.13903475868967244 (0.391 -0.009333333333333334 0.0))
    (0.14003500875218805 (0.391 -0.009333333333333334 0.0))
    (0.1410352588147037 (0.391 -0.009333333333333334 0.0))
    (0.14203550887721933 (0.391 -0.009333333333333334 0.0))
    (0.14303575893973494 (0.391 -0.009333333333333334 0.0))
    (0.14403600900225058 (0.391 -0.009333333333333334 0.0))
    (0.1450362590647662 (0.391 -0.009333333333333334 0.0))
    (0.14603650912728183 (0.391 -0.009333333333333334 0.0))
    (0.14703675918979747 (0.391 -0.009333333333333334 0.0))
    (0.14803700925231308 (0.391 -0.009333333333333334 0.0))
    (0.14903725931482872 (0.391 -0.009333333333333334 0.0))
    (0.15003750937734436 (0.391 -0.009333333333333334 0.0))
    (0.15103775943985998 (0.391 -0.009333333333333334 0.0))
    (0.15203800950237562 (0.391 -0.009333333333333334 0.0))
    (0.15303825956489123 (0.391 -0.009333333333333334 0.0))
    (0.15403850962740687 (0.391 -0.009333333333333334 0.0))
    (0.1550387596899225 (0.391 -0.009333333333333334 0.0))
    (0.15603900975243812 (0.391 -0.009333333333333334 0.0))
    (0.15703925981495376 (0.391 -0.009333333333333334 0.0))
    (0.1580395098774694 (0.391 -0.009333333333333334 0.0))
    (0.159039759939985 (0.391 -0.009333333333333334 0.0))
    (0.16004001000250065 (0.391 -0.009333333333333334 0.0))
    (0.16104026006501626 (0.391 -0.009333333333333334 0.0))
    (0.1620405101275319 (0.391 -0.009333333333333334 0.0))
    (0.16304076019004754 (0.391 -0.009333333333333334 0.0))
    (0.16404101025256315 (0.391 -0.009333333333333334 0.0))
    (0.1650412603150788 (0.391 -0.009333333333333334 0.0))
    (0.1660415103775944 (0.391 -0.009333333333333334 0.0))
    (0.16704176044011004 (0.391 -0.009333333333333334 0.0))
    (0.16804201050262568 (0.391 -0.009333333333333334 0.0))
    (0.1690422605651413 (0.391 -0.009333333333333334 0.0))
    (0.17004251062765693 (0.391 -0.009333333333333334 0.0))
    (0.17104276069017257 (0.391 -0.009333333333333334 0.0))
    (0.17204301075268819 (0.391 -0.009333333333333334 0.0))
    (0.17304326081520383 (0.391 -0.009333333333333334 0.0))
    (0.17404351087771944 (0.391 -0.009333333333333334 0.0))
    (0.17504376094023508 (0.391 -0.009333333333333334 0.0))
    (0.17604401100275072 (0.391 -0.009333333333333334 0.0))
    (0.17704426106526633 (0.391 -0.009333333333333334 0.0))
    (0.17804451112778197 (0.391 -0.009333333333333334 0.0))
    (0.17904476119029758 (0.391 -0.009333333333333334 0.0))
    (0.18004501125281322 (0.391 -0.009333333333333334 0.0))
    (0.18104526131532886 (0.391 -0.009333333333333334 0.0))
    (0.18204551137784447 (0.391 -0.009333333333333334 0.0))
    (0.1830457614403601 (0.391 -0.009333333333333334 0.0))
    (0.18404601150287575 (0.391 -0.009333333333333334 0.0))
    (0.18504626156539136 (0.391 -0.009333333333333334 0.0))
    (0.186046511627907 (0.391 -0.009333333333333334 0.0))
    (0.1870467616904226 (0.391 -0.009333333333333334 0.0))
    (0.18804701175293825 (0.391 -0.009333333333333334 0.0))
    (0.1890472618154539 (0.391 -0.009333333333333334 0.0))
    (0.1900475118779695 (0.391 -0.009333333333333334 0.0))
    (0.19104776194048514 (0.391 -0.009333333333333334 0.0))
    (0.19204801200300076 (0.391 -0.009333333333333334 0.0))
    (0.1930482620655164 (0.391 -0.009333333333333334 0.0))
    (0.19404851212803204 (0.391 -0.009333333333333334 0.0))
    (0.19504876219054765 (0.391 -0.009333333333333334 0.0))
    (0.1960490122530633 (0.391 -0.009333333333333334 0.0))
    (0.19704926231557893 (0.391 -0.009333333333333334 0.0))
    (0.19804951237809454 (0.391 -0.009333333333333334 0.0))
    (0.19904976244061018 (0.391 -0.009333333333333334 0.0))
    (0.2000500125031258 (0.391 -0.009333333333333334 0.0))
    (0.20105026256564143 (0.391 -0.009333333333333334 0.0))
    (0.20205051262815707 (0.391 -0.009333333333333334 0.0))
    (0.20305076269067268 (0.391 -0.009333333333333334 0.0))
    (0.20405101275318832 (0.391 -0.009333333333333334 0.0))
    (0.20505126281570396 (0.391 -0.009333333333333334 0.0))
    (0.20605151287821957 (0.391 -0.009333333333333334 0.0))
    (0.2070517629407352 (0.391 -0.009333333333333334 0.0))
    (0.20805201300325082 (0.391 -0.009333333333333334 0.0))
    (0.20905226306576646 (0.391 -0.009333333333333334 0.0))
    (0.2100525131282821 (0.391 -0.009333333333333334 0.0))
    (0.21105276319079772 (0.391 -0.009333333333333334 0.0))
    (0.21205301325331335 (0.391 -0.009333333333333334 0.0))
    (0.21305326331582897 (0.391 -0.009333333333333334 0.0))
    (0.2140535133783446 (0.391 -0.009333333333333334 0.0))
    (0.21505376344086025 (0.391 -0.009333333333333334 0.0))
    (0.21605401350337586 (0.391 -0.009333333333333334 0.0))
    (0.2170542635658915 (0.391 -0.009333333333333334 0.0))
    (0.21805451362840714 (0.391 -0.009333333333333334 0.0))
    (0.21905476369092275 (0.391 -0.009333333333333334 0.0))
    (0.2200550137534384 (0.391 -0.009333333333333334 0.0))
    (0.221055263815954 (0.391 -0.009333333333333334 0.0))
    (0.22205551387846964 (0.391 -0.009333333333333334 0.0))
    (0.22305576394098528 (0.391 -0.009333333333333334 0.0))
    (0.2240560140035009 (0.391 -0.009333333333333334 0.0))
    (0.22505626406601653 (0.391 -0.009333333333333334 0.0))
    (0.22605651412853214 (0.391 -0.009333333333333334 0.0))
    (0.22705676419104778 (0.391 -0.009333333333333334 0.0))
    (0.22805701425356342 (0.391 -0.009333333333333334 0.0))
    (0.22905726431607903 (0.391 -0.009333333333333334 0.0))
    (0.23005751437859467 (0.391 -0.009333333333333334 0.0))
    (0.2310577644411103 (0.391 -0.009333333333333334 0.0))
    (0.23205801450362593 (0.391 -0.009333333333333334 0.0))
    (0.23305826456614157 (0.391 -0.009333333333333334 0.0))
    (0.23405851462865718 (0.391 -0.009333333333333334 0.0))
    (0.23505876469117282 (0.391 -0.009333333333333334 0.0))
    (0.23605901475368846 (0.391 -0.009333333333333334 0.0))
    (0.23705926481620407 (0.391 -0.009333333333333334 0.0))
    (0.2380595148787197 (0.391 -0.009333333333333334 0.0))
    (0.23905976494123535 (0.391 -0.009333333333333334 0.0))
    (0.24006001500375096 (0.391 -0.009333333333333334 0.0))
    (0.2410602650662666 (0.391 -0.009333333333333334 0.0))
    (0.2420605151287822 (0.391 -0.009333333333333334 0.0))
    (0.24306076519129785 (0.391 -0.009333333333333334 0.0))
    (0.2440610152538135 (0.391 -0.009333333333333334 0.0))
    (0.2450612653163291 (0.391 -0.009333333333333334 0.0))
    (0.24606151537884474 (0.391 -0.009333333333333334 0.0))
    (0.24706176544136035 (0.391 -0.009333333333333334 0.0))
    (0.248062015503876 (0.391 -0.009333333333333334 0.0))
    (0.24906226556639163 (0.391 -0.009333333333333334 0.0))
    (0.25006251562890724 (0.391 -0.009333333333333334 0.0))
    (0.2510627656914229 (0.391 -0.009333333333333334 0.0))
    (0.2520630157539385 (0.391 -0.009333333333333334 0.0))
    (0.25306326581645416 (0.391 -0.009333333333333334 0.0))
    (0.25406351587896975 (0.391 -0.009333333333333334 0.0))
    (0.2550637659414854 (0.391 -0.009333333333333334 0.0))
    (0.256064016004001 (0.391 -0.009333333333333334 0.0))
    (0.25706426606651667 (0.391 -0.009333333333333334 0.0))
    (0.2580645161290323 (0.391 -0.009333333333333334 0.0))
    (0.2590647661915479 (0.391 -0.009333333333333334 0.0))
    (0.26006501625406353 (0.391 -0.009333333333333334 0.0))
    (0.26106526631657917 (0.391 -0.009333333333333334 0.0))
    (0.2620655163790948 (0.391 -0.009333333333333334 0.0))
    (0.26306576644161045 (0.391 -0.009333333333333334 0.0))
    (0.26406601650412603 (0.391 -0.009333333333333334 0.0))
    (0.2650662665666417 (0.391 -0.009333333333333334 0.0))
    (0.2660665166291573 (0.391 -0.009333333333333334 0.0))
    (0.26706676669167295 (0.391 -0.009333333333333334 0.0))
    (0.2680670167541886 (0.391 -0.009333333333333334 0.0))
    (0.26906726681670423 (0.391 -0.009333333333333334 0.0))
    (0.2700675168792198 (0.391 -0.009333333333333334 0.0))
    (0.27106776694173546 (0.391 -0.009333333333333334 0.0))
    (0.2720680170042511 (0.391 -0.009333333333333334 0.0))
    (0.27306826706676673 (0.391 -0.009333333333333334 0.0))
    (0.2740685171292824 (0.391 -0.009333333333333334 0.0))
    (0.27506876719179796 (0.391 -0.009333333333333334 0.0))
    (0.2760690172543136 (0.391 -0.009333333333333334 0.0))
    (0.27706926731682924 (0.391 -0.009333333333333334 0.0))
    (0.2780695173793449 (0.391 -0.009333333333333334 0.0))
    (0.2790697674418605 (0.391 -0.009333333333333334 0.0))
    (0.2800700175043761 (0.391 -0.009333333333333334 0.0))
    (0.28107026756689174 (0.391 -0.009333333333333334 0.0))
    (0.2820705176294074 (0.391 -0.009333333333333334 0.0))
    (0.283070767691923 (0.391 -0.009333333333333334 0.0))
    (0.28407101775443866 (0.391 -0.009333333333333334 0.0))
    (0.28507126781695424 (0.391 -0.009333333333333334 0.0))
    (0.2860715178794699 (0.391 -0.009333333333333334 0.0))
    (0.2870717679419855 (0.391 -0.009333333333333334 0.0))
    (0.28807201800450116 (0.391 -0.009333333333333334 0.0))
    (0.2890722680670168 (0.391 -0.009333333333333334 0.0))
    (0.2900725181295324 (0.391 -0.009333333333333334 0.0))
    (0.291072768192048 (0.391 -0.009333333333333334 0.0))
    (0.29207301825456367 (0.391 -0.009333333333333334 0.0))
    (0.2930732683170793 (0.391 -0.009333333333333334 0.0))
    (0.29407351837959494 (0.391 -0.009333333333333334 0.0))
    (0.2950737684421106 (0.391 -0.009333333333333334 0.0))
    (0.29607401850462617 (0.391 -0.009333333333333334 0.0))
    (0.2970742685671418 (0.391 -0.009333333333333334 0.0))
    (0.29807451862965745 (0.391 -0.009333333333333334 0.0))
    (0.2990747686921731 (0.391 -0.009333333333333334 0.0))
    (0.3000750187546887 (0.391 -0.009333333333333334 0.0))
    (0.3010752688172043 (0.391 -0.009333333333333334 0.0))
    (0.30207551887971995 (0.391 -0.009333333333333334 0.0))
    (0.3030757689422356 (0.391 -0.009333333333333334 0.0))
    (0.30407601900475123 (0.391 -0.009333333333333334 0.0))
    (0.30507626906726687 (0.391 -0.009333333333333334 0.0))
    (0.30607651912978245 (0.391 -0.009333333333333334 0.0))
    (0.3070767691922981 (0.391 -0.009333333333333334 0.0))
    (0.30807701925481373 (0.391 -0.009333333333333334 0.0))
    (0.3090772693173294 (0.391 -0.009333333333333334 0.0))
    (0.310077519379845 (0.391 -0.009333333333333334 0.0))
    (0.3110777694423606 (0.391 -0.009333333333333334 0.0))
    (0.31207801950487624 (0.391 -0.009333333333333334 0.0))
    (0.3130782695673919 (0.391 -0.009333333333333334 0.0))
    (0.3140785196299075 (0.391 -0.009333333333333334 0.0))
    (0.31507876969242316 (0.391 -0.009333333333333334 0.0))
    (0.3160790197549388 (0.391 -0.009333333333333334 0.0))
    (0.3170792698174544 (0.391 -0.009333333333333334 0.0))
    (0.31807951987997 (0.391 -0.009333333333333334 0.0))
    (0.31907976994248566 (0.391 -0.009333333333333334 0.0))
    (0.3200800200050013 (0.391 -0.009333333333333334 0.0))
    (0.32108027006751694 (0.391 -0.009333333333333334 0.0))
    (0.3220805201300325 (0.391 -0.009333333333333334 0.0))
    (0.32308077019254816 (0.391 -0.009333333333333334 0.0))
    (0.3240810202550638 (0.391 -0.009333333333333334 0.0))
    (0.32508127031757944 (0.391 -0.009333333333333334 0.0))
    (0.3260815203800951 (0.391 -0.009333333333333334 0.0))
    (0.32708177044261066 (0.391 -0.009333333333333334 0.0))
    (0.3280820205051263 (0.391 -0.009333333333333334 0.0))
    (0.32908227056764194 (0.391 -0.009333333333333334 0.0))
    (0.3300825206301576 (0.391 -0.009333333333333334 0.0))
    (0.3310827706926732 (0.391 -0.009333333333333334 0.0))
    (0.3320830207551888 (0.391 -0.009333333333333334 0.0))
    (0.33308327081770445 (0.391 -0.009333333333333334 0.0))
    (0.3340835208802201 (0.391 -0.009333333333333334 0.0))
    (0.3350837709427357 (0.391 -0.009333333333333334 0.0))
    (0.33608402100525137 (0.391 -0.009333333333333334 0.0))
    (0.33708427106776695 (0.391 -0.009333333333333334 0.0))
    (0.3380845211302826 (0.391 -0.009333333333333334 0.0))
    (0.33908477119279823 (0.391 -0.009333333333333334 0.0))
    (0.34008502125531387 (0.391 -0.009333333333333334 0.0))
    (0.3410852713178295 (0.391 -0.009333333333333334 0.0))
    (0.34208552138034515 (0.391 -0.009333333333333334 0.0))
    (0.34308577144286073 (0.391 -0.009333333333333334 0.0))
    (0.34408602150537637 (0.391 -0.009333333333333334 0.0))
    (0.345086271567892 (0.391 -0.009333333333333334 0.0))
    (0.34608652163040765 (0.391 -0.009333333333333334 0.0))
    (0.3470867716929233 (0.391 -0.009333333333333334 0.0))
    (0.3480870217554389 (0.391 -0.009333333333333334 0.0))
    (0.3490872718179545 (0.391 -0.009333333333333334 0.0))
    (0.35008752188047015 (0.391 -0.009333333333333334 0.0))
    (0.3510877719429858 (0.391 -0.009333333333333334 0.0))
    (0.35208802200550143 (0.391 -0.009333333333333334 0.0))
    (0.353088272068017 (0.391 -0.009333333333333334 0.0))
    (0.35408852213053266 (0.391 -0.009333333333333334 0.0))
    (0.3550887721930483 (0.391 -0.009333333333333334 0.0))
    (0.35608902225556394 (0.391 -0.009333333333333334 0.0))
    (0.3570892723180796 (0.391 -0.009333333333333334 0.0))
    (0.35808952238059516 (0.391 -0.009333333333333334 0.0))
    (0.3590897724431108 (0.391 -0.009333333333333334 0.0))
    (0.36009002250562644 (0.391 -0.009333333333333334 0.0))
    (0.3610902725681421 (0.391 -0.009333333333333334 0.0))
    (0.3620905226306577 (0.391 -0.009333333333333334 0.0))
    (0.36309077269317336 (0.391 -0.009333333333333334 0.0))
    (0.36409102275568894 (0.391 -0.009333333333333334 0.0))
    (0.3650912728182046 (0.391 -0.009333333333333334 0.0))
    (0.3660915228807202 (0.391 -0.009333333333333334 0.0))
    (0.36709177294323586 (0.391 -0.009333333333333334 0.0))
    (0.3680920230057515 (0.391 -0.009333333333333334 0.0))
    (0.3690922730682671 (0.391 -0.009333333333333334 0.0))
    (0.3700925231307827 (0.391 -0.009333333333333334 0.0))
    (0.37109277319329836 (0.391 -0.009333333333333334 0.0))
    (0.372093023255814 (0.391 -0.009333333333333334 0.0))
    (0.37309327331832964 (0.391 -0.009333333333333334 0.0))
    (0.3740935233808452 (0.391 -0.009333333333333334 0.0))
    (0.37509377344336087 (0.391 -0.009333333333333334 0.0))
    (0.3760940235058765 (0.391 -0.009333333333333334 0.0))
    (0.37709427356839215 (0.391 -0.009333333333333334 0.0))
    (0.3780945236309078 (0.391 -0.009333333333333334 0.0))
    (0.37909477369342337 (0.391 -0.009333333333333334 0.0))
    (0.380095023755939 (0.391 -0.009333333333333334 0.0))
    (0.38109527381845465 (0.391 -0.009333333333333334 0.0))
    (0.3820955238809703 (0.391 -0.009333333333333334 0.0))
    (0.38309577394348593 (0.391 -0.009333333333333334 0.0))
    (0.3840960240060015 (0.391 -0.009333333333333334 0.0))
    (0.38509627406851715 (0.391 -0.009333333333333334 0.0))
    (0.3860965241310328 (0.391 -0.009333333333333334 0.0))
    (0.38709677419354843 (0.391 -0.009333333333333334 0.0))
    (0.38809702425606407 (0.391 -0.009333333333333334 0.0))
    (0.3890972743185797 (0.391 -0.009333333333333334 0.0))
    (0.3900975243810953 (0.391 -0.009333333333333334 0.0))
    (0.39109777444361093 (0.391 -0.009333333333333334 0.0))
    (0.3920980245061266 (0.391 -0.009333333333333334 0.0))
    (0.3930982745686422 (0.391 -0.009333333333333334 0.0))
    (0.39409852463115785 (0.391 -0.009333333333333334 0.0))
    (0.39509877469367344 (0.391 -0.009333333333333334 0.0))
    (0.3960990247561891 (0.391 -0.009333333333333334 0.0))
    (0.3970992748187047 (0.391 -0.009333333333333334 0.0))
    (0.39809952488122036 (0.391 -0.009333333333333334 0.0))
    (0.399099774943736 (0.391 -0.009333333333333334 0.0))
    (0.4001000250062516 (0.391 -0.009333333333333334 0.0))
    (0.4011002750687672 (0.391 -0.009333333333333334 0.0))
    (0.40210052513128286 (0.391 -0.009333333333333334 0.0))
    (0.4031007751937985 (0.391 -0.009333333333333334 0.0))
    (0.40410102525631414 (0.391 -0.009333333333333334 0.0))
    (0.4051012753188297 (0.391 -0.009333333333333334 0.0))
    (0.40610152538134536 (0.391 -0.009333333333333334 0.0))
    (0.407101775443861 (0.391 -0.009333333333333334 0.0))
    (0.40810202550637664 (0.391 -0.009333333333333334 0.0))
    (0.4091022755688923 (0.391 -0.009333333333333334 0.0))
    (0.4101025256314079 (0.391 -0.009333333333333334 0.0))
    (0.4111027756939235 (0.391 -0.009333333333333334 0.0))
    (0.41210302575643915 (0.391 -0.009333333333333334 0.0))
    (0.4131032758189548 (0.391 -0.009333333333333334 0.0))
    (0.4141035258814704 (0.391 -0.009333333333333334 0.0))
    (0.41510377594398606 (0.391 -0.009333333333333334 0.0))
    (0.41610402600650165 (0.391 -0.009333333333333334 0.0))
    (0.4171042760690173 (0.391 -0.009333333333333334 0.0))
    (0.4181045261315329 (0.391 -0.009333333333333334 0.0))
    (0.41910477619404857 (0.391 -0.009333333333333334 0.0))
    (0.4201050262565642 (0.391 -0.009333333333333334 0.0))
    (0.4211052763190798 (0.391 -0.009333333333333334 0.0))
    (0.42210552638159543 (0.391 -0.009333333333333334 0.0))
    (0.42310577644411107 (0.391 -0.009333333333333334 0.0))
    (0.4241060265066267 (0.391 -0.009333333333333334 0.0))
    (0.42510627656914235 (0.391 -0.009333333333333334 0.0))
    (0.42610652663165793 (0.391 -0.009333333333333334 0.0))
    (0.4271067766941736 (0.391 -0.009333333333333334 0.0))
    (0.4281070267566892 (0.391 -0.009333333333333334 0.0))
    (0.42910727681920485 (0.391 -0.009333333333333334 0.0))
    (0.4301075268817205 (0.391 -0.009333333333333334 0.0))
    (0.43110777694423613 (0.391 -0.009333333333333334 0.0))
    (0.4321080270067517 (0.391 -0.009333333333333334 0.0))
    (0.43310827706926736 (0.391 -0.009333333333333334 0.0))
    (0.434108527131783 (0.391 -0.009333333333333334 0.0))
    (0.43510877719429863 (0.391 -0.009333333333333334 0.0))
    (0.4361090272568143 (0.391 -0.009333333333333334 0.0))
    (0.43710927731932986 (0.391 -0.009333333333333334 0.0))
    (0.4381095273818455 (0.391 -0.009333333333333334 0.0))
    (0.43910977744436114 (0.391 -0.009333333333333334 0.0))
    (0.4401100275068768 (0.391 -0.009333333333333334 0.0))
    (0.4411102775693924 (0.391 -0.009333333333333334 0.0))
    (0.442110527631908 (0.391 -0.009333333333333334 0.0))
    (0.44311077769442364 (0.391 -0.009333333333333334 0.0))
    (0.4441110277569393 (0.391 -0.009333333333333334 0.0))
    (0.4451112778194549 (0.391 -0.009333333333333334 0.0))
    (0.44611152788197056 (0.391 -0.009333333333333334 0.0))
    (0.44711177794448614 (0.391 -0.009333333333333334 0.0))
    (0.4481120280070018 (0.391 -0.009333333333333334 0.0))
    (0.4491122780695174 (0.391 -0.009333333333333334 0.0))
    (0.45011252813203306 (0.391 -0.009333333333333334 0.0))
    (0.4511127781945487 (0.391 -0.009333333333333334 0.0))
    (0.4521130282570643 (0.391 -0.009333333333333334 0.0))
    (0.4531132783195799 (0.391 -0.009333333333333334 0.0))
    (0.45411352838209557 (0.391 -0.009333333333333334 0.0))
    (0.4551137784446112 (0.391 -0.009333333333333334 0.0))
    (0.45611402850712685 (0.391 -0.009333333333333334 0.0))
    (0.4571142785696425 (0.391 -0.009333333333333334 0.0))
    (0.45811452863215807 (0.391 -0.009333333333333334 0.0))
    (0.4591147786946737 (0.391 -0.009333333333333334 0.0))
    (0.46011502875718935 (0.391 -0.009333333333333334 0.0))
    (0.461115278819705 (0.391 -0.009333333333333334 0.0))
    (0.4621155288822206 (0.391 -0.009333333333333334 0.0))
    (0.4631157789447362 (0.391 -0.009333333333333334 0.0))
    (0.46411602900725185 (0.391 -0.009333333333333334 0.0))
    (0.4651162790697675 (0.391 -0.009333333333333334 0.0))
    (0.46611652913228313 (0.391 -0.009333333333333334 0.0))
    (0.46711677919479877 (0.391 -0.009333333333333334 0.0))
    (0.46811702925731435 (0.391 -0.009333333333333334 0.0))
    (0.46911727931983 (0.391 -0.009333333333333334 0.0))
    (0.47011752938234563 (0.391 -0.009333333333333334 0.0))
    (0.4711177794448613 (0.391 -0.009333333333333334 0.0))
    (0.4721180295073769 (0.391 -0.009333333333333334 0.0))
    (0.4731182795698925 (0.391 -0.009333333333333334 0.0))
    (0.47411852963240814 (0.391 -0.009333333333333334 0.0))
    (0.4751187796949238 (0.391 -0.009333333333333334 0.0))
    (0.4761190297574394 (0.391 -0.009333333333333334 0.0))
    (0.47711927981995506 (0.391 -0.009333333333333334 0.0))
    (0.4781195298824707 (0.391 -0.009333333333333334 0.0))
    (0.4791197799449863 (0.391 -0.009333333333333334 0.0))
    (0.4801200300075019 (0.391 -0.009333333333333334 0.0))
    (0.48112028007001756 (0.391 -0.009333333333333334 0.0))
    (0.4821205301325332 (0.391 -0.009333333333333334 0.0))
    (0.48312078019504884 (0.391 -0.009333333333333334 0.0))
    (0.4841210302575644 (0.391 -0.009333333333333334 0.0))
    (0.48512128032008006 (0.391 -0.009333333333333334 0.0))
    (0.4861215303825957 (0.391 -0.009333333333333334 0.0))
    (0.48712178044511134 (0.391 -0.009333333333333334 0.0))
    (0.488122030507627 (0.391 -0.009333333333333334 0.0))
    (0.48912228057014256 (0.391 -0.009333333333333334 0.0))
    (0.4901225306326582 (0.391 -0.009333333333333334 0.0))
    (0.49112278069517384 (0.391 -0.009333333333333334 0.0))
    (0.4921230307576895 (0.391 -0.009333333333333334 0.0))
    (0.4931232808202051 (0.391 -0.009333333333333334 0.0))
    (0.4941235308827207 (0.391 -0.009333333333333334 0.0))
    (0.49512378094523635 (0.391 -0.009333333333333334 0.0))
    (0.496124031007752 (0.391 -0.009333333333333334 0.0))
    (0.4971242810702676 (0.391 -0.009333333333333334 0.0))
    (0.49812453113278327 (0.391 -0.009333333333333334 0.0))
    (0.49912478119529885 (0.391 -0.009333333333333334 0.0))
    (0.5001250312578145 (0.391 -0.009333333333333334 0.0))
    (0.5011252813203302 (0.391 -0.009333333333333334 0.0))
    (0.5021255313828458 (0.391 -0.009333333333333334 0.0))
    (0.5031257814453614 (0.391 -0.009333333333333334 0.0))
    (0.504126031507877 (0.391 -0.009333333333333334 0.0))
    (0.5051262815703926 (0.391 -0.009333333333333334 0.0))
    (0.5061265316329083 (0.391 -0.009333333333333334 0.0))
    (0.5071267816954239 (0.391 -0.009333333333333334 0.0))
    (0.5081270317579395 (0.391 -0.009333333333333334 0.0))
    (0.5091272818204552 (0.391 -0.009333333333333334 0.0))
    (0.5101275318829708 (0.391 -0.009333333333333334 0.0))
    (0.5111277819454865 (0.391 -0.009333333333333334 0.0))
    (0.512128032008002 (0.391 -0.009333333333333334 0.0))
    (0.5131282820705176 (0.391 -0.009333333333333334 0.0))
    (0.5141285321330333 (0.391 -0.009333333333333334 0.0))
    (0.5151287821955489 (0.391 -0.009333333333333334 0.0))
    (0.5161290322580646 (0.391 -0.009333333333333334 0.0))
    (0.5171292823205802 (0.391 -0.009333333333333334 0.0))
    (0.5181295323830958 (0.391 -0.009333333333333334 0.0))
    (0.5191297824456115 (0.391 -0.009333333333333334 0.0))
    (0.5201300325081271 (0.391 -0.009333333333333334 0.0))
    (0.5211302825706428 (0.391 -0.009333333333333334 0.0))
    (0.5221305326331583 (0.391 -0.009333333333333334 0.0))
    (0.5231307826956739 (0.391 -0.009333333333333334 0.0))
    (0.5241310327581896 (0.391 -0.009333333333333334 0.0))
    (0.5251312828207052 (0.391 -0.009333333333333334 0.0))
    (0.5261315328832209 (0.391 -0.009333333333333334 0.0))
    (0.5271317829457365 (0.391 -0.009333333333333334 0.0))
    (0.5281320330082521 (0.391 -0.009333333333333334 0.0))
    (0.5291322830707678 (0.391 -0.009333333333333334 0.0))
    (0.5301325331332833 (0.391 -0.009333333333333334 0.0))
    (0.531132783195799 (0.391 -0.009333333333333334 0.0))
    (0.5321330332583146 (0.391 -0.009333333333333334 0.0))
    (0.5331332833208302 (0.391 -0.009333333333333334 0.0))
    (0.5341335333833459 (0.391 -0.009333333333333334 0.0))
    (0.5351337834458615 (0.391 -0.009333333333333334 0.0))
    (0.5361340335083772 (0.391 -0.009333333333333334 0.0))
    (0.5371342835708928 (0.391 -0.009333333333333334 0.0))
    (0.5381345336334085 (0.391 -0.009333333333333334 0.0))
    (0.539134783695924 (0.391 -0.009333333333333334 0.0))
    (0.5401350337584396 (0.391 -0.009333333333333334 0.0))
    (0.5411352838209553 (0.391 -0.009333333333333334 0.0))
    (0.5421355338834709 (0.391 -0.009333333333333334 0.0))
    (0.5431357839459866 (0.391 -0.009333333333333334 0.0))
    (0.5441360340085022 (0.391 -0.009333333333333334 0.0))
    (0.5451362840710178 (0.391 -0.009333333333333334 0.0))
    (0.5461365341335335 (0.391 -0.009333333333333334 0.0))
    (0.547136784196049 (0.391 -0.009333333333333334 0.0))
    (0.5481370342585647 (0.391 -0.009333333333333334 0.0))
    (0.5491372843210803 (0.391 -0.009333333333333334 0.0))
    (0.5501375343835959 (0.391 -0.009333333333333334 0.0))
    (0.5511377844461116 (0.391 -0.009333333333333334 0.0))
    (0.5521380345086272 (0.391 -0.009333333333333334 0.0))
    (0.5531382845711429 (0.391 -0.009333333333333334 0.0))
    (0.5541385346336585 (0.391 -0.009333333333333334 0.0))
    (0.5551387846961741 (0.391 -0.009333333333333334 0.0))
    (0.5561390347586898 (0.391 -0.009333333333333334 0.0))
    (0.5571392848212053 (0.391 -0.009333333333333334 0.0))
    (0.558139534883721 (0.391 -0.009333333333333334 0.0))
    (0.5591397849462366 (0.391 -0.009373011859330146 0.0))
    (0.5601400350087522 (0.391 -0.00944283779663401 0.0))
    (0.5611402850712679 (0.391 -0.009512651719533081 0.0))
    (0.5621405351337835 (0.391 -0.009582445968314623 0.0))
    (0.5631407851962992 (0.391 -0.009652212885424501 0.0))
    (0.5641410352588148 (0.391 -0.009721944816307272 0.0))
    (0.5651412853213303 (0.391 -0.009791634110246068 0.0))
    (0.566141535383846 (0.391 -0.009861273121201984 0.0))
    (0.5671417854463616 (0.391 -0.009930854208652945 0.0))
    (0.5681420355088773 (0.391 -0.010000369738432047 0.0))
    (0.5691422855713929 (0.391 -0.01006981208356509 0.0))
    (0.5701425356339085 (0.391 -0.010139173625107434 0.0))
    (0.5711427856964242 (0.391 -0.010208446752979893 0.0))
    (0.5721430357589398 (0.391 -0.010277623866803661 0.0))
    (0.5731432858214555 (0.391 -0.01034669737673426 0.0))
    (0.574143535883971 (0.391 -0.010415659704294186 0.0))
    (0.5751437859464866 (0.391 -0.010484503283204468 0.0))
    (0.5761440360090023 (0.391 -0.010553220560214769 0.0))
    (0.5771442860715179 (0.391 -0.010621803995932084 0.0))
    (0.5781445361340336 (0.391 -0.01069024606564799 0.0))
    (0.5791447861965492 (0.391 -0.010758539260164157 0.0))
    (0.5801450362590648 (0.391 -0.010826676086616293 0.0))
    (0.5811452863215805 (0.391 -0.010894649069296197 0.0))
    (0.582145536384096 (0.391 -0.010962450750471954 0.0))
    (0.5831457864466117 (0.391 -0.011030073691206212 0.0))
    (0.5841460365091273 (0.391 -0.011097510472172296 0.0))
    (0.585146286571643 (0.391 -0.011164753694468291 0.0))
    (0.5861465366341586 (0.391 -0.011231795980428758 0.0))
    (0.5871467866966742 (0.391 -0.011298629974434234 0.0))
    (0.5881470367591899 (0.391 -0.011365248343718241 0.0))
    (0.5891472868217055 (0.391 -0.011431643779171788 0.0))
    (0.5901475368842212 (0.391 -0.011497808996145347 0.0))
    (0.5911477869467368 (0.391 -0.01156373673524804 0.0))
    (0.5921480370092523 (0.391 -0.011629419763144157 0.0))
    (0.593148287071768 (0.391 -0.011694850873346764 0.0))
    (0.5941485371342836 (0.391 -0.011760022887008323 0.0))
    (0.5951487871967993 (0.391 -0.011824928653708398 0.0))
    (0.5961490372593149 (0.391 -0.01188956105223811 0.0))
    (0.5971492873218305 (0.391 -0.011953912991381491 0.0))
    (0.5981495373843462 (0.391 -0.012017977410693494 0.0))
    (0.5991497874468618 (0.391 -0.012081747281274608 0.0))
    (0.6001500375093775 (0.391 -0.012145215606542095 0.0))
    (0.601150287571893 (0.391 -0.012208375422997571 0.0))
    (0.6021505376344086 (0.391 -0.012271219800991058 0.0))
    (0.6031507876969243 (0.391 -0.01233374184548127 0.0))
    (0.6041510377594399 (0.391 -0.012395934696792078 0.0))
    (0.6051512878219556 (0.391 -0.012457791531365175 0.0))
    (0.6061515378844712 (0.391 -0.012519305562508685 0.0))
    (0.6071517879469868 (0.391 -0.01258047004114181 0.0))
    (0.6081520380095025 (0.391 -0.0126412782565353 0.0))
    (0.609152288072018 (0.391 -0.012701723537047705 0.0))
    (0.6101525381345337 (0.391 -0.012761799250857405 0.0))
    (0.6111527881970493 (0.391 -0.012821498806690184 0.0))
    (0.6121530382595649 (0.391 -0.012880815654542436 0.0))
    (0.6131532883220806 (0.391 -0.012939743286399788 0.0))
    (0.6141535383845962 (0.391 -0.012998275236951115 0.0))
    (0.6151537884471119 (0.391 -0.013056405084297945 0.0))
    (0.6161540385096275 (0.391 -0.013114126450658972 0.0))
    (0.617154288572143 (0.391 -0.013171433003069867 0.0))
    (0.6181545386346587 (0.391 -0.013228318454078068 0.0))
    (0.6191547886971743 (0.391 -0.013284776562432616 0.0))
    (0.62015503875969 (0.391 -0.013340801133768948 0.0))
    (0.6211552888222056 (0.391 -0.013396386021288481 0.0))
    (0.6221555388847212 (0.391 -0.013451525126433047 0.0))
    (0.6231557889472369 (0.391 -0.013506212399553996 0.0))
    (0.6241560390097525 (0.391 -0.01356044184057591 0.0))
    (0.6251562890722682 (0.391 -0.013614207499654963 0.0))
    (0.6261565391347838 (0.391 -0.013667503477831654 0.0))
    (0.6271567891972993 (0.391 -0.01372032392767807 0.0))
    (0.628157039259815 (0.391 -0.013772663053939422 0.0))
    (0.6291572893223306 (0.391 -0.013824515114169855 0.0))
    (0.6301575393848463 (0.391 -0.013875874419362538 0.0))
    (0.6311577894473619 (0.391 -0.013926735334573781 0.0))
    (0.6321580395098776 (0.391 -0.013977092279541335 0.0))
    (0.6331582895723932 (0.391 -0.014026939729296594 0.0))
    (0.6341585396349088 (0.391 -0.014076272214770792 0.0))
    (0.6351587896974245 (0.391 -0.014125084323395064 0.0))
    (0.63615903975994 (0.391 -0.014173370699694238 0.0))
    (0.6371592898224557 (0.391 -0.014221126045874489 0.0))
    (0.6381595398849713 (0.391 -0.01426834512240453 0.0))
    (0.6391597899474869 (0.391 -0.014315022748590513 0.0))
    (0.6401600400100026 (0.391 -0.014361153803144422 0.0))
    (0.6411602900725182 (0.391 -0.014406733224745947 0.0))
    (0.6421605401350339 (0.391 -0.01445175601259782 0.0))
    (0.6431607901975495 (0.391 -0.014496217226974452 0.0))
    (0.644161040260065 (0.391 -0.014540111989763932 0.0))
    (0.6451612903225807 (0.391 -0.014583435485003215 0.0))
    (0.6461615403850963 (0.391 -0.014626182959406504 0.0))
    (0.647161790447612 (0.391 -0.014668349722886791 0.0))
    (0.6481620405101276 (0.391 -0.014709931149070397 0.0))
    (0.6491622905726432 (0.391 -0.014750922675804598 0.0))
    (0.6501625406351589 (0.391 -0.014791319805658142 0.0))
    (0.6511627906976745 (0.391 -0.01483111810641469 0.0))
    (0.6521630407601902 (0.391 -0.014870313211559119 0.0))
    (0.6531632908227057 (0.391 -0.014908900820756575 0.0))
    (0.6541635408852213 (0.391 -0.014946876700324314 0.0))
    (0.655163790947737 (0.391 -0.014984236683696191 0.0))
    (0.6561640410102526 (0.391 -0.015020976671879793 0.0))
    (0.6571642910727683 (0.391 -0.015057092633906186 0.0))
    (0.6581645411352839 (0.391 -0.01509258060727215 0.0))
    (0.6591647911977995 (0.391 -0.015127436698374958 0.0))
    (0.6601650412603152 (0.391 -0.01516165708293955 0.0))
    (0.6611652913228308 (0.391 -0.015195238006438109 0.0))
    (0.6621655413853464 (0.391 -0.015228175784502022 0.0))
    (0.663165791447862 (0.391 -0.01526046680332608 0.0))
    (0.6641660415103776 (0.391 -0.015292107520065004 0.0))
    (0.6651662915728933 (0.391 -0.015323094463222133 0.0))
    (0.6661665416354089 (0.391 -0.015353424233030294 0.0))
    (0.6671667916979246 (0.391 -0.015383093501824837 0.0))
    (0.6681670417604402 (0.391 -0.015412099014408716 0.0))
    (0.6691672918229558 (0.391 -0.015440437588409642 0.0))
    (0.6701675418854715 (0.391 -0.015468106114629239 0.0))
    (0.671167791947987 (0.391 -0.01549510155738417 0.0))
    (0.6721680420105027 (0.391 -0.01552142095483921 0.0))
    (0.6731682920730183 (0.391 -0.015547061419332197 0.0))
    (0.6741685421355339 (0.391 -0.015572020137690858 0.0))
    (0.6751687921980496 (0.391 -0.015596294371541466 0.0))
    (0.6761690422605652 (0.391 -0.015619881457609272 0.0))
    (0.6771692923230809 (0.391 -0.01564277880801072 0.0))
    (0.6781695423855965 (0.391 -0.01566498391053737 0.0))
    (0.6791697924481122 (0.391 -0.015686494328931544 0.0))
    (0.6801700425106277 (0.391 -0.015707307703153595 0.0))
    (0.6811702925731433 (0.391 -0.015727421749640865 0.0))
    (0.682170542635659 (0.391 -0.01574683426155823 0.0))
    (0.6831707926981746 (0.391 -0.0157655431090402 0.0))
    (0.6841710427606903 (0.391 -0.015783546239424635 0.0))
    (0.6851712928232059 (0.391 -0.015800841677477924 0.0))
    (0.6861715428857215 (0.391 -0.01581742752561171 0.0))
    (0.6871717929482372 (0.391 -0.0158333019640911 0.0))
    (0.6881720430107527 (0.391 -0.0158484632512343 0.0))
    (0.6891722930732684 (0.391 -0.01586290972360372 0.0))
    (0.690172543135784 (0.391 -0.01587663979618846 0.0))
    (0.6911727931982996 (0.391 -0.01588965196257824 0.0))
    (0.6921730432608153 (0.391 -0.01590194479512865 0.0))
    (0.6931732933233309 (0.391 -0.015913516945117813 0.0))
    (0.6941735433858466 (0.391 -0.015924367142894323 0.0))
    (0.6951737934483622 (0.391 -0.015934494198016586 0.0))
    (0.6961740435108777 (0.391 -0.015943896999383415 0.0))
    (0.6971742935733934 (0.391 -0.015952574515355925 0.0))
    (0.698174543635909 (0.391 -0.015960525793870736 0.0))
    (0.6991747936984247 (0.391 -0.01596774996254443 0.0))
    (0.7001750437609403 (0.391 -0.015974246228769237 0.0))
    (0.7011752938234559 (0.391 -0.01598001387980005 0.0))
    (0.7021755438859716 (0.391 -0.01598505228283257 0.0))
    (0.7031757939484872 (0.391 -0.015989360885072766 0.0))
    (0.7041760440110029 (0.391 -0.015992939213797526 0.0))
    (0.7051762940735185 (0.391 -0.0159957868764065 0.0))
    (0.706176544136034 (0.391 -0.0159979035604652 0.0))
    (0.7071767941985497 (0.391 -0.015999289033739265 0.0))
    (0.7081770442610653 (0.391 -0.01599994314421994 0.0))
    (0.709177294323581 (0.391 -0.015999865820140766 0.0))
    (0.7101775443860966 (0.391 -0.015999057069985438 0.0))
    (0.7111777944486122 (0.391 -0.015997516982486883 0.0))
    (0.7121780445111279 (0.391 -0.015995245726617528 0.0))
    (0.7131782945736435 (0.391 -0.015992243551570758 0.0))
    (0.7141785446361592 (0.391 -0.015988510786733558 0.0))
    (0.7151787946986747 (0.391 -0.015984047841650414 0.0))
    (0.7161790447611903 (0.391 -0.015978855205978335 0.0))
    (0.717179294823706 (0.391 -0.015972933449433162 0.0))
    (0.7181795448862216 (0.391 -0.015966283221727044 0.0))
    (0.7191797949487373 (0.391 -0.015958905252497158 0.0))
    (0.7201800450112529 (0.391 -0.015950800351225657 0.0))
    (0.7211802950737685 (0.391 -0.015941969407150865 0.0))
    (0.7221805451362842 (0.391 -0.015932413389169696 0.0))
    (0.7231807951987997 (0.391 -0.01592213334573136 0.0))
    (0.7241810452613154 (0.391 -0.015911130404722338 0.0))
    (0.725181295323831 (0.391 -0.015899405773342618 0.0))
    (0.7261815453863467 (0.391 -0.015886960737973264 0.0))
    (0.7271817954488623 (0.391 -0.015873796664035263 0.0))
    (0.7281820455113779 (0.391 -0.015859914995839726 0.0))
    (0.7291822955738936 (0.391 -0.015845317256429424 0.0))
    (0.7301825456364092 (0.391 -0.015830005047411683 0.0))
    (0.7311827956989249 (0.391 -0.015813980048782653 0.0))
    (0.7321830457614404 (0.391 -0.01579724401874301 0.0))
    (0.733183295823956 (0.391 -0.015779798793505023 0.0))
    (0.7341835458864717 (0.391 -0.015761646287091115 0.0))
    (0.7351837959489873 (0.391 -0.01574278849112385 0.0))
    (0.736184046011503 (0.391 -0.01572322747460743 0.0))
    (0.7371842960740186 (0.391 -0.015702965383700678 0.0))
    (0.7381845461365342 (0.391 -0.015682004441481594 0.0))
    (0.7391847961990499 (0.391 -0.015660346947703414 0.0))
    (0.7401850462615654 (0.391 -0.015637995278542323 0.0))
    (0.7411852963240811 (0.391 -0.015614951886336728 0.0))
    (0.7421855463865967 (0.391 -0.015591219299318206 0.0))
    (0.7431857964491123 (0.391 -0.015566800121334117 0.0))
    (0.744186046511628 (0.391 -0.01554169703156191 0.0))
    (0.7451862965741436 (0.391 -0.015515912784215189 0.0))
    (0.7461865466366593 (0.391 -0.015489450208241523 0.0))
    (0.7471867966991749 (0.391 -0.015462312207012064 0.0))
    (0.7481870467616905 (0.391 -0.015434501758003004 0.0))
    (0.7491872968242062 (0.391 -0.01540602191246889 0.0))
    (0.7501875468867217 (0.391 -0.015376875795107867 0.0))
    (0.7511877969492374 (0.391 -0.015347066603718833 0.0))
    (0.752188047011753 (0.391 -0.015316597608850603 0.0))
    (0.7531882970742686 (0.391 -0.015285472153443062 0.0))
    (0.7541885471367843 (0.391 -0.015253693652460393 0.0))
    (0.7551887971992999 (0.391 -0.015221265592516424 0.0))
    (0.7561890472618156 (0.391 -0.015188191531492052 0.0))
    (0.7571892973243312 (0.391 -0.015154475098144923 0.0))
    (0.7581895473868467 (0.391 -0.01512011999171127 0.0))
    (0.7591897974493624 (0.391 -0.015085129981500058 0.0))
    (0.760190047511878 (0.391 -0.015049508906479438 0.0))
    (0.7611902975743937 (0.391 -0.015013260674855537 0.0))
    (0.7621905476369093 (0.391 -0.014976389263643681 0.0))
    (0.7631907976994249 (0.391 -0.01493889871823203 0.0))
    (0.7641910477619406 (0.391 -0.014900793151937748 0.0))
    (0.7651912978244562 (0.391 -0.014862076745555716 0.0))
    (0.7661915478869719 (0.391 -0.0148227537468998 0.0))
    (0.7671917979494874 (0.391 -0.014782828470336835 0.0))
    (0.768192048012003 (0.391 -0.014742305296313239 0.0))
    (0.7691922980745187 (0.391 -0.014701188670874419 0.0))
    (0.7701925481370343 (0.391 -0.01465948310517698 0.0))
    (0.77119279819955 (0.391 -0.014617193174993753 0.0))
    (0.7721930482620656 (0.391 -0.014574323520211784 0.0))
    (0.7731932983245813 (0.391 -0.01453087884432324 0.0))
    (0.7741935483870969 (0.391 -0.014486863913909393 0.0))
    (0.7751937984496124 (0.391 -0.014442283558117604 0.0))
    (0.7761940485121281 (0.391 -0.014397142668131527 0.0))
    (0.7771942985746437 (0.391 -0.014351446196634456 0.0))
    (0.7781945486371594 (0.391 -0.014305199157265917 0.0))
    (0.779194798699675 (0.391 -0.014258406624071624 0.0))
    (0.7801950487621906 (0.391 -0.014211073730946749 0.0))
    (0.7811952988247063 (0.391 -0.014163205671072649 0.0))
    (0.7821955488872219 (0.391 -0.014114807696347122 0.0))
    (0.7831957989497376 (0.391 -0.014065885116808143 0.0))
    (0.7841960490122531 (0.391 -0.01401644330005132 0.0))
    (0.7851962990747687 (0.391 -0.013966487670640924 0.0))
    (0.7861965491372844 (0.391 -0.01391602370951477 0.0))
    (0.7871967991998 (0.391 -0.013865056953382866 0.0))
    (0.7881970492623157 (0.391 -0.013813592994119914 0.0))
    (0.7891972993248313 (0.391 -0.013761637478151841 0.0))
    (0.7901975493873469 (0.391 -0.01370919610583625 0.0))
    (0.7911977994498626 (0.391 -0.013656274630837014 0.0))
    (0.7921980495123782 (0.391 -0.01360287885949303 0.0))
    (0.7931982995748939 (0.391 -0.013549014650181124 0.0))
    (0.7941985496374094 (0.391 -0.013494687912673345 0.0))
    (0.795198799699925 (0.391 -0.013439904607488524 0.0))
    (0.7961990497624407 (0.391 -0.013384670745238315 0.0))
    (0.7971992998249563 (0.391 -0.013328992385967776 0.0))
    (0.798199549887472 (0.391 -0.013272875638490424 0.0))
    (0.7991997999499876 (0.391 -0.013216326659718053 0.0))
    (0.8002000500125032 (0.391 -0.01315935165398518 0.0))
    (0.8012003000750189 (0.391 -0.013101956872368344 0.0))
    (0.8022005501375344 (0.391 -0.01304414861200029 0.0))
    (0.8032008002000501 (0.391 -0.012985933215379013 0.0))
    (0.8042010502625657 (0.391 -0.012927317069671953 0.0))
    (0.8052013003250813 (0.391 -0.01286830660601516 0.0))
    (0.806201550387597 (0.391 -0.012808908298807717 0.0))
    (0.8072018004501126 (0.391 -0.012749128665001426 0.0))
    (0.8082020505126283 (0.391 -0.012688974263385723 0.0))
    (0.8092023005751439 (0.391 -0.012628451693868155 0.0))
    (0.8102025506376594 (0.391 -0.012567567596750191 0.0))
    (0.8112028007001751 (0.391 -0.01250632865199871 0.0))
    (0.8122030507626907 (0.391 -0.012444741578513122 0.0))
    (0.8132033008252064 (0.391 -0.012382813133388132 0.0))
    (0.814203550887722 (0.391 -0.012320550111172453 0.0))
    (0.8152038009502377 (0.391 -0.012257959343123268 0.0))
    (0.8162040510127533 (0.391 -0.012195047696456792 0.0))
    (0.8172043010752689 (0.391 -0.012131822073594766 0.0))
    (0.8182045511377846 (0.391 -0.012068289411407198 0.0))
    (0.8192048012003001 (0.391 -0.012004456680451256 0.0))
    (0.8202050512628158 (0.391 -0.011940330884206488 0.0))
    (0.8212053013253314 (0.391 -0.011875919058306438 0.0))
    (0.822205551387847 (0.391 -0.011811228269766692 0.0))
    (0.8232058014503627 (0.391 -0.011746265616209551 0.0))
    (0.8242060515128783 (0.391 -0.011681038225085294 0.0))
    (0.825206301575394 (0.391 -0.011615553252890163 0.0))
    (0.8262065516379096 (0.391 -0.011549817884381211 0.0))
    (0.8272068017004252 (0.391 -0.011483839331787997 0.0))
    (0.8282070517629408 (0.391 -0.011417624834021282 0.0))
    (0.8292073018254564 (0.391 -0.011351181655878844 0.0))
    (0.8302075518879721 (0.391 -0.01128451708724835 0.0))
    (0.8312078019504877 (0.391 -0.01121763844230761 0.0))
    (0.8322080520130033 (0.391 -0.011150553058722024 0.0))
    (0.833208302075519 (0.391 -0.01108326829683956 0.0))
    (0.8342085521380346 (0.391 -0.011015791538883222 0.0))
    (0.8352088022005503 (0.391 -0.010948130188141043 0.0))
    (0.8362090522630659 (0.391 -0.010880291668153895 0.0))
    (0.8372093023255814 (0.391 -0.01081228342190095 0.0))
    (0.8382095523880971 (0.391 -0.010744112910983084 0.0))
    (0.8392098024506127 (0.391 -0.010675787614804245 0.0))
    (0.8402100525131284 (0.391 -0.010607315029750791 0.0))
    (0.841210302575644 (0.391 -0.010538702668369076 0.0))
    (0.8422105526381596 (0.391 -0.010469958058541142 0.0))
    (0.8432108027006753 (0.391 -0.010401088742658821 0.0))
    (0.8442110527631909 (0.391 -0.010332102276796234 0.0))
    (0.8452113028257066 (0.391 -0.010263006229880706 0.0))
    (0.8462115528882221 (0.391 -0.01019380818286241 0.0))
    (0.8472118029507377 (0.391 -0.010124515727882545 0.0))
    (0.8482120530132534 (0.391 -0.010055136467440383 0.0))
    (0.849212303075769 (0.391 -0.009985678013559185 0.0))
    (0.8502125531382847 (0.391 -0.00991614798695097 0.0))
    (0.8512128032008003 (0.391 -0.009846554016180481 0.0))
    (0.8522130532633159 (0.391 -0.00977690373682813 0.0))
    (0.8532133033258316 (0.391 -0.009707204790652296 0.0))
    (0.8542135533883471 (0.391 -0.009637464824750915 0.0))
    (0.8552138034508628 (0.391 -0.009567691490722417 0.0))
    (0.8562140535133784 (0.391 -0.009497892443826282 0.0))
    (0.857214303575894 (0.391 -0.009428075342143087 0.0))
    (0.8582145536384097 (0.391 -0.009358247845734307 0.0))
    (0.8592148037009253 (0.391 -0.009333333333333334 0.0))
    (0.860215053763441 (0.391 -0.009333333333333334 0.0))
    (0.8612153038259566 (0.391 -0.009333333333333334 0.0))
    (0.8622155538884723 (0.391 -0.009333333333333334 0.0))
    (0.8632158039509878 (0.391 -0.009333333333333334 0.0))
    (0.8642160540135034 (0.391 -0.009333333333333334 0.0))
    (0.8652163040760191 (0.391 -0.009333333333333334 0.0))
    (0.8662165541385347 (0.391 -0.009333333333333334 0.0))
    (0.8672168042010504 (0.391 -0.009333333333333334 0.0))
    (0.868217054263566 (0.391 -0.009333333333333334 0.0))
    (0.8692173043260816 (0.391 -0.009333333333333334 0.0))
    (0.8702175543885973 (0.391 -0.009333333333333334 0.0))
    (0.8712178044511129 (0.391 -0.009333333333333334 0.0))
    (0.8722180545136285 (0.391 -0.009333333333333334 0.0))
    (0.8732183045761441 (0.391 -0.009333333333333334 0.0))
    (0.8742185546386597 (0.391 -0.009333333333333334 0.0))
    (0.8752188047011754 (0.391 -0.009333333333333334 0.0))
    (0.876219054763691 (0.391 -0.009333333333333334 0.0))
    (0.8772193048262067 (0.391 -0.009333333333333334 0.0))
    (0.8782195548887223 (0.391 -0.009333333333333334 0.0))
    (0.8792198049512379 (0.391 -0.009333333333333334 0.0))
    (0.8802200550137536 (0.391 -0.009333333333333334 0.0))
    (0.8812203050762691 (0.391 -0.009333333333333334 0.0))
    (0.8822205551387848 (0.391 -0.009333333333333334 0.0))
    (0.8832208052013004 (0.391 -0.009333333333333334 0.0))
    (0.884221055263816 (0.391 -0.009333333333333334 0.0))
    (0.8852213053263317 (0.391 -0.009333333333333334 0.0))
    (0.8862215553888473 (0.391 -0.009333333333333334 0.0))
    (0.887221805451363 (0.391 -0.009333333333333334 0.0))
    (0.8882220555138786 (0.391 -0.009333333333333334 0.0))
    (0.8892223055763941 (0.391 -0.009333333333333334 0.0))
    (0.8902225556389098 (0.391 -0.009333333333333334 0.0))
    (0.8912228057014254 (0.391 -0.009333333333333334 0.0))
    (0.8922230557639411 (0.391 -0.009333333333333334 0.0))
    (0.8932233058264567 (0.391 -0.009333333333333334 0.0))
    (0.8942235558889723 (0.391 -0.009333333333333334 0.0))
    (0.895223805951488 (0.391 -0.009333333333333334 0.0))
    (0.8962240560140036 (0.391 -0.009333333333333334 0.0))
    (0.8972243060765193 (0.391 -0.009333333333333334 0.0))
    (0.8982245561390348 (0.391 -0.009333333333333334 0.0))
    (0.8992248062015504 (0.391 -0.009333333333333334 0.0))
    (0.9002250562640661 (0.391 -0.009333333333333334 0.0))
    (0.9012253063265817 (0.391 -0.009333333333333334 0.0))
    (0.9022255563890974 (0.391 -0.009333333333333334 0.0))
    (0.903225806451613 (0.391 -0.009333333333333334 0.0))
    (0.9042260565141286 (0.391 -0.009333333333333334 0.0))
    (0.9052263065766443 (0.391 -0.009333333333333334 0.0))
    (0.9062265566391599 (0.391 -0.009333333333333334 0.0))
    (0.9072268067016755 (0.391 -0.009333333333333334 0.0))
    (0.9082270567641911 (0.391 -0.009333333333333334 0.0))
    (0.9092273068267068 (0.391 -0.009333333333333334 0.0))
    (0.9102275568892224 (0.391 -0.009333333333333334 0.0))
    (0.911227806951738 (0.391 -0.009333333333333334 0.0))
    (0.9122280570142537 (0.391 -0.009333333333333334 0.0))
    (0.9132283070767693 (0.391 -0.009333333333333334 0.0))
    (0.914228557139285 (0.391 -0.009333333333333334 0.0))
    (0.9152288072018006 (0.391 -0.009333333333333334 0.0))
    (0.9162290572643161 (0.391 -0.009333333333333334 0.0))
    (0.9172293073268318 (0.391 -0.009333333333333334 0.0))
    (0.9182295573893474 (0.391 -0.009333333333333334 0.0))
    (0.9192298074518631 (0.391 -0.009333333333333334 0.0))
    (0.9202300575143787 (0.391 -0.009333333333333334 0.0))
    (0.9212303075768943 (0.391 -0.009333333333333334 0.0))
    (0.92223055763941 (0.391 -0.009333333333333334 0.0))
    (0.9232308077019256 (0.391 -0.009333333333333334 0.0))
    (0.9242310577644413 (0.391 -0.009333333333333334 0.0))
    (0.9252313078269568 (0.391 -0.009333333333333334 0.0))
    (0.9262315578894724 (0.391 -0.009333333333333334 0.0))
    (0.9272318079519881 (0.391 -0.009333333333333334 0.0))
    (0.9282320580145037 (0.391 -0.009333333333333334 0.0))
    (0.9292323080770194 (0.391 -0.009333333333333334 0.0))
    (0.930232558139535 (0.391 -0.009333333333333334 0.0))
    (0.9312328082020506 (0.391 -0.009333333333333334 0.0))
    (0.9322330582645663 (0.391 -0.009333333333333334 0.0))
    (0.9332333083270818 (0.391 -0.009333333333333334 0.0))
    (0.9342335583895975 (0.391 -0.009333333333333334 0.0))
    (0.9352338084521131 (0.391 -0.009333333333333334 0.0))
    (0.9362340585146287 (0.391 -0.009333333333333334 0.0))
    (0.9372343085771444 (0.391 -0.009333333333333334 0.0))
    (0.93823455863966 (0.391 -0.009333333333333334 0.0))
    (0.9392348087021757 (0.391 -0.009333333333333334 0.0))
    (0.9402350587646913 (0.391 -0.009333333333333334 0.0))
    (0.9412353088272069 (0.391 -0.009333333333333334 0.0))
    (0.9422355588897225 (0.391 -0.009333333333333334 0.0))
    (0.9432358089522381 (0.391 -0.009333333333333334 0.0))
    (0.9442360590147538 (0.391 -0.009333333333333334 0.0))
    (0.9452363090772694 (0.391 -0.009333333333333334 0.0))
    (0.946236559139785 (0.391 -0.009333333333333334 0.0))
    (0.9472368092023007 (0.391 -0.009333333333333334 0.0))
    (0.9482370592648163 (0.391 -0.009333333333333334 0.0))
    (0.949237309327332 (0.391 -0.009333333333333334 0.0))
    (0.9502375593898476 (0.391 -0.009333333333333334 0.0))
    (0.9512378094523631 (0.391 -0.009333333333333334 0.0))
    (0.9522380595148788 (0.391 -0.009333333333333334 0.0))
    (0.9532383095773944 (0.391 -0.009333333333333334 0.0))
    (0.9542385596399101 (0.391 -0.009333333333333334 0.0))
    (0.9552388097024257 (0.391 -0.009333333333333334 0.0))
    (0.9562390597649414 (0.391 -0.009333333333333334 0.0))
    (0.957239309827457 (0.391 -0.009333333333333334 0.0))
    (0.9582395598899726 (0.391 -0.009333333333333334 0.0))
    (0.9592398099524883 (0.391 -0.009333333333333334 0.0))
    (0.9602400600150038 (0.391 -0.009333333333333334 0.0))
    (0.9612403100775195 (0.391 -0.009333333333333334 0.0))
    (0.9622405601400351 (0.391 -0.009333333333333334 0.0))
    (0.9632408102025507 (0.391 -0.009333333333333334 0.0))
    (0.9642410602650664 (0.391 -0.009333333333333334 0.0))
    (0.965241310327582 (0.391 -0.009333333333333334 0.0))
    (0.9662415603900977 (0.391 -0.009333333333333334 0.0))
    (0.9672418104526133 (0.391 -0.009333333333333334 0.0))
    (0.9682420605151288 (0.391 -0.009333333333333334 0.0))
    (0.9692423105776445 (0.391 -0.009333333333333334 0.0))
    (0.9702425606401601 (0.391 -0.009333333333333334 0.0))
    (0.9712428107026758 (0.391 -0.009333333333333334 0.0))
    (0.9722430607651914 (0.391 -0.009333333333333334 0.0))
    (0.973243310827707 (0.391 -0.009333333333333334 0.0))
    (0.9742435608902227 (0.391 -0.009333333333333334 0.0))
    (0.9752438109527383 (0.391 -0.009333333333333334 0.0))
    (0.976244061015254 (0.391 -0.009333333333333334 0.0))
    (0.9772443110777695 (0.391 -0.009333333333333334 0.0))
    (0.9782445611402851 (0.391 -0.009333333333333334 0.0))
    (0.9792448112028008 (0.391 -0.009333333333333334 0.0))
    (0.9802450612653164 (0.391 -0.009333333333333334 0.0))
    (0.9812453113278321 (0.391 -0.009333333333333334 0.0))
    (0.9822455613903477 (0.391 -0.009333333333333334 0.0))
    (0.9832458114528633 (0.391 -0.009333333333333334 0.0))
    (0.984246061515379 (0.391 -0.009333333333333334 0.0))
    (0.9852463115778946 (0.391 -0.009333333333333334 0.0))
    (0.9862465616404102 (0.391 -0.009333333333333334 0.0))
    (0.9872468117029258 (0.391 -0.009333333333333334 0.0))
    (0.9882470617654414 (0.391 -0.009333333333333334 0.0))
    (0.9892473118279571 (0.391 -0.009333333333333334 0.0))
    (0.9902475618904727 (0.391 -0.009333333333333334 0.0))
    (0.9912478119529884 (0.391 -0.009333333333333334 0.0))
    (0.992248062015504 (0.391 -0.009333333333333334 0.0))
    (0.9932483120780196 (0.391 -0.009333333333333334 0.0))
    (0.9942485621405353 (0.391 -0.009333333333333334 0.0))
    (0.9952488122030508 (0.391 -0.009333333333333334 0.0))
    (0.9962490622655665 (0.391 -0.009333333333333334 0.0))
    (0.9972493123280821 (0.391 -0.009333333333333334 0.0))
    (0.9982495623905977 (0.391 -0.009333333333333334 0.0))
    (0.9992498124531134 (0.391 -0.009333333333333334 0.0))
    (1.000250062515629 (0.391 -0.009333333333333334 0.0))
    (1.0012503125781447 (0.391 -0.009333333333333334 0.0))
    (1.0022505626406604 (0.391 -0.009333333333333334 0.0))
    (1.0032508127031758 (0.391 -0.009333333333333334 0.0))
    (1.0042510627656915 (0.391 -0.009333333333333334 0.0))
    (1.0052513128282072 (0.391 -0.009333333333333334 0.0))
    (1.0062515628907227 (0.391 -0.009333333333333334 0.0))
    (1.0072518129532384 (0.391 -0.009333333333333334 0.0))
    (1.008252063015754 (0.391 -0.009333333333333334 0.0))
    (1.0092523130782696 (0.391 -0.009333333333333334 0.0))
    (1.0102525631407853 (0.391 -0.009333333333333334 0.0))
    (1.011252813203301 (0.391 -0.009333333333333334 0.0))
    (1.0122530632658167 (0.391 -0.009333333333333334 0.0))
    (1.0132533133283321 (0.391 -0.009333333333333334 0.0))
    (1.0142535633908478 (0.391 -0.009333333333333334 0.0))
    (1.0152538134533635 (0.391 -0.009333333333333334 0.0))
    (1.016254063515879 (0.391 -0.009333333333333334 0.0))
    (1.0172543135783947 (0.391 -0.009333333333333334 0.0))
    (1.0182545636409104 (0.391 -0.009333333333333334 0.0))
    (1.0192548137034259 (0.391 -0.009333333333333334 0.0))
    (1.0202550637659416 (0.391 -0.009333333333333334 0.0))
    (1.0212553138284572 (0.391 -0.009333333333333334 0.0))
    (1.022255563890973 (0.391 -0.009333333333333334 0.0))
    (1.0232558139534884 (0.391 -0.009333333333333334 0.0))
    (1.024256064016004 (0.391 -0.009333333333333334 0.0))
    (1.0252563140785198 (0.391 -0.009333333333333334 0.0))
    (1.0262565641410353 (0.391 -0.009333333333333334 0.0))
    (1.027256814203551 (0.391 -0.009333333333333334 0.0))
    (1.0282570642660667 (0.391 -0.009333333333333334 0.0))
    (1.0292573143285824 (0.391 -0.009333333333333334 0.0))
    (1.0302575643910978 (0.391 -0.009333333333333334 0.0))
    (1.0312578144536135 (0.391 -0.009333333333333334 0.0))
    (1.0322580645161292 (0.391 -0.009333333333333334 0.0))
    (1.0332583145786447 (0.391 -0.009333333333333334 0.0))
    (1.0342585646411604 (0.391 -0.009333333333333334 0.0))
    (1.035258814703676 (0.391 -0.009333333333333334 0.0))
    (1.0362590647661916 (0.391 -0.009333333333333334 0.0))
    (1.0372593148287073 (0.391 -0.009333333333333334 0.0))
    (1.038259564891223 (0.391 -0.009333333333333334 0.0))
    (1.0392598149537386 (0.391 -0.009333333333333334 0.0))
    (1.0402600650162541 (0.391 -0.009333333333333334 0.0))
    (1.0412603150787698 (0.391 -0.009333333333333334 0.0))
    (1.0422605651412855 (0.391 -0.009333333333333334 0.0))
    (1.043260815203801 (0.391 -0.009333333333333334 0.0))
    (1.0442610652663167 (0.391 -0.009333333333333334 0.0))
    (1.0452613153288324 (0.391 -0.009333333333333334 0.0))
    (1.0462615653913478 (0.391 -0.009333333333333334 0.0))
    (1.0472618154538635 (0.391 -0.009333333333333334 0.0))
    (1.0482620655163792 (0.391 -0.009333333333333334 0.0))
    (1.049262315578895 (0.391 -0.009333333333333334 0.0))
    (1.0502625656414104 (0.391 -0.009333333333333334 0.0))
    (1.051262815703926 (0.391 -0.009333333333333334 0.0))
    (1.0522630657664418 (0.391 -0.009333333333333334 0.0))
    (1.0532633158289573 (0.391 -0.009333333333333334 0.0))
    (1.054263565891473 (0.391 -0.009333333333333334 0.0))
    (1.0552638159539887 (0.391 -0.009333333333333334 0.0))
    (1.0562640660165041 (0.391 -0.009333333333333334 0.0))
    (1.0572643160790198 (0.391 -0.009333333333333334 0.0))
    (1.0582645661415355 (0.391 -0.009333333333333334 0.0))
    (1.0592648162040512 (0.391 -0.009333333333333334 0.0))
    (1.0602650662665667 (0.391 -0.009333333333333334 0.0))
    (1.0612653163290824 (0.391 -0.009333333333333334 0.0))
    (1.062265566391598 (0.391 -0.009333333333333334 0.0))
    (1.0632658164541136 (0.391 -0.009333333333333334 0.0))
    (1.0642660665166292 (0.391 -0.009333333333333334 0.0))
    (1.065266316579145 (0.391 -0.009333333333333334 0.0))
    (1.0662665666416604 (0.391 -0.009333333333333334 0.0))
    (1.0672668167041761 (0.391 -0.009333333333333334 0.0))
    (1.0682670667666918 (0.391 -0.009333333333333334 0.0))
    (1.0692673168292075 (0.391 -0.009333333333333334 0.0))
    (1.070267566891723 (0.391 -0.009333333333333334 0.0))
    (1.0712678169542387 (0.391 -0.009333333333333334 0.0))
    (1.0722680670167544 (0.391 -0.009333333333333334 0.0))
    (1.0732683170792698 (0.391 -0.009333333333333334 0.0))
    (1.0742685671417855 (0.391 -0.009333333333333334 0.0))
    (1.0752688172043012 (0.391 -0.009333333333333334 0.0))
    (1.076269067266817 (0.391 -0.009333333333333334 0.0))
    (1.0772693173293324 (0.391 -0.009333333333333334 0.0))
    (1.078269567391848 (0.391 -0.009333333333333334 0.0))
    (1.0792698174543638 (0.391 -0.009333333333333334 0.0))
    (1.0802700675168793 (0.391 -0.009333333333333334 0.0))
    (1.081270317579395 (0.391 -0.009333333333333334 0.0))
    (1.0822705676419107 (0.391 -0.009333333333333334 0.0))
    (1.0832708177044261 (0.391 -0.009333333333333334 0.0))
    (1.0842710677669418 (0.391 -0.009333333333333334 0.0))
    (1.0852713178294575 (0.391 -0.009333333333333334 0.0))
    (1.0862715678919732 (0.391 -0.009333333333333334 0.0))
    (1.0872718179544887 (0.391 -0.009333333333333334 0.0))
    (1.0882720680170044 (0.391 -0.009333333333333334 0.0))
    (1.08927231807952 (0.391 -0.009333333333333334 0.0))
    (1.0902725681420355 (0.391 -0.009333333333333334 0.0))
    (1.0912728182045512 (0.391 -0.009333333333333334 0.0))
    (1.092273068267067 (0.391 -0.009333333333333334 0.0))
    (1.0932733183295824 (0.391 -0.009333333333333334 0.0))
    (1.094273568392098 (0.391 -0.009333333333333334 0.0))
    (1.0952738184546138 (0.391 -0.009333333333333334 0.0))
    (1.0962740685171295 (0.391 -0.009333333333333334 0.0))
    (1.097274318579645 (0.391 -0.009333333333333334 0.0))
    (1.0982745686421607 (0.391 -0.009333333333333334 0.0))
    (1.0992748187046764 (0.391 -0.009333333333333334 0.0))
    (1.1002750687671918 (0.391 -0.009333333333333334 0.0))
    (1.1012753188297075 (0.391 -0.009333333333333334 0.0))
    (1.1022755688922232 (0.391 -0.009333333333333334 0.0))
    (1.1032758189547387 (0.391 -0.009333333333333334 0.0))
    (1.1042760690172544 (0.391 -0.009333333333333334 0.0))
    (1.10527631907977 (0.391 -0.009333333333333334 0.0))
    (1.1062765691422858 (0.391 -0.009333333333333334 0.0))
    (1.1072768192048013 (0.391 -0.009333333333333334 0.0))
    (1.108277069267317 (0.391 -0.009333333333333334 0.0))
    (1.1092773193298326 (0.391 -0.009333333333333334 0.0))
    (1.1102775693923481 (0.391 -0.009333333333333334 0.0))
    (1.1112778194548638 (0.391 -0.009333333333333334 0.0))
    (1.1122780695173795 (0.391 -0.009333333333333334 0.0))
    (1.113278319579895 (0.391 -0.009333333333333334 0.0))
    (1.1142785696424107 (0.391 -0.009333333333333334 0.0))
    (1.1152788197049264 (0.391 -0.009333333333333334 0.0))
    (1.116279069767442 (0.391 -0.009333333333333334 0.0))
    (1.1172793198299575 (0.391 -0.009333333333333334 0.0))
    (1.1182795698924732 (0.391 -0.009333333333333334 0.0))
    (1.119279819954989 (0.391 -0.009333333333333334 0.0))
    (1.1202800700175044 (0.391 -0.009333333333333334 0.0))
    (1.12128032008002 (0.391 -0.009333333333333334 0.0))
    (1.1222805701425358 (0.391 -0.009333333333333334 0.0))
    (1.1232808202050515 (0.391 -0.009333333333333334 0.0))
    (1.124281070267567 (0.391 -0.009333333333333334 0.0))
    (1.1252813203300827 (0.391 -0.009333333333333334 0.0))
    (1.1262815703925984 (0.391 -0.009333333333333334 0.0))
    (1.1272818204551138 (0.391 -0.009333333333333334 0.0))
    (1.1282820705176295 (0.391 -0.009333333333333334 0.0))
    (1.1292823205801452 (0.391 -0.009333333333333334 0.0))
    (1.1302825706426607 (0.391 -0.009333333333333334 0.0))
    (1.1312828207051764 (0.391 -0.009333333333333334 0.0))
    (1.132283070767692 (0.391 -0.009333333333333334 0.0))
    (1.1332833208302078 (0.391 -0.009333333333333334 0.0))
    (1.1342835708927232 (0.391 -0.009333333333333334 0.0))
    (1.135283820955239 (0.391 -0.009333333333333334 0.0))
    (1.1362840710177546 (0.391 -0.009333333333333334 0.0))
    (1.13728432108027 (0.391 -0.009333333333333334 0.0))
    (1.1382845711427858 (0.391 -0.009333333333333334 0.0))
    (1.1392848212053015 (0.391 -0.009333333333333334 0.0))
    (1.140285071267817 (0.391 -0.009333333333333334 0.0))
    (1.1412853213303327 (0.391 -0.009333333333333334 0.0))
    (1.1422855713928484 (0.391 -0.009333333333333334 0.0))
    (1.143285821455364 (0.391 -0.009333333333333334 0.0))
    (1.1442860715178795 (0.391 -0.009333333333333334 0.0))
    (1.1452863215803952 (0.391 -0.009333333333333334 0.0))
    (1.146286571642911 (0.391 -0.009333333333333334 0.0))
    (1.1472868217054264 (0.391 -0.009333333333333334 0.0))
    (1.148287071767942 (0.391 -0.009333333333333334 0.0))
    (1.1492873218304578 (0.391 -0.009333333333333334 0.0))
    (1.1502875718929733 (0.391 -0.009333333333333334 0.0))
    (1.151287821955489 (0.391 -0.009333333333333334 0.0))
    (1.1522880720180046 (0.391 -0.009333333333333334 0.0))
    (1.1532883220805203 (0.391 -0.009333333333333334 0.0))
    (1.1542885721430358 (0.391 -0.009333333333333334 0.0))
    (1.1552888222055515 (0.391 -0.009333333333333334 0.0))
    (1.1562890722680672 (0.391 -0.009333333333333334 0.0))
    (1.1572893223305827 (0.391 -0.009333333333333334 0.0))
    (1.1582895723930984 (0.391 -0.009333333333333334 0.0))
    (1.159289822455614 (0.391 -0.009383486214679245 0.0))
    (1.1602900725181295 (0.391 -0.009453310838190392 0.0))
    (1.1612903225806452 (0.391 -0.009523122298235268 0.0))
    (1.162290572643161 (0.391 -0.009592912935371354 0.0))
    (1.1632908227056766 (0.391 -0.00966267509244076 0.0))
    (1.164291072768192 (0.391 -0.0097324011154103 0.0))
    (1.1652913228307078 (0.391 -0.009802083354211306 0.0))
    (1.1662915728932235 (0.391 -0.00987171416357893 0.0))
    (1.167291822955739 (0.391 -0.009941285903890939 0.0))
    (1.1682920730182547 (0.391 -0.01001079094200597 0.0))
    (1.1692923230807704 (0.391 -0.010080221652100926 0.0))
    (1.170292573143286 (0.391 -0.01014957041650772 0.0))
    (1.1712928232058015 (0.391 -0.010218829626549002 0.0))
    (1.1722930732683172 (0.391 -0.010287991683373014 0.0))
    (1.173293323330833 (0.391 -0.010357048998787238 0.0))
    (1.1742935733933484 (0.391 -0.010425993996090987 0.0))
    (1.175293823455864 (0.391 -0.010494819110906708 0.0))
    (1.1762940735183798 (0.391 -0.010563516792009849 0.0))
    (1.1772943235808953 (0.391 -0.010632079502157405 0.0))
    (1.178294573643411 (0.391 -0.010700499718914885 0.0))
    (1.1792948237059266 (0.391 -0.010768769935481586 0.0))
    (1.1802950737684423 (0.391 -0.01083688266151425 0.0))
    (1.1812953238309578 (0.391 -0.010904830423948879 0.0))
    (1.1822955738934735 (0.391 -0.01097260576782065 0.0))
    (1.1832958239559892 (0.391 -0.011040201257081819 0.0))
    (1.1842960740185047 (0.391 -0.011107609475417574 0.0))
    (1.1852963240810204 (0.391 -0.011174823027059803 0.0))
    (1.186296574143536 (0.391 -0.01124183453759841 0.0))
    (1.1872968242060515 (0.391 -0.011308636654790469 0.0))
    (1.1882970742685672 (0.391 -0.01137522204936693 0.0))
    (1.189297324331083 (0.391 -0.011441583415836655 0.0))
    (1.1902975743935986 (0.391 -0.011507713473288017 0.0))
    (1.191297824456114 (0.391 -0.011573604966187706 0.0))
    (1.1922980745186298 (0.391 -0.011639250665176832 0.0))
    (1.1932983245811455 (0.391 -0.01170464336786401 0.0))
    (1.194298574643661 (0.391 -0.011769775899615635 0.0))
    (1.1952988247061767 (0.391 -0.011834641114343085 0.0))
    (1.1962990747686923 (0.391 -0.011899231895286686 0.0))
    (1.1972993248312078 (0.391 -0.011963541155796568 0.0))
    (1.1982995748937235 (0.391 -0.012027561840110241 0.0))
    (1.1992998249562392 (0.391 -0.012091286924126627 0.0))
    (1.200300075018755 (0.391 -0.012154709416176784 0.0))
    (1.2013003250812704 (0.391 -0.012217822357790963 0.0))
    (1.202300575143786 (0.391 -0.012280618824462144 0.0))
    (1.2033008252063018 (0.391 -0.012343091926405658 0.0))
    (1.2043010752688172 (0.391 -0.01240523480931516 0.0))
    (1.205301325331333 (0.391 -0.012467040655114702 0.0))
    (1.2063015753938486 (0.391 -0.012528502682706695 0.0))
    (1.207301825456364 (0.391 -0.012589614148715948 0.0))
    (1.2083020755188798 (0.391 -0.012650368348229576 0.0))
    (1.2093023255813955 (0.391 -0.012710758615532534 0.0))
    (1.2103025756439112 (0.391 -0.01277077832483903 0.0))
    (1.2113028257064267 (0.391 -0.012830420891019441 0.0))
    (1.2123030757689424 (0.391 -0.012889679770322866 0.0))
    (1.213303325831458 (0.391 -0.012948548461094996 0.0))
    (1.2143035758939735 (0.391 -0.013007020504491498 0.0))
    (1.2153038259564892 (0.391 -0.013065089485186684 0.0))
    (1.216304076019005 (0.391 -0.013122749032077313 0.0))
    (1.2173043260815206 (0.391 -0.013179992818981627 0.0))
    (1.218304576144036 (0.391 -0.013236814565333446 0.0))
    (1.2193048262065518 (0.391 -0.01329320803687127 0.0))
    (1.2203050762690675 (0.391 -0.013349167046322215 0.0))
    (1.221305326331583 (0.391 -0.01340468545408089 0.0))
    (1.2223055763940986 (0.391 -0.01345975716888305 0.0))
    (1.2233058264566143 (0.391 -0.013514376148473832 0.0))
    (1.2243060765191298 (0.391 -0.013568536400270718 0.0))
    (1.2253063265816455 (0.391 -0.013622231982021069 0.0))
    (1.2263065766441612 (0.391 -0.013675457002453997 0.0))
    (1.227306826706677 (0.391 -0.013728205621926793 0.0))
    (1.2283070767691924 (0.391 -0.013780472053065596 0.0))
    (1.229307326831708 (0.391 -0.013832250561400413 0.0))
    (1.2303075768942238 (0.391 -0.013883535465994221 0.0))
    (1.2313078269567392 (0.391 -0.013934321140066274 0.0))
    (1.232308077019255 (0.391 -0.013984602011609506 0.0))
    (1.2333083270817706 (0.391 -0.014034372564001779 0.0))
    (1.234308577144286 (0.391 -0.014083627336611202 0.0))
    (1.2353088272068018 (0.391 -0.014132360925395273 0.0))
    (1.2363090772693175 (0.391 -0.014180567983493719 0.0))
    (1.2373093273318332 (0.391 -0.014228243221815186 0.0))
    (1.2383095773943487 (0.391 -0.014275381409617507 0.0))
    (1.2393098274568644 (0.391 -0.014321977375081653 0.0))
    (1.24031007751938 (0.391 -0.014368026005879088 0.0))
    (1.2413103275818955 (0.391 -0.014413522249732713 0.0))
    (1.2423105776444112 (0.391 -0.014458461114971217 0.0))
    (1.243310827706927 (0.391 -0.01450283767107667 0.0))
    (1.2443110777694424 (0.391 -0.014546647049225524 0.0))
    (1.245311327831958 (0.391 -0.014589884442822814 0.0))
    (1.2463115778944738 (0.391 -0.014632545108029492 0.0))
    (1.2473118279569895 (0.391 -0.014674624364282903 0.0))
    (1.248312078019505 (0.391 -0.014716117594810322 0.0))
    (1.2493123280820206 (0.391 -0.014757020247135523 0.0))
    (1.2503125781445363 (0.391 -0.014797327833578199 0.0))
    (1.2513128282070518 (0.391 -0.014837035931746363 0.0))
    (1.2523130782695675 (0.391 -0.014876140185021577 0.0))
    (1.2533133283320832 (0.391 -0.014914636303036908 0.0))
    (1.2543135783945987 (0.391 -0.014952520062147655 0.0))
    (1.2553138284571144 (0.391 -0.01498978730589478 0.0))
    (1.25631407851963 (0.391 -0.015026433945460903 0.0))
    (1.2573143285821458 (0.391 -0.015062455960118933 0.0))
    (1.2583145786446612 (0.391 -0.015097849397673193 0.0))
    (1.259314828707177 (0.391 -0.015132610374893062 0.0))
    (1.2603150787696926 (0.391 -0.015166735077939 0.0))
    (1.261315328832208 (0.391 -0.015200219762780997 0.0))
    (1.2623155788947238 (0.391 -0.015233060755609375 0.0))
    (1.2633158289572395 (0.391 -0.015265254453237825 0.0))
    (1.2643160790197552 (0.391 -0.015296797323498772 0.0))
    (1.2653163290822707 (0.391 -0.01532768590563088 0.0))
    (1.2663165791447863 (0.391 -0.015357916810658782 0.0))
    (1.267316829207302 (0.391 -0.01538748672176488 0.0))
    (1.2683170792698175 (0.391 -0.01541639239465327 0.0))
    (1.2693173293323332 (0.391 -0.015444630657905686 0.0))
    (1.270317579394849 (0.391 -0.015472198413329459 0.0))
    (1.2713178294573644 (0.391 -0.015499092636297427 0.0))
    (1.27231807951988 (0.391 -0.015525310376079817 0.0))
    (1.2733183295823958 (0.391 -0.015550848756167948 0.0))
    (1.2743185796449115 (0.391 -0.015575704974589853 0.0))
    (1.275318829707427 (0.391 -0.015599876304217691 0.0))
    (1.2763190797699426 (0.391 -0.01562336009306698 0.0))
    (1.2773193298324583 (0.391 -0.015646153764587528 0.0))
    (1.2783195798949738 (0.391 -0.015668254817946134 0.0))
    (1.2793198299574895 (0.391 -0.015689660828300995 0.0))
    (1.2803200800200052 (0.391 -0.01571036944706771 0.0))
    (1.2813203300825207 (0.391 -0.015730378402176982 0.0))
    (1.2823205801450364 (0.391 -0.015749685498323906 0.0))
    (1.283320830207552 (0.391 -0.015768288617208807 0.0))
    (1.2843210802700677 (0.391 -0.015786185717769664 0.0))
    (1.2853213303325832 (0.391 -0.015803374836406047 0.0))
    (1.286321580395099 (0.391 -0.01581985408719457 0.0))
    (1.2873218304576146 (0.391 -0.01583562166209577 0.0))
    (1.28832208052013 (0.391 -0.015850675831152516 0.0))
    (1.2893223305826458 (0.391 -0.0158650149426798 0.0))
    (1.2903225806451615 (0.391 -0.01587863742344594 0.0))
    (1.291322830707677 (0.391 -0.015891541778845202 0.0))
    (1.2923230807701926 (0.391 -0.015903726593061794 0.0))
    (1.2933233308327083 (0.391 -0.015915190529225173 0.0))
    (1.294323580895224 (0.391 -0.01592593232955675 0.0))
    (1.2953238309577395 (0.391 -0.015935950815507874 0.0))
    (1.2963240810202552 (0.391 -0.015945244887889145 0.0))
    (1.297324331082771 (0.391 -0.015953813526991004 0.0))
    (1.2983245811452864 (0.391 -0.01596165579269561 0.0))
    (1.299324831207802 (0.391 -0.01596877082458001 0.0))
    (1.3003250812703178 (0.391 -0.01597515784201051 0.0))
    (1.3013253313328332 (0.391 -0.01598081614422834 0.0))
    (1.302325581395349 (0.391 -0.015985745110426542 0.0))
    (1.3033258314578646 (0.391 -0.015989944199818067 0.0))
    (1.3043260815203803 (0.391 -0.01599341295169512 0.0))
    (1.3053263315828958 (0.391 -0.015996150985479705 0.0))
    (1.3063265816454115 (0.391 -0.015998158000765383 0.0))
    (1.3073268317079272 (0.391 -0.015999433777350223 0.0))
    (1.3083270817704427 (0.391 -0.015999978175260967 0.0))
    (1.3093273318329584 (0.391 -0.015999791134768387 0.0))
    (1.310327581895474 (0.391 -0.015998872676393844 0.0))
    (1.3113278319579897 (0.391 -0.015997222900907028 0.0))
    (1.3123280820205052 (0.391 -0.0159948419893149 0.0))
    (1.313328332083021 (0.391 -0.015991730202841843 0.0))
    (1.3143285821455366 (0.391 -0.01598788788290099 0.0))
    (1.315328832208052 (0.391 -0.015983315451056784 0.0))
    (1.3163290822705678 (0.391 -0.015978013408978697 0.0))
    (1.3173293323330835 (0.391 -0.015971982338386218 0.0))
    (1.318329582395599 (0.391 -0.015965222900985003 0.0))
    (1.3193298324581146 (0.391 -0.0159577358383943 0.0))
    (1.3203300825206303 (0.391 -0.01594952197206556 0.0))
    (1.321330332583146 (0.391 -0.01594058220319233 0.0))
    (1.3223305826456615 (0.391 -0.01593091751261136 0.0))
    (1.3233308327081772 (0.391 -0.015920528960694992 0.0))
    (1.324331082770693 (0.391 -0.01590941768723484 0.0))
    (1.3253313328332084 (0.391 -0.01589758491131671 0.0))
    (1.326331582895724 (0.391 -0.015885031931186854 0.0))
    (1.3273318329582398 (0.391 -0.01587176012410955 0.0))
    (1.3283320830207552 (0.391 -0.015857770946215974 0.0))
    (1.329332333083271 (0.391 -0.015843065932344434 0.0))
    (1.3303325831457866 (0.391 -0.015827646695871993 0.0))
    (1.3313328332083023 (0.391 -0.015811514928537447 0.0))
    (1.3323330832708178 (0.391 -0.01579467240025572 0.0))
    (1.3333333333333335 (0.391 -0.015777120958923647 0.0))
    (1.3343335833958492 (0.391 -0.015758862530217268 0.0))
    (1.3353338334583646 (0.391 -0.01573989911738054 0.0))
    (1.3363340835208803 (0.391 -0.015720232801005533 0.0))
    (1.337334333583396 (0.391 -0.015699865738804157 0.0))
    (1.3383345836459115 (0.391 -0.015678800165371463 0.0))
    (1.3393348337084272 (0.391 -0.015657038391940416 0.0))
    (1.340335083770943 (0.391 -0.01563458280612835 0.0))
    (1.3413353338334586 (0.391 -0.015611435871675017 0.0))
    (1.342335583895974 (0.391 -0.015587600128172247 0.0))
    (1.3433358339584898 (0.391 -0.015563078190785314 0.0))
    (1.3443360840210055 (0.391 -0.015537872749966045 0.0))
    (1.345336334083521 (0.391 -0.015511986571157607 0.0))
    (1.3463365841460366 (0.391 -0.015485422494491075 0.0))
    (1.3473368342085523 (0.391 -0.015458183434473879 0.0))
    (1.3483370842710678 (0.391 -0.015430272379669987 0.0))
    (1.3493373343335835 (0.391 -0.015401692392372011 0.0))
    (1.3503375843960992 (0.391 -0.015372446608265278 0.0))
    (1.3513378344586149 (0.391 -0.015342538236083723 0.0))
    (1.3523380845211304 (0.391 -0.015311970557257904 0.0))
    (1.353338334583646 (0.391 -0.015280746925554915 0.0))
    (1.3543385846461617 (0.391 -0.015248870766710467 0.0))
    (1.3553388347086772 (0.391 -0.015216345578053035 0.0))
    (1.356339084771193 (0.391 -0.015183174928120094 0.0))
    (1.3573393348337086 (0.391 -0.015149362456266642 0.0))
    (1.3583395848962243 (0.391 -0.015114911872265898 0.0))
    (1.3593398349587398 (0.391 -0.015079826955902261 0.0))
    (1.3603400850212555 (0.391 -0.015044111556556595 0.0))
    (1.3613403350837712 (0.391 -0.015007769592783948 0.0))
    (1.3623405851462866 (0.391 -0.014970805051883564 0.0))
    (1.3633408352088023 (0.391 -0.014933221989461419 0.0))
    (1.364341085271318 (0.391 -0.014895024528985307 0.0))
    (1.3653413353338335 (0.391 -0.014856216861332372 0.0))
    (1.3663415853963492 (0.391 -0.014816803244329303 0.0))
    (1.367341835458865 (0.391 -0.01477678800228524 0.0))
    (1.3683420855213806 (0.391 -0.014736175525517255 0.0))
    (1.369342335583896 (0.391 -0.014694970269868731 0.0))
    (1.3703425856464118 (0.391 -0.014653176756220406 0.0))
    (1.3713428357089275 (0.391 -0.014610799569994424 0.0))
    (1.372343085771443 (0.391 -0.014567843360651245 0.0))
    (1.3733433358339586 (0.391 -0.01452431284117945 0.0))
    (1.3743435858964743 (0.391 -0.014480212787578724 0.0))
    (1.3753438359589898 (0.391 -0.014435548038335846 0.0))
    (1.3763440860215055 (0.391 -0.01439032349389377 0.0))
    (1.3773443360840212 (0.391 -0.014344544116114024 0.0))
    (1.3783445861465369 (0.391 -0.014298214927732315 0.0))
    (1.3793448362090523 (0.391 -0.01425134101180742 0.0))
    (1.380345086271568 (0.391 -0.014203927511163485 0.0))
    (1.3813453363340837 (0.391 -0.014155979627825846 0.0))
    (1.3823455863965992 (0.391 -0.014107502622450207 0.0))
    (1.383345836459115 (0.391 -0.014058501813745471 0.0))
    (1.3843460865216306 (0.391 -0.01400898257789025 0.0))
    (1.385346336584146 (0.391 -0.013958950347942945 0.0))
    (1.3863465866466618 (0.391 -0.013908410613245686 0.0))
    (1.3873468367091775 (0.391 -0.013857368918822052 0.0))
    (1.3883470867716932 (0.391 -0.013805830864768689 0.0))
    (1.3893473368342086 (0.391 -0.013753802105640927 0.0))
    (1.3903475868967243 (0.391 -0.013701288349832308 0.0))
    (1.39134783695924 (0.391 -0.013648295358948343 0.0))
    (1.3923480870217555 (0.391 -0.013594828947174393 0.0))
    (1.3933483370842712 (0.391 -0.013540894980637663 0.0))
    (1.3943485871467869 (0.391 -0.013486499376763678 0.0))
    (1.3953488372093024 (0.391 -0.013431648103627054 0.0))
    (1.396349087271818 (0.391 -0.013376347179296599 0.0))
    (1.3973493373343338 (0.391 -0.013320602671175172 0.0))
    (1.3983495873968494 (0.391 -0.01326442069533389 0.0))
    (1.399349837459365 (0.391 -0.01320780741584114 0.0))
    (1.4003500875218806 (0.391 -0.013150769044086266 0.0))
    (1.4013503375843963 (0.391 -0.013093311838098093 0.0))
    (1.4023505876469118 (0.391 -0.013035442101858306 0.0))
    (1.4033508377094275 (0.391 -0.012977166184609815 0.0))
    (1.4043510877719432 (0.391 -0.012918490480160132 0.0))
    (1.4053513378344589 (0.391 -0.012859421426179855 0.0))
    (1.4063515878969743 (0.391 -0.01279996550349641 0.0))
    (1.40735183795949 (0.391 -0.012740129235382888 0.0))
    (1.4083520880220057 (0.391 -0.012679919186842473 0.0))
    (1.4093523380845212 (0.391 -0.012619341963888054 0.0))
    (1.410352588147037 (0.391 -0.012558404212817445 0.0))
    (1.4113528382095526 (0.391 -0.012497112619484265 0.0))
    (1.412353088272068 (0.391 -0.012435473908564304 0.0))
    (1.4133533383345838 (0.391 -0.012373494842817717 0.0))
    (1.4143535883970995 (0.391 -0.012311182222347127 0.0))
    (1.4153538384596152 (0.391 -0.01224854288385144 0.0))
    (1.4163540885221306 (0.391 -0.012185583699875845 0.0))
    (1.4173543385846463 (0.391 -0.012122311578057675 0.0))
    (1.418354588647162 (0.391 -0.012058733460368619 0.0))
    (1.4193548387096775 (0.391 -0.011994856322353078 0.0))
    (1.4203550887721932 (0.391 -0.011930687172362741 0.0))
    (1.4213553388347089 (0.391 -0.011866233050787748 0.0))
    (1.4223555888972244 (0.391 -0.011801501029284244 0.0))
    (1.42335583895974 (0.391 -0.01173649820999842 0.0))
    (1.4243560890222557 (0.391 -0.01167123172478737 0.0))
    (1.4253563390847714 (0.391 -0.011605708734436622 0.0))
    (1.426356589147287 (0.391 -0.011539936427874427 0.0))
    (1.4273568392098026 (0.391 -0.011473922021383011 0.0))
    (1.4283570892723183 (0.391 -0.011407672757806925 0.0))
    (1.4293573393348338 (0.391 -0.011341195905758307 0.0))
    (1.4303575893973495 (0.391 -0.011274498758819375 0.0))
    (1.4313578394598652 (0.391 -0.011207588634742319 0.0))
    (1.4323580895223806 (0.391 -0.011140472874646317 0.0))
    (1.4333583395848963 (0.391 -0.011073158842212107 0.0))
    (1.434358589647412 (0.391 -0.011005653922874158 0.0))
    (1.4353588397099277 (0.391 -0.010937965523010258 0.0))
    (1.4363590897724432 (0.391 -0.010870101069129019 0.0))
    (1.437359339834959 (0.391 -0.010802068007054952 0.0))
    (1.4383595898974746 (0.391 -0.01073387380111164 0.0))
    (1.43935983995999 (0.391 -0.010665525933302774 0.0))
    (1.4403600900225058 (0.391 -0.010597031902491165 0.0))
    (1.4413603400850215 (0.391 -0.010528399223576096 0.0))
    (1.442360590147537 (0.391 -0.010459635426668813 0.0))
    (1.4433608402100526 (0.391 -0.010390748056266256 0.0))
    (1.4443610902725683 (0.391 -0.010321744670423395 0.0))
    (1.445361340335084 (0.391 -0.010252632839923996 0.0))
    (1.4463615903975995 (0.391 -0.010183420147449926 0.0))
    (1.4473618404601152 (0.391 -0.010114114186749198 0.0))
    (1.4483620905226309 (0.391 -0.010044722561802926 0.0))
    (1.4493623405851463 (0.391 -0.00997525288599094 0.0))
    (1.450362590647662 (0.391 -0.009905712781256466 0.0))
    (1.4513628407101777 (0.391 -0.009836109877269997 0.0))
    (1.4523630907726934 (0.391 -0.009766451810592049 0.0))
    (1.453363340835209 (0.391 -0.00969674622383544 0.0))
    (1.4543635908977246 (0.391 -0.009627000764826633 0.0))
    (1.4553638409602403 (0.391 -0.009557223085766755 0.0))
    (1.4563640910227558 (0.391 -0.009487420842392028 0.0))
    (1.4573643410852715 (0.391 -0.009417601693133704 0.0))
    (1.4583645911477872 (0.391 -0.00934777329827792 0.0))
    (1.4593648412103026 (0.391 -0.009333333333333334 0.0))
    (1.4603650912728183 (0.391 -0.009333333333333334 0.0))
    (1.461365341335334 (0.391 -0.009333333333333334 0.0))
    (1.4623655913978497 (0.391 -0.009333333333333334 0.0))
    (1.4633658414603652 (0.391 -0.009333333333333334 0.0))
    (1.4643660915228809 (0.391 -0.009333333333333334 0.0))
    (1.4653663415853966 (0.391 -0.009333333333333334 0.0))
    (1.466366591647912 (0.391 -0.009333333333333334 0.0))
    (1.4673668417104277 (0.391 -0.009333333333333334 0.0))
    (1.4683670917729434 (0.391 -0.009333333333333334 0.0))
    (1.469367341835459 (0.391 -0.009333333333333334 0.0))
    (1.4703675918979746 (0.391 -0.009333333333333334 0.0))
    (1.4713678419604903 (0.391 -0.009333333333333334 0.0))
    (1.472368092023006 (0.391 -0.009333333333333334 0.0))
    (1.4733683420855215 (0.391 -0.009333333333333334 0.0))
    (1.4743685921480372 (0.391 -0.009333333333333334 0.0))
    (1.4753688422105529 (0.391 -0.009333333333333334 0.0))
    (1.4763690922730683 (0.391 -0.009333333333333334 0.0))
    (1.477369342335584 (0.391 -0.009333333333333334 0.0))
    (1.4783695923980997 (0.391 -0.009333333333333334 0.0))
    (1.4793698424606152 (0.391 -0.009333333333333334 0.0))
    (1.480370092523131 (0.391 -0.009333333333333334 0.0))
    (1.4813703425856466 (0.391 -0.009333333333333334 0.0))
    (1.4823705926481623 (0.391 -0.009333333333333334 0.0))
    (1.4833708427106778 (0.391 -0.009333333333333334 0.0))
    (1.4843710927731935 (0.391 -0.009333333333333334 0.0))
    (1.4853713428357092 (0.391 -0.009333333333333334 0.0))
    (1.4863715928982246 (0.391 -0.009333333333333334 0.0))
    (1.4873718429607403 (0.391 -0.009333333333333334 0.0))
    (1.488372093023256 (0.391 -0.009333333333333334 0.0))
    (1.4893723430857715 (0.391 -0.009333333333333334 0.0))
    (1.4903725931482872 (0.391 -0.009333333333333334 0.0))
    (1.4913728432108029 (0.391 -0.009333333333333334 0.0))
    (1.4923730932733186 (0.391 -0.009333333333333334 0.0))
    (1.493373343335834 (0.391 -0.009333333333333334 0.0))
    (1.4943735933983497 (0.391 -0.009333333333333334 0.0))
    (1.4953738434608654 (0.391 -0.009333333333333334 0.0))
    (1.496374093523381 (0.391 -0.009333333333333334 0.0))
    (1.4973743435858966 (0.391 -0.009333333333333334 0.0))
    (1.4983745936484123 (0.391 -0.009333333333333334 0.0))
    (1.499374843710928 (0.391 -0.009333333333333334 0.0))
    (1.5003750937734435 (0.391 -0.009333333333333334 0.0))
    (1.5013753438359592 (0.391 -0.009333333333333334 0.0))
    (1.5023755938984749 (0.391 -0.009333333333333334 0.0))
    (1.5033758439609903 (0.391 -0.009333333333333334 0.0))
    (1.504376094023506 (0.391 -0.009333333333333334 0.0))
    (1.5053763440860217 (0.391 -0.009333333333333334 0.0))
    (1.5063765941485372 (0.391 -0.009333333333333334 0.0))
    (1.507376844211053 (0.391 -0.009333333333333334 0.0))
    (1.5083770942735686 (0.391 -0.009333333333333334 0.0))
    (1.5093773443360843 (0.391 -0.009333333333333334 0.0))
    (1.5103775943985998 (0.391 -0.009333333333333334 0.0))
    (1.5113778444611154 (0.391 -0.009333333333333334 0.0))
    (1.5123780945236311 (0.391 -0.009333333333333334 0.0))
    (1.5133783445861466 (0.391 -0.009333333333333334 0.0))
    (1.5143785946486623 (0.391 -0.009333333333333334 0.0))
    (1.515378844711178 (0.391 -0.009333333333333334 0.0))
    (1.5163790947736935 (0.391 -0.009333333333333334 0.0))
    (1.5173793448362092 (0.391 -0.009333333333333334 0.0))
    (1.5183795948987249 (0.391 -0.009333333333333334 0.0))
    (1.5193798449612406 (0.391 -0.009333333333333334 0.0))
    (1.520380095023756 (0.391 -0.009333333333333334 0.0))
    (1.5213803450862717 (0.391 -0.009333333333333334 0.0))
    (1.5223805951487874 (0.391 -0.009333333333333334 0.0))
    (1.523380845211303 (0.391 -0.009333333333333334 0.0))
    (1.5243810952738186 (0.391 -0.009333333333333334 0.0))
    (1.5253813453363343 (0.391 -0.009333333333333334 0.0))
    (1.5263815953988498 (0.391 -0.009333333333333334 0.0))
    (1.5273818454613655 (0.391 -0.009333333333333334 0.0))
    (1.5283820955238812 (0.391 -0.009333333333333334 0.0))
    (1.5293823455863969 (0.391 -0.009333333333333334 0.0))
    (1.5303825956489123 (0.391 -0.009333333333333334 0.0))
    (1.531382845711428 (0.391 -0.009333333333333334 0.0))
    (1.5323830957739437 (0.391 -0.009333333333333334 0.0))
    (1.5333833458364592 (0.391 -0.009333333333333334 0.0))
    (1.5343835958989749 (0.391 -0.009333333333333334 0.0))
    (1.5353838459614906 (0.391 -0.009333333333333334 0.0))
    (1.536384096024006 (0.391 -0.009333333333333334 0.0))
    (1.5373843460865217 (0.391 -0.009333333333333334 0.0))
    (1.5383845961490374 (0.391 -0.009333333333333334 0.0))
    (1.5393848462115531 (0.391 -0.009333333333333334 0.0))
    (1.5403850962740686 (0.391 -0.009333333333333334 0.0))
    (1.5413853463365843 (0.391 -0.009333333333333334 0.0))
    (1.5423855963991 (0.391 -0.009333333333333334 0.0))
    (1.5433858464616155 (0.391 -0.009333333333333334 0.0))
    (1.5443860965241312 (0.391 -0.009333333333333334 0.0))
    (1.5453863465866469 (0.391 -0.009333333333333334 0.0))
    (1.5463865966491626 (0.391 -0.009333333333333334 0.0))
    (1.547386846711678 (0.391 -0.009333333333333334 0.0))
    (1.5483870967741937 (0.391 -0.009333333333333334 0.0))
    (1.5493873468367094 (0.391 -0.009333333333333334 0.0))
    (1.550387596899225 (0.391 -0.009333333333333334 0.0))
    (1.5513878469617406 (0.391 -0.009333333333333334 0.0))
    (1.5523880970242563 (0.391 -0.009333333333333334 0.0))
    (1.5533883470867718 (0.391 -0.009333333333333334 0.0))
    (1.5543885971492875 (0.391 -0.009333333333333334 0.0))
    (1.5553888472118031 (0.391 -0.009333333333333334 0.0))
    (1.5563890972743188 (0.391 -0.009333333333333334 0.0))
    (1.5573893473368343 (0.391 -0.009333333333333334 0.0))
    (1.55838959739935 (0.391 -0.009333333333333334 0.0))
    (1.5593898474618657 (0.391 -0.009333333333333334 0.0))
    (1.5603900975243812 (0.391 -0.009333333333333334 0.0))
    (1.5613903475868969 (0.391 -0.009333333333333334 0.0))
    (1.5623905976494126 (0.391 -0.009333333333333334 0.0))
    (1.563390847711928 (0.391 -0.009333333333333334 0.0))
    (1.5643910977744437 (0.391 -0.009333333333333334 0.0))
    (1.5653913478369594 (0.391 -0.009333333333333334 0.0))
    (1.5663915978994751 (0.391 -0.009333333333333334 0.0))
    (1.5673918479619906 (0.391 -0.009333333333333334 0.0))
    (1.5683920980245063 (0.391 -0.009333333333333334 0.0))
    (1.569392348087022 (0.391 -0.009333333333333334 0.0))
    (1.5703925981495375 (0.391 -0.009333333333333334 0.0))
    (1.5713928482120532 (0.391 -0.009333333333333334 0.0))
    (1.5723930982745689 (0.391 -0.009333333333333334 0.0))
    (1.5733933483370843 (0.391 -0.009333333333333334 0.0))
    (1.5743935983996 (0.391 -0.009333333333333334 0.0))
    (1.5753938484621157 (0.391 -0.009333333333333334 0.0))
    (1.5763940985246314 (0.391 -0.009333333333333334 0.0))
    (1.5773943485871469 (0.391 -0.009333333333333334 0.0))
    (1.5783945986496626 (0.391 -0.009333333333333334 0.0))
    (1.5793948487121783 (0.391 -0.009333333333333334 0.0))
    (1.5803950987746938 (0.391 -0.009333333333333334 0.0))
    (1.5813953488372094 (0.391 -0.009333333333333334 0.0))
    (1.5823955988997251 (0.391 -0.009333333333333334 0.0))
    (1.5833958489622408 (0.391 -0.009333333333333334 0.0))
    (1.5843960990247563 (0.391 -0.009333333333333334 0.0))
    (1.585396349087272 (0.391 -0.009333333333333334 0.0))
    (1.5863965991497877 (0.391 -0.009333333333333334 0.0))
    (1.5873968492123032 (0.391 -0.009333333333333334 0.0))
    (1.5883970992748189 (0.391 -0.009333333333333334 0.0))
    (1.5893973493373346 (0.391 -0.009333333333333334 0.0))
    (1.59039759939985 (0.391 -0.009333333333333334 0.0))
    (1.5913978494623657 (0.391 -0.009333333333333334 0.0))
    (1.5923980995248814 (0.391 -0.009333333333333334 0.0))
    (1.5933983495873971 (0.391 -0.009333333333333334 0.0))
    (1.5943985996499126 (0.391 -0.009333333333333334 0.0))
    (1.5953988497124283 (0.391 -0.009333333333333334 0.0))
    (1.596399099774944 (0.391 -0.009333333333333334 0.0))
    (1.5973993498374595 (0.391 -0.009333333333333334 0.0))
    (1.5983995998999752 (0.391 -0.009333333333333334 0.0))
    (1.5993998499624908 (0.391 -0.009333333333333334 0.0))
    (1.6004001000250063 (0.391 -0.009333333333333334 0.0))
    (1.601400350087522 (0.391 -0.009333333333333334 0.0))
    (1.6024006001500377 (0.391 -0.009333333333333334 0.0))
    (1.6034008502125534 (0.391 -0.009333333333333334 0.0))
    (1.6044011002750689 (0.391 -0.009333333333333334 0.0))
    (1.6054013503375846 (0.391 -0.009333333333333334 0.0))
    (1.6064016004001003 (0.391 -0.009333333333333334 0.0))
    (1.6074018504626157 (0.391 -0.009333333333333334 0.0))
    (1.6084021005251314 (0.391 -0.009333333333333334 0.0))
    (1.6094023505876471 (0.391 -0.009333333333333334 0.0))
    (1.6104026006501626 (0.391 -0.009333333333333334 0.0))
    (1.6114028507126783 (0.391 -0.009333333333333334 0.0))
    (1.612403100775194 (0.391 -0.009333333333333334 0.0))
    (1.6134033508377097 (0.391 -0.009333333333333334 0.0))
    (1.6144036009002252 (0.391 -0.009333333333333334 0.0))
    (1.6154038509627409 (0.391 -0.009333333333333334 0.0))
    (1.6164041010252566 (0.391 -0.009333333333333334 0.0))
    (1.617404351087772 (0.391 -0.009333333333333334 0.0))
    (1.6184046011502877 (0.391 -0.009333333333333334 0.0))
    (1.6194048512128034 (0.391 -0.009333333333333334 0.0))
    (1.620405101275319 (0.391 -0.009333333333333334 0.0))
    (1.6214053513378346 (0.391 -0.009333333333333334 0.0))
    (1.6224056014003503 (0.391 -0.009333333333333334 0.0))
    (1.623405851462866 (0.391 -0.009333333333333334 0.0))
    (1.6244061015253815 (0.391 -0.009333333333333334 0.0))
    (1.6254063515878971 (0.391 -0.009333333333333334 0.0))
    (1.6264066016504128 (0.391 -0.009333333333333334 0.0))
    (1.6274068517129283 (0.391 -0.009333333333333334 0.0))
    (1.628407101775444 (0.391 -0.009333333333333334 0.0))
    (1.6294073518379597 (0.391 -0.009333333333333334 0.0))
    (1.6304076019004754 (0.391 -0.009333333333333334 0.0))
    (1.6314078519629909 (0.391 -0.009333333333333334 0.0))
    (1.6324081020255066 (0.391 -0.009333333333333334 0.0))
    (1.6334083520880223 (0.391 -0.009333333333333334 0.0))
    (1.6344086021505377 (0.391 -0.009333333333333334 0.0))
    (1.6354088522130534 (0.391 -0.009333333333333334 0.0))
    (1.6364091022755691 (0.391 -0.009333333333333334 0.0))
    (1.6374093523380846 (0.391 -0.009333333333333334 0.0))
    (1.6384096024006003 (0.391 -0.009333333333333334 0.0))
    (1.639409852463116 (0.391 -0.009333333333333334 0.0))
    (1.6404101025256317 (0.391 -0.009333333333333334 0.0))
    (1.6414103525881472 (0.391 -0.009333333333333334 0.0))
    (1.6424106026506629 (0.391 -0.009333333333333334 0.0))
    (1.6434108527131785 (0.391 -0.009333333333333334 0.0))
    (1.644411102775694 (0.391 -0.009333333333333334 0.0))
    (1.6454113528382097 (0.391 -0.009333333333333334 0.0))
    (1.6464116029007254 (0.391 -0.009333333333333334 0.0))
    (1.6474118529632409 (0.391 -0.009333333333333334 0.0))
    (1.6484121030257566 (0.391 -0.009333333333333334 0.0))
    (1.6494123530882723 (0.391 -0.009333333333333334 0.0))
    (1.650412603150788 (0.391 -0.009333333333333334 0.0))
    (1.6514128532133034 (0.391 -0.009333333333333334 0.0))
    (1.6524131032758191 (0.391 -0.009333333333333334 0.0))
    (1.6534133533383348 (0.391 -0.009333333333333334 0.0))
    (1.6544136034008503 (0.391 -0.009333333333333334 0.0))
    (1.655413853463366 (0.391 -0.009333333333333334 0.0))
    (1.6564141035258817 (0.391 -0.009333333333333334 0.0))
    (1.6574143535883972 (0.391 -0.009333333333333334 0.0))
    (1.6584146036509129 (0.391 -0.009333333333333334 0.0))
    (1.6594148537134286 (0.391 -0.009333333333333334 0.0))
    (1.6604151037759443 (0.391 -0.009333333333333334 0.0))
    (1.6614153538384597 (0.391 -0.009333333333333334 0.0))
    (1.6624156039009754 (0.391 -0.009333333333333334 0.0))
    (1.6634158539634911 (0.391 -0.009333333333333334 0.0))
    (1.6644161040260066 (0.391 -0.009333333333333334 0.0))
    (1.6654163540885223 (0.391 -0.009333333333333334 0.0))
    (1.666416604151038 (0.391 -0.009333333333333334 0.0))
    (1.6674168542135535 (0.391 -0.009333333333333334 0.0))
    (1.6684171042760692 (0.391 -0.009333333333333334 0.0))
    (1.6694173543385848 (0.391 -0.009333333333333334 0.0))
    (1.6704176044011005 (0.391 -0.009333333333333334 0.0))
    (1.671417854463616 (0.391 -0.009333333333333334 0.0))
    (1.6724181045261317 (0.391 -0.009333333333333334 0.0))
    (1.6734183545886474 (0.391 -0.009333333333333334 0.0))
    (1.6744186046511629 (0.391 -0.009333333333333334 0.0))
    (1.6754188547136786 (0.391 -0.009333333333333334 0.0))
    (1.6764191047761943 (0.391 -0.009333333333333334 0.0))
    (1.67741935483871 (0.391 -0.009333333333333334 0.0))
    (1.6784196049012254 (0.391 -0.009333333333333334 0.0))
    (1.6794198549637411 (0.391 -0.009333333333333334 0.0))
    (1.6804201050262568 (0.391 -0.009333333333333334 0.0))
    (1.6814203550887723 (0.391 -0.009333333333333334 0.0))
    (1.682420605151288 (0.391 -0.009333333333333334 0.0))
    (1.6834208552138037 (0.391 -0.009333333333333334 0.0))
    (1.6844211052763192 (0.391 -0.009333333333333334 0.0))
    (1.6854213553388349 (0.391 -0.009333333333333334 0.0))
    (1.6864216054013506 (0.391 -0.009333333333333334 0.0))
    (1.6874218554638662 (0.391 -0.009333333333333334 0.0))
    (1.6884221055263817 (0.391 -0.009333333333333334 0.0))
    (1.6894223555888974 (0.391 -0.009333333333333334 0.0))
    (1.6904226056514131 (0.391 -0.009333333333333334 0.0))
    (1.6914228557139286 (0.391 -0.009333333333333334 0.0))
    (1.6924231057764443 (0.391 -0.009333333333333334 0.0))
    (1.69342335583896 (0.391 -0.009333333333333334 0.0))
    (1.6944236059014754 (0.391 -0.009333333333333334 0.0))
    (1.6954238559639911 (0.391 -0.009333333333333334 0.0))
    (1.6964241060265068 (0.391 -0.009333333333333334 0.0))
    (1.6974243560890225 (0.391 -0.009333333333333334 0.0))
    (1.698424606151538 (0.391 -0.009333333333333334 0.0))
    (1.6994248562140537 (0.391 -0.009333333333333334 0.0))
    (1.7004251062765694 (0.391 -0.009333333333333334 0.0))
    (1.7014253563390849 (0.391 -0.009333333333333334 0.0))
    (1.7024256064016006 (0.391 -0.009333333333333334 0.0))
    (1.7034258564641163 (0.391 -0.009333333333333334 0.0))
    (1.7044261065266317 (0.391 -0.009333333333333334 0.0))
    (1.7054263565891474 (0.391 -0.009333333333333334 0.0))
    (1.7064266066516631 (0.391 -0.009333333333333334 0.0))
    (1.7074268567141788 (0.391 -0.009333333333333334 0.0))
    (1.7084271067766943 (0.391 -0.009333333333333334 0.0))
    (1.70942735683921 (0.391 -0.009333333333333334 0.0))
    (1.7104276069017257 (0.391 -0.009333333333333334 0.0))
    (1.7114278569642412 (0.391 -0.009333333333333334 0.0))
    (1.7124281070267569 (0.391 -0.009333333333333334 0.0))
    (1.7134283570892725 (0.391 -0.009333333333333334 0.0))
    (1.714428607151788 (0.391 -0.009333333333333334 0.0))
    (1.7154288572143037 (0.391 -0.009333333333333334 0.0))
    (1.7164291072768194 (0.391 -0.009333333333333334 0.0))
    (1.717429357339335 (0.391 -0.009333333333333334 0.0))
    (1.7184296074018506 (0.391 -0.009333333333333334 0.0))
    (1.7194298574643663 (0.391 -0.009333333333333334 0.0))
    (1.720430107526882 (0.391 -0.009333333333333334 0.0))
    (1.7214303575893974 (0.391 -0.009333333333333334 0.0))
    (1.7224306076519131 (0.391 -0.009333333333333334 0.0))
    (1.7234308577144288 (0.391 -0.009333333333333334 0.0))
    (1.7244311077769445 (0.391 -0.009333333333333334 0.0))
    (1.72543135783946 (0.391 -0.009333333333333334 0.0))
    (1.7264316079019757 (0.391 -0.009333333333333334 0.0))
    (1.7274318579644914 (0.391 -0.009333333333333334 0.0))
    (1.7284321080270069 (0.391 -0.009333333333333334 0.0))
    (1.7294323580895226 (0.391 -0.009333333333333334 0.0))
    (1.7304326081520383 (0.391 -0.009333333333333334 0.0))
    (1.7314328582145537 (0.391 -0.009333333333333334 0.0))
    (1.7324331082770694 (0.391 -0.009333333333333334 0.0))
    (1.7334333583395851 (0.391 -0.009333333333333334 0.0))
    (1.7344336084021008 (0.391 -0.009333333333333334 0.0))
    (1.7354338584646163 (0.391 -0.009333333333333334 0.0))
    (1.736434108527132 (0.391 -0.009333333333333334 0.0))
    (1.7374343585896477 (0.391 -0.009333333333333334 0.0))
    (1.7384346086521631 (0.391 -0.009333333333333334 0.0))
    (1.7394348587146788 (0.391 -0.009333333333333334 0.0))
    (1.7404351087771945 (0.391 -0.009333333333333334 0.0))
    (1.74143535883971 (0.391 -0.009333333333333334 0.0))
    (1.7424356089022257 (0.391 -0.009333333333333334 0.0))
    (1.7434358589647414 (0.391 -0.009333333333333334 0.0))
    (1.744436109027257 (0.391 -0.009333333333333334 0.0))
    (1.7454363590897726 (0.391 -0.009333333333333334 0.0))
    (1.7464366091522883 (0.391 -0.009333333333333334 0.0))
    (1.747436859214804 (0.391 -0.009333333333333334 0.0))
    (1.7484371092773194 (0.391 -0.009333333333333334 0.0))
    (1.7494373593398351 (0.391 -0.009333333333333334 0.0))
    (1.7504376094023508 (0.391 -0.009333333333333334 0.0))
    (1.7514378594648663 (0.391 -0.009333333333333334 0.0))
    (1.752438109527382 (0.391 -0.009333333333333334 0.0))
    (1.7534383595898977 (0.391 -0.009333333333333334 0.0))
    (1.7544386096524134 (0.391 -0.009333333333333334 0.0))
    (1.7554388597149289 (0.391 -0.009333333333333334 0.0))
    (1.7564391097774446 (0.391 -0.009333333333333334 0.0))
    (1.7574393598399602 (0.391 -0.009333333333333334 0.0))
    (1.7584396099024757 (0.391 -0.009333333333333334 0.0))
    (1.7594398599649914 (0.391 -0.009393960446219207 0.0))
    (1.760440110027507 (0.391 -0.009463783583566142 0.0))
    (1.7614403600900226 (0.391 -0.009533592408417809 0.0))
    (1.7624406101525383 (0.391 -0.009603379261620864 0.0))
    (1.763440860215054 (0.391 -0.009673136486432497 0.0))
    (1.7644411102775697 (0.391 -0.009742856429360753 0.0))
    (1.7654413603400851 (0.391 -0.00981253144100396 0.0))
    (1.7664416104026008 (0.391 -0.009882153876890237 0.0))
    (1.7674418604651165 (0.391 -0.009951716098316112 0.0))
    (1.768442110527632 (0.391 -0.010021210473184501 0.0))
    (1.7694423605901477 (0.391 -0.01009062937684229 0.0))
    (1.7704426106526634 (0.391 -0.010159965192916776 0.0))
    (1.771442860715179 (0.391 -0.01022921031415119 0.0))
    (1.7724431107776946 (0.391 -0.010298357143239564 0.0))
    (1.7734433608402103 (0.391 -0.01036739809366015 0.0))
    (1.774443610902726 (0.391 -0.010436325590507705 0.0))
    (1.7754438609652414 (0.391 -0.01050513207132477 0.0))
    (1.7764441110277571 (0.391 -0.010573809986931294 0.0))
    (1.7774443610902728 (0.391 -0.0106423518022528 0.0))
    (1.7784446111527883 (0.391 -0.010710749997147311 0.0))
    (1.779444861215304 (0.391 -0.010778997067230326 0.0))
    (1.7804451112778197 (0.391 -0.010847085524698062 0.0))
    (1.7814453613403354 (0.391 -0.010915007899149246 0.0))
    (1.7824456114028508 (0.391 -0.010982756738404442 0.0))
    (1.7834458614653665 (0.391 -0.011050324609323928 0.0))
    (1.7844461115278822 (0.391 -0.011117704098623128 0.0))
    (1.7854463615903977 (0.391 -0.011184887813685861 0.0))
    (1.7864466116529134 (0.391 -0.011251868383375638 0.0))
    (1.787446861715429 (0.391 -0.011318638458844295 0.0))
    (1.7884471117779446 (0.391 -0.011385190714338172 0.0))
    (1.7894473618404603 (0.391 -0.011451517848002074 0.0))
    (1.790447611902976 (0.391 -0.011517612582680302 0.0))
    (1.7914478619654917 (0.391 -0.011583467666714965 0.0))
    (1.7924481120280071 (0.391 -0.011649075874741817 0.0))
    (1.7934483620905228 (0.391 -0.01171443000848289 0.0))
    (1.7944486121530385 (0.391 -0.011779522897536154 0.0))
    (1.795448862215554 (0.391 -0.011844347400162441 0.0))
    (1.7964491122780697 (0.391 -0.011908896404068893 0.0))
    (1.7974493623405854 (0.391 -0.011973162827189208 0.0))
    (1.7984496124031009 (0.391 -0.012037139618460847 0.0))
    (1.7994498624656166 (0.391 -0.012100819758598558 0.0))
    (1.8004501125281323 (0.391 -0.012164196260864396 0.0))
    (1.801450362590648 (0.391 -0.01222726217183452 0.0))
    (1.8024506126531634 (0.391 -0.01229001057216183 0.0))
    (1.8034508627156791 (0.391 -0.012352434577335359 0.0))
    (1.8044511127781948 (0.391 -0.012414527338435516 0.0))
    (1.8054513628407103 (0.391 -0.012476282042885428 0.0))
    (1.806451612903226 (0.391 -0.012537691915198584 0.0))
    (1.8074518629657417 (0.391 -0.012598750217722117 0.0))
    (1.8084521130282571 (0.391 -0.012659450251375933 0.0))
    (1.8094523630907728 (0.391 -0.012719785356387911 0.0))
    (1.8104526131532885 (0.391 -0.012779748913024478 0.0))
    (1.8114528632158042 (0.391 -0.012839334342316815 0.0))
    (1.8124531132783197 (0.391 -0.012898535106782863 0.0))
    (1.8134533633408354 (0.391 -0.012957344711144493 0.0))
    (1.814453613403351 (0.391 -0.013015756703040053 0.0))
    (1.8154538634658666 (0.391 -0.013073764673732481 0.0))
    (1.8164541135283823 (0.391 -0.013131362258812352 0.0))
    (1.817454363590898 (0.391 -0.013188543138896069 0.0))
    (1.8184546136534137 (0.391 -0.013245301040319407 0.0))
    (1.8194548637159291 (0.391 -0.013301629735825604 0.0))
    (1.8204551137784448 (0.391 -0.013357523045248792 0.0))
    (1.8214553638409605 (0.391 -0.013412974836191971 0.0))
    (1.822455613903476 (0.391 -0.013467979024699756 0.0))
    (1.8234558639659917 (0.391 -0.013522529575926045 0.0))
    (1.8244561140285074 (0.391 -0.013576620504796057 0.0))
    (1.8254563640910229 (0.391 -0.013630245876662915 0.0))
    (1.8264566141535385 (0.391 -0.013683399807958928 0.0))
    (1.8274568642160542 (0.391 -0.013736076466841031 0.0))
    (1.82845711427857 (0.391 -0.013788270073830568 0.0))
    (1.8294573643410854 (0.391 -0.013839974902447528 0.0))
    (1.830457614403601 (0.391 -0.013891185279838777 0.0))
    (1.8314578644661168 (0.391 -0.013941895587400367 0.0))
    (1.8324581145286323 (0.391 -0.013992100261394151 0.0))
    (1.833458364591148 (0.391 -0.014041793793558133 0.0))
    (1.8344586146536637 (0.391 -0.014090970731710742 0.0))
    (1.8354588647161791 (0.391 -0.01413962568034917 0.0))
    (1.8364591147786948 (0.391 -0.014187753301241276 0.0))
    (1.8374593648412105 (0.391 -0.014235348314011194 0.0))
    (1.8384596149037262 (0.391 -0.014282405496718859 0.0))
    (1.8394598649662417 (0.391 -0.014328919686432729 0.0))
    (1.8404601150287574 (0.391 -0.014374885779796426 0.0))
    (1.841460365091273 (0.391 -0.014420298733588573 0.0))
    (1.8424606151537886 (0.391 -0.01446515356527605 0.0))
    (1.8434608652163043 (0.391 -0.014509445353560798 0.0))
    (1.84446111527882 (0.391 -0.014553169238919694 0.0))
    (1.8454613653413354 (0.391 -0.014596320424137657 0.0))
    (1.8464616154038511 (0.391 -0.014638894174834105 0.0))
    (1.8474618654663668 (0.391 -0.014680885819982337 0.0))
    (1.8484621155288825 (0.391 -0.014722290752421941 0.0))
    (1.849462365591398 (0.391 -0.014763104429364418 0.0))
    (1.8504626156539137 (0.391 -0.014803322372891527 0.0))
    (1.8514628657164294 (0.391 -0.014842940170446517 0.0))
    (1.8524631157789448 (0.391 -0.014881953475318392 0.0))
    (1.8534633658414605 (0.391 -0.014920358007118748 0.0))
    (1.8544636159039762 (0.391 -0.014958149552251337 0.0))
    (1.8554638659664917 (0.391 -0.014995323964374488 0.0))
    (1.8564641160290074 (0.391 -0.015031877164855975 0.0))
    (1.857464366091523 (0.391 -0.015067805143220436 0.0))
    (1.8584646161540388 (0.391 -0.015103103957589539 0.0))
    (1.8594648662165543 (0.391 -0.015137769735114303 0.0))
    (1.86046511627907 (0.391 -0.015171798672400151 0.0))
    (1.8614653663415857 (0.391 -0.015205187035924146 0.0))
    (1.8624656164041011 (0.391 -0.015237931162444564 0.0))
    (1.8634658664666168 (0.391 -0.015270027459402917 0.0))
    (1.8644661165291325 (0.391 -0.015301472405318067 0.0))
    (1.8654663665916482 (0.391 -0.015332262550172528 0.0))
    (1.8664666166541637 (0.391 -0.0153623945157911 0.0))
    (1.8674668667166794 (0.391 -0.015391864996211454 0.0))
    (1.868467116779195 (0.391 -0.0154206707580468 0.0))
    (1.8694673668417106 (0.391 -0.015448808640840743 0.0))
    (1.8704676169042262 (0.391 -0.015476275557413977 0.0))
    (1.871467866966742 (0.391 -0.015503068494202972 0.0))
    (1.8724681170292574 (0.391 -0.015529184511590683 0.0))
    (1.8734683670917731 (0.391 -0.01555462074422903 0.0))
    (1.8744686171542888 (0.391 -0.015579374401353246 0.0))
    (1.8754688672168045 (0.391 -0.015603442767088149 0.0))
    (1.87646911727932 (0.391 -0.015626823200746015 0.0))
    (1.8774693673418357 (0.391 -0.015649513137116402 0.0))
    (1.8784696174043514 (0.391 -0.015671510086747546 0.0))
    (1.8794698674668668 (0.391 -0.01569281163621947 0.0))
    (1.8804701175293825 (0.391 -0.015713415448408832 0.0))
    (1.8814703675918982 (0.391 -0.015733319262745314 0.0))
    (1.8824706176544137 (0.391 -0.015752520895459622 0.0))
    (1.8834708677169294 (0.391 -0.01577101823982314 0.0))
    (1.884471117779445 (0.391 -0.015788809266379017 0.0))
    (1.8854713678419608 (0.391 -0.015805892023164847 0.0))
    (1.8864716179044763 (0.391 -0.01582226463592685 0.0))
    (1.887471867966992 (0.391 -0.01583792530832548 0.0))
    (1.8884721180295077 (0.391 -0.01585287232213253 0.0))
    (1.8894723680920231 (0.391 -0.015867104037419644 0.0))
    (1.8904726181545388 (0.391 -0.01588061889273825 0.0))
    (1.8914728682170545 (0.391 -0.015893415405290857 0.0))
    (1.89247311827957 (0.391 -0.01590549217109377 0.0))
    (1.8934733683420857 (0.391 -0.015916847865131104 0.0))
    (1.8944736184046014 (0.391 -0.015927481241500167 0.0))
    (1.895473868467117 (0.391 -0.01593739113354817 0.0))
    (1.8964741185296325 (0.391 -0.01594657645400021 0.0))
    (1.8974743685921482 (0.391 -0.01595503619507857 0.0))
    (1.898474618654664 (0.391 -0.01596276942861329 0.0))
    (1.8994748687171794 (0.391 -0.01596977530614398 0.0))
    (1.900475118779695 (0.391 -0.015976053059012958 0.0))
    (1.9014753688422108 (0.391 -0.01598160199844953 0.0))
    (1.9024756189047263 (0.391 -0.015986421515645593 0.0))
    (1.903475868967242 (0.391 -0.015990511081822426 0.0))
    (1.9044761190297577 (0.391 -0.015993870248288692 0.0))
    (1.9054763690922734 (0.391 -0.015996498646489686 0.0))
    (1.9064766191547888 (0.391 -0.015998395988047753 0.0))
    (1.9074768692173045 (0.391 -0.01599956206479394 0.0))
    (1.9084771192798202 (0.391 -0.01599999674879083 0.0))
    (1.9094773693423357 (0.391 -0.015999699992346583 0.0))
    (1.9104776194048514 (0.391 -0.015998671828020165 0.0))
    (1.911477869467367 (0.391 -0.015996912368617777 0.0))
    (1.9124781195298828 (0.391 -0.015994421807180477 0.0))
    (1.9134783695923983 (0.391 -0.015991200416962996 0.0))
    (1.914478619654914 (0.391 -0.01598724855140378 0.0))
    (1.9154788697174296 (0.391 -0.015982566644086173 0.0))
    (1.9164791197799451 (0.391 -0.015977155208690884 0.0))
    (1.9174793698424608 (0.391 -0.015971014838939607 0.0))
    (1.9184796199049765 (0.391 -0.01596414620852988 0.0))
    (1.919479869967492 (0.391 -0.01595655007106118 0.0))
    (1.9204801200300077 (0.391 -0.015948227259952243 0.0))
    (1.9214803700925234 (0.391 -0.015939178688349598 0.0))
    (1.922480620155039 (0.391 -0.015929405349027412 0.0))
    (1.9234808702175545 (0.391 -0.015918908314278557 0.0))
    (1.9244811202800702 (0.391 -0.015907688735796947 0.0))
    (1.925481370342586 (0.391 -0.015895747844551205 0.0))
    (1.9264816204051014 (0.391 -0.015883086950649578 0.0))
    (1.927481870467617 (0.391 -0.015869707443196213 0.0))
    (1.9284821205301328 (0.391 -0.015855610790138766 0.0))
    (1.9294823705926483 (0.391 -0.015840798538107298 0.0))
    (1.930482620655164 (0.391 -0.01582527231224462 0.0))
    (1.9314828707176797 (0.391 -0.01580903381602801 0.0))
    (1.9324831207801954 (0.391 -0.015792084831082236 0.0))
    (1.9334833708427108 (0.391 -0.015774427216984174 0.0))
    (1.9344836209052265 (0.391 -0.015756062911058726 0.0))
    (1.9354838709677422 (0.391 -0.01573699392816627 0.0))
    (1.9364841210302577 (0.391 -0.015717222360481623 0.0))
    (1.9374843710927734 (0.391 -0.015696750377264472 0.0))
    (1.938484621155289 (0.391 -0.015675580224621365 0.0))
    (1.9394848712178046 (0.391 -0.015653714225259317 0.0))
    (1.9404851212803202 (0.391 -0.015631154778230932 0.0))
    (1.941485371342836 (0.391 -0.015607904358671178 0.0))
    (1.9424856214053516 (0.391 -0.015583965517525899 0.0))
    (1.943485871467867 (0.391 -0.015559340881271843 0.0))
    (1.9444861215303828 (0.391 -0.015534033151628535 0.0))
    (1.9454863715928985 (0.391 -0.015508045105261893 0.0))
    (1.946486621655414 (0.391 -0.01548137959347951 0.0))
    (1.9474868717179297 (0.391 -0.015454039541917857 0.0))
    (1.9484871217804454 (0.391 -0.015426027950221327 0.0))
    (1.9494873718429608 (0.391 -0.015397347891713056 0.0))
    (1.9504876219054765 (0.391 -0.01536800251305776 0.0))
    (1.9514878719679922 (0.391 -0.015337995033916545 0.0))
    (1.952488122030508 (0.391 -0.015307328746593553 0.0))
    (1.9534883720930234 (0.391 -0.015276007015674865 0.0))
    (1.954488622155539 (0.391 -0.015244033277659243 0.0))
    (1.9554888722180548 (0.391 -0.015211411040581137 0.0))
    (1.9564891222805703 (0.391 -0.015178143883625851 0.0))
    (1.957489372343086 (0.391 -0.015144235456736738 0.0))
    (1.9584896224056016 (0.391 -0.015109689480214804 0.0))
    (1.9594898724681173 (0.391 -0.015074509744310578 0.0))
    (1.9604901225306328 (0.391 -0.015038700108808159 0.0))
    (1.9614903725931485 (0.391 -0.015002264502601784 0.0))
    (1.9624906226556642 (0.391 -0.014965206923264817 0.0))
    (1.9634908727181797 (0.391 -0.014927531436611054 0.0))
    (1.9644911227806954 (0.391 -0.014889242176248672 0.0))
    (1.965491372843211 (0.391 -0.014850343343126788 0.0))
    (1.9664916229057265 (0.391 -0.014810839205074408 0.0))
    (1.9674918729682422 (0.391 -0.014770734096332254 0.0))
    (1.968492123030758 (0.391 -0.014730032417077274 0.0))
    (1.9694923730932736 (0.391 -0.014688738632939739 0.0))
    (1.970492623155789 (0.391 -0.014646857274513456 0.0))
    (1.9714928732183048 (0.391 -0.014604392936858536 0.0))
    (1.9724931232808205 (0.391 -0.014561350278997309 0.0))
    (1.973493373343336 (0.391 -0.014517734023403218 0.0))
    (1.9744936234058517 (0.391 -0.014473548955482562 0.0))
    (1.9754938734683674 (0.391 -0.014428799923049518 0.0))
    (1.9764941235308828 (0.391 -0.01438349183579433 0.0))
    (1.9774943735933985 (0.391 -0.014337629664744497 0.0))
    (1.9784946236559142 (0.391 -0.014291218441719444 0.0))
    (1.97949487371843 (0.391 -0.014244263258778518 0.0))
    (1.9804951237809454 (0.391 -0.014196769267662168 0.0))
    (1.981495373843461 (0.391 -0.014148741679226778 0.0))
    (1.9824956239059768 (0.391 -0.014100185762873044 0.0))
    (1.9834958739684923 (0.391 -0.014051106845967665 0.0))
    (1.984496124031008 (0.391 -0.014001510313258941 0.0))
    (1.9854963740935236 (0.391 -0.013951401606286037 0.0))
    (1.9864966241560391 (0.391 -0.013900786222781823 0.0))
    (1.9874968742185548 (0.391 -0.013849669716069745 0.0))
    (1.9884971242810705 (0.391 -0.013798057694454623 0.0))
    (1.9894973743435862 (0.391 -0.013745955820607145 0.0))
    (1.9904976244061017 (0.391 -0.013693369810942789 0.0))
    (1.9914978744686174 (0.391 -0.013640305434994459 0.0))
    (1.992498124531133 (0.391 -0.013586768514779551 0.0))
    (1.9934983745936485 (0.391 -0.013532764924161264 0.0))
    (1.9944986246561642 (0.391 -0.013478300588203984 0.0))
    (1.99549887471868 (0.391 -0.01342338148252328 0.0))
    (1.9964991247811954 (0.391 -0.013368013632630385 0.0))
    (1.997499374843711 (0.391 -0.013312203113270913 0.0))
    (1.9984996249062268 (0.391 -0.013255956047758456 0.0))
    (1.9994998749687425 (0.391 -0.013199278607302847 0.0))
    (2.000500125031258 (0.391 -0.013142177010332892 0.0))
    (2.0015003750937734 (0.391 -0.01308465752181424 0.0))
    (2.0025006251562893 (0.391 -0.01302672645256195 0.0))
    (2.003500875218805 (0.391 -0.012968390158548206 0.0))
    (2.0045011252813207 (0.391 -0.012909655040204762 0.0))
    (2.005501375343836 (0.391 -0.012850527541720953 0.0))
    (2.0065016254063517 (0.391 -0.01279101415033645 0.0))
    (2.0075018754688676 (0.391 -0.012731121395629593 0.0))
    (2.008502125531383 (0.391 -0.012670855848801087 0.0))
    (2.0095023755938985 (0.391 -0.012610224121952847 0.0))
    (2.0105026256564145 (0.391 -0.012549232867362646 0.0))
    (2.01150287571893 (0.391 -0.01248788877675433 0.0))
    (2.0125031257814454 (0.391 -0.012426198580563454 0.0))
    (2.0135033758439613 (0.391 -0.012364169047198939 0.0))
    (2.014503625906477 (0.391 -0.012301806982300552 0.0))
    (2.0155038759689923 (0.391 -0.012239119227992035 0.0))
    (2.016504126031508 (0.391 -0.012176112662130511 0.0))
    (2.0175043760940237 (0.391 -0.012112794197551967 0.0))
    (2.018504626156539 (0.391 -0.012049170781312606 0.0))
    (2.019504876219055 (0.391 -0.011985249393926747 0.0))
    (2.0205051262815705 (0.391 -0.011921037048601042 0.0))
    (2.0215053763440864 (0.391 -0.011856540790464793 0.0))
    (2.022505626406602 (0.391 -0.01179176769579724 0.0))
    (2.0235058764691174 (0.391 -0.011726724871250956 0.0))
    (2.0245061265316333 (0.391 -0.01166141945307223 0.0))
    (2.025506376594149 (0.391 -0.011595858606318206 0.0))
    (2.0265066266566643 (0.391 -0.011530049524070558 0.0))
    (2.02750687671918 (0.391 -0.0114639994266464 0.0))
    (2.0285071267816956 (0.391 -0.011397715560806187 0.0))
    (2.029507376844211 (0.391 -0.011331205198958446 0.0))
    (2.030507626906727 (0.391 -0.011264475638361963 0.0))
    (2.0315078769692425 (0.391 -0.011197534200325262 0.0))
    (2.032508127031758 (0.391 -0.011130388229403137 0.0))
    (2.033508377094274 (0.391 -0.011063045092590932 0.0))
    (2.0345086271567894 (0.391 -0.010995512178516378 0.0))
    (2.035508877219305 (0.391 -0.010927796896628721 0.0))
    (2.0365091272818208 (0.391 -0.010859906676385898 0.0))
    (2.0375093773443362 (0.391 -0.010791848966439506 0.0))
    (2.0385096274068517 (0.391 -0.010723631233817362 0.0))
    (2.0395098774693676 (0.391 -0.010655260963104348 0.0))
    (2.040510127531883 (0.391 -0.010586745655621337 0.0))
    (2.041510377594399 (0.391 -0.010518092828601933 0.0))
    (2.0425106276569145 (0.391 -0.010449310014367993 0.0))
    (2.04351087771943 (0.391 -0.010380404759502958 0.0))
    (2.044511127781946 (0.391 -0.010311384624023985 0.0))
    (2.0455113778444614 (0.391 -0.010242257180552588 0.0))
    (2.046511627906977 (0.391 -0.010173030013483592 0.0))
    (2.0475118779694927 (0.391 -0.01010371071815311 0.0))
    (2.048512128032008 (0.391 -0.010034306900005313 0.0))
    (2.0495123780945237 (0.391 -0.009964826173757772 0.0))
    (2.0505126281570396 (0.391 -0.009895276162566165 0.0))
    (2.051512878219555 (0.391 -0.009825664497187877 0.0))
    (2.0525131282820706 (0.391 -0.009755998815144683 0.0))
    (2.0535133783445865 (0.391 -0.009686286759884892 0.0))
    (2.054513628407102 (0.391 -0.009616535979944737 0.0))
    (2.0555138784696174 (0.391 -0.0095467541281091 0.0))
    (2.0565141285321333 (0.391 -0.009476948860571991 0.0))
    (2.057514378594649 (0.391 -0.009407127836096532 0.0))
    (2.0585146286571647 (0.391 -0.009337298715174542 0.0))
    (2.05951487871968 (0.391 -0.009333333333333334 0.0))
    (2.0605151287821957 (0.391 -0.009333333333333334 0.0))
    (2.0615153788447116 (0.391 -0.009333333333333334 0.0))
    (2.062515628907227 (0.391 -0.009333333333333334 0.0))
    (2.0635158789697425 (0.391 -0.009333333333333334 0.0))
    (2.0645161290322585 (0.391 -0.009333333333333334 0.0))
    (2.065516379094774 (0.391 -0.009333333333333334 0.0))
    (2.0665166291572894 (0.391 -0.009333333333333334 0.0))
    (2.0675168792198053 (0.391 -0.009333333333333334 0.0))
    (2.068517129282321 (0.391 -0.009333333333333334 0.0))
    (2.0695173793448363 (0.391 -0.009333333333333334 0.0))
    (2.070517629407352 (0.391 -0.009333333333333334 0.0))
    (2.0715178794698677 (0.391 -0.009333333333333334 0.0))
    (2.072518129532383 (0.391 -0.009333333333333334 0.0))
    (2.073518379594899 (0.391 -0.009333333333333334 0.0))
    (2.0745186296574145 (0.391 -0.009333333333333334 0.0))
    (2.07551887971993 (0.391 -0.009333333333333334 0.0))
    (2.076519129782446 (0.391 -0.009333333333333334 0.0))
    (2.0775193798449614 (0.391 -0.009333333333333334 0.0))
    (2.0785196299074773 (0.391 -0.009333333333333334 0.0))
    (2.0795198799699928 (0.391 -0.009333333333333334 0.0))
    (2.0805201300325082 (0.391 -0.009333333333333334 0.0))
    (2.081520380095024 (0.391 -0.009333333333333334 0.0))
    (2.0825206301575396 (0.391 -0.009333333333333334 0.0))
    (2.083520880220055 (0.391 -0.009333333333333334 0.0))
    (2.084521130282571 (0.391 -0.009333333333333334 0.0))
    (2.0855213803450865 (0.391 -0.009333333333333334 0.0))
    (2.086521630407602 (0.391 -0.009333333333333334 0.0))
    (2.087521880470118 (0.391 -0.009333333333333334 0.0))
    (2.0885221305326334 (0.391 -0.009333333333333334 0.0))
    (2.089522380595149 (0.391 -0.009333333333333334 0.0))
    (2.0905226306576647 (0.391 -0.009333333333333334 0.0))
    (2.09152288072018 (0.391 -0.009333333333333334 0.0))
    (2.0925231307826957 (0.391 -0.009333333333333334 0.0))
    (2.0935233808452116 (0.391 -0.009333333333333334 0.0))
    (2.094523630907727 (0.391 -0.009333333333333334 0.0))
    (2.095523880970243 (0.391 -0.009333333333333334 0.0))
    (2.0965241310327585 (0.391 -0.009333333333333334 0.0))
    (2.097524381095274 (0.391 -0.009333333333333334 0.0))
    (2.09852463115779 (0.391 -0.009333333333333334 0.0))
    (2.0995248812203053 (0.391 -0.009333333333333334 0.0))
    (2.100525131282821 (0.391 -0.009333333333333334 0.0))
    (2.1015253813453367 (0.391 -0.009333333333333334 0.0))
    (2.102525631407852 (0.391 -0.009333333333333334 0.0))
    (2.1035258814703677 (0.391 -0.009333333333333334 0.0))
    (2.1045261315328836 (0.391 -0.009333333333333334 0.0))
    (2.105526381595399 (0.391 -0.009333333333333334 0.0))
    (2.1065266316579145 (0.391 -0.009333333333333334 0.0))
    (2.1075268817204305 (0.391 -0.009333333333333334 0.0))
    (2.108527131782946 (0.391 -0.009333333333333334 0.0))
    (2.1095273818454614 (0.391 -0.009333333333333334 0.0))
    (2.1105276319079773 (0.391 -0.009333333333333334 0.0))
    (2.111527881970493 (0.391 -0.009333333333333334 0.0))
    (2.1125281320330083 (0.391 -0.009333333333333334 0.0))
    (2.113528382095524 (0.391 -0.009333333333333334 0.0))
    (2.1145286321580397 (0.391 -0.009333333333333334 0.0))
    (2.1155288822205556 (0.391 -0.009333333333333334 0.0))
    (2.116529132283071 (0.391 -0.009333333333333334 0.0))
    (2.1175293823455865 (0.391 -0.009333333333333334 0.0))
    (2.1185296324081024 (0.391 -0.009333333333333334 0.0))
    (2.119529882470618 (0.391 -0.009333333333333334 0.0))
    (2.1205301325331334 (0.391 -0.009333333333333334 0.0))
    (2.1215303825956493 (0.391 -0.009333333333333334 0.0))
    (2.1225306326581648 (0.391 -0.009333333333333334 0.0))
    (2.1235308827206802 (0.391 -0.009333333333333334 0.0))
    (2.124531132783196 (0.391 -0.009333333333333334 0.0))
    (2.1255313828457116 (0.391 -0.009333333333333334 0.0))
    (2.126531632908227 (0.391 -0.009333333333333334 0.0))
    (2.127531882970743 (0.391 -0.009333333333333334 0.0))
    (2.1285321330332585 (0.391 -0.009333333333333334 0.0))
    (2.129532383095774 (0.391 -0.009333333333333334 0.0))
    (2.13053263315829 (0.391 -0.009333333333333334 0.0))
    (2.1315328832208054 (0.391 -0.009333333333333334 0.0))
    (2.132533133283321 (0.391 -0.009333333333333334 0.0))
    (2.1335333833458368 (0.391 -0.009333333333333334 0.0))
    (2.1345336334083522 (0.391 -0.009333333333333334 0.0))
    (2.135533883470868 (0.391 -0.009333333333333334 0.0))
    (2.1365341335333836 (0.391 -0.009333333333333334 0.0))
    (2.137534383595899 (0.391 -0.009333333333333334 0.0))
    (2.138534633658415 (0.391 -0.009333333333333334 0.0))
    (2.1395348837209305 (0.391 -0.009333333333333334 0.0))
    (2.140535133783446 (0.391 -0.009333333333333334 0.0))
    (2.141535383845962 (0.391 -0.009333333333333334 0.0))
    (2.1425356339084773 (0.391 -0.009333333333333334 0.0))
    (2.143535883970993 (0.391 -0.009333333333333334 0.0))
    (2.1445361340335087 (0.391 -0.009333333333333334 0.0))
    (2.145536384096024 (0.391 -0.009333333333333334 0.0))
    (2.1465366341585397 (0.391 -0.009333333333333334 0.0))
    (2.1475368842210556 (0.391 -0.009333333333333334 0.0))
    (2.148537134283571 (0.391 -0.009333333333333334 0.0))
    (2.1495373843460865 (0.391 -0.009333333333333334 0.0))
    (2.1505376344086025 (0.391 -0.009333333333333334 0.0))
    (2.151537884471118 (0.391 -0.009333333333333334 0.0))
    (2.152538134533634 (0.391 -0.009333333333333334 0.0))
    (2.1535383845961493 (0.391 -0.009333333333333334 0.0))
    (2.154538634658665 (0.391 -0.009333333333333334 0.0))
    (2.1555388847211807 (0.391 -0.009333333333333334 0.0))
    (2.156539134783696 (0.391 -0.009333333333333334 0.0))
    (2.1575393848462117 (0.391 -0.009333333333333334 0.0))
    (2.1585396349087276 (0.391 -0.009333333333333334 0.0))
    (2.159539884971243 (0.391 -0.009333333333333334 0.0))
    (2.1605401350337585 (0.391 -0.009333333333333334 0.0))
    (2.1615403850962744 (0.391 -0.009333333333333334 0.0))
    (2.16254063515879 (0.391 -0.009333333333333334 0.0))
    (2.1635408852213054 (0.391 -0.009333333333333334 0.0))
    (2.1645411352838213 (0.391 -0.009333333333333334 0.0))
    (2.1655413853463368 (0.391 -0.009333333333333334 0.0))
    (2.1665416354088523 (0.391 -0.009333333333333334 0.0))
    (2.167541885471368 (0.391 -0.009333333333333334 0.0))
    (2.1685421355338836 (0.391 -0.009333333333333334 0.0))
    (2.169542385596399 (0.391 -0.009333333333333334 0.0))
    (2.170542635658915 (0.391 -0.009333333333333334 0.0))
    (2.1715428857214305 (0.391 -0.009333333333333334 0.0))
    (2.1725431357839464 (0.391 -0.009333333333333334 0.0))
    (2.173543385846462 (0.391 -0.009333333333333334 0.0))
    (2.1745436359089774 (0.391 -0.009333333333333334 0.0))
    (2.1755438859714933 (0.391 -0.009333333333333334 0.0))
    (2.1765441360340088 (0.391 -0.009333333333333334 0.0))
    (2.1775443860965242 (0.391 -0.009333333333333334 0.0))
    (2.17854463615904 (0.391 -0.009333333333333334 0.0))
    (2.1795448862215556 (0.391 -0.009333333333333334 0.0))
    (2.180545136284071 (0.391 -0.009333333333333334 0.0))
    (2.181545386346587 (0.391 -0.009333333333333334 0.0))
    (2.1825456364091025 (0.391 -0.009333333333333334 0.0))
    (2.183545886471618 (0.391 -0.009333333333333334 0.0))
    (2.184546136534134 (0.391 -0.009333333333333334 0.0))
    (2.1855463865966493 (0.391 -0.009333333333333334 0.0))
    (2.186546636659165 (0.391 -0.009333333333333334 0.0))
    (2.1875468867216807 (0.391 -0.009333333333333334 0.0))
    (2.188547136784196 (0.391 -0.009333333333333334 0.0))
    (2.189547386846712 (0.391 -0.009333333333333334 0.0))
    (2.1905476369092276 (0.391 -0.009333333333333334 0.0))
    (2.191547886971743 (0.391 -0.009333333333333334 0.0))
    (2.192548137034259 (0.391 -0.009333333333333334 0.0))
    (2.1935483870967745 (0.391 -0.009333333333333334 0.0))
    (2.19454863715929 (0.391 -0.009333333333333334 0.0))
    (2.195548887221806 (0.391 -0.009333333333333334 0.0))
    (2.1965491372843213 (0.391 -0.009333333333333334 0.0))
    (2.197549387346837 (0.391 -0.009333333333333334 0.0))
    (2.1985496374093527 (0.391 -0.009333333333333334 0.0))
    (2.199549887471868 (0.391 -0.009333333333333334 0.0))
    (2.2005501375343837 (0.391 -0.009333333333333334 0.0))
    (2.2015503875968996 (0.391 -0.009333333333333334 0.0))
    (2.202550637659415 (0.391 -0.009333333333333334 0.0))
    (2.2035508877219305 (0.391 -0.009333333333333334 0.0))
    (2.2045511377844464 (0.391 -0.009333333333333334 0.0))
    (2.205551387846962 (0.391 -0.009333333333333334 0.0))
    (2.2065516379094774 (0.391 -0.009333333333333334 0.0))
    (2.2075518879719933 (0.391 -0.009333333333333334 0.0))
    (2.208552138034509 (0.391 -0.009333333333333334 0.0))
    (2.2095523880970247 (0.391 -0.009333333333333334 0.0))
    (2.21055263815954 (0.391 -0.009333333333333334 0.0))
    (2.2115528882220556 (0.391 -0.009333333333333334 0.0))
    (2.2125531382845716 (0.391 -0.009333333333333334 0.0))
    (2.213553388347087 (0.391 -0.009333333333333334 0.0))
    (2.2145536384096025 (0.391 -0.009333333333333334 0.0))
    (2.2155538884721184 (0.391 -0.009333333333333334 0.0))
    (2.216554138534634 (0.391 -0.009333333333333334 0.0))
    (2.2175543885971494 (0.391 -0.009333333333333334 0.0))
    (2.2185546386596653 (0.391 -0.009333333333333334 0.0))
    (2.2195548887221808 (0.391 -0.009333333333333334 0.0))
    (2.2205551387846962 (0.391 -0.009333333333333334 0.0))
    (2.221555388847212 (0.391 -0.009333333333333334 0.0))
    (2.2225556389097276 (0.391 -0.009333333333333334 0.0))
    (2.223555888972243 (0.391 -0.009333333333333334 0.0))
    (2.224556139034759 (0.391 -0.009333333333333334 0.0))
    (2.2255563890972745 (0.391 -0.009333333333333334 0.0))
    (2.22655663915979 (0.391 -0.009333333333333334 0.0))
    (2.227556889222306 (0.391 -0.009333333333333334 0.0))
    (2.2285571392848214 (0.391 -0.009333333333333334 0.0))
    (2.2295573893473373 (0.391 -0.009333333333333334 0.0))
    (2.2305576394098527 (0.391 -0.009333333333333334 0.0))
    (2.231557889472368 (0.391 -0.009333333333333334 0.0))
    (2.232558139534884 (0.391 -0.009333333333333334 0.0))
    (2.2335583895973996 (0.391 -0.009333333333333334 0.0))
    (2.234558639659915 (0.391 -0.009333333333333334 0.0))
    (2.235558889722431 (0.391 -0.009333333333333334 0.0))
    (2.2365591397849465 (0.391 -0.009333333333333334 0.0))
    (2.237559389847462 (0.391 -0.009333333333333334 0.0))
    (2.238559639909978 (0.391 -0.009333333333333334 0.0))
    (2.2395598899724933 (0.391 -0.009333333333333334 0.0))
    (2.240560140035009 (0.391 -0.009333333333333334 0.0))
    (2.2415603900975247 (0.391 -0.009333333333333334 0.0))
    (2.24256064016004 (0.391 -0.009333333333333334 0.0))
    (2.2435608902225557 (0.391 -0.009333333333333334 0.0))
    (2.2445611402850716 (0.391 -0.009333333333333334 0.0))
    (2.245561390347587 (0.391 -0.009333333333333334 0.0))
    (2.246561640410103 (0.391 -0.009333333333333334 0.0))
    (2.2475618904726185 (0.391 -0.009333333333333334 0.0))
    (2.248562140535134 (0.391 -0.009333333333333334 0.0))
    (2.24956239059765 (0.391 -0.009333333333333334 0.0))
    (2.2505626406601653 (0.391 -0.009333333333333334 0.0))
    (2.251562890722681 (0.391 -0.009333333333333334 0.0))
    (2.2525631407851967 (0.391 -0.009333333333333334 0.0))
    (2.253563390847712 (0.391 -0.009333333333333334 0.0))
    (2.2545636409102277 (0.391 -0.009333333333333334 0.0))
    (2.2555638909727436 (0.391 -0.009333333333333334 0.0))
    (2.256564141035259 (0.391 -0.009333333333333334 0.0))
    (2.2575643910977745 (0.391 -0.009333333333333334 0.0))
    (2.2585646411602904 (0.391 -0.009333333333333334 0.0))
    (2.259564891222806 (0.391 -0.009333333333333334 0.0))
    (2.2605651412853214 (0.391 -0.009333333333333334 0.0))
    (2.2615653913478373 (0.391 -0.009333333333333334 0.0))
    (2.2625656414103528 (0.391 -0.009333333333333334 0.0))
    (2.2635658914728682 (0.391 -0.009333333333333334 0.0))
    (2.264566141535384 (0.391 -0.009333333333333334 0.0))
    (2.2655663915978996 (0.391 -0.009333333333333334 0.0))
    (2.2665666416604155 (0.391 -0.009333333333333334 0.0))
    (2.267566891722931 (0.391 -0.009333333333333334 0.0))
    (2.2685671417854465 (0.391 -0.009333333333333334 0.0))
    (2.2695673918479624 (0.391 -0.009333333333333334 0.0))
    (2.270567641910478 (0.391 -0.009333333333333334 0.0))
    (2.2715678919729934 (0.391 -0.009333333333333334 0.0))
    (2.2725681420355093 (0.391 -0.009333333333333334 0.0))
    (2.2735683920980247 (0.391 -0.009333333333333334 0.0))
    (2.27456864216054 (0.391 -0.009333333333333334 0.0))
    (2.275568892223056 (0.391 -0.009333333333333334 0.0))
    (2.2765691422855716 (0.391 -0.009333333333333334 0.0))
    (2.277569392348087 (0.391 -0.009333333333333334 0.0))
    (2.278569642410603 (0.391 -0.009333333333333334 0.0))
    (2.2795698924731185 (0.391 -0.009333333333333334 0.0))
    (2.280570142535634 (0.391 -0.009333333333333334 0.0))
    (2.28157039259815 (0.391 -0.009333333333333334 0.0))
    (2.2825706426606653 (0.391 -0.009333333333333334 0.0))
    (2.2835708927231813 (0.391 -0.009333333333333334 0.0))
    (2.2845711427856967 (0.391 -0.009333333333333334 0.0))
    (2.285571392848212 (0.391 -0.009333333333333334 0.0))
    (2.286571642910728 (0.391 -0.009333333333333334 0.0))
    (2.2875718929732436 (0.391 -0.009333333333333334 0.0))
    (2.288572143035759 (0.391 -0.009333333333333334 0.0))
    (2.289572393098275 (0.391 -0.009333333333333334 0.0))
    (2.2905726431607905 (0.391 -0.009333333333333334 0.0))
    (2.291572893223306 (0.391 -0.009333333333333334 0.0))
    (2.292573143285822 (0.391 -0.009333333333333334 0.0))
    (2.2935733933483373 (0.391 -0.009333333333333334 0.0))
    (2.294573643410853 (0.391 -0.009333333333333334 0.0))
    (2.2955738934733687 (0.391 -0.009333333333333334 0.0))
    (2.296574143535884 (0.391 -0.009333333333333334 0.0))
    (2.2975743935983997 (0.391 -0.009333333333333334 0.0))
    (2.2985746436609156 (0.391 -0.009333333333333334 0.0))
    (2.299574893723431 (0.391 -0.009333333333333334 0.0))
    (2.3005751437859465 (0.391 -0.009333333333333334 0.0))
    (2.3015753938484624 (0.391 -0.009333333333333334 0.0))
    (2.302575643910978 (0.391 -0.009333333333333334 0.0))
    (2.303575893973494 (0.391 -0.009333333333333334 0.0))
    (2.3045761440360093 (0.391 -0.009333333333333334 0.0))
    (2.3055763940985248 (0.391 -0.009333333333333334 0.0))
    (2.3065766441610407 (0.391 -0.009333333333333334 0.0))
    (2.307576894223556 (0.391 -0.009333333333333334 0.0))
    (2.3085771442860716 (0.391 -0.009333333333333334 0.0))
    (2.3095773943485876 (0.391 -0.009333333333333334 0.0))
    (2.310577644411103 (0.391 -0.009333333333333334 0.0))
    (2.3115778944736185 (0.391 -0.009333333333333334 0.0))
    (2.3125781445361344 (0.391 -0.009333333333333334 0.0))
    (2.31357839459865 (0.391 -0.009333333333333334 0.0))
    (2.3145786446611654 (0.391 -0.009333333333333334 0.0))
    (2.3155788947236813 (0.391 -0.009333333333333334 0.0))
    (2.3165791447861968 (0.391 -0.009333333333333334 0.0))
    (2.3175793948487122 (0.391 -0.009333333333333334 0.0))
    (2.318579644911228 (0.391 -0.009333333333333334 0.0))
    (2.3195798949737436 (0.391 -0.009333333333333334 0.0))
    (2.320580145036259 (0.391 -0.009333333333333334 0.0))
    (2.321580395098775 (0.391 -0.009333333333333334 0.0))
    (2.3225806451612905 (0.391 -0.009333333333333334 0.0))
    (2.3235808952238064 (0.391 -0.009333333333333334 0.0))
    (2.324581145286322 (0.391 -0.009333333333333334 0.0))
    (2.3255813953488373 (0.391 -0.009333333333333334 0.0))
    (2.3265816454113533 (0.391 -0.009333333333333334 0.0))
    (2.3275818954738687 (0.391 -0.009333333333333334 0.0))
    (2.328582145536384 (0.391 -0.009333333333333334 0.0))
    (2.3295823955989 (0.391 -0.009333333333333334 0.0))
    (2.3305826456614156 (0.391 -0.009333333333333334 0.0))
    (2.331582895723931 (0.391 -0.009333333333333334 0.0))
    (2.332583145786447 (0.391 -0.009333333333333334 0.0))
    (2.3335833958489625 (0.391 -0.009333333333333334 0.0))
    (2.334583645911478 (0.391 -0.009333333333333334 0.0))
    (2.335583895973994 (0.391 -0.009333333333333334 0.0))
    (2.3365841460365093 (0.391 -0.009333333333333334 0.0))
    (2.337584396099025 (0.391 -0.009333333333333334 0.0))
    (2.3385846461615407 (0.391 -0.009333333333333334 0.0))
    (2.339584896224056 (0.391 -0.009333333333333334 0.0))
    (2.340585146286572 (0.391 -0.009333333333333334 0.0))
    (2.3415853963490876 (0.391 -0.009333333333333334 0.0))
    (2.342585646411603 (0.391 -0.009333333333333334 0.0))
    (2.343585896474119 (0.391 -0.009333333333333334 0.0))
    (2.3445861465366344 (0.391 -0.009333333333333334 0.0))
    (2.34558639659915 (0.391 -0.009333333333333334 0.0))
    (2.346586646661666 (0.391 -0.009333333333333334 0.0))
    (2.3475868967241813 (0.391 -0.009333333333333334 0.0))
    (2.3485871467866968 (0.391 -0.009333333333333334 0.0))
    (2.3495873968492127 (0.391 -0.009333333333333334 0.0))
    (2.350587646911728 (0.391 -0.009333333333333334 0.0))
    (2.3515878969742436 (0.391 -0.009333333333333334 0.0))
    (2.3525881470367596 (0.391 -0.009333333333333334 0.0))
    (2.353588397099275 (0.391 -0.009333333333333334 0.0))
    (2.3545886471617905 (0.391 -0.009333333333333334 0.0))
    (2.3555888972243064 (0.391 -0.009333333333333334 0.0))
    (2.356589147286822 (0.391 -0.009333333333333334 0.0))
    (2.3575893973493374 (0.391 -0.009333333333333334 0.0))
    (2.3585896474118533 (0.391 -0.009334605248330836 0.0))
    (2.3595898974743688 (0.391 -0.009404434528092946 0.0))
    (2.3605901475368847 (0.391 -0.009474256006907864 0.0))
    (2.3615903975994 (0.391 -0.00954406202423386 0.0))
    (2.3625906476619156 (0.391 -0.009613844921225587 0.0))
    (2.3635908977244315 (0.391 -0.009683597041574366 0.0))
    (2.364591147786947 (0.391 -0.009753310732348213 0.0))
    (2.3655913978494625 (0.391 -0.009822978344831488 0.0))
    (2.3665916479119784 (0.391 -0.009892592235364081 0.0))
    (2.367591897974494 (0.391 -0.00996214476618005 0.0))
    (2.3685921480370093 (0.391 -0.010031628306245597 0.0))
    (2.3695923980995253 (0.391 -0.010101035232096328 0.0))
    (2.3705926481620407 (0.391 -0.010170357928673657 0.0))
    (2.371592898224556 (0.391 -0.010239588790160311 0.0))
    (2.372593148287072 (0.391 -0.01030872022081483 0.0))
    (2.3735933983495876 (0.391 -0.010377744635804823 0.0))
    (2.374593648412103 (0.391 -0.010446654462039386 0.0))
    (2.375593898474619 (0.391 -0.010515442138999775 0.0))
    (2.3765941485371345 (0.391 -0.010584100119568925 0.0))
    (2.3775943985996504 (0.391 -0.010652620870859714 0.0))
    (2.378594648662166 (0.391 -0.010720996875041123 0.0))
    (2.3795948987246813 (0.391 -0.010789220630163297 0.0))
    (2.3805951487871972 (0.391 -0.010857284650980622 0.0))
    (2.3815953988497127 (0.391 -0.010925181469772774 0.0))
    (2.382595648912228 (0.391 -0.010992903637164257 0.0))
    (2.383595898974744 (0.391 -0.01106044372294172 0.0))
    (2.3845961490372596 (0.391 -0.011127794316868958 0.0))
    (2.385596399099775 (0.391 -0.011194948029500149 0.0))
    (2.386596649162291 (0.391 -0.011261897492990586 0.0))
    (2.3875968992248064 (0.391 -0.011328635361904855 0.0))
    (2.388597149287322 (0.391 -0.011395154314022942 0.0))
    (2.389597399349838 (0.391 -0.011461447051143606 0.0))
    (2.3905976494123533 (0.391 -0.011527506299884898 0.0))
    (2.391597899474869 (0.391 -0.011593324812482375 0.0))
    (2.3925981495373847 (0.391 -0.011658895367584302 0.0))
    (2.3935983995999 (0.391 -0.011724210771043742 0.0))
    (2.3945986496624156 (0.391 -0.01178926385670807 0.0))
    (2.3955988997249316 (0.391 -0.01185404748720522 0.0))
    (2.396599149787447 (0.391 -0.011918554554726572 0.0))
    (2.397599399849963 (0.391 -0.011982777981807026 0.0))
    (2.3985996499124784 (0.391 -0.012046710722101308 0.0))
    (2.399599899974994 (0.391 -0.012110345761157295 0.0))
    (2.40060015003751 (0.391 -0.01217367611718543 0.0))
    (2.4016004001000253 (0.391 -0.012236694841824724 0.0))
    (2.4026006501625408 (0.391 -0.012299395020905308 0.0))
    (2.4036009002250567 (0.391 -0.01236176977520683 0.0))
    (2.404601150287572 (0.391 -0.012423812261213217 0.0))
    (2.4056014003500876 (0.391 -0.012485515671863717 0.0))
    (2.4066016504126035 (0.391 -0.01254687323729954 0.0))
    (2.407601900475119 (0.391 -0.012607878225606628 0.0))
    (2.4086021505376345 (0.391 -0.01266852394355445 0.0))
    (2.4096024006001504 (0.391 -0.012728803737330156 0.0))
    (2.410602650662666 (0.391 -0.012788710993268617 0.0))
    (2.4116029007251814 (0.391 -0.01284823913857823 0.0))
    (2.4126031507876973 (0.391 -0.012907381642061882 0.0))
    (2.4136034008502127 (0.391 -0.012966132014833522 0.0))
    (2.414603650912728 (0.391 -0.013024483811030278 0.0))
    (2.415603900975244 (0.391 -0.0130824306285195 0.0))
    (2.4166041510377596 (0.391 -0.01313996610960116 0.0))
    (2.4176044011002755 (0.391 -0.013197083941705611 0.0))
    (2.418604651162791 (0.391 -0.013253777858085895 0.0))
    (2.4196049012253065 (0.391 -0.013310041638505493 0.0))
    (2.4206051512878224 (0.391 -0.0133658691099208 0.0))
    (2.421605401350338 (0.391 -0.01342125414715822 0.0))
    (2.4226056514128533 (0.391 -0.013476190673586384 0.0))
    (2.4236059014753693 (0.391 -0.013530672661782834 0.0))
    (2.4246061515378847 (0.391 -0.01358469413419518 0.0))
    (2.4256064016004 (0.391 -0.013638249163797092 0.0))
    (2.426606651662916 (0.391 -0.013691331874738585 0.0))
    (2.4276069017254316 (0.391 -0.013743936442990538 0.0))
    (2.428607151787947 (0.391 -0.013796057096983847 0.0))
    (2.429607401850463 (0.391 -0.013847688118242652 0.0))
    (2.4306076519129785 (0.391 -0.013898823842011594 0.0))
    (2.431607901975494 (0.391 -0.013949458657877485 0.0))
    (2.43260815203801 (0.391 -0.013999587010384857 0.0))
    (2.4336084021005253 (0.391 -0.014049203399645337 0.0))
    (2.4346086521630412 (0.391 -0.014098302381941258 0.0))
    (2.4356089022255567 (0.391 -0.01414687857032275 0.0))
    (2.436609152288072 (0.391 -0.014194926635198966 0.0))
    (2.437609402350588 (0.391 -0.014242441304922672 0.0))
    (2.4386096524131036 (0.391 -0.014289417366368625 0.0))
    (2.439609902475619 (0.391 -0.014335849665505697 0.0))
    (2.440610152538135 (0.391 -0.014381733107962197 0.0))
    (2.4416104026006504 (0.391 -0.014427062659584815 0.0))
    (2.442610652663166 (0.391 -0.014471833346991087 0.0))
    (2.443610902725682 (0.391 -0.014516040258114916 0.0))
    (2.4446111527881973 (0.391 -0.014559678542745503 0.0))
    (2.4456114028507128 (0.391 -0.014602743413059636 0.0))
    (2.4466116529132287 (0.391 -0.01464523014414685 0.0))
    (2.447611902975744 (0.391 -0.014687134074527826 0.0))
    (2.4486121530382596 (0.391 -0.014728450606665968 0.0))
    (2.4496124031007755 (0.391 -0.014769175207471693 0.0))
    (2.450612653163291 (0.391 -0.014809303408799782 0.0))
    (2.4516129032258065 (0.391 -0.014848830807939735 0.0))
    (2.4526131532883224 (0.391 -0.0148877530680987 0.0))
    (2.453613403350838 (0.391 -0.014926065918877282 0.0))
    (2.454613653413354 (0.391 -0.014963765156738213 0.0))
    (2.4556139034758693 (0.391 -0.015000846645467362 0.0))
    (2.4566141535383847 (0.391 -0.015037306316627672 0.0))
    (2.4576144036009007 (0.391 -0.015073140170005536 0.0))
    (2.458614653663416 (0.391 -0.015108344274049574 0.0))
    (2.4596149037259316 (0.391 -0.015142914766302092 0.0))
    (2.4606151537884475 (0.391 -0.015176847853822858 0.0))
    (2.461615403850963 (0.391 -0.01521013981360515 0.0))
    (2.4626156539134785 (0.391 -0.015242786992984321 0.0))
    (2.4636159039759944 (0.391 -0.015274785810038567 0.0))
    (2.46461615403851 (0.391 -0.015306132753981813 0.0))
    (2.4656164041010253 (0.391 -0.015336824385549005 0.0))
    (2.4666166541635413 (0.391 -0.015366857337373451 0.0))
    (2.4676169042260567 (0.391 -0.015396228314356188 0.0))
    (2.468617154288572 (0.391 -0.015424934094027586 0.0))
    (2.469617404351088 (0.391 -0.015452971526900918 0.0))
    (2.4706176544136036 (0.391 -0.015480337536817816 0.0))
    (2.4716179044761195 (0.391 -0.015507029121285876 0.0))
    (2.472618154538635 (0.391 -0.015533043351808 0.0))
    (2.4736184046011505 (0.391 -0.01555837737420378 0.0))
    (2.4746186546636664 (0.391 -0.015583028408922587 0.0))
    (2.475618904726182 (0.391 -0.015606993751348518 0.0))
    (2.4766191547886973 (0.391 -0.01563027077209722 0.0))
    (2.4776194048512132 (0.391 -0.015652856917304305 0.0))
    (2.4786196549137287 (0.391 -0.01567474970890553 0.0))
    (2.479619904976244 (0.391 -0.015695946744908776 0.0))
    (2.48062015503876 (0.391 -0.015716445699657508 0.0))
    (2.4816204051012756 (0.391 -0.01573624432408593 0.0))
    (2.482620655163791 (0.391 -0.01575534044596582 0.0))
    (2.483620905226307 (0.391 -0.015773731970144776 0.0))
    (2.4846211552888224 (0.391 -0.015791416878776113 0.0))
    (2.485621405351338 (0.391 -0.0158083932315403 0.0))
    (2.486621655413854 (0.391 -0.01582465916585779 0.0))
    (2.4876219054763693 (0.391 -0.01584021289709336 0.0))
    (2.4886221555388848 (0.391 -0.015855052718751997 0.0))
    (2.4896224056014007 (0.391 -0.015869177002666046 0.0))
    (2.490622655663916 (0.391 -0.015882584199173874 0.0))
    (2.491622905726432 (0.391 -0.015895272837289913 0.0))
    (2.4926231557889476 (0.391 -0.015907241524866025 0.0))
    (2.493623405851463 (0.391 -0.01591848894874424 0.0))
    (2.494623655913979 (0.391 -0.015929013874900873 0.0))
    (2.4956239059764944 (0.391 -0.01593881514858185 0.0))
    (2.49662415603901 (0.391 -0.015947891694429457 0.0))
    (2.497624406101526 (0.391 -0.015956242516600314 0.0))
    (2.4986246561640413 (0.391 -0.015963866698874608 0.0))
    (2.4996249062265568 (0.391 -0.01597076340475664 0.0))
    (2.5006251562890727 (0.391 -0.015976931877566616 0.0))
    (2.501625406351588 (0.391 -0.015982371440523623 0.0))
    (2.5026256564141036 (0.391 -0.015987081496819922 0.0))
    (2.5036259064766195 (0.391 -0.015991061529686417 0.0))
    (2.504626156539135 (0.391 -0.015994311102449345 0.0))
    (2.5056264066016505 (0.391 -0.01599682985857819 0.0))
    (2.5066266566641664 (0.391 -0.015998617521724802 0.0))
    (2.507626906726682 (0.391 -0.015999673895753717 0.0))
    (2.5086271567891973 (0.391 -0.01599999886476368 0.0))
    (2.5096274068517133 (0.391 -0.01599959239310035 0.0))
    (2.5106276569142287 (0.391 -0.01599845452536022 0.0))
    (2.5116279069767447 (0.391 -0.015996585386385723 0.0))
    (2.51262815703926 (0.391 -0.015993985181251533 0.0))
    (2.5136284071017756 (0.391 -0.015990654195242072 0.0))
    (2.5146286571642915 (0.391 -0.015986592793820198 0.0))
    (2.515628907226807 (0.391 -0.015981801422587115 0.0))
    (2.5166291572893225 (0.391 -0.01597628060723348 0.0))
    (2.5176294073518384 (0.391 -0.015970030953481734 0.0))
    (2.518629657414354 (0.391 -0.015963053147019637 0.0))
    (2.5196299074768693 (0.391 -0.015955347953425035 0.0))
    (2.5206301575393852 (0.391 -0.015946916218081867 0.0))
    (2.5216304076019007 (0.391 -0.01593775886608743 0.0))
    (2.522630657664416 (0.391 -0.01592787690215084 0.0))
    (2.523630907726932 (0.391 -0.015917271410482835 0.0))
    (2.5246311577894476 (0.391 -0.015905943554676817 0.0))
    (2.525631407851963 (0.391 -0.015893894577581162 0.0))
    (2.526631657914479 (0.391 -0.01588112580116288 0.0))
    (2.5276319079769944 (0.391 -0.015867638626362576 0.0))
    (2.5286321580395104 (0.391 -0.01585343453294074 0.0))
    (2.529632408102026 (0.391 -0.01583851507931538 0.0))
    (2.5306326581645413 (0.391 -0.01582288190239106 0.0))
    (2.531632908227057 (0.391 -0.015806536717379284 0.0))
    (2.5326331582895727 (0.391 -0.01578948131761033 0.0))
    (2.533633408352088 (0.391 -0.015771717574336482 0.0))
    (2.534633658414604 (0.391 -0.015753247436526722 0.0))
    (2.5356339084771196 (0.391 -0.015734072930652897 0.0))
    (2.536634158539635 (0.391 -0.015714196160467393 0.0))
    (2.537634408602151 (0.391 -0.0156936193067723 0.0))
    (2.5386346586646664 (0.391 -0.01567234462718017 0.0))
    (2.539634908727182 (0.391 -0.01565037445586629 0.0))
    (2.540635158789698 (0.391 -0.015627711203312602 0.0))
    (2.5416354088522133 (0.391 -0.01560435735604324 0.0))
    (2.5426356589147288 (0.391 -0.015580315476351705 0.0))
    (2.5436359089772447 (0.391 -0.015555588202019747 0.0))
    (2.54463615903976 (0.391 -0.015530178246027954 0.0))
    (2.5456364091022756 (0.391 -0.015504088396258098 0.0))
    (2.5466366591647915 (0.391 -0.015477321515187263 0.0))
    (2.547636909227307 (0.391 -0.015449880539573774 0.0))
    (2.548637159289823 (0.391 -0.015421768480134983 0.0))
    (2.5496374093523384 (0.391 -0.015392988421216988 0.0))
    (2.550637659414854 (0.391 -0.015363543520456182 0.0))
    (2.55163790947737 (0.391 -0.015333437008432784 0.0))
    (2.5526381595398853 (0.391 -0.015302672188316508 0.0))
    (2.5536384096024007 (0.391 -0.015271252435504035 0.0))
    (2.5546386596649167 (0.391 -0.015239181197248694 0.0))
    (2.555638909727432 (0.391 -0.015206461992282332 0.0))
    (2.5566391597899476 (0.391 -0.015173098410429157 0.0))
    (2.5576394098524635 (0.391 -0.015139094112211874 0.0))
    (2.558639659914979 (0.391 -0.015104452828450174 0.0))
    (2.5596399099774945 (0.391 -0.015069178359851287 0.0))
    (2.5606401600400104 (0.391 -0.015033274576592995 0.0))
    (2.561640410102526 (0.391 -0.01499674541789912 0.0))
    (2.5626406601650413 (0.391 -0.014959594891607208 0.0))
    (2.5636409102275572 (0.391 -0.014921827073728806 0.0))
    (2.5646411602900727 (0.391 -0.014883446108002383 0.0))
    (2.5656414103525886 (0.391 -0.014844456205438552 0.0))
    (2.566641660415104 (0.391 -0.01480486164385813 0.0))
    (2.5676419104776196 (0.391 -0.014764666767422777 0.0))
    (2.5686421605401355 (0.391 -0.014723875986158347 0.0))
    (2.569642410602651 (0.391 -0.014682493775471123 0.0))
    (2.5706426606651664 (0.391 -0.014640524675656644 0.0))
    (2.5716429107276824 (0.391 -0.014597973291401688 0.0))
    (2.572643160790198 (0.391 -0.014554844291279064 0.0))
    (2.5736434108527133 (0.391 -0.014511142407235268 0.0))
    (2.5746436609152292 (0.391 -0.01446687243407144 0.0))
    (2.5756439109777447 (0.391 -0.014422039228917301 0.0))
    (2.57664416104026 (0.391 -0.014376647710698104 0.0))
    (2.577644411102776 (0.391 -0.014330702859595094 0.0))
    (2.5786446611652916 (0.391 -0.014284209716499104 0.0))
    (2.579644911227807 (0.391 -0.014237173382457335 0.0))
    (2.580645161290323 (0.391 -0.014189599018113844 0.0))
    (2.5816454113528384 (0.391 -0.014141491843143329 0.0))
    (2.582645661415354 (0.391 -0.014092857135678311 0.0))
    (2.58364591147787 (0.391 -0.014043700231730172 0.0))
    (2.5846461615403853 (0.391 -0.013994026524603718 0.0))
    (2.585646411602901 (0.391 -0.01394384146430528 0.0))
    (2.5866466616654167 (0.391 -0.013893150556944987 0.0))
    (2.587646911727932 (0.391 -0.013841959364132503 0.0))
    (2.588647161790448 (0.391 -0.013790273502366808 0.0))
    (2.5896474118529635 (0.391 -0.013738098642420152 0.0))
    (2.590647661915479 (0.391 -0.013685440508715712 0.0))
    (2.591647911977995 (0.391 -0.013632304878699536 0.0))
    (2.5926481620405104 (0.391 -0.013578697582206818 0.0))
    (2.593648412103026 (0.391 -0.013524624500822115 0.0))
    (2.594648662165542 (0.391 -0.013470091567234043 0.0))
    (2.5956489122280573 (0.391 -0.013415104764584523 0.0))
    (2.5966491622905727 (0.391 -0.013359670125812177 0.0))
    (2.5976494123530887 (0.391 -0.01330379373299041 0.0))
    (2.598649662415604 (0.391 -0.013247481716660278 0.0))
    (2.5996499124781196 (0.391 -0.013190740255157707 0.0))
    (2.6006501625406355 (0.391 -0.01313357557393562 0.0))
    (2.601650412603151 (0.391 -0.01307599394488108 0.0))
    (2.6026506626656665 (0.391 -0.013018001685626994 0.0))
    (2.6036509127281824 (0.391 -0.012959605158858956 0.0))
    (2.604651162790698 (0.391 -0.012900810771617349 0.0))
    (2.6056514128532138 (0.391 -0.012841624974594155 0.0))
    (2.6066516629157293 (0.391 -0.01278205426142543 0.0))
    (2.6076519129782447 (0.391 -0.012722105167978604 0.0))
    (2.6086521630407606 (0.391 -0.012661784271635588 0.0))
    (2.609652413103276 (0.391 -0.01260109819057113 0.0))
    (2.6106526631657916 (0.391 -0.012540053583026496 0.0))
    (2.6116529132283075 (0.391 -0.012478657146579156 0.0))
    (2.612653163290823 (0.391 -0.01241691561740794 0.0))
    (2.6136534133533385 (0.391 -0.01235483576955379 0.0))
    (2.6146536634158544 (0.391 -0.01229242441417672 0.0))
    (2.61565391347837 (0.391 -0.012229688398808534 0.0))
    (2.6166541635408853 (0.391 -0.012166634606601336 0.0))
    (2.6176544136034012 (0.391 -0.012103269955572536 0.0))
    (2.6186546636659167 (0.391 -0.012039601397845837 0.0))
    (2.619654913728432 (0.391 -0.01197563591888827 0.0))
    (2.620655163790948 (0.391 -0.011911380536743982 0.0))
    (2.6216554138534636 (0.391 -0.011846842301264236 0.0))
    (2.6226556639159795 (0.391 -0.011782028293333711 0.0))
    (2.623655913978495 (0.391 -0.011716945624093925 0.0))
    (2.6246561640410104 (0.391 -0.011651601434162802 0.0))
    (2.6256564141035263 (0.391 -0.011586002892851242 0.0))
    (2.626656664166042 (0.391 -0.011520157197376719 0.0))
    (2.6276569142285573 (0.391 -0.011454071572073439 0.0))
    (2.628657164291073 (0.391 -0.011387753267599708 0.0))
    (2.6296574143535887 (0.391 -0.011321209560142625 0.0))
    (2.630657664416104 (0.391 -0.011254447750619562 0.0))
    (2.63165791447862 (0.391 -0.011187475163877131 0.0))
    (2.6326581645411355 (0.391 -0.011120299147887747 0.0))
    (2.633658414603651 (0.391 -0.011052927072943215 0.0))
    (2.634658664666167 (0.391 -0.010985366330846107 0.0))
    (2.6356589147286824 (0.391 -0.010917624334098958 0.0))
    (2.636659164791198 (0.391 -0.010849708515090787 0.0))
    (2.637659414853714 (0.391 -0.010781626325281653 0.0))
    (2.6386596649162293 (0.391 -0.01071338523438531 0.0))
    (2.6396599149787447 (0.391 -0.010644992729549455 0.0))
    (2.6406601650412607 (0.391 -0.010576456314534261 0.0))
    (2.641660415103776 (0.391 -0.010507783508889314 0.0))
    (2.642660665166292 (0.391 -0.010438981847128326 0.0))
    (2.6436609152288075 (0.391 -0.010370058877902724 0.0))
    (2.644661165291323 (0.391 -0.01030102216317318 0.0))
    (2.645661415353839 (0.391 -0.010231879277380146 0.0))
    (2.6466616654163544 (0.391 -0.010162637806612827 0.0))
    (2.64766191547887 (0.391 -0.010093305347776645 0.0))
    (2.648662165541386 (0.391 -0.010023889507759953 0.0))
    (2.6496624156039013 (0.391 -0.00995439790259943 0.0))
    (2.6506626656664167 (0.391 -0.009884838156644274 0.0))
    (2.6516629157289326 (0.391 -0.0098152179017199 0.0))
    (2.652663165791448 (0.391 -0.009745544776290594 0.0))
    (2.6536634158539636 (0.391 -0.00967582642462126 0.0))
    (2.6546636659164795 (0.391 -0.009606070495938908 0.0))
    (2.655663915978995 (0.391 -0.009536284643593431 0.0))
    (2.6566641660415105 (0.391 -0.009466476524217686 0.0))
    (2.6576644161040264 (0.391 -0.009396653796887651 0.0))
    (2.658664666166542 (0.391 -0.009333333333333334 0.0))
    (2.6596649162290578 (0.391 -0.009333333333333334 0.0))
    (2.6606651662915732 (0.391 -0.009333333333333334 0.0))
    (2.6616654163540887 (0.391 -0.009333333333333334 0.0))
    (2.6626656664166046 (0.391 -0.009333333333333334 0.0))
    (2.66366591647912 (0.391 -0.009333333333333334 0.0))
    (2.6646661665416356 (0.391 -0.009333333333333334 0.0))
    (2.6656664166041515 (0.391 -0.009333333333333334 0.0))
    (2.666666666666667 (0.391 -0.009333333333333334 0.0))
    (2.6676669167291824 (0.391 -0.009333333333333334 0.0))
    (2.6686671667916984 (0.391 -0.009333333333333334 0.0))
    (2.669667416854214 (0.391 -0.009333333333333334 0.0))
    (2.6706676669167293 (0.391 -0.009333333333333334 0.0))
    (2.671667916979245 (0.391 -0.009333333333333334 0.0))
    (2.6726681670417607 (0.391 -0.009333333333333334 0.0))
    (2.673668417104276 (0.391 -0.009333333333333334 0.0))
    (2.674668667166792 (0.391 -0.009333333333333334 0.0))
    (2.6756689172293076 (0.391 -0.009333333333333334 0.0))
    (2.676669167291823 (0.391 -0.009333333333333334 0.0))
    (2.677669417354339 (0.391 -0.009333333333333334 0.0))
    (2.6786696674168544 (0.391 -0.009333333333333334 0.0))
    (2.6796699174793703 (0.391 -0.009333333333333334 0.0))
    (2.680670167541886 (0.391 -0.009333333333333334 0.0))
    (2.6816704176044013 (0.391 -0.009333333333333334 0.0))
    (2.682670667666917 (0.391 -0.009333333333333334 0.0))
    (2.6836709177294327 (0.391 -0.009333333333333334 0.0))
    (2.684671167791948 (0.391 -0.009333333333333334 0.0))
    (2.685671417854464 (0.391 -0.009333333333333334 0.0))
    (2.6866716679169795 (0.391 -0.009333333333333334 0.0))
    (2.687671917979495 (0.391 -0.009333333333333334 0.0))
    (2.688672168042011 (0.391 -0.009333333333333334 0.0))
    (2.6896724181045264 (0.391 -0.009333333333333334 0.0))
    (2.690672668167042 (0.391 -0.009333333333333334 0.0))
    (2.691672918229558 (0.391 -0.009333333333333334 0.0))
    (2.6926731682920733 (0.391 -0.009333333333333334 0.0))
    (2.6936734183545887 (0.391 -0.009333333333333334 0.0))
    (2.6946736684171047 (0.391 -0.009333333333333334 0.0))
    (2.69567391847962 (0.391 -0.009333333333333334 0.0))
    (2.6966741685421356 (0.391 -0.009333333333333334 0.0))
    (2.6976744186046515 (0.391 -0.009333333333333334 0.0))
    (2.698674668667167 (0.391 -0.009333333333333334 0.0))
    (2.699674918729683 (0.391 -0.009333333333333334 0.0))
    (2.7006751687921984 (0.391 -0.009333333333333334 0.0))
    (2.701675418854714 (0.391 -0.009333333333333334 0.0))
    (2.7026756689172298 (0.391 -0.009333333333333334 0.0))
    (2.7036759189797452 (0.391 -0.009333333333333334 0.0))
    (2.7046761690422607 (0.391 -0.009333333333333334 0.0))
    (2.7056764191047766 (0.391 -0.009333333333333334 0.0))
    (2.706676669167292 (0.391 -0.009333333333333334 0.0))
    (2.7076769192298076 (0.391 -0.009333333333333334 0.0))
    (2.7086771692923235 (0.391 -0.009333333333333334 0.0))
    (2.709677419354839 (0.391 -0.009333333333333334 0.0))
    (2.7106776694173544 (0.391 -0.009333333333333334 0.0))
    (2.7116779194798704 (0.391 -0.009333333333333334 0.0))
    (2.712678169542386 (0.391 -0.009333333333333334 0.0))
    (2.7136784196049013 (0.391 -0.009333333333333334 0.0))
    (2.714678669667417 (0.391 -0.009333333333333334 0.0))
    (2.7156789197299327 (0.391 -0.009333333333333334 0.0))
    (2.7166791697924486 (0.391 -0.009333333333333334 0.0))
    (2.717679419854964 (0.391 -0.009333333333333334 0.0))
    (2.7186796699174796 (0.391 -0.009333333333333334 0.0))
    (2.7196799199799955 (0.391 -0.009333333333333334 0.0))
    (2.720680170042511 (0.391 -0.009333333333333334 0.0))
    (2.7216804201050264 (0.391 -0.009333333333333334 0.0))
    (2.7226806701675423 (0.391 -0.009333333333333334 0.0))
    (2.723680920230058 (0.391 -0.009333333333333334 0.0))
    (2.7246811702925733 (0.391 -0.009333333333333334 0.0))
    (2.725681420355089 (0.391 -0.009333333333333334 0.0))
    (2.7266816704176047 (0.391 -0.009333333333333334 0.0))
    (2.72768192048012 (0.391 -0.009333333333333334 0.0))
    (2.728682170542636 (0.391 -0.009333333333333334 0.0))
    (2.7296824206051515 (0.391 -0.009333333333333334 0.0))
    (2.730682670667667 (0.391 -0.009333333333333334 0.0))
    (2.731682920730183 (0.391 -0.009333333333333334 0.0))
    (2.7326831707926984 (0.391 -0.009333333333333334 0.0))
    (2.733683420855214 (0.391 -0.009333333333333334 0.0))
    (2.73468367091773 (0.391 -0.009333333333333334 0.0))
    (2.7356839209802453 (0.391 -0.009333333333333334 0.0))
    (2.736684171042761 (0.391 -0.009333333333333334 0.0))
    (2.7376844211052767 (0.391 -0.009333333333333334 0.0))
    (2.738684671167792 (0.391 -0.009333333333333334 0.0))
    (2.739684921230308 (0.391 -0.009333333333333334 0.0))
    (2.7406851712928235 (0.391 -0.009333333333333334 0.0))
    (2.741685421355339 (0.391 -0.009333333333333334 0.0))
    (2.742685671417855 (0.391 -0.009333333333333334 0.0))
    (2.7436859214803704 (0.391 -0.009333333333333334 0.0))
    (2.744686171542886 (0.391 -0.009333333333333334 0.0))
    (2.7456864216054018 (0.391 -0.009333333333333334 0.0))
    (2.7466866716679172 (0.391 -0.009333333333333334 0.0))
    (2.7476869217304327 (0.391 -0.009333333333333334 0.0))
    (2.7486871717929486 (0.391 -0.009333333333333334 0.0))
    (2.749687421855464 (0.391 -0.009333333333333334 0.0))
    (2.7506876719179796 (0.391 -0.009333333333333334 0.0))
    (2.7516879219804955 (0.391 -0.009333333333333334 0.0))
    (2.752688172043011 (0.391 -0.009333333333333334 0.0))
    (2.753688422105527 (0.391 -0.009333333333333334 0.0))
    (2.7546886721680424 (0.391 -0.009333333333333334 0.0))
    (2.755688922230558 (0.391 -0.009333333333333334 0.0))
    (2.7566891722930738 (0.391 -0.009333333333333334 0.0))
    (2.7576894223555892 (0.391 -0.009333333333333334 0.0))
    (2.7586896724181047 (0.391 -0.009333333333333334 0.0))
    (2.7596899224806206 (0.391 -0.009333333333333334 0.0))
    (2.760690172543136 (0.391 -0.009333333333333334 0.0))
    (2.7616904226056516 (0.391 -0.009333333333333334 0.0))
    (2.7626906726681675 (0.391 -0.009333333333333334 0.0))
    (2.763690922730683 (0.391 -0.009333333333333334 0.0))
    (2.7646911727931984 (0.391 -0.009333333333333334 0.0))
    (2.7656914228557143 (0.391 -0.009333333333333334 0.0))
    (2.76669167291823 (0.391 -0.009333333333333334 0.0))
    (2.7676919229807453 (0.391 -0.009333333333333334 0.0))
    (2.768692173043261 (0.391 -0.009333333333333334 0.0))
    (2.7696924231057767 (0.391 -0.009333333333333334 0.0))
    (2.770692673168292 (0.391 -0.009333333333333334 0.0))
    (2.771692923230808 (0.391 -0.009333333333333334 0.0))
    (2.7726931732933235 (0.391 -0.009333333333333334 0.0))
    (2.7736934233558395 (0.391 -0.009333333333333334 0.0))
    (2.774693673418355 (0.391 -0.009333333333333334 0.0))
    (2.7756939234808704 (0.391 -0.009333333333333334 0.0))
    (2.7766941735433863 (0.391 -0.009333333333333334 0.0))
    (2.777694423605902 (0.391 -0.009333333333333334 0.0))
    (2.7786946736684173 (0.391 -0.009333333333333334 0.0))
    (2.779694923730933 (0.391 -0.009333333333333334 0.0))
    (2.7806951737934487 (0.391 -0.009333333333333334 0.0))
    (2.781695423855964 (0.391 -0.009333333333333334 0.0))
    (2.78269567391848 (0.391 -0.009333333333333334 0.0))
    (2.7836959239809955 (0.391 -0.009333333333333334 0.0))
    (2.784696174043511 (0.391 -0.009333333333333334 0.0))
    (2.785696424106027 (0.391 -0.009333333333333334 0.0))
    (2.7866966741685424 (0.391 -0.009333333333333334 0.0))
    (2.787696924231058 (0.391 -0.009333333333333334 0.0))
    (2.7886971742935738 (0.391 -0.009333333333333334 0.0))
    (2.7896974243560893 (0.391 -0.009333333333333334 0.0))
    (2.7906976744186047 (0.391 -0.009333333333333334 0.0))
    (2.7916979244811206 (0.391 -0.009333333333333334 0.0))
    (2.792698174543636 (0.391 -0.009333333333333334 0.0))
    (2.793698424606152 (0.391 -0.009333333333333334 0.0))
    (2.7946986746686675 (0.391 -0.009333333333333334 0.0))
    (2.795698924731183 (0.391 -0.009333333333333334 0.0))
    (2.796699174793699 (0.391 -0.009333333333333334 0.0))
    (2.7976994248562144 (0.391 -0.009333333333333334 0.0))
    (2.79869967491873 (0.391 -0.009333333333333334 0.0))
    (2.7996999249812458 (0.391 -0.009333333333333334 0.0))
    (2.8007001750437612 (0.391 -0.009333333333333334 0.0))
    (2.8017004251062767 (0.391 -0.009333333333333334 0.0))
    (2.8027006751687926 (0.391 -0.009333333333333334 0.0))
    (2.803700925231308 (0.391 -0.009333333333333334 0.0))
    (2.8047011752938236 (0.391 -0.009333333333333334 0.0))
    (2.8057014253563395 (0.391 -0.009333333333333334 0.0))
    (2.806701675418855 (0.391 -0.009333333333333334 0.0))
    (2.8077019254813704 (0.391 -0.009333333333333334 0.0))
    (2.8087021755438863 (0.391 -0.009333333333333334 0.0))
    (2.809702425606402 (0.391 -0.009333333333333334 0.0))
    (2.8107026756689177 (0.391 -0.009333333333333334 0.0))
    (2.811702925731433 (0.391 -0.009333333333333334 0.0))
    (2.8127031757939487 (0.391 -0.009333333333333334 0.0))
    (2.8137034258564646 (0.391 -0.009333333333333334 0.0))
    (2.81470367591898 (0.391 -0.009333333333333334 0.0))
    (2.8157039259814955 (0.391 -0.009333333333333334 0.0))
    (2.8167041760440115 (0.391 -0.009333333333333334 0.0))
    (2.817704426106527 (0.391 -0.009333333333333334 0.0))
    (2.8187046761690424 (0.391 -0.009333333333333334 0.0))
    (2.8197049262315583 (0.391 -0.009333333333333334 0.0))
    (2.820705176294074 (0.391 -0.009333333333333334 0.0))
    (2.8217054263565893 (0.391 -0.009333333333333334 0.0))
    (2.822705676419105 (0.391 -0.009333333333333334 0.0))
    (2.8237059264816207 (0.391 -0.009333333333333334 0.0))
    (2.824706176544136 (0.391 -0.009333333333333334 0.0))
    (2.825706426606652 (0.391 -0.009333333333333334 0.0))
    (2.8267066766691675 (0.391 -0.009333333333333334 0.0))
    (2.827706926731683 (0.391 -0.009333333333333334 0.0))
    (2.828707176794199 (0.391 -0.009333333333333334 0.0))
    (2.8297074268567144 (0.391 -0.009333333333333334 0.0))
    (2.8307076769192303 (0.391 -0.009333333333333334 0.0))
    (2.831707926981746 (0.391 -0.009333333333333334 0.0))
    (2.8327081770442613 (0.391 -0.009333333333333334 0.0))
    (2.833708427106777 (0.391 -0.009333333333333334 0.0))
    (2.8347086771692926 (0.391 -0.009333333333333334 0.0))
    (2.835708927231808 (0.391 -0.009333333333333334 0.0))
    (2.836709177294324 (0.391 -0.009333333333333334 0.0))
    (2.8377094273568395 (0.391 -0.009333333333333334 0.0))
    (2.838709677419355 (0.391 -0.009333333333333334 0.0))
    (2.839709927481871 (0.391 -0.009333333333333334 0.0))
    (2.8407101775443864 (0.391 -0.009333333333333334 0.0))
    (2.841710427606902 (0.391 -0.009333333333333334 0.0))
    (2.8427106776694178 (0.391 -0.009333333333333334 0.0))
    (2.8437109277319332 (0.391 -0.009333333333333334 0.0))
    (2.8447111777944487 (0.391 -0.009333333333333334 0.0))
    (2.8457114278569646 (0.391 -0.009333333333333334 0.0))
    (2.84671167791948 (0.391 -0.009333333333333334 0.0))
    (2.847711927981996 (0.391 -0.009333333333333334 0.0))
    (2.8487121780445115 (0.391 -0.009333333333333334 0.0))
    (2.849712428107027 (0.391 -0.009333333333333334 0.0))
    (2.850712678169543 (0.391 -0.009333333333333334 0.0))
    (2.8517129282320584 (0.391 -0.009333333333333334 0.0))
    (2.852713178294574 (0.391 -0.009333333333333334 0.0))
    (2.8537134283570897 (0.391 -0.009333333333333334 0.0))
    (2.854713678419605 (0.391 -0.009333333333333334 0.0))
    (2.8557139284821207 (0.391 -0.009333333333333334 0.0))
    (2.8567141785446366 (0.391 -0.009333333333333334 0.0))
    (2.857714428607152 (0.391 -0.009333333333333334 0.0))
    (2.8587146786696676 (0.391 -0.009333333333333334 0.0))
    (2.8597149287321835 (0.391 -0.009333333333333334 0.0))
    (2.860715178794699 (0.391 -0.009333333333333334 0.0))
    (2.8617154288572144 (0.391 -0.009333333333333334 0.0))
    (2.8627156789197303 (0.391 -0.009333333333333334 0.0))
    (2.863715928982246 (0.391 -0.009333333333333334 0.0))
    (2.8647161790447613 (0.391 -0.009333333333333334 0.0))
    (2.865716429107277 (0.391 -0.009333333333333334 0.0))
    (2.8667166791697927 (0.391 -0.009333333333333334 0.0))
    (2.8677169292323086 (0.391 -0.009333333333333334 0.0))
    (2.868717179294824 (0.391 -0.009333333333333334 0.0))
    (2.8697174293573395 (0.391 -0.009333333333333334 0.0))
    (2.8707176794198555 (0.391 -0.009333333333333334 0.0))
    (2.871717929482371 (0.391 -0.009333333333333334 0.0))
    (2.8727181795448864 (0.391 -0.009333333333333334 0.0))
    (2.8737184296074023 (0.391 -0.009333333333333334 0.0))
    (2.874718679669918 (0.391 -0.009333333333333334 0.0))
    (2.8757189297324333 (0.391 -0.009333333333333334 0.0))
    (2.876719179794949 (0.391 -0.009333333333333334 0.0))
    (2.8777194298574647 (0.391 -0.009333333333333334 0.0))
    (2.87871967991998 (0.391 -0.009333333333333334 0.0))
    (2.879719929982496 (0.391 -0.009333333333333334 0.0))
    (2.8807201800450115 (0.391 -0.009333333333333334 0.0))
    (2.881720430107527 (0.391 -0.009333333333333334 0.0))
    (2.882720680170043 (0.391 -0.009333333333333334 0.0))
    (2.8837209302325584 (0.391 -0.009333333333333334 0.0))
    (2.884721180295074 (0.391 -0.009333333333333334 0.0))
    (2.8857214303575898 (0.391 -0.009333333333333334 0.0))
    (2.8867216804201052 (0.391 -0.009333333333333334 0.0))
    (2.887721930482621 (0.391 -0.009333333333333334 0.0))
    (2.8887221805451366 (0.391 -0.009333333333333334 0.0))
    (2.889722430607652 (0.391 -0.009333333333333334 0.0))
    (2.890722680670168 (0.391 -0.009333333333333334 0.0))
    (2.8917229307326835 (0.391 -0.009333333333333334 0.0))
    (2.892723180795199 (0.391 -0.009333333333333334 0.0))
    (2.893723430857715 (0.391 -0.009333333333333334 0.0))
    (2.8947236809202304 (0.391 -0.009333333333333334 0.0))
    (2.895723930982746 (0.391 -0.009333333333333334 0.0))
    (2.8967241810452617 (0.391 -0.009333333333333334 0.0))
    (2.897724431107777 (0.391 -0.009333333333333334 0.0))
    (2.8987246811702927 (0.391 -0.009333333333333334 0.0))
    (2.8997249312328086 (0.391 -0.009333333333333334 0.0))
    (2.900725181295324 (0.391 -0.009333333333333334 0.0))
    (2.9017254313578396 (0.391 -0.009333333333333334 0.0))
    (2.9027256814203555 (0.391 -0.009333333333333334 0.0))
    (2.903725931482871 (0.391 -0.009333333333333334 0.0))
    (2.904726181545387 (0.391 -0.009333333333333334 0.0))
    (2.9057264316079023 (0.391 -0.009333333333333334 0.0))
    (2.906726681670418 (0.391 -0.009333333333333334 0.0))
    (2.9077269317329337 (0.391 -0.009333333333333334 0.0))
    (2.908727181795449 (0.391 -0.009333333333333334 0.0))
    (2.9097274318579647 (0.391 -0.009333333333333334 0.0))
    (2.9107276819204806 (0.391 -0.009333333333333334 0.0))
    (2.911727931982996 (0.391 -0.009333333333333334 0.0))
    (2.9127281820455115 (0.391 -0.009333333333333334 0.0))
    (2.9137284321080275 (0.391 -0.009333333333333334 0.0))
    (2.914728682170543 (0.391 -0.009333333333333334 0.0))
    (2.9157289322330584 (0.391 -0.009333333333333334 0.0))
    (2.9167291822955743 (0.391 -0.009333333333333334 0.0))
    (2.91772943235809 (0.391 -0.009333333333333334 0.0))
    (2.9187296824206053 (0.391 -0.009333333333333334 0.0))
    (2.919729932483121 (0.391 -0.009333333333333334 0.0))
    (2.9207301825456367 (0.391 -0.009333333333333334 0.0))
    (2.921730432608152 (0.391 -0.009333333333333334 0.0))
    (2.922730682670668 (0.391 -0.009333333333333334 0.0))
    (2.9237309327331835 (0.391 -0.009333333333333334 0.0))
    (2.9247311827956994 (0.391 -0.009333333333333334 0.0))
    (2.925731432858215 (0.391 -0.009333333333333334 0.0))
    (2.9267316829207304 (0.391 -0.009333333333333334 0.0))
    (2.9277319329832463 (0.391 -0.009333333333333334 0.0))
    (2.9287321830457618 (0.391 -0.009333333333333334 0.0))
    (2.9297324331082772 (0.391 -0.009333333333333334 0.0))
    (2.930732683170793 (0.391 -0.009333333333333334 0.0))
    (2.9317329332333086 (0.391 -0.009333333333333334 0.0))
    (2.932733183295824 (0.391 -0.009333333333333334 0.0))
    (2.93373343335834 (0.391 -0.009333333333333334 0.0))
    (2.9347336834208555 (0.391 -0.009333333333333334 0.0))
    (2.935733933483371 (0.391 -0.009333333333333334 0.0))
    (2.936734183545887 (0.391 -0.009333333333333334 0.0))
    (2.9377344336084024 (0.391 -0.009333333333333334 0.0))
    (2.938734683670918 (0.391 -0.009333333333333334 0.0))
    (2.9397349337334338 (0.391 -0.009333333333333334 0.0))
    (2.9407351837959492 (0.391 -0.009333333333333334 0.0))
    (2.941735433858465 (0.391 -0.009333333333333334 0.0))
    (2.9427356839209806 (0.391 -0.009333333333333334 0.0))
    (2.943735933983496 (0.391 -0.009333333333333334 0.0))
    (2.944736184046012 (0.391 -0.009333333333333334 0.0))
    (2.9457364341085275 (0.391 -0.009333333333333334 0.0))
    (2.946736684171043 (0.391 -0.009333333333333334 0.0))
    (2.947736934233559 (0.391 -0.009333333333333334 0.0))
    (2.9487371842960743 (0.391 -0.009333333333333334 0.0))
    (2.94973743435859 (0.391 -0.009333333333333334 0.0))
    (2.9507376844211057 (0.391 -0.009333333333333334 0.0))
    (2.951737934483621 (0.391 -0.009333333333333334 0.0))
    (2.9527381845461367 (0.391 -0.009333333333333334 0.0))
    (2.9537384346086526 (0.391 -0.009333333333333334 0.0))
    (2.954738684671168 (0.391 -0.009333333333333334 0.0))
    (2.9557389347336835 (0.391 -0.009333333333333334 0.0))
    (2.9567391847961995 (0.391 -0.009333333333333334 0.0))
    (2.957739434858715 (0.391 -0.009333333333333334 0.0))
    (2.9587396849212304 (0.391 -0.009345079836421093 0.0))
    (2.9597399349837463 (0.391 -0.00941490843444383 0.0))
    (2.960740185046262 (0.391 -0.009484728082362963 0.0))
    (2.9617404351087777 (0.391 -0.00955453111983774 0.0))
    (2.962740685171293 (0.391 -0.009624309888349678 0.0))
    (2.9637409352338087 (0.391 -0.009694056732043058 0.0))
    (2.9647411852963246 (0.391 -0.009763763998564903 0.0))
    (2.96574143535884 (0.391 -0.009833424039904344 0.0))
    (2.9667416854213555 (0.391 -0.009903029213231952 0.0))
    (2.9677419354838714 (0.391 -0.009972571881738267 0.0))
    (2.968742185546387 (0.391 -0.01004204441547148 0.0))
    (2.9697424356089024 (0.391 -0.010111439192174764 0.0))
    (2.9707426856714183 (0.391 -0.010180748598122565 0.0))
    (2.9717429357339338 (0.391 -0.010249965028955737 0.0))
    (2.9727431857964493 (0.391 -0.010319080890516067 0.0))
    (2.973743435858965 (0.391 -0.01038808859967949 0.0))
    (2.9747436859214806 (0.391 -0.010456980585187856 0.0))
    (2.975743935983996 (0.391 -0.01052574928847984 0.0))
    (2.976744186046512 (0.391 -0.01059438716452023 0.0))
    (2.9777444361090275 (0.391 -0.010662886682627536 0.0))
    (2.978744686171543 (0.391 -0.01073124032730043 0.0))
    (2.979744936234059 (0.391 -0.010799440599042323 0.0))
    (2.9807451862965744 (0.391 -0.010867480015183967 0.0))
    (2.9817454363590903 (0.391 -0.01093535111070469 0.0))
    (2.9827456864216058 (0.391 -0.011003046439051178 0.0))
    (2.9837459364841212 (0.391 -0.011070558572954754 0.0))
    (2.984746186546637 (0.391 -0.01113788010524606 0.0))
    (2.9857464366091526 (0.391 -0.011205003649667727 0.0))
    (2.986746686671668 (0.391 -0.011271921841684997 0.0))
    (2.987746936734184 (0.391 -0.0113386273392935 0.0))
    (2.9887471867966995 (0.391 -0.011405112823824814 0.0))
    (2.989747436859215 (0.391 -0.011471371000749627 0.0))
    (2.990747686921731 (0.391 -0.01153739460047787 0.0))
    (2.9917479369842463 (0.391 -0.011603176379156307 0.0))
    (2.992748187046762 (0.391 -0.011668709119463501 0.0))
    (2.9937484371092777 (0.391 -0.011733985631401477 0.0))
    (2.994748687171793 (0.391 -0.01179899875308457 0.0))
    (2.9957489372343087 (0.391 -0.011863741351525408 0.0))
    (2.9967491872968246 (0.391 -0.011928206323417314 0.0))
    (2.99774943735934 (0.391 -0.011992386595913647 0.0))
    (2.998749687421856 (0.391 -0.01205627512740404 0.0))
    (2.9997499374843715 (0.391 -0.012119864908286659 0.0))
    (3.000750187546887 (0.391 -0.012183148961737495 0.0))
    (3.001750437609403 (0.391 -0.012246120344475829 0.0))
    (3.0027506876719183 (0.391 -0.012308772147525836 0.0))
    (3.003750937734434 (0.391 -0.01237109749697479 0.0))
    (3.0047511877969497 (0.391 -0.012433089554727259 0.0))
    (3.005751437859465 (0.391 -0.01249474151925515 0.0))
    (3.0067516879219807 (0.391 -0.012556046626344146 0.0))
    (3.0077519379844966 (0.391 -0.012616998149835842 0.0))
    (3.008752188047012 (0.391 -0.012677589402365531 0.0))
    (3.0097524381095275 (0.391 -0.0127378137360961 0.0))
    (3.0107526881720434 (0.391 -0.0127976645434474 0.0))
    (3.011752938234559 (0.391 -0.01285713525782103 0.0))
    (3.0127531882970744 (0.391 -0.012916219354320975 0.0))
    (3.0137534383595903 (0.391 -0.012974910350469493 0.0))
    (3.014753688422106 (0.391 -0.013033201806918165 0.0))
    (3.0157539384846213 (0.391 -0.013091087328154581 0.0))
    (3.016754188547137 (0.391 -0.013148560563204022 0.0))
    (3.0177544386096526 (0.391 -0.013205615206326097 0.0))
    (3.0187546886721686 (0.391 -0.01326224499770679 0.0))
    (3.019754938734684 (0.391 -0.013318443724145076 0.0))
    (3.0207551887971995 (0.391 -0.013374205219734817 0.0))
    (3.0217554388597154 (0.391 -0.013429523366541088 0.0))
    (3.022755688922231 (0.391 -0.013484392095271417 0.0))
    (3.0237559389847464 (0.391 -0.013538805385941856 0.0))
    (3.0247561890472623 (0.391 -0.01359275726853729 0.0))
    (3.0257564391097778 (0.391 -0.013646241823666456 0.0))
    (3.0267566891722932 (0.391 -0.013699253183211559 0.0))
    (3.027756939234809 (0.391 -0.01375178553097193 0.0))
    (3.0287571892973246 (0.391 -0.013803833103302163 0.0))
    (3.02975743935984 (0.391 -0.013855390189744635 0.0))
    (3.030757689422356 (0.391 -0.013906451133655882 0.0))
    (3.0317579394848715 (0.391 -0.013957010332827213 0.0))
    (3.032758189547387 (0.391 -0.014007062240099538 0.0))
    (3.033758439609903 (0.391 -0.01405660136397181 0.0))
    (3.0347586896724184 (0.391 -0.01410562226920353 0.0))
    (3.0357589397349343 (0.391 -0.014154119577411261 0.0))
    (3.0367591897974497 (0.391 -0.014202087967658483 0.0))
    (3.037759439859965 (0.391 -0.01424952217703955 0.0))
    (3.038759689922481 (0.391 -0.01429641700125712 0.0))
    (3.0397599399849966 (0.391 -0.014342767295192994 0.0))
    (3.040760190047512 (0.391 -0.014388567973472783 0.0))
    (3.041760440110028 (0.391 -0.014433814011023827 0.0))
    (3.0427606901725435 (0.391 -0.014478500443626413 0.0))
    (3.043760940235059 (0.391 -0.01452262236845855 0.0))
    (3.044761190297575 (0.391 -0.014566174944633904 0.0))
    (3.0457614403600903 (0.391 -0.014609153393732765 0.0))
    (3.046761690422606 (0.391 -0.01465155300032647 0.0))
    (3.0477619404851217 (0.391 -0.014693369112494751 0.0))
    (3.048762190547637 (0.391 -0.014734597142335997 0.0))
    (3.0497624406101527 (0.391 -0.014775232566470755 0.0))
    (3.0507626906726686 (0.391 -0.014815270926538006 0.0))
    (3.051762940735184 (0.391 -0.014854707829684205 0.0))
    (3.0527631907976995 (0.391 -0.014893538949045368 0.0))
    (3.0537634408602155 (0.391 -0.014931760024221795 0.0))
    (3.054763690922731 (0.391 -0.014969366861745388 0.0))
    (3.055763940985247 (0.391 -0.015006355335539887 0.0))
    (3.0567641910477623 (0.391 -0.015042721387373434 0.0))
    (3.057764441110278 (0.391 -0.015078461027303975 0.0))
    (3.0587646911727937 (0.391 -0.015113570334116897 0.0))
    (3.059764941235309 (0.391 -0.015148045455755255 0.0))
    (3.0607651912978247 (0.391 -0.015181882609742514 0.0))
    (3.0617654413603406 (0.391 -0.015215078083597434 0.0))
    (3.062765691422856 (0.391 -0.015247628235241405 0.0))
    (3.0637659414853715 (0.391 -0.015279529493398123 0.0))
    (3.0647661915478874 (0.391 -0.01531077835798533 0.0))
    (3.065766441610403 (0.391 -0.015341371400498828 0.0))
    (3.0667666916729184 (0.391 -0.015371305264388737 0.0))
    (3.0677669417354343 (0.391 -0.01540057666542766 0.0))
    (3.0687671917979498 (0.391 -0.015429182392071028 0.0))
    (3.0697674418604652 (0.391 -0.015457119305809546 0.0))
    (3.070767691922981 (0.391 -0.01548438434151344 0.0))
    (3.0717679419854966 (0.391 -0.015510974507768763 0.0))
    (3.072768192048012 (0.391 -0.015536886887205678 0.0))
    (3.073768442110528 (0.391 -0.015562118636818462 0.0))
    (3.0747686921730435 (0.391 -0.015586666988277431 0.0))
    (3.0757689422355594 (0.391 -0.015610529248232748 0.0))
    (3.076769192298075 (0.391 -0.015633702798609823 0.0))
    (3.0777694423605904 (0.391 -0.015656185096896633 0.0))
    (3.0787696924231063 (0.391 -0.015677973676422655 0.0))
    (3.0797699424856217 (0.391 -0.015699066146629484 0.0))
    (3.080770192548137 (0.391 -0.01571946019333314 0.0))
    (3.081770442610653 (0.391 -0.015739153578977948 0.0))
    (3.0827706926731686 (0.391 -0.01575814414288206 0.0))
    (3.083770942735684 (0.391 -0.015776429801474486 0.0))
    (3.0847711927982 (0.391 -0.01579400854852372 0.0))
    (3.0857714428607155 (0.391 -0.015810878455357856 0.0))
    (3.086771692923231 (0.391 -0.015827037671076166 0.0))
    (3.087771942985747 (0.391 -0.01584248442275221 0.0))
    (3.0887721930482623 (0.391 -0.01585721701562833 0.0))
    (3.089772443110778 (0.391 -0.015871233833301603 0.0))
    (3.0907726931732937 (0.391 -0.01588453333790119 0.0))
    (3.091772943235809 (0.391 -0.01589711407025704 0.0))
    (3.092773193298325 (0.391 -0.015908974650060033 0.0))
    (3.0937734433608406 (0.391 -0.015920113776013357 0.0))
    (3.094773693423356 (0.391 -0.01593053022597535 0.0))
    (3.095773943485872 (0.391 -0.015940222857093542 0.0))
    (3.0967741935483875 (0.391 -0.015949190605930048 0.0))
    (3.097774443610903 (0.391 -0.015957432488578262 0.0))
    (3.098774693673419 (0.391 -0.015964947600770815 0.0))
    (3.0997749437359343 (0.391 -0.015971735117978746 0.0))
    (3.10077519379845 (0.391 -0.015977794295502005 0.0))
    (3.1017754438609657 (0.391 -0.015983124468551154 0.0))
    (3.102775693923481 (0.391 -0.01598772505232028 0.0))
    (3.1037759439859967 (0.391 -0.01599159554205119 0.0))
    (3.1047761940485126 (0.391 -0.01599473551308877 0.0))
    (3.105776444111028 (0.391 -0.015997144620927575 0.0))
    (3.1067766941735435 (0.391 -0.015998822601249643 0.0))
    (3.1077769442360594 (0.391 -0.01599976926995349 0.0))
    (3.108777194298575 (0.391 -0.015999984523174294 0.0))
    (3.1097774443610904 (0.391 -0.01599946833729531 0.0))
    (3.1107776944236063 (0.391 -0.015998220768950445 0.0))
    (3.1117779444861218 (0.391 -0.015996241955018062 0.0))
    (3.1127781945486377 (0.391 -0.015993532112605943 0.0))
    (3.113778444611153 (0.391 -0.015990091539027487 0.0))
    (3.1147786946736686 (0.391 -0.015985920611769074 0.0))
    (3.1157789447361846 (0.391 -0.015981019788448653 0.0))
    (3.1167791947987 (0.391 -0.015975389606765554 0.0))
    (3.1177794448612155 (0.391 -0.01596903068444145 0.0))
    (3.1187796949237314 (0.391 -0.015961943719152633 0.0))
    (3.119779944986247 (0.391 -0.01595412948845344 0.0))
    (3.1207801950487624 (0.391 -0.01594558884969093 0.0))
    (3.1217804451112783 (0.391 -0.015936322739910847 0.0))
    (3.1227806951737938 (0.391 -0.01592633217575481 0.0))
    (3.1237809452363092 (0.391 -0.01591561825334875 0.0))
    (3.124781195298825 (0.391 -0.01590418214818265 0.0))
    (3.1257814453613406 (0.391 -0.015892025114981608 0.0))
    (3.126781695423856 (0.391 -0.01587914848756812 0.0))
    (3.127781945486372 (0.391 -0.015865553678715786 0.0))
    (3.1287821955488875 (0.391 -0.01585124217999429 0.0))
    (3.1297824456114034 (0.391 -0.015836215561605714 0.0))
    (3.130782695673919 (0.391 -0.015820475472212346 0.0))
    (3.1317829457364343 (0.391 -0.01580402363875571 0.0))
    (3.1327831957989503 (0.391 -0.01578686186626712 0.0))
    (3.1337834458614657 (0.391 -0.015768992037669675 0.0))
    (3.134783695923981 (0.391 -0.015750416113571634 0.0))
    (3.135783945986497 (0.391 -0.015731136132051286 0.0))
    (3.1367841960490126 (0.391 -0.015711154208433407 0.0))
    (3.137784446111528 (0.391 -0.015690472535057128 0.0))
    (3.138784696174044 (0.391 -0.015669093381035372 0.0))
    (3.1397849462365595 (0.391 -0.015647019092005984 0.0))
    (3.140785196299075 (0.391 -0.015624252089874302 0.0))
    (3.141785446361591 (0.391 -0.015600794872547435 0.0))
    (3.1427856964241063 (0.391 -0.015576650013660265 0.0))
    (3.143785946486622 (0.391 -0.015551820162293025 0.0))
    (3.1447861965491377 (0.391 -0.015526308042680632 0.0))
    (3.145786446611653 (0.391 -0.01550011645391388 0.0))
    (3.1467866966741687 (0.391 -0.015473248269632256 0.0))
    (3.1477869467366846 (0.391 -0.015445706437708654 0.0))
    (3.1487871967992 (0.391 -0.015417493979926034 0.0))
    (3.149787446861716 (0.391 -0.015388613991645768 0.0))
    (3.1507876969242314 (0.391 -0.015359069641468135 0.0))
    (3.151787946986747 (0.391 -0.015328864170884565 0.0))
    (3.152788197049263 (0.391 -0.015298000893922086 0.0))
    (3.1537884471117783 (0.391 -0.015266483196779718 0.0))
    (3.1547886971742938 (0.391 -0.015234314537456857 0.0))
    (3.1557889472368097 (0.391 -0.015201498445373982 0.0))
    (3.156789197299325 (0.391 -0.015168038520985413 0.0))
    (3.1577894473618406 (0.391 -0.015133938435384183 0.0))
    (3.1587896974243566 (0.391 -0.015099201929899365 0.0))
    (3.159789947486872 (0.391 -0.015063832815685588 0.0))
    (3.1607901975493875 (0.391 -0.015027834973304784 0.0))
    (3.1617904476119034 (0.391 -0.014991212352300536 0.0))
    (3.162790697674419 (0.391 -0.01495396897076475 0.0))
    (3.1637909477369344 (0.391 -0.014916108914896694 0.0))
    (3.1647911977994503 (0.391 -0.014877636338554786 0.0))
    (3.1657914478619658 (0.391 -0.014838555462800858 0.0))
    (3.1667916979244817 (0.391 -0.014798870575436898 0.0))
    (3.167791947986997 (0.391 -0.0147585860305348 0.0))
    (3.1687921980495126 (0.391 -0.014717706247958508 0.0))
    (3.1697924481120285 (0.391 -0.014676235712879102 0.0))
    (3.170792698174544 (0.391 -0.014634178975282814 0.0))
    (3.1717929482370595 (0.391 -0.014591540649471699 0.0))
    (3.1727931982995754 (0.391 -0.01454832541355737 0.0))
    (3.173793448362091 (0.391 -0.014504538008947868 0.0))
    (3.1747936984246063 (0.391 -0.014460183239827314 0.0))
    (3.1757939484871223 (0.391 -0.014415265972628825 0.0))
    (3.1767941985496377 (0.391 -0.014369791135500706 0.0))
    (3.177794448612153 (0.391 -0.014323763717765631 0.0))
    (3.178794698674669 (0.391 -0.014277188769373228 0.0))
    (3.1797949487371846 (0.391 -0.014230071400346154 0.0))
    (3.1807951987997 (0.391 -0.014182416780219309 0.0))
    (3.181795448862216 (0.391 -0.014134230137472647 0.0))
    (3.1827956989247315 (0.391 -0.014085516758957682 0.0))
    (3.183795948987247 (0.391 -0.014036281989317282 0.0))
    (3.184796199049763 (0.391 -0.013986531230399273 0.0))
    (3.1857964491122783 (0.391 -0.013936269940663923 0.0))
    (3.1867966991747942 (0.391 -0.013885503634584882 0.0))
    (3.1877969492373097 (0.391 -0.013834237882044312 0.0))
    (3.188797199299825 (0.391 -0.013782478307721606 0.0))
    (3.189797449362341 (0.391 -0.01373023059047641 0.0))
    (3.1907976994248566 (0.391 -0.013677500462725575 0.0))
    (3.191797949487372 (0.391 -0.01362429370981406 0.0))
    (3.192798199549888 (0.391 -0.01357061616938033 0.0))
    (3.1937984496124034 (0.391 -0.01351647373071589 0.0))
    (3.194798699674919 (0.391 -0.013461872334118968 0.0))
    (3.195798949737435 (0.391 -0.013406817970242926 0.0))
    (3.1967991997999503 (0.391 -0.013351316679438993 0.0))
    (3.197799449862466 (0.391 -0.013295374551093383 0.0))
    (3.1987996999249817 (0.391 -0.013238997722959339 0.0))
    (3.199799949987497 (0.391 -0.013182192380483744 0.0))
    (3.2008002000500126 (0.391 -0.013124964756128291 0.0))
    (3.2018004501125286 (0.391 -0.013067321128685864 0.0))
    (3.202800700175044 (0.391 -0.013009267822591649 0.0))
    (3.2038009502375595 (0.391 -0.012950811207229065 0.0))
    (3.2048012003000754 (0.391 -0.01289195769623112 0.0))
    (3.205801450362591 (0.391 -0.01283271374677673 0.0))
    (3.206801700425107 (0.391 -0.012773085858882063 0.0))
    (3.2078019504876223 (0.391 -0.012713080574687664 0.0))
    (3.2088022005501378 (0.391 -0.012652704477740475 0.0))
    (3.2098024506126537 (0.391 -0.012591964192271512 0.0))
    (3.210802700675169 (0.391 -0.012530866382469266 0.0))
    (3.2118029507376846 (0.391 -0.012469417751748351 0.0))
    (3.2128032008002005 (0.391 -0.012407625042014026 0.0))
    (3.213803450862716 (0.391 -0.01234549503292269 0.0))
    (3.2148037009252315 (0.391 -0.012283034541137858 0.0))
    (3.2158039509877474 (0.391 -0.012220250419582255 0.0))
    (3.216804201050263 (0.391 -0.01215714955668614 0.0))
    (3.2178044511127784 (0.391 -0.012093738875631341 0.0))
    (3.2188047011752943 (0.391 -0.012030025333591663 0.0))
    (3.2198049512378097 (0.391 -0.011966015920969773 0.0))
    (3.220805201300325 (0.391 -0.011901717660630048 0.0))
    (3.221805451362841 (0.391 -0.01183713760712805 0.0))
    (3.2228057014253566 (0.391 -0.011772282845936722 0.0))
    (3.2238059514878725 (0.391 -0.01170716049266876 0.0))
    (3.224806201550388 (0.391 -0.011641777692296136 0.0))
    (3.2258064516129035 (0.391 -0.011576141618365933 0.0))
    (3.2268067016754194 (0.391 -0.011510259472213496 0.0))
    (3.227806951737935 (0.391 -0.011444138482172322 0.0))
    (3.2288072018004503 (0.391 -0.011377785902780801 0.0))
    (3.2298074518629662 (0.391 -0.011311209013986473 0.0))
    (3.2308077019254817 (0.391 -0.011244415120347306 0.0))
    (3.231807951987997 (0.391 -0.01117741155023006 0.0))
    (3.232808202050513 (0.391 -0.01111020565500645 0.0))
    (3.2338084521130286 (0.391 -0.011042804808246593 0.0))
    (3.234808702175544 (0.391 -0.010975216404909786 0.0))
    (3.23580895223806 (0.391 -0.010907447860533378 0.0))
    (3.2368092023005754 (0.391 -0.010839506610419165 0.0))
    (3.237809452363091 (0.391 -0.010771400108817407 0.0))
    (3.238809702425607 (0.391 -0.010703135828109183 0.0))
    (3.2398099524881223 (0.391 -0.010634721257986554 0.0))
    (3.240810202550638 (0.391 -0.010566163904630613 0.0))
    (3.2418104526131537 (0.391 -0.01049747128988815 0.0))
    (3.242810702675669 (0.391 -0.010428650950446369 0.0))
    (3.243810952738185 (0.391 -0.010359710437005778 0.0))
    (3.2448112028007006 (0.391 -0.01029065731345207 0.0))
    (3.245811452863216 (0.391 -0.010221499156026013 0.0))
    (3.246811702925732 (0.391 -0.010152243552492215 0.0))
    (3.2478119529882474 (0.391 -0.010082898101306829 0.0))
    (3.248812203050763 (0.391 -0.01001347041078368 0.0))
    (3.249812453113279 (0.391 -0.009943968098259495 0.0))
    (3.2508127031757943 (0.391 -0.009874398789258387 0.0))
    (3.2518129532383098 (0.391 -0.009804770116654963 0.0))
    (3.2528132033008257 (0.391 -0.009735089719837 0.0))
    (3.253813453363341 (0.391 -0.009665365243867255 0.0))
    (3.2548137034258566 (0.391 -0.009595604338644677 0.0))
    (3.2558139534883725 (0.391 -0.009525814658065093 0.0))
    (3.256814203550888 (0.391 -0.009456003859181447 0.0))
    (3.2578144536134035 (0.391 -0.009386179601363709 0.0))
    (3.2588147036759194 (0.391 -0.009333333333333334 0.0))
    (3.259814953738435 (0.391 -0.009333333333333334 0.0))
    (3.260815203800951 (0.391 -0.009333333333333334 0.0))
    (3.2618154538634663 (0.391 -0.009333333333333334 0.0))
    (3.2628157039259817 (0.391 -0.009333333333333334 0.0))
    (3.2638159539884977 (0.391 -0.009333333333333334 0.0))
    (3.264816204051013 (0.391 -0.009333333333333334 0.0))
    (3.2658164541135286 (0.391 -0.009333333333333334 0.0))
    (3.2668167041760445 (0.391 -0.009333333333333334 0.0))
    (3.26781695423856 (0.391 -0.009333333333333334 0.0))
    (3.2688172043010755 (0.391 -0.009333333333333334 0.0))
    (3.2698174543635914 (0.391 -0.009333333333333334 0.0))
    (3.270817704426107 (0.391 -0.009333333333333334 0.0))
    (3.2718179544886223 (0.391 -0.009333333333333334 0.0))
    (3.2728182045511383 (0.391 -0.009333333333333334 0.0))
    (3.2738184546136537 (0.391 -0.009333333333333334 0.0))
    (3.274818704676169 (0.391 -0.009333333333333334 0.0))
    (3.275818954738685 (0.391 -0.009333333333333334 0.0))
    (3.2768192048012006 (0.391 -0.009333333333333334 0.0))
    (3.277819454863716 (0.391 -0.009333333333333334 0.0))
    (3.278819704926232 (0.391 -0.009333333333333334 0.0))
    (3.2798199549887475 (0.391 -0.009333333333333334 0.0))
    (3.2808202050512634 (0.391 -0.009333333333333334 0.0))
    (3.281820455113779 (0.391 -0.009333333333333334 0.0))
    (3.2828207051762943 (0.391 -0.009333333333333334 0.0))
    (3.2838209552388102 (0.391 -0.009333333333333334 0.0))
    (3.2848212053013257 (0.391 -0.009333333333333334 0.0))
    (3.285821455363841 (0.391 -0.009333333333333334 0.0))
    (3.286821705426357 (0.391 -0.009333333333333334 0.0))
    (3.2878219554888726 (0.391 -0.009333333333333334 0.0))
    (3.288822205551388 (0.391 -0.009333333333333334 0.0))
    (3.289822455613904 (0.391 -0.009333333333333334 0.0))
    (3.2908227056764194 (0.391 -0.009333333333333334 0.0))
    (3.291822955738935 (0.391 -0.009333333333333334 0.0))
    (3.292823205801451 (0.391 -0.009333333333333334 0.0))
    (3.2938234558639663 (0.391 -0.009333333333333334 0.0))
    (3.2948237059264818 (0.391 -0.009333333333333334 0.0))
    (3.2958239559889977 (0.391 -0.009333333333333334 0.0))
    (3.296824206051513 (0.391 -0.009333333333333334 0.0))
    (3.2978244561140286 (0.391 -0.009333333333333334 0.0))
    (3.2988247061765446 (0.391 -0.009333333333333334 0.0))
    (3.29982495623906 (0.391 -0.009333333333333334 0.0))
    (3.300825206301576 (0.391 -0.009333333333333334 0.0))
    (3.3018254563640914 (0.391 -0.009333333333333334 0.0))
    (3.302825706426607 (0.391 -0.009333333333333334 0.0))
    (3.303825956489123 (0.391 -0.009333333333333334 0.0))
    (3.3048262065516383 (0.391 -0.009333333333333334 0.0))
    (3.3058264566141538 (0.391 -0.009333333333333334 0.0))
    (3.3068267066766697 (0.391 -0.009333333333333334 0.0))
    (3.307826956739185 (0.391 -0.009333333333333334 0.0))
    (3.3088272068017006 (0.391 -0.009333333333333334 0.0))
    (3.3098274568642165 (0.391 -0.009333333333333334 0.0))
    (3.310827706926732 (0.391 -0.009333333333333334 0.0))
    (3.3118279569892475 (0.391 -0.009333333333333334 0.0))
    (3.3128282070517634 (0.391 -0.009333333333333334 0.0))
    (3.313828457114279 (0.391 -0.009333333333333334 0.0))
    (3.3148287071767943 (0.391 -0.009333333333333334 0.0))
    (3.3158289572393103 (0.391 -0.009333333333333334 0.0))
    (3.3168292073018257 (0.391 -0.009333333333333334 0.0))
    (3.3178294573643416 (0.391 -0.009333333333333334 0.0))
    (3.318829707426857 (0.391 -0.009333333333333334 0.0))
    (3.3198299574893726 (0.391 -0.009333333333333334 0.0))
    (3.3208302075518885 (0.391 -0.009333333333333334 0.0))
    (3.321830457614404 (0.391 -0.009333333333333334 0.0))
    (3.3228307076769195 (0.391 -0.009333333333333334 0.0))
    (3.3238309577394354 (0.391 -0.009333333333333334 0.0))
    (3.324831207801951 (0.391 -0.009333333333333334 0.0))
    (3.3258314578644663 (0.391 -0.009333333333333334 0.0))
    (3.3268317079269822 (0.391 -0.009333333333333334 0.0))
    (3.3278319579894977 (0.391 -0.009333333333333334 0.0))
    (3.328832208052013 (0.391 -0.009333333333333334 0.0))
    (3.329832458114529 (0.391 -0.009333333333333334 0.0))
    (3.3308327081770446 (0.391 -0.009333333333333334 0.0))
    (3.33183295823956 (0.391 -0.009333333333333334 0.0))
    (3.332833208302076 (0.391 -0.009333333333333334 0.0))
    (3.3338334583645914 (0.391 -0.009333333333333334 0.0))
    (3.334833708427107 (0.391 -0.009333333333333334 0.0))
    (3.335833958489623 (0.391 -0.009333333333333334 0.0))
    (3.3368342085521383 (0.391 -0.009333333333333334 0.0))
    (3.337834458614654 (0.391 -0.009333333333333334 0.0))
    (3.3388347086771697 (0.391 -0.009333333333333334 0.0))
    (3.339834958739685 (0.391 -0.009333333333333334 0.0))
    (3.340835208802201 (0.391 -0.009333333333333334 0.0))
    (3.3418354588647166 (0.391 -0.009333333333333334 0.0))
    (3.342835708927232 (0.391 -0.009333333333333334 0.0))
    (3.343835958989748 (0.391 -0.009333333333333334 0.0))
    (3.3448362090522634 (0.391 -0.009333333333333334 0.0))
    (3.345836459114779 (0.391 -0.009333333333333334 0.0))
    (3.346836709177295 (0.391 -0.009333333333333334 0.0))
    (3.3478369592398103 (0.391 -0.009333333333333334 0.0))
    (3.3488372093023258 (0.391 -0.009333333333333334 0.0))
    (3.3498374593648417 (0.391 -0.009333333333333334 0.0))
    (3.350837709427357 (0.391 -0.009333333333333334 0.0))
    (3.3518379594898726 (0.391 -0.009333333333333334 0.0))
    (3.3528382095523885 (0.391 -0.009333333333333334 0.0))
    (3.353838459614904 (0.391 -0.009333333333333334 0.0))
    (3.35483870967742 (0.391 -0.009333333333333334 0.0))
    (3.3558389597399354 (0.391 -0.009333333333333334 0.0))
    (3.356839209802451 (0.391 -0.009333333333333334 0.0))
    (3.357839459864967 (0.391 -0.009333333333333334 0.0))
    (3.3588397099274823 (0.391 -0.009333333333333334 0.0))
    (3.3598399599899977 (0.391 -0.009333333333333334 0.0))
    (3.3608402100525137 (0.391 -0.009333333333333334 0.0))
    (3.361840460115029 (0.391 -0.009333333333333334 0.0))
    (3.3628407101775446 (0.391 -0.009333333333333334 0.0))
    (3.3638409602400605 (0.391 -0.009333333333333334 0.0))
    (3.364841210302576 (0.391 -0.009333333333333334 0.0))
    (3.3658414603650915 (0.391 -0.009333333333333334 0.0))
    (3.3668417104276074 (0.391 -0.009333333333333334 0.0))
    (3.367841960490123 (0.391 -0.009333333333333334 0.0))
    (3.3688422105526383 (0.391 -0.009333333333333334 0.0))
    (3.3698424606151542 (0.391 -0.009333333333333334 0.0))
    (3.3708427106776697 (0.391 -0.009333333333333334 0.0))
    (3.371842960740185 (0.391 -0.009333333333333334 0.0))
    (3.372843210802701 (0.391 -0.009333333333333334 0.0))
    (3.3738434608652166 (0.391 -0.009333333333333334 0.0))
    (3.3748437109277325 (0.391 -0.009333333333333334 0.0))
    (3.375843960990248 (0.391 -0.009333333333333334 0.0))
    (3.3768442110527634 (0.391 -0.009333333333333334 0.0))
    (3.3778444611152794 (0.391 -0.009333333333333334 0.0))
    (3.378844711177795 (0.391 -0.009333333333333334 0.0))
    (3.3798449612403103 (0.391 -0.009333333333333334 0.0))
    (3.3808452113028262 (0.391 -0.009333333333333334 0.0))
    (3.3818454613653417 (0.391 -0.009333333333333334 0.0))
    (3.382845711427857 (0.391 -0.009333333333333334 0.0))
    (3.383845961490373 (0.391 -0.009333333333333334 0.0))
    (3.3848462115528886 (0.391 -0.009333333333333334 0.0))
    (3.385846461615404 (0.391 -0.009333333333333334 0.0))
    (3.38684671167792 (0.391 -0.009333333333333334 0.0))
    (3.3878469617404354 (0.391 -0.009333333333333334 0.0))
    (3.388847211802951 (0.391 -0.009333333333333334 0.0))
    (3.389847461865467 (0.391 -0.009333333333333334 0.0))
    (3.3908477119279823 (0.391 -0.009333333333333334 0.0))
    (3.3918479619904978 (0.391 -0.009333333333333334 0.0))
    (3.3928482120530137 (0.391 -0.009333333333333334 0.0))
    (3.393848462115529 (0.391 -0.009333333333333334 0.0))
    (3.394848712178045 (0.391 -0.009333333333333334 0.0))
    (3.3958489622405605 (0.391 -0.009333333333333334 0.0))
    (3.396849212303076 (0.391 -0.009333333333333334 0.0))
    (3.397849462365592 (0.391 -0.009333333333333334 0.0))
    (3.3988497124281074 (0.391 -0.009333333333333334 0.0))
    (3.399849962490623 (0.391 -0.009333333333333334 0.0))
    (3.400850212553139 (0.391 -0.009333333333333334 0.0))
    (3.4018504626156543 (0.391 -0.009333333333333334 0.0))
    (3.4028507126781697 (0.391 -0.009333333333333334 0.0))
    (3.4038509627406857 (0.391 -0.009333333333333334 0.0))
    (3.404851212803201 (0.391 -0.009333333333333334 0.0))
    (3.4058514628657166 (0.391 -0.009333333333333334 0.0))
    (3.4068517129282325 (0.391 -0.009333333333333334 0.0))
    (3.407851962990748 (0.391 -0.009333333333333334 0.0))
    (3.4088522130532635 (0.391 -0.009333333333333334 0.0))
    (3.4098524631157794 (0.391 -0.009333333333333334 0.0))
    (3.410852713178295 (0.391 -0.009333333333333334 0.0))
    (3.4118529632408108 (0.391 -0.009333333333333334 0.0))
    (3.4128532133033262 (0.391 -0.009333333333333334 0.0))
    (3.4138534633658417 (0.391 -0.009333333333333334 0.0))
    (3.4148537134283576 (0.391 -0.009333333333333334 0.0))
    (3.415853963490873 (0.391 -0.009333333333333334 0.0))
    (3.4168542135533886 (0.391 -0.009333333333333334 0.0))
    (3.4178544636159045 (0.391 -0.009333333333333334 0.0))
    (3.41885471367842 (0.391 -0.009333333333333334 0.0))
    (3.4198549637409354 (0.391 -0.009333333333333334 0.0))
    (3.4208552138034514 (0.391 -0.009333333333333334 0.0))
    (3.421855463865967 (0.391 -0.009333333333333334 0.0))
    (3.4228557139284823 (0.391 -0.009333333333333334 0.0))
    (3.4238559639909982 (0.391 -0.009333333333333334 0.0))
    (3.4248562140535137 (0.391 -0.009333333333333334 0.0))
    (3.425856464116029 (0.391 -0.009333333333333334 0.0))
    (3.426856714178545 (0.391 -0.009333333333333334 0.0))
    (3.4278569642410606 (0.391 -0.009333333333333334 0.0))
    (3.428857214303576 (0.391 -0.009333333333333334 0.0))
    (3.429857464366092 (0.391 -0.009333333333333334 0.0))
    (3.4308577144286074 (0.391 -0.009333333333333334 0.0))
    (3.4318579644911233 (0.391 -0.009333333333333334 0.0))
    (3.432858214553639 (0.391 -0.009333333333333334 0.0))
    (3.4338584646161543 (0.391 -0.009333333333333334 0.0))
    (3.43485871467867 (0.391 -0.009333333333333334 0.0))
    (3.4358589647411857 (0.391 -0.009333333333333334 0.0))
    (3.436859214803701 (0.391 -0.009333333333333334 0.0))
    (3.437859464866217 (0.391 -0.009333333333333334 0.0))
    (3.4388597149287325 (0.391 -0.009333333333333334 0.0))
    (3.439859964991248 (0.391 -0.009333333333333334 0.0))
    (3.440860215053764 (0.391 -0.009333333333333334 0.0))
    (3.4418604651162794 (0.391 -0.009333333333333334 0.0))
    (3.442860715178795 (0.391 -0.009333333333333334 0.0))
    (3.443860965241311 (0.391 -0.009333333333333334 0.0))
    (3.4448612153038263 (0.391 -0.009333333333333334 0.0))
    (3.4458614653663417 (0.391 -0.009333333333333334 0.0))
    (3.4468617154288577 (0.391 -0.009333333333333334 0.0))
    (3.447861965491373 (0.391 -0.009333333333333334 0.0))
    (3.448862215553889 (0.391 -0.009333333333333334 0.0))
    (3.4498624656164045 (0.391 -0.009333333333333334 0.0))
    (3.45086271567892 (0.391 -0.009333333333333334 0.0))
    (3.451862965741436 (0.391 -0.009333333333333334 0.0))
    (3.4528632158039514 (0.391 -0.009333333333333334 0.0))
    (3.453863465866467 (0.391 -0.009333333333333334 0.0))
    (3.454863715928983 (0.391 -0.009333333333333334 0.0))
    (3.4558639659914983 (0.391 -0.009333333333333334 0.0))
    (3.4568642160540137 (0.391 -0.009333333333333334 0.0))
    (3.4578644661165296 (0.391 -0.009333333333333334 0.0))
    (3.458864716179045 (0.391 -0.009333333333333334 0.0))
    (3.4598649662415606 (0.391 -0.009333333333333334 0.0))
    (3.4608652163040765 (0.391 -0.009333333333333334 0.0))
    (3.461865466366592 (0.391 -0.009333333333333334 0.0))
    (3.4628657164291075 (0.391 -0.009333333333333334 0.0))
    (3.4638659664916234 (0.391 -0.009333333333333334 0.0))
    (3.464866216554139 (0.391 -0.009333333333333334 0.0))
    (3.4658664666166543 (0.391 -0.009333333333333334 0.0))
    (3.4668667166791702 (0.391 -0.009333333333333334 0.0))
    (3.4678669667416857 (0.391 -0.009333333333333334 0.0))
    (3.4688672168042016 (0.391 -0.009333333333333334 0.0))
    (3.469867466866717 (0.391 -0.009333333333333334 0.0))
    (3.4708677169292326 (0.391 -0.009333333333333334 0.0))
    (3.4718679669917485 (0.391 -0.009333333333333334 0.0))
    (3.472868217054264 (0.391 -0.009333333333333334 0.0))
    (3.4738684671167794 (0.391 -0.009333333333333334 0.0))
    (3.4748687171792954 (0.391 -0.009333333333333334 0.0))
    (3.475868967241811 (0.391 -0.009333333333333334 0.0))
    (3.4768692173043263 (0.391 -0.009333333333333334 0.0))
    (3.477869467366842 (0.391 -0.009333333333333334 0.0))
    (3.4788697174293577 (0.391 -0.009333333333333334 0.0))
    (3.479869967491873 (0.391 -0.009333333333333334 0.0))
    (3.480870217554389 (0.391 -0.009333333333333334 0.0))
    (3.4818704676169046 (0.391 -0.009333333333333334 0.0))
    (3.48287071767942 (0.391 -0.009333333333333334 0.0))
    (3.483870967741936 (0.391 -0.009333333333333334 0.0))
    (3.4848712178044514 (0.391 -0.009333333333333334 0.0))
    (3.485871467866967 (0.391 -0.009333333333333334 0.0))
    (3.486871717929483 (0.391 -0.009333333333333334 0.0))
    (3.4878719679919983 (0.391 -0.009333333333333334 0.0))
    (3.488872218054514 (0.391 -0.009333333333333334 0.0))
    (3.4898724681170297 (0.391 -0.009333333333333334 0.0))
    (3.490872718179545 (0.391 -0.009333333333333334 0.0))
    (3.491872968242061 (0.391 -0.009333333333333334 0.0))
    (3.4928732183045765 (0.391 -0.009333333333333334 0.0))
    (3.493873468367092 (0.391 -0.009333333333333334 0.0))
    (3.494873718429608 (0.391 -0.009333333333333334 0.0))
    (3.4958739684921234 (0.391 -0.009333333333333334 0.0))
    (3.496874218554639 (0.391 -0.009333333333333334 0.0))
    (3.497874468617155 (0.391 -0.009333333333333334 0.0))
    (3.4988747186796703 (0.391 -0.009333333333333334 0.0))
    (3.4998749687421857 (0.391 -0.009333333333333334 0.0))
    (3.5008752188047016 (0.391 -0.009333333333333334 0.0))
    (3.501875468867217 (0.391 -0.009333333333333334 0.0))
    (3.5028757189297326 (0.391 -0.009333333333333334 0.0))
    (3.5038759689922485 (0.391 -0.009333333333333334 0.0))
    (3.504876219054764 (0.391 -0.009333333333333334 0.0))
    (3.50587646911728 (0.391 -0.009333333333333334 0.0))
    (3.5068767191797954 (0.391 -0.009333333333333334 0.0))
    (3.507876969242311 (0.391 -0.009333333333333334 0.0))
    (3.5088772193048268 (0.391 -0.009333333333333334 0.0))
    (3.5098774693673422 (0.391 -0.009333333333333334 0.0))
    (3.5108777194298577 (0.391 -0.009333333333333334 0.0))
    (3.5118779694923736 (0.391 -0.009333333333333334 0.0))
    (3.512878219554889 (0.391 -0.009333333333333334 0.0))
    (3.5138784696174046 (0.391 -0.009333333333333334 0.0))
    (3.5148787196799205 (0.391 -0.009333333333333334 0.0))
    (3.515878969742436 (0.391 -0.009333333333333334 0.0))
    (3.5168792198049514 (0.391 -0.009333333333333334 0.0))
    (3.5178794698674674 (0.391 -0.009333333333333334 0.0))
    (3.518879719929983 (0.391 -0.009333333333333334 0.0))
    (3.5198799699924983 (0.391 -0.009333333333333334 0.0))
    (3.520880220055014 (0.391 -0.009333333333333334 0.0))
    (3.5218804701175297 (0.391 -0.009333333333333334 0.0))
    (3.522880720180045 (0.391 -0.009333333333333334 0.0))
    (3.523880970242561 (0.391 -0.009333333333333334 0.0))
    (3.5248812203050766 (0.391 -0.009333333333333334 0.0))
    (3.5258814703675925 (0.391 -0.009333333333333334 0.0))
    (3.526881720430108 (0.391 -0.009333333333333334 0.0))
    (3.5278819704926234 (0.391 -0.009333333333333334 0.0))
    (3.5288822205551393 (0.391 -0.009333333333333334 0.0))
    (3.529882470617655 (0.391 -0.009333333333333334 0.0))
    (3.5308827206801703 (0.391 -0.009333333333333334 0.0))
    (3.531882970742686 (0.391 -0.009333333333333334 0.0))
    (3.5328832208052017 (0.391 -0.009333333333333334 0.0))
    (3.533883470867717 (0.391 -0.009333333333333334 0.0))
    (3.534883720930233 (0.391 -0.009333333333333334 0.0))
    (3.5358839709927485 (0.391 -0.009333333333333334 0.0))
    (3.536884221055264 (0.391 -0.009333333333333334 0.0))
    (3.53788447111778 (0.391 -0.009333333333333334 0.0))
    (3.5388847211802954 (0.391 -0.009333333333333334 0.0))
    (3.539884971242811 (0.391 -0.009333333333333334 0.0))
    (3.540885221305327 (0.391 -0.009333333333333334 0.0))
    (3.5418854713678423 (0.391 -0.009333333333333334 0.0))
    (3.542885721430358 (0.391 -0.009333333333333334 0.0))
    (3.5438859714928737 (0.391 -0.009333333333333334 0.0))
    (3.544886221555389 (0.391 -0.009333333333333334 0.0))
    (3.545886471617905 (0.391 -0.009333333333333334 0.0))
    (3.5468867216804205 (0.391 -0.009333333333333334 0.0))
    (3.547886971742936 (0.391 -0.009333333333333334 0.0))
    (3.548887221805452 (0.391 -0.009333333333333334 0.0))
    (3.5498874718679674 (0.391 -0.009333333333333334 0.0))
    (3.550887721930483 (0.391 -0.009333333333333334 0.0))
    (3.5518879719929988 (0.391 -0.009333333333333334 0.0))
    (3.5528882220555142 (0.391 -0.009333333333333334 0.0))
    (3.5538884721180297 (0.391 -0.009333333333333334 0.0))
    (3.5548887221805456 (0.391 -0.009333333333333334 0.0))
    (3.555888972243061 (0.391 -0.009333333333333334 0.0))
    (3.5568892223055766 (0.391 -0.009333333333333334 0.0))
    (3.5578894723680925 (0.391 -0.009333333333333334 0.0))
    (3.558889722430608 (0.391 -0.009355554395513546 0.0))
    (3.5598899724931234 (0.391 -0.009425382139415536 0.0))
    (3.5608902225556394 (0.391 -0.009495199784079747 0.0))
    (3.561890472618155 (0.391 -0.009564999669385054 0.0))
    (3.5628907226806708 (0.391 -0.009634774137158932 0.0))
    (3.5638909727431862 (0.391 -0.009704515532017455 0.0))
    (3.5648912228057017 (0.391 -0.00977421620220547 0.0))
    (3.5658914728682176 (0.391 -0.009843868500435903 0.0))
    (3.566891722930733 (0.391 -0.009913464784728796 0.0))
    (3.5678919729932486 (0.391 -0.009982997419249962 0.0))
    (3.5688922230557645 (0.391 -0.010052458775148551 0.0))
    (3.56989247311828 (0.391 -0.010121841231394058 0.0))
    (3.5708927231807954 (0.391 -0.010191137175612677 0.0))
    (3.5718929732433113 (0.391 -0.0102603390049223 0.0))
    (3.572893223305827 (0.391 -0.010329439126766671 0.0))
    (3.5738934733683423 (0.391 -0.010398429959748623 0.0))
    (3.574893723430858 (0.391 -0.010467303934461667 0.0))
    (3.5758939734933737 (0.391 -0.01053605349432048 0.0))
    (3.576894223555889 (0.391 -0.010604671096390196 0.0))
    (3.577894473618405 (0.391 -0.010673149212213772 0.0))
    (3.5788947236809205 (0.391 -0.010741480328637991 0.0))
    (3.579894973743436 (0.391 -0.010809656948637973 0.0))
    (3.580895223805952 (0.391 -0.01087767159213952 0.0))
    (3.5818954738684674 (0.391 -0.010945516796839794 0.0))
    (3.5828957239309833 (0.391 -0.011013185119026292 0.0))
    (3.583895973993499 (0.391 -0.011080669134393208 0.0))
    (3.5848962240560143 (0.391 -0.011147961438856236 0.0))
    (3.58589647411853 (0.391 -0.011215054649364915 0.0))
    (3.5868967241810457 (0.391 -0.011281941404712462 0.0))
    (3.587896974243561 (0.391 -0.011348614366343622 0.0))
    (3.588897224306077 (0.391 -0.011415066219159829 0.0))
    (3.5898974743685925 (0.391 -0.011481289672321576 0.0))
    (3.590897724431108 (0.391 -0.01154727746004855 0.0))
    (3.591897974493624 (0.391 -0.011613022342416804 0.0))
    (3.5928982245561394 (0.391 -0.011678517106152888 0.0))
    (3.593898474618655 (0.391 -0.011743754565425469 0.0))
    (3.5948987246811708 (0.391 -0.011808727562633719 0.0))
    (3.5958989747436862 (0.391 -0.011873428969192438 0.0))
    (3.5968992248062017 (0.391 -0.01193785168631436 0.0))
    (3.5978994748687176 (0.391 -0.01200198864578901 0.0))
    (3.598899724931233 (0.391 -0.012065832810758 0.0))
    (3.599899974993749 (0.391 -0.012129377176487328 0.0))
    (3.6009002250562645 (0.391 -0.012192614771135694 0.0))
    (3.60190047511878 (0.391 -0.012255538656519663 0.0))
    (3.602900725181296 (0.391 -0.012318141928874694 0.0))
    (3.6039009752438114 (0.391 -0.0123804177196126 0.0))
    (3.604901225306327 (0.391 -0.012442359196075337 0.0))
    (3.6059014753688428 (0.391 -0.012503959562284457 0.0))
    (3.6069017254313582 (0.391 -0.012565212059686751 0.0))
    (3.6079019754938737 (0.391 -0.012626109967895944 0.0))
    (3.6089022255563896 (0.391 -0.012686646605429848 0.0))
    (3.609902475618905 (0.391 -0.012746815330443435 0.0))
    (3.6109027256814206 (0.391 -0.012806609541457733 0.0))
    (3.6119029757439365 (0.391 -0.012866022678083927 0.0))
    (3.612903225806452 (0.391 -0.012925048221743153 0.0))
    (3.6139034758689674 (0.391 -0.012983679696381856 0.0))
    (3.6149037259314833 (0.391 -0.013041910669182148 0.0))
    (3.615903975993999 (0.391 -0.013099734751267607 0.0))
    (3.6169042260565143 (0.391 -0.013157145598404345 0.0))
    (3.61790447611903 (0.391 -0.013214136911696987 0.0))
    (3.6189047261815457 (0.391 -0.01327070243827978 0.0))
    (3.6199049762440616 (0.391 -0.013326835972002642 0.0))
    (3.620905226306577 (0.391 -0.013382531354112069 0.0))
    (3.6219054763690925 (0.391 -0.013437782473926855 0.0))
    (3.6229057264316085 (0.391 -0.01349258326950852 0.0))
    (3.623905976494124 (0.391 -0.013546927728326424 0.0))
    (3.6249062265566394 (0.391 -0.013600809887917413 0.0))
    (3.6259064766191553 (0.391 -0.013654223836540021 0.0))
    (3.626906726681671 (0.391 -0.01370716371382307 0.0))
    (3.6279069767441863 (0.391 -0.013759623711408644 0.0))
    (3.628907226806702 (0.391 -0.013811598073589372 0.0))
    (3.6299074768692177 (0.391 -0.013863081097939912 0.0))
    (3.630907726931733 (0.391 -0.013914067135942605 0.0))
    (3.631907976994249 (0.391 -0.013964550593607203 0.0))
    (3.6329082270567645 (0.391 -0.014014525932084621 0.0))
    (3.63390847711928 (0.391 -0.014063987668274642 0.0))
    (3.634908727181796 (0.391 -0.0141129303754275 0.0))
    (3.6359089772443114 (0.391 -0.014161348683739281 0.0))
    (3.6369092273068273 (0.391 -0.014209237280941074 0.0))
    (3.637909477369343 (0.391 -0.014256590912881815 0.0))
    (3.6389097274318583 (0.391 -0.01430340438410476 0.0))
    (3.639909977494374 (0.391 -0.014349672558417494 0.0))
    (3.6409102275568896 (0.391 -0.014395390359455468 0.0))
    (3.641910477619405 (0.391 -0.014440552771238954 0.0))
    (3.642910727681921 (0.391 -0.01448515483872337 0.0))
    (3.6439109777444365 (0.391 -0.014529191668342947 0.0))
    (3.644911227806952 (0.391 -0.014572658428547616 0.0))
    (3.645911477869468 (0.391 -0.014615550350333113 0.0))
    (3.6469117279319834 (0.391 -0.01465786272776421 0.0))
    (3.647911977994499 (0.391 -0.014699590918491046 0.0))
    (3.6489122280570148 (0.391 -0.014740730344258449 0.0))
    (3.6499124781195302 (0.391 -0.01478127649140826 0.0))
    (3.6509127281820457 (0.391 -0.014821224911374546 0.0))
    (3.6519129782445616 (0.391 -0.014860571221171681 0.0))
    (3.652913228307077 (0.391 -0.014899311103875231 0.0))
    (3.6539134783695926 (0.391 -0.01493744030909559 0.0))
    (3.6549137284321085 (0.391 -0.014974954653444308 0.0))
    (3.655913978494624 (0.391 -0.0150118500209931 0.0))
    (3.65691422855714 (0.391 -0.015048122363725425 0.0))
    (3.6579144786196554 (0.391 -0.015083767701980538 0.0))
    (3.658914728682171 (0.391 -0.01511878212489024 0.0))
    (3.6599149787446867 (0.391 -0.01515316179080799 0.0))
    (3.660915228807202 (0.391 -0.015186902927730176 0.0))
    (3.6619154788697177 (0.391 -0.015220001833710183 0.0))
    (3.6629157289322336 (0.391 -0.015252454877264548 0.0))
    (3.663915978994749 (0.391 -0.015284258497771194 0.0))
    (3.6649162290572646 (0.391 -0.01531540920586029 0.0))
    (3.6659164791197805 (0.391 -0.015345903583797078 0.0))
    (3.666916729182296 (0.391 -0.015375738285856679 0.0))
    (3.6679169792448114 (0.391 -0.015404910038691351 0.0))
    (3.6689172293073273 (0.391 -0.015433415641689631 0.0))
    (3.669917479369843 (0.391 -0.015461251967327307 0.0))
    (3.6709177294323583 (0.391 -0.015488415961510744 0.0))
    (3.671917979494874 (0.391 -0.015514904643911965 0.0))
    (3.6729182295573897 (0.391 -0.015540715108295463 0.0))
    (3.673918479619905 (0.391 -0.015565844522837243 0.0))
    (3.674918729682421 (0.391 -0.015590290130435499 0.0))
    (3.6759189797449365 (0.391 -0.015614049249012973 0.0))
    (3.6769192298074524 (0.391 -0.015637119271811384 0.0))
    (3.677919479869968 (0.391 -0.015659497667677352 0.0))
    (3.6789197299324834 (0.391 -0.015681181981340116 0.0))
    (3.6799199799949993 (0.391 -0.015702169833680925 0.0))
    (3.680920230057515 (0.391 -0.015722458921994056 0.0))
    (3.6819204801200303 (0.391 -0.01574204702023947 0.0))
    (3.682920730182546 (0.391 -0.015760931979287036 0.0))
    (3.6839209802450616 (0.391 -0.015779111727152326 0.0))
    (3.684921230307577 (0.391 -0.015796584269223948 0.0))
    (3.685921480370093 (0.391 -0.015813347688482384 0.0))
    (3.6869217304326085 (0.391 -0.015829400145710323 0.0))
    (3.687921980495124 (0.391 -0.015844739879694446 0.0))
    (3.68892223055764 (0.391 -0.01585936520741866 0.0))
    (3.6899224806201554 (0.391 -0.015873274524248762 0.0))
    (3.690922730682671 (0.391 -0.01588646630410848 0.0))
    (3.6919229807451868 (0.391 -0.015898939099646917 0.0))
    (3.6929232308077022 (0.391 -0.015910691542397347 0.0))
    (3.693923480870218 (0.391 -0.01592172234292735 0.0))
    (3.6949237309327336 (0.391 -0.015932030290980295 0.0))
    (3.695923980995249 (0.391 -0.015941614255608125 0.0))
    (3.696924231057765 (0.391 -0.015950473185295428 0.0))
    (3.6979244811202805 (0.391 -0.015958606108074813 0.0))
    (3.698924731182796 (0.391 -0.01596601213163355 0.0))
    (3.699924981245312 (0.391 -0.015972690443411475 0.0))
    (3.7009252313078274 (0.391 -0.01597864031069013 0.0))
    (3.701925481370343 (0.391 -0.015983861080673168 0.0))
    (3.7029257314328587 (0.391 -0.015988352180557962 0.0))
    (3.703925981495374 (0.391 -0.01599211311759846 0.0))
    (3.7049262315578897 (0.391 -0.01599514347915925 0.0))
    (3.7059264816204056 (0.391 -0.01599744293276081 0.0))
    (3.706926731682921 (0.391 -0.01599901122611602 0.0))
    (3.7079269817454366 (0.391 -0.015999848187157814 0.0))
    (3.7089272318079525 (0.391 -0.015999953724058078 0.0))
    (3.709927481870468 (0.391 -0.015999327825237712 0.0))
    (3.7109277319329834 (0.391 -0.015997970559367906 0.0))
    (3.7119279819954993 (0.391 -0.015995882075362605 0.0))
    (3.712928232058015 (0.391 -0.01599306260236217 0.0))
    (3.7139284821205307 (0.391 -0.015989512449708233 0.0))
    (3.714928732183046 (0.391 -0.015985232006909777 0.0))
    (3.7159289822455617 (0.391 -0.015980221743600368 0.0))
    (3.7169292323080776 (0.391 -0.015974482209486655 0.0))
    (3.717929482370593 (0.391 -0.01596801403428806 0.0))
    (3.7189297324331085 (0.391 -0.01596081792766766 0.0))
    (3.7199299824956245 (0.391 -0.01595289467915434 0.0))
    (3.72093023255814 (0.391 -0.015944245158056206 0.0))
    (3.7219304826206554 (0.391 -0.01593487031336513 0.0))
    (3.7229307326831713 (0.391 -0.015924771173652694 0.0))
    (3.723930982745687 (0.391 -0.01591394884695734 0.0))
    (3.7249312328082023 (0.391 -0.015902404520662734 0.0))
    (3.725931482870718 (0.391 -0.015890139461367567 0.0))
    (3.7269317329332337 (0.391 -0.015877155014746572 0.0))
    (3.727931982995749 (0.391 -0.015863452605402825 0.0))
    (3.728932233058265 (0.391 -0.01584903373671151 0.0))
    (3.7299324831207805 (0.391 -0.015833899990654977 0.0))
    (3.7309327331832964 (0.391 -0.015818053027649083 0.0))
    (3.731932983245812 (0.391 -0.01580149458636114 0.0))
    (3.7329332333083274 (0.391 -0.015784226483519084 0.0))
    (3.7339334833708433 (0.391 -0.01576625061371212 0.0))
    (3.7349337334333588 (0.391 -0.01574756894918295 0.0))
    (3.7359339834958742 (0.391 -0.015728183539611335 0.0))
    (3.73693423355839 (0.391 -0.015708096511889147 0.0))
    (3.7379344836209056 (0.391 -0.015687310069887155 0.0))
    (3.738934733683421 (0.391 -0.01566582649421313 0.0))
    (3.739934983745937 (0.391 -0.015643648141961577 0.0))
    (3.7409352338084525 (0.391 -0.015620777446455299 0.0))
    (3.741935483870968 (0.391 -0.015597216916978258 0.0))
    (3.742935733933484 (0.391 -0.015572969138500278 0.0))
    (3.7439359839959994 (0.391 -0.015548036771393572 0.0))
    (3.744936234058515 (0.391 -0.015522422551140717 0.0))
    (3.7459364841210308 (0.391 -0.015496129288034517 0.0))
    (3.7469367341835462 (0.391 -0.01546915986686982 0.0))
    (3.7479369842460617 (0.391 -0.015441517246626872 0.0))
    (3.7489372343085776 (0.391 -0.015413204460146646 0.0))
    (3.749937484371093 (0.391 -0.015384224613798268 0.0))
    (3.750937734433609 (0.391 -0.015354580887138009 0.0))
    (3.7519379844961245 (0.391 -0.015324276532560532 0.0))
    (3.75293823455864 (0.391 -0.015293314874942029 0.0))
    (3.753938484621156 (0.391 -0.015261699311275436 0.0))
    (3.7549387346836713 (0.391 -0.015229433310297715 0.0))
    (3.755938984746187 (0.391 -0.015196520412109296 0.0))
    (3.7569392348087027 (0.391 -0.015162964227785652 0.0))
    (3.757939484871218 (0.391 -0.01512876843898112 0.0))
    (3.7589397349337337 (0.391 -0.015093936797524955 0.0))
    (3.7599399849962496 (0.391 -0.015058473125009702 0.0))
    (3.760940235058765 (0.391 -0.015022381312371897 0.0))
    (3.7619404851212805 (0.391 -0.014985665319465175 0.0))
    (3.7629407351837965 (0.391 -0.014948329174625808 0.0))
    (3.763940985246312 (0.391 -0.014910376974230734 0.0))
    (3.7649412353088274 (0.391 -0.014871812882248106 0.0))
    (3.7659414853713433 (0.391 -0.014832641129780465 0.0))
    (3.766941735433859 (0.391 -0.014792866014600486 0.0))
    (3.7679419854963743 (0.391 -0.014752491900679468 0.0))
    (3.76894223555889 (0.391 -0.014711523217708527 0.0))
    (3.7699424856214057 (0.391 -0.014669964460612587 0.0))
    (3.7709427356839216 (0.391 -0.014627820189057212 0.0))
    (3.771942985746437 (0.391 -0.014585095026948347 0.0))
    (3.7729432358089525 (0.391 -0.01454179366192499 0.0))
    (3.7739434858714684 (0.391 -0.014497920844844888 0.0))
    (3.774943735933984 (0.391 -0.014453481389263289 0.0))
    (3.7759439859964994 (0.391 -0.014408480170904823 0.0))
    (3.7769442360590153 (0.391 -0.014362922127128547 0.0))
    (3.7779444861215308 (0.391 -0.014316812256386244 0.0))
    (3.7789447361840462 (0.391 -0.014270155617674012 0.0))
    (3.779944986246562 (0.391 -0.014222957329977207 0.0))
    (3.7809452363090776 (0.391 -0.01417522257170881 0.0))
    (3.781945486371593 (0.391 -0.014126956580141271 0.0))
    (3.782945736434109 (0.391 -0.014078164650831901 0.0))
    (3.7839459864966245 (0.391 -0.014028852137041851 0.0))
    (3.78494623655914 (0.391 -0.013979024449148789 0.0))
    (3.785946486621656 (0.391 -0.013928687054053281 0.0))
    (3.7869467366841714 (0.391 -0.01387784547457899 0.0))
    (3.7879469867466873 (0.391 -0.013826505288866704 0.0))
    (3.7889472368092028 (0.391 -0.013774672129762485 0.0))
    (3.7899474868717182 (0.391 -0.013722351684199314 0.0))
    (3.790947736934234 (0.391 -0.01366954969257346 0.0))
    (3.7919479869967496 (0.391 -0.013616271948114662 0.0))
    (3.792948237059265 (0.391 -0.013562524296250197 0.0))
    (3.793948487121781 (0.391 -0.013508312633963872 0.0))
    (3.7949487371842965 (0.391 -0.013453642909149025 0.0))
    (3.795948987246812 (0.391 -0.013398521119955613 0.0))
    (3.796949237309328 (0.391 -0.013342953314132457 0.0))
    (3.7979494873718433 (0.391 -0.013286945588363703 0.0))
    (3.798949737434359 (0.391 -0.013230504087599583 0.0))
    (3.7999499874968747 (0.391 -0.013173635004382546 0.0))
    (3.80095023755939 (0.391 -0.01311634457816785 0.0))
    (3.8019504876219057 (0.391 -0.013058639094638638 0.0))
    (3.8029507376844216 (0.391 -0.013000524885016644 0.0))
    (3.803950987746937 (0.391 -0.012942008325367568 0.0))
    (3.8049512378094525 (0.391 -0.012883095835901148 0.0))
    (3.8059514878719685 (0.391 -0.012823793880267133 0.0))
    (3.806951737934484 (0.391 -0.012764108964846102 0.0))
    (3.807951987997 (0.391 -0.012704047638035218 0.0))
    (3.8089522380595153 (0.391 -0.012643616489530322 0.0))
    (3.809952488122031 (0.391 -0.01258282214960254 0.0))
    (3.8109527381845467 (0.391 -0.012521671288370818 0.0))
    (3.811952988247062 (0.391 -0.01246017061507049 0.0))
    (3.8129532383095777 (0.391 -0.012398326877316752 0.0))
    (3.8139534883720936 (0.391 -0.01233614686036453 0.0))
    (3.814953738434609 (0.391 -0.012273637386364009 0.0))
    (3.8159539884971245 (0.391 -0.01221080531361212 0.0))
    (3.8169542385596404 (0.391 -0.012147657535800074 0.0))
    (3.817954488622156 (0.391 -0.012084200981257022 0.0))
    (3.8189547386846714 (0.391 -0.012020442612189892 0.0))
    (3.8199549887471873 (0.391 -0.01195638942391954 0.0))
    (3.820955238809703 (0.391 -0.011892048444113231 0.0))
    (3.8219554888722183 (0.391 -0.01182742673201361 0.0))
    (3.822955738934734 (0.391 -0.011762531377664174 0.0))
    (3.8239559889972496 (0.391 -0.011697369501131386 0.0))
    (3.8249562390597656 (0.391 -0.011631948251723492 0.0))
    (3.825956489122281 (0.391 -0.01156627480720612 0.0))
    (3.8269567391847965 (0.391 -0.011500356373014768 0.0))
    (3.8279569892473124 (0.391 -0.011434200181464252 0.0))
    (3.828957239309828 (0.391 -0.011367813490955201 0.0))
    (3.8299574893723434 (0.391 -0.011301203585177694 0.0))
    (3.8309577394348593 (0.391 -0.01123437777231213 0.0))
    (3.8319579894973748 (0.391 -0.011167343384227386 0.0))
    (3.8329582395598902 (0.391 -0.011100107775676408 0.0))
    (3.833958489622406 (0.391 -0.011032678323489272 0.0))
    (3.8349587396849216 (0.391 -0.010965062425763825 0.0))
    (3.835958989747437 (0.391 -0.01089726750105399 0.0))
    (3.836959239809953 (0.391 -0.010829300987555844 0.0))
    (3.8379594898724685 (0.391 -0.010761170342291515 0.0))
    (3.838959739934984 (0.391 -0.01069288304029103 0.0))
    (3.8399599899975 (0.391 -0.01062444657377219 0.0))
    (3.8409602400600154 (0.391 -0.010555868451318546 0.0))
    (3.841960490122531 (0.391 -0.010487156197055588 0.0))
    (3.8429607401850467 (0.391 -0.010418317349825228 0.0))
    (3.843960990247562 (0.391 -0.010349359462358664 0.0))
    (3.844961240310078 (0.391 -0.010280290100447736 0.0))
    (3.8459614903725936 (0.391 -0.010211116842114816 0.0))
    (3.846961740435109 (0.391 -0.010141847276781399 0.0))
    (3.847961990497625 (0.391 -0.010072489004435399 0.0))
    (3.8489622405601405 (0.391 -0.01000304963479733 0.0))
    (3.849962490622656 (0.391 -0.00993353678648538 0.0))
    (3.850962740685172 (0.391 -0.009863958086179533 0.0))
    (3.8519629907476873 (0.391 -0.009794321167784798 0.0))
    (3.852963240810203 (0.391 -0.00972463367159365 0.0))
    (3.8539634908727187 (0.391 -0.009654903243447713 0.0))
    (3.854963740935234 (0.391 -0.009585137533899127 0.0))
    (3.8559639909977497 (0.391 -0.00951534419737069 0.0))
    (3.8569642410602656 (0.391 -0.009445530891316462 0.0))
    (3.857964491122781 (0.391 -0.009375705275381632 0.0))
    (3.8589647411852965 (0.391 -0.009333333333333334 0.0))
    (3.8599649912478124 (0.391 -0.009333333333333334 0.0))
    (3.860965241310328 (0.391 -0.009333333333333334 0.0))
    (3.8619654913728434 (0.391 -0.009333333333333334 0.0))
    (3.8629657414353593 (0.391 -0.009333333333333334 0.0))
    (3.863965991497875 (0.391 -0.009333333333333334 0.0))
    (3.8649662415603907 (0.391 -0.009333333333333334 0.0))
    (3.865966491622906 (0.391 -0.009333333333333334 0.0))
    (3.8669667416854216 (0.391 -0.009333333333333334 0.0))
    (3.8679669917479376 (0.391 -0.009333333333333334 0.0))
    (3.868967241810453 (0.391 -0.009333333333333334 0.0))
    (3.8699674918729685 (0.391 -0.009333333333333334 0.0))
    (3.8709677419354844 (0.391 -0.009333333333333334 0.0))
    (3.871967991998 (0.391 -0.009333333333333334 0.0))
    (3.8729682420605154 (0.391 -0.009333333333333334 0.0))
    (3.8739684921230313 (0.391 -0.009333333333333334 0.0))
    (3.8749687421855468 (0.391 -0.009333333333333334 0.0))
    (3.8759689922480622 (0.391 -0.009333333333333334 0.0))
    (3.876969242310578 (0.391 -0.009333333333333334 0.0))
    (3.8779694923730936 (0.391 -0.009333333333333334 0.0))
    (3.878969742435609 (0.391 -0.009333333333333334 0.0))
    (3.879969992498125 (0.391 -0.009333333333333334 0.0))
    (3.8809702425606405 (0.391 -0.009333333333333334 0.0))
    (3.8819704926231564 (0.391 -0.009333333333333334 0.0))
    (3.882970742685672 (0.391 -0.009333333333333334 0.0))
    (3.8839709927481874 (0.391 -0.009333333333333334 0.0))
    (3.8849712428107033 (0.391 -0.009333333333333334 0.0))
    (3.8859714928732187 (0.391 -0.009333333333333334 0.0))
    (3.886971742935734 (0.391 -0.009333333333333334 0.0))
    (3.88797199299825 (0.391 -0.009333333333333334 0.0))
    (3.8889722430607656 (0.391 -0.009333333333333334 0.0))
    (3.889972493123281 (0.391 -0.009333333333333334 0.0))
    (3.890972743185797 (0.391 -0.009333333333333334 0.0))
    (3.8919729932483125 (0.391 -0.009333333333333334 0.0))
    (3.892973243310828 (0.391 -0.009333333333333334 0.0))
    (3.893973493373344 (0.391 -0.009333333333333334 0.0))
    (3.8949737434358593 (0.391 -0.009333333333333334 0.0))
    (3.895973993498375 (0.391 -0.009333333333333334 0.0))
    (3.8969742435608907 (0.391 -0.009333333333333334 0.0))
    (3.897974493623406 (0.391 -0.009333333333333334 0.0))
    (3.8989747436859217 (0.391 -0.009333333333333334 0.0))
    (3.8999749937484376 (0.391 -0.009333333333333334 0.0))
    (3.900975243810953 (0.391 -0.009333333333333334 0.0))
    (3.901975493873469 (0.391 -0.009333333333333334 0.0))
    (3.9029757439359845 (0.391 -0.009333333333333334 0.0))
    (3.9039759939985 (0.391 -0.009333333333333334 0.0))
    (3.904976244061016 (0.391 -0.009333333333333334 0.0))
    (3.9059764941235313 (0.391 -0.009333333333333334 0.0))
    (3.906976744186047 (0.391 -0.009333333333333334 0.0))
    (3.9079769942485627 (0.391 -0.009333333333333334 0.0))
    (3.908977244311078 (0.391 -0.009333333333333334 0.0))
    (3.9099774943735937 (0.391 -0.009333333333333334 0.0))
    (3.9109777444361096 (0.391 -0.009333333333333334 0.0))
    (3.911977994498625 (0.391 -0.009333333333333334 0.0))
    (3.9129782445611405 (0.391 -0.009333333333333334 0.0))
    (3.9139784946236564 (0.391 -0.009333333333333334 0.0))
    (3.914978744686172 (0.391 -0.009333333333333334 0.0))
    (3.9159789947486874 (0.391 -0.009333333333333334 0.0))
    (3.9169792448112033 (0.391 -0.009333333333333334 0.0))
    (3.9179794948737188 (0.391 -0.009333333333333334 0.0))
    (3.9189797449362347 (0.391 -0.009333333333333334 0.0))
    (3.91997999499875 (0.391 -0.009333333333333334 0.0))
    (3.9209802450612656 (0.391 -0.009333333333333334 0.0))
    (3.9219804951237816 (0.391 -0.009333333333333334 0.0))
    (3.922980745186297 (0.391 -0.009333333333333334 0.0))
    (3.9239809952488125 (0.391 -0.009333333333333334 0.0))
    (3.9249812453113284 (0.391 -0.009333333333333334 0.0))
    (3.925981495373844 (0.391 -0.009333333333333334 0.0))
    (3.9269817454363594 (0.391 -0.009333333333333334 0.0))
    (3.9279819954988753 (0.391 -0.009333333333333334 0.0))
    (3.9289822455613908 (0.391 -0.009333333333333334 0.0))
    (3.9299824956239062 (0.391 -0.009333333333333334 0.0))
    (3.930982745686422 (0.391 -0.009333333333333334 0.0))
    (3.9319829957489376 (0.391 -0.009333333333333334 0.0))
    (3.932983245811453 (0.391 -0.009333333333333334 0.0))
    (3.933983495873969 (0.391 -0.009333333333333334 0.0))
    (3.9349837459364845 (0.391 -0.009333333333333334 0.0))
    (3.935983995999 (0.391 -0.009333333333333334 0.0))
    (3.936984246061516 (0.391 -0.009333333333333334 0.0))
    (3.9379844961240313 (0.391 -0.009333333333333334 0.0))
    (3.9389847461865473 (0.391 -0.009333333333333334 0.0))
    (3.9399849962490627 (0.391 -0.009333333333333334 0.0))
    (3.940985246311578 (0.391 -0.009333333333333334 0.0))
    (3.941985496374094 (0.391 -0.009333333333333334 0.0))
    (3.9429857464366096 (0.391 -0.009333333333333334 0.0))
    (3.943985996499125 (0.391 -0.009333333333333334 0.0))
    (3.944986246561641 (0.391 -0.009333333333333334 0.0))
    (3.9459864966241565 (0.391 -0.009333333333333334 0.0))
    (3.946986746686672 (0.391 -0.009333333333333334 0.0))
    (3.947986996749188 (0.391 -0.009333333333333334 0.0))
    (3.9489872468117033 (0.391 -0.009333333333333334 0.0))
    (3.949987496874219 (0.391 -0.009333333333333334 0.0))
    (3.9509877469367347 (0.391 -0.009333333333333334 0.0))
    (3.95198799699925 (0.391 -0.009333333333333334 0.0))
    (3.9529882470617657 (0.391 -0.009333333333333334 0.0))
    (3.9539884971242816 (0.391 -0.009333333333333334 0.0))
    (3.954988747186797 (0.391 -0.009333333333333334 0.0))
    (3.9559889972493125 (0.391 -0.009333333333333334 0.0))
    (3.9569892473118284 (0.391 -0.009333333333333334 0.0))
    (3.957989497374344 (0.391 -0.009333333333333334 0.0))
    (3.95898974743686 (0.391 -0.009333333333333334 0.0))
    (3.9599899974993753 (0.391 -0.009333333333333334 0.0))
    (3.9609902475618908 (0.391 -0.009333333333333334 0.0))
    (3.9619904976244067 (0.391 -0.009333333333333334 0.0))
    (3.962990747686922 (0.391 -0.009333333333333334 0.0))
    (3.9639909977494376 (0.391 -0.009333333333333334 0.0))
    (3.9649912478119536 (0.391 -0.009333333333333334 0.0))
    (3.965991497874469 (0.391 -0.009333333333333334 0.0))
    (3.9669917479369845 (0.391 -0.009333333333333334 0.0))
    (3.9679919979995004 (0.391 -0.009333333333333334 0.0))
    (3.968992248062016 (0.391 -0.009333333333333334 0.0))
    (3.9699924981245314 (0.391 -0.009333333333333334 0.0))
    (3.9709927481870473 (0.391 -0.009333333333333334 0.0))
    (3.9719929982495628 (0.391 -0.009333333333333334 0.0))
    (3.9729932483120782 (0.391 -0.009333333333333334 0.0))
    (3.973993498374594 (0.391 -0.009333333333333334 0.0))
    (3.9749937484371096 (0.391 -0.009333333333333334 0.0))
    (3.9759939984996255 (0.391 -0.009333333333333334 0.0))
    (3.976994248562141 (0.391 -0.009333333333333334 0.0))
    (3.9779944986246565 (0.391 -0.009333333333333334 0.0))
    (3.9789947486871724 (0.391 -0.009333333333333334 0.0))
    (3.979994998749688 (0.391 -0.009333333333333334 0.0))
    (3.9809952488122033 (0.391 -0.009333333333333334 0.0))
    (3.9819954988747193 (0.391 -0.009333333333333334 0.0))
    (3.9829957489372347 (0.391 -0.009333333333333334 0.0))
    (3.98399599899975 (0.391 -0.009333333333333334 0.0))
    (3.984996249062266 (0.391 -0.009333333333333334 0.0))
    (3.9859964991247816 (0.391 -0.009333333333333334 0.0))
    (3.986996749187297 (0.391 -0.009333333333333334 0.0))
    (3.987996999249813 (0.391 -0.009333333333333334 0.0))
    (3.9889972493123285 (0.391 -0.009333333333333334 0.0))
    (3.989997499374844 (0.391 -0.009333333333333334 0.0))
    (3.99099774943736 (0.391 -0.009333333333333334 0.0))
    (3.9919979994998753 (0.391 -0.009333333333333334 0.0))
    (3.992998249562391 (0.391 -0.009333333333333334 0.0))
    (3.9939984996249067 (0.391 -0.009333333333333334 0.0))
    (3.994998749687422 (0.391 -0.009333333333333334 0.0))
    (3.995998999749938 (0.391 -0.009333333333333334 0.0))
    (3.9969992498124536 (0.391 -0.009333333333333334 0.0))
    (3.997999499874969 (0.391 -0.009333333333333334 0.0))
    (3.998999749937485 (0.391 -0.009333333333333334 0.0))
    (4.0 (0.391 -0.009333333333333334 0.0))
)
