(
    (0.0 (0.429 -0.009333333333333334 0.0))
    (0.001000250062515629 (0.429 -0.009333333333333334 0.0))
    (0.002000500125031258 (0.429 -0.009333333333333334 0.0))
    (0.003000750187546887 (0.429 -0.009333333333333334 0.0))
    (0.004001000250062516 (0.429 -0.009333333333333334 0.0))
    (0.005001250312578145 (0.429 -0.009333333333333334 0.0))
    (0.006001500375093774 (0.429 -0.009333333333333334 0.0))
    (0.007001750437609403 (0.429 -0.009333333333333334 0.0))
    (0.008002000500125032 (0.429 -0.009333333333333334 0.0))
    (0.009002250562640661 (0.429 -0.009333333333333334 0.0))
    (0.01000250062515629 (0.429 -0.009333333333333334 0.0))
    (0.01100275068767192 (0.429 -0.009333333333333334 0.0))
    (0.012003000750187547 (0.429 -0.009333333333333334 0.0))
    (0.013003250812703177 (0.429 -0.009333333333333334 0.0))
    (0.014003500875218806 (0.429 -0.009333333333333334 0.0))
    (0.015003750937734435 (0.429 -0.009333333333333334 0.0))
    (0.016004001000250064 (0.429 -0.009333333333333334 0.0))
    (0.017004251062765693 (0.429 -0.009333333333333334 0.0))
    (0.018004501125281323 (0.429 -0.009333333333333334 0.0))
    (0.019004751187796952 (0.429 -0.009333333333333334 0.0))
    (0.02000500125031258 (0.429 -0.009333333333333334 0.0))
    (0.02100525131282821 (0.429 -0.009333333333333334 0.0))
    (0.02200550137534384 (0.429 -0.009333333333333334 0.0))
    (0.02300575143785947 (0.429 -0.009333333333333334 0.0))
    (0.024006001500375095 (0.429 -0.009333333333333334 0.0))
    (0.025006251562890724 (0.429 -0.009333333333333334 0.0))
    (0.026006501625406353 (0.429 -0.009333333333333334 0.0))
    (0.027006751687921982 (0.429 -0.009333333333333334 0.0))
    (0.02800700175043761 (0.429 -0.009333333333333334 0.0))
    (0.02900725181295324 (0.429 -0.009333333333333334 0.0))
    (0.03000750187546887 (0.429 -0.009333333333333334 0.0))
    (0.0310077519379845 (0.429 -0.009333333333333334 0.0))
    (0.03200800200050013 (0.429 -0.009333333333333334 0.0))
    (0.033008252063015754 (0.429 -0.009333333333333334 0.0))
    (0.03400850212553139 (0.429 -0.009333333333333334 0.0))
    (0.03500875218804701 (0.429 -0.009333333333333334 0.0))
    (0.036009002250562645 (0.429 -0.009333333333333334 0.0))
    (0.03700925231307827 (0.429 -0.009333333333333334 0.0))
    (0.038009502375593904 (0.429 -0.009333333333333334 0.0))
    (0.03900975243810953 (0.429 -0.009333333333333334 0.0))
    (0.04001000250062516 (0.429 -0.009333333333333334 0.0))
    (0.04101025256314079 (0.429 -0.009333333333333334 0.0))
    (0.04201050262565642 (0.429 -0.009333333333333334 0.0))
    (0.043010752688172046 (0.429 -0.009333333333333334 0.0))
    (0.04401100275068768 (0.429 -0.009333333333333334 0.0))
    (0.045011252813203305 (0.429 -0.009333333333333334 0.0))
    (0.04601150287571894 (0.429 -0.009333333333333334 0.0))
    (0.04701175293823456 (0.429 -0.009333333333333334 0.0))
    (0.04801200300075019 (0.429 -0.009333333333333334 0.0))
    (0.04901225306326582 (0.429 -0.009333333333333334 0.0))
    (0.05001250312578145 (0.429 -0.009333333333333334 0.0))
    (0.05101275318829708 (0.429 -0.009333333333333334 0.0))
    (0.052013003250812706 (0.429 -0.009333333333333334 0.0))
    (0.05301325331332834 (0.429 -0.009333333333333334 0.0))
    (0.054013503375843964 (0.429 -0.009333333333333334 0.0))
    (0.0550137534383596 (0.429 -0.009333333333333334 0.0))
    (0.05601400350087522 (0.429 -0.009333333333333334 0.0))
    (0.057014253563390856 (0.429 -0.009333333333333334 0.0))
    (0.05801450362590648 (0.429 -0.009333333333333334 0.0))
    (0.059014753688422114 (0.429 -0.009333333333333334 0.0))
    (0.06001500375093774 (0.429 -0.009333333333333334 0.0))
    (0.06101525381345337 (0.429 -0.009333333333333334 0.0))
    (0.062015503875969 (0.429 -0.009333333333333334 0.0))
    (0.06301575393848463 (0.429 -0.009333333333333334 0.0))
    (0.06401600400100026 (0.429 -0.009333333333333334 0.0))
    (0.06501625406351588 (0.429 -0.009333333333333334 0.0))
    (0.06601650412603151 (0.429 -0.009333333333333334 0.0))
    (0.06701675418854715 (0.429 -0.009333333333333334 0.0))
    (0.06801700425106277 (0.429 -0.009333333333333334 0.0))
    (0.0690172543135784 (0.429 -0.009333333333333334 0.0))
    (0.07001750437609403 (0.429 -0.009333333333333334 0.0))
    (0.07101775443860966 (0.429 -0.009333333333333334 0.0))
    (0.07201800450112529 (0.429 -0.009333333333333334 0.0))
    (0.07301825456364092 (0.429 -0.009333333333333334 0.0))
    (0.07401850462615654 (0.429 -0.009333333333333334 0.0))
    (0.07501875468867218 (0.429 -0.009333333333333334 0.0))
    (0.07601900475118781 (0.429 -0.009333333333333334 0.0))
    (0.07701925481370343 (0.429 -0.009333333333333334 0.0))
    (0.07801950487621906 (0.429 -0.009333333333333334 0.0))
    (0.0790197549387347 (0.429 -0.009333333333333334 0.0))
    (0.08002000500125032 (0.429 -0.009333333333333334 0.0))
    (0.08102025506376595 (0.429 -0.009333333333333334 0.0))
    (0.08202050512628158 (0.429 -0.009333333333333334 0.0))
    (0.0830207551887972 (0.429 -0.009333333333333334 0.0))
    (0.08402100525131284 (0.429 -0.009333333333333334 0.0))
    (0.08502125531382847 (0.429 -0.009333333333333334 0.0))
    (0.08602150537634409 (0.429 -0.009333333333333334 0.0))
    (0.08702175543885972 (0.429 -0.009333333333333334 0.0))
    (0.08802200550137536 (0.429 -0.009333333333333334 0.0))
    (0.08902225556389098 (0.429 -0.009333333333333334 0.0))
    (0.09002250562640661 (0.429 -0.009333333333333334 0.0))
    (0.09102275568892224 (0.429 -0.009333333333333334 0.0))
    (0.09202300575143788 (0.429 -0.009333333333333334 0.0))
    (0.0930232558139535 (0.429 -0.009333333333333334 0.0))
    (0.09402350587646913 (0.429 -0.009333333333333334 0.0))
    (0.09502375593898475 (0.429 -0.009333333333333334 0.0))
    (0.09602400600150038 (0.429 -0.009333333333333334 0.0))
    (0.09702425606401602 (0.429 -0.009333333333333334 0.0))
    (0.09802450612653164 (0.429 -0.009333333333333334 0.0))
    (0.09902475618904727 (0.429 -0.009333333333333334 0.0))
    (0.1000250062515629 (0.429 -0.009333333333333334 0.0))
    (0.10102525631407853 (0.429 -0.009333333333333334 0.0))
    (0.10202550637659416 (0.429 -0.009333333333333334 0.0))
    (0.10302575643910979 (0.429 -0.009333333333333334 0.0))
    (0.10402600650162541 (0.429 -0.009333333333333334 0.0))
    (0.10502625656414105 (0.429 -0.009333333333333334 0.0))
    (0.10602650662665668 (0.429 -0.009333333333333334 0.0))
    (0.1070267566891723 (0.429 -0.009333333333333334 0.0))
    (0.10802700675168793 (0.429 -0.009333333333333334 0.0))
    (0.10902725681420357 (0.429 -0.009333333333333334 0.0))
    (0.1100275068767192 (0.429 -0.009333333333333334 0.0))
    (0.11102775693923482 (0.429 -0.009333333333333334 0.0))
    (0.11202800700175045 (0.429 -0.009333333333333334 0.0))
    (0.11302825706426607 (0.429 -0.009333333333333334 0.0))
    (0.11402850712678171 (0.429 -0.009333333333333334 0.0))
    (0.11502875718929734 (0.429 -0.009333333333333334 0.0))
    (0.11602900725181296 (0.429 -0.009333333333333334 0.0))
    (0.11702925731432859 (0.429 -0.009333333333333334 0.0))
    (0.11802950737684423 (0.429 -0.009333333333333334 0.0))
    (0.11902975743935985 (0.429 -0.009333333333333334 0.0))
    (0.12003000750187548 (0.429 -0.009333333333333334 0.0))
    (0.1210302575643911 (0.429 -0.009333333333333334 0.0))
    (0.12203050762690675 (0.429 -0.009333333333333334 0.0))
    (0.12303075768942237 (0.429 -0.009333333333333334 0.0))
    (0.124031007751938 (0.429 -0.009333333333333334 0.0))
    (0.12503125781445362 (0.429 -0.009333333333333334 0.0))
    (0.12603150787696926 (0.429 -0.009333333333333334 0.0))
    (0.12703175793948487 (0.429 -0.009333333333333334 0.0))
    (0.1280320080020005 (0.429 -0.009333333333333334 0.0))
    (0.12903225806451615 (0.429 -0.009333333333333334 0.0))
    (0.13003250812703177 (0.429 -0.009333333333333334 0.0))
    (0.1310327581895474 (0.429 -0.009333333333333334 0.0))
    (0.13203300825206302 (0.429 -0.009333333333333334 0.0))
    (0.13303325831457866 (0.429 -0.009333333333333334 0.0))
    (0.1340335083770943 (0.429 -0.009333333333333334 0.0))
    (0.1350337584396099 (0.429 -0.009333333333333334 0.0))
    (0.13603400850212555 (0.429 -0.009333333333333334 0.0))
    (0.1370342585646412 (0.429 -0.009333333333333334 0.0))
    (0.1380345086271568 (0.429 -0.009333333333333334 0.0))
    (0.13903475868967244 (0.429 -0.009333333333333334 0.0))
    (0.14003500875218805 (0.429 -0.009333333333333334 0.0))
    (0.1410352588147037 (0.429 -0.009333333333333334 0.0))
    (0.14203550887721933 (0.429 -0.009333333333333334 0.0))
    (0.14303575893973494 (0.429 -0.009333333333333334 0.0))
    (0.14403600900225058 (0.429 -0.009333333333333334 0.0))
    (0.1450362590647662 (0.429 -0.009333333333333334 0.0))
    (0.14603650912728183 (0.429 -0.009333333333333334 0.0))
    (0.14703675918979747 (0.429 -0.009333333333333334 0.0))
    (0.14803700925231308 (0.429 -0.009333333333333334 0.0))
    (0.14903725931482872 (0.429 -0.009333333333333334 0.0))
    (0.15003750937734436 (0.429 -0.009333333333333334 0.0))
    (0.15103775943985998 (0.429 -0.009333333333333334 0.0))
    (0.15203800950237562 (0.429 -0.009333333333333334 0.0))
    (0.15303825956489123 (0.429 -0.009333333333333334 0.0))
    (0.15403850962740687 (0.429 -0.009333333333333334 0.0))
    (0.1550387596899225 (0.429 -0.009333333333333334 0.0))
    (0.15603900975243812 (0.429 -0.009333333333333334 0.0))
    (0.15703925981495376 (0.429 -0.009333333333333334 0.0))
    (0.1580395098774694 (0.429 -0.009333333333333334 0.0))
    (0.159039759939985 (0.429 -0.009333333333333334 0.0))
    (0.16004001000250065 (0.429 -0.009333333333333334 0.0))
    (0.16104026006501626 (0.429 -0.009333333333333334 0.0))
    (0.1620405101275319 (0.429 -0.009333333333333334 0.0))
    (0.16304076019004754 (0.429 -0.009333333333333334 0.0))
    (0.16404101025256315 (0.429 -0.009333333333333334 0.0))
    (0.1650412603150788 (0.429 -0.009333333333333334 0.0))
    (0.1660415103775944 (0.429 -0.009333333333333334 0.0))
    (0.16704176044011004 (0.429 -0.009333333333333334 0.0))
    (0.16804201050262568 (0.429 -0.009333333333333334 0.0))
    (0.1690422605651413 (0.429 -0.009333333333333334 0.0))
    (0.17004251062765693 (0.429 -0.009333333333333334 0.0))
    (0.17104276069017257 (0.429 -0.009333333333333334 0.0))
    (0.17204301075268819 (0.429 -0.009333333333333334 0.0))
    (0.17304326081520383 (0.429 -0.009333333333333334 0.0))
    (0.17404351087771944 (0.429 -0.009333333333333334 0.0))
    (0.17504376094023508 (0.429 -0.009333333333333334 0.0))
    (0.17604401100275072 (0.429 -0.009333333333333334 0.0))
    (0.17704426106526633 (0.429 -0.009333333333333334 0.0))
    (0.17804451112778197 (0.429 -0.009333333333333334 0.0))
    (0.17904476119029758 (0.429 -0.009333333333333334 0.0))
    (0.18004501125281322 (0.429 -0.009333333333333334 0.0))
    (0.18104526131532886 (0.429 -0.009333333333333334 0.0))
    (0.18204551137784447 (0.429 -0.009333333333333334 0.0))
    (0.1830457614403601 (0.429 -0.009333333333333334 0.0))
    (0.18404601150287575 (0.429 -0.009333333333333334 0.0))
    (0.18504626156539136 (0.429 -0.009333333333333334 0.0))
    (0.186046511627907 (0.429 -0.009333333333333334 0.0))
    (0.1870467616904226 (0.429 -0.009333333333333334 0.0))
    (0.18804701175293825 (0.429 -0.009333333333333334 0.0))
    (0.1890472618154539 (0.429 -0.009333333333333334 0.0))
    (0.1900475118779695 (0.429 -0.009333333333333334 0.0))
    (0.19104776194048514 (0.429 -0.009333333333333334 0.0))
    (0.19204801200300076 (0.429 -0.009333333333333334 0.0))
    (0.1930482620655164 (0.429 -0.009333333333333334 0.0))
    (0.19404851212803204 (0.429 -0.009333333333333334 0.0))
    (0.19504876219054765 (0.429 -0.009333333333333334 0.0))
    (0.1960490122530633 (0.429 -0.009333333333333334 0.0))
    (0.19704926231557893 (0.429 -0.009333333333333334 0.0))
    (0.19804951237809454 (0.429 -0.009333333333333334 0.0))
    (0.19904976244061018 (0.429 -0.009333333333333334 0.0))
    (0.2000500125031258 (0.429 -0.009333333333333334 0.0))
    (0.20105026256564143 (0.429 -0.009333333333333334 0.0))
    (0.20205051262815707 (0.429 -0.009333333333333334 0.0))
    (0.20305076269067268 (0.429 -0.009333333333333334 0.0))
    (0.20405101275318832 (0.429 -0.009333333333333334 0.0))
    (0.20505126281570396 (0.429 -0.009333333333333334 0.0))
    (0.20605151287821957 (0.429 -0.009333333333333334 0.0))
    (0.2070517629407352 (0.429 -0.009333333333333334 0.0))
    (0.20805201300325082 (0.429 -0.009333333333333334 0.0))
    (0.20905226306576646 (0.429 -0.009333333333333334 0.0))
    (0.2100525131282821 (0.429 -0.009333333333333334 0.0))
    (0.21105276319079772 (0.429 -0.009333333333333334 0.0))
    (0.21205301325331335 (0.429 -0.009333333333333334 0.0))
    (0.21305326331582897 (0.429 -0.009333333333333334 0.0))
    (0.2140535133783446 (0.429 -0.009333333333333334 0.0))
    (0.21505376344086025 (0.429 -0.009333333333333334 0.0))
    (0.21605401350337586 (0.429 -0.009333333333333334 0.0))
    (0.2170542635658915 (0.429 -0.009333333333333334 0.0))
    (0.21805451362840714 (0.429 -0.009333333333333334 0.0))
    (0.21905476369092275 (0.429 -0.009333333333333334 0.0))
    (0.2200550137534384 (0.429 -0.009333333333333334 0.0))
    (0.221055263815954 (0.429 -0.009333333333333334 0.0))
    (0.22205551387846964 (0.429 -0.009333333333333334 0.0))
    (0.22305576394098528 (0.429 -0.009333333333333334 0.0))
    (0.2240560140035009 (0.429 -0.009333333333333334 0.0))
    (0.22505626406601653 (0.429 -0.009333333333333334 0.0))
    (0.22605651412853214 (0.429 -0.009333333333333334 0.0))
    (0.22705676419104778 (0.429 -0.009333333333333334 0.0))
    (0.22805701425356342 (0.429 -0.009333333333333334 0.0))
    (0.22905726431607903 (0.429 -0.009333333333333334 0.0))
    (0.23005751437859467 (0.429 -0.009333333333333334 0.0))
    (0.2310577644411103 (0.429 -0.009333333333333334 0.0))
    (0.23205801450362593 (0.429 -0.009333333333333334 0.0))
    (0.23305826456614157 (0.429 -0.009333333333333334 0.0))
    (0.23405851462865718 (0.429 -0.009333333333333334 0.0))
    (0.23505876469117282 (0.429 -0.009333333333333334 0.0))
    (0.23605901475368846 (0.429 -0.009333333333333334 0.0))
    (0.23705926481620407 (0.429 -0.009333333333333334 0.0))
    (0.2380595148787197 (0.429 -0.009333333333333334 0.0))
    (0.23905976494123535 (0.429 -0.009333333333333334 0.0))
    (0.24006001500375096 (0.429 -0.009333333333333334 0.0))
    (0.2410602650662666 (0.429 -0.009333333333333334 0.0))
    (0.2420605151287822 (0.429 -0.009333333333333334 0.0))
    (0.24306076519129785 (0.429 -0.009333333333333334 0.0))
    (0.2440610152538135 (0.429 -0.009333333333333334 0.0))
    (0.2450612653163291 (0.429 -0.009333333333333334 0.0))
    (0.24606151537884474 (0.429 -0.009333333333333334 0.0))
    (0.24706176544136035 (0.429 -0.009333333333333334 0.0))
    (0.248062015503876 (0.429 -0.009333333333333334 0.0))
    (0.24906226556639163 (0.429 -0.009333333333333334 0.0))
    (0.25006251562890724 (0.429 -0.009333333333333334 0.0))
    (0.2510627656914229 (0.429 -0.009333333333333334 0.0))
    (0.2520630157539385 (0.429 -0.009333333333333334 0.0))
    (0.25306326581645416 (0.429 -0.009333333333333334 0.0))
    (0.25406351587896975 (0.429 -0.009333333333333334 0.0))
    (0.2550637659414854 (0.429 -0.009333333333333334 0.0))
    (0.256064016004001 (0.429 -0.009333333333333334 0.0))
    (0.25706426606651667 (0.429 -0.009333333333333334 0.0))
    (0.2580645161290323 (0.429 -0.009333333333333334 0.0))
    (0.2590647661915479 (0.429 -0.009333333333333334 0.0))
    (0.26006501625406353 (0.429 -0.009333333333333334 0.0))
    (0.26106526631657917 (0.429 -0.009333333333333334 0.0))
    (0.2620655163790948 (0.429 -0.009333333333333334 0.0))
    (0.26306576644161045 (0.429 -0.009333333333333334 0.0))
    (0.26406601650412603 (0.429 -0.009333333333333334 0.0))
    (0.2650662665666417 (0.429 -0.009333333333333334 0.0))
    (0.2660665166291573 (0.429 -0.009333333333333334 0.0))
    (0.26706676669167295 (0.429 -0.009333333333333334 0.0))
    (0.2680670167541886 (0.429 -0.009333333333333334 0.0))
    (0.26906726681670423 (0.429 -0.009333333333333334 0.0))
    (0.2700675168792198 (0.429 -0.009333333333333334 0.0))
    (0.27106776694173546 (0.429 -0.009333333333333334 0.0))
    (0.2720680170042511 (0.429 -0.009333333333333334 0.0))
    (0.27306826706676673 (0.429 -0.009333333333333334 0.0))
    (0.2740685171292824 (0.429 -0.009333333333333334 0.0))
    (0.27506876719179796 (0.429 -0.009333333333333334 0.0))
    (0.2760690172543136 (0.429 -0.009333333333333334 0.0))
    (0.27706926731682924 (0.429 -0.009333333333333334 0.0))
    (0.2780695173793449 (0.429 -0.009333333333333334 0.0))
    (0.2790697674418605 (0.429 -0.009333333333333334 0.0))
    (0.2800700175043761 (0.429 -0.009333333333333334 0.0))
    (0.28107026756689174 (0.429 -0.009333333333333334 0.0))
    (0.2820705176294074 (0.429 -0.009333333333333334 0.0))
    (0.283070767691923 (0.429 -0.009333333333333334 0.0))
    (0.28407101775443866 (0.429 -0.009333333333333334 0.0))
    (0.28507126781695424 (0.429 -0.009333333333333334 0.0))
    (0.2860715178794699 (0.429 -0.009333333333333334 0.0))
    (0.2870717679419855 (0.429 -0.009333333333333334 0.0))
    (0.28807201800450116 (0.429 -0.009333333333333334 0.0))
    (0.2890722680670168 (0.429 -0.009333333333333334 0.0))
    (0.2900725181295324 (0.429 -0.009333333333333334 0.0))
    (0.291072768192048 (0.429 -0.009333333333333334 0.0))
    (0.29207301825456367 (0.429 -0.009333333333333334 0.0))
    (0.2930732683170793 (0.429 -0.009333333333333334 0.0))
    (0.29407351837959494 (0.429 -0.009333333333333334 0.0))
    (0.2950737684421106 (0.429 -0.009333333333333334 0.0))
    (0.29607401850462617 (0.429 -0.009333333333333334 0.0))
    (0.2970742685671418 (0.429 -0.009333333333333334 0.0))
    (0.29807451862965745 (0.429 -0.009333333333333334 0.0))
    (0.2990747686921731 (0.429 -0.009333333333333334 0.0))
    (0.3000750187546887 (0.429 -0.009333333333333334 0.0))
    (0.3010752688172043 (0.429 -0.009333333333333334 0.0))
    (0.30207551887971995 (0.429 -0.009333333333333334 0.0))
    (0.3030757689422356 (0.429 -0.009333333333333334 0.0))
    (0.30407601900475123 (0.429 -0.009333333333333334 0.0))
    (0.30507626906726687 (0.429 -0.009333333333333334 0.0))
    (0.30607651912978245 (0.429 -0.009333333333333334 0.0))
    (0.3070767691922981 (0.429 -0.009333333333333334 0.0))
    (0.30807701925481373 (0.429 -0.009333333333333334 0.0))
    (0.3090772693173294 (0.429 -0.009333333333333334 0.0))
    (0.310077519379845 (0.429 -0.009333333333333334 0.0))
    (0.3110777694423606 (0.429 -0.009333333333333334 0.0))
    (0.31207801950487624 (0.429 -0.009333333333333334 0.0))
    (0.3130782695673919 (0.429 -0.009333333333333334 0.0))
    (0.3140785196299075 (0.429 -0.009333333333333334 0.0))
    (0.31507876969242316 (0.429 -0.009333333333333334 0.0))
    (0.3160790197549388 (0.429 -0.009333333333333334 0.0))
    (0.3170792698174544 (0.429 -0.009333333333333334 0.0))
    (0.31807951987997 (0.429 -0.009333333333333334 0.0))
    (0.31907976994248566 (0.429 -0.009333333333333334 0.0))
    (0.3200800200050013 (0.429 -0.009333333333333334 0.0))
    (0.32108027006751694 (0.429 -0.009333333333333334 0.0))
    (0.3220805201300325 (0.429 -0.009333333333333334 0.0))
    (0.32308077019254816 (0.429 -0.009333333333333334 0.0))
    (0.3240810202550638 (0.429 -0.009333333333333334 0.0))
    (0.32508127031757944 (0.429 -0.009333333333333334 0.0))
    (0.3260815203800951 (0.429 -0.009333333333333334 0.0))
    (0.32708177044261066 (0.429 -0.009333333333333334 0.0))
    (0.3280820205051263 (0.429 -0.009333333333333334 0.0))
    (0.32908227056764194 (0.429 -0.009333333333333334 0.0))
    (0.3300825206301576 (0.429 -0.009333333333333334 0.0))
    (0.3310827706926732 (0.429 -0.009333333333333334 0.0))
    (0.3320830207551888 (0.429 -0.009333333333333334 0.0))
    (0.33308327081770445 (0.429 -0.009333333333333334 0.0))
    (0.3340835208802201 (0.429 -0.009333333333333334 0.0))
    (0.3350837709427357 (0.429 -0.009333333333333334 0.0))
    (0.33608402100525137 (0.429 -0.009333333333333334 0.0))
    (0.33708427106776695 (0.429 -0.009333333333333334 0.0))
    (0.3380845211302826 (0.429 -0.009333333333333334 0.0))
    (0.33908477119279823 (0.429 -0.009333333333333334 0.0))
    (0.34008502125531387 (0.429 -0.009333333333333334 0.0))
    (0.3410852713178295 (0.429 -0.009333333333333334 0.0))
    (0.34208552138034515 (0.429 -0.009333333333333334 0.0))
    (0.34308577144286073 (0.429 -0.009333333333333334 0.0))
    (0.34408602150537637 (0.429 -0.009333333333333334 0.0))
    (0.345086271567892 (0.429 -0.009333333333333334 0.0))
    (0.34608652163040765 (0.429 -0.009333333333333334 0.0))
    (0.3470867716929233 (0.429 -0.009333333333333334 0.0))
    (0.3480870217554389 (0.429 -0.009333333333333334 0.0))
    (0.3490872718179545 (0.429 -0.009333333333333334 0.0))
    (0.35008752188047015 (0.429 -0.009333333333333334 0.0))
    (0.3510877719429858 (0.429 -0.009333333333333334 0.0))
    (0.35208802200550143 (0.429 -0.009333333333333334 0.0))
    (0.353088272068017 (0.429 -0.009333333333333334 0.0))
    (0.35408852213053266 (0.429 -0.009333333333333334 0.0))
    (0.3550887721930483 (0.429 -0.009333333333333334 0.0))
    (0.35608902225556394 (0.429 -0.009333333333333334 0.0))
    (0.3570892723180796 (0.429 -0.009333333333333334 0.0))
    (0.35808952238059516 (0.429 -0.009333333333333334 0.0))
    (0.3590897724431108 (0.429 -0.009333333333333334 0.0))
    (0.36009002250562644 (0.429 -0.009333333333333334 0.0))
    (0.3610902725681421 (0.429 -0.009333333333333334 0.0))
    (0.3620905226306577 (0.429 -0.009333333333333334 0.0))
    (0.36309077269317336 (0.429 -0.009333333333333334 0.0))
    (0.36409102275568894 (0.429 -0.009333333333333334 0.0))
    (0.3650912728182046 (0.429 -0.009333333333333334 0.0))
    (0.3660915228807202 (0.429 -0.009333333333333334 0.0))
    (0.36709177294323586 (0.429 -0.009333333333333334 0.0))
    (0.3680920230057515 (0.429 -0.009333333333333334 0.0))
    (0.3690922730682671 (0.429 -0.009333333333333334 0.0))
    (0.3700925231307827 (0.429 -0.009333333333333334 0.0))
    (0.37109277319329836 (0.429 -0.009333333333333334 0.0))
    (0.372093023255814 (0.429 -0.009333333333333334 0.0))
    (0.37309327331832964 (0.429 -0.009333333333333334 0.0))
    (0.3740935233808452 (0.429 -0.009333333333333334 0.0))
    (0.37509377344336087 (0.429 -0.009333333333333334 0.0))
    (0.3760940235058765 (0.429 -0.009333333333333334 0.0))
    (0.37709427356839215 (0.429 -0.009333333333333334 0.0))
    (0.3780945236309078 (0.429 -0.009333333333333334 0.0))
    (0.37909477369342337 (0.429 -0.009333333333333334 0.0))
    (0.380095023755939 (0.429 -0.009333333333333334 0.0))
    (0.38109527381845465 (0.429 -0.009333333333333334 0.0))
    (0.3820955238809703 (0.429 -0.009333333333333334 0.0))
    (0.38309577394348593 (0.429 -0.009333333333333334 0.0))
    (0.3840960240060015 (0.429 -0.009333333333333334 0.0))
    (0.38509627406851715 (0.429 -0.009333333333333334 0.0))
    (0.3860965241310328 (0.429 -0.009333333333333334 0.0))
    (0.38709677419354843 (0.429 -0.009333333333333334 0.0))
    (0.38809702425606407 (0.429 -0.009333333333333334 0.0))
    (0.3890972743185797 (0.429 -0.009333333333333334 0.0))
    (0.3900975243810953 (0.429 -0.009333333333333334 0.0))
    (0.39109777444361093 (0.429 -0.009333333333333334 0.0))
    (0.3920980245061266 (0.429 -0.009333333333333334 0.0))
    (0.3930982745686422 (0.429 -0.009333333333333334 0.0))
    (0.39409852463115785 (0.429 -0.009333333333333334 0.0))
    (0.39509877469367344 (0.429 -0.009333333333333334 0.0))
    (0.3960990247561891 (0.429 -0.009333333333333334 0.0))
    (0.3970992748187047 (0.429 -0.009333333333333334 0.0))
    (0.39809952488122036 (0.429 -0.009333333333333334 0.0))
    (0.399099774943736 (0.429 -0.009333333333333334 0.0))
    (0.4001000250062516 (0.429 -0.009333333333333334 0.0))
    (0.4011002750687672 (0.429 -0.009333333333333334 0.0))
    (0.40210052513128286 (0.429 -0.009333333333333334 0.0))
    (0.4031007751937985 (0.429 -0.009333333333333334 0.0))
    (0.40410102525631414 (0.429 -0.009333333333333334 0.0))
    (0.4051012753188297 (0.429 -0.009333333333333334 0.0))
    (0.40610152538134536 (0.429 -0.009333333333333334 0.0))
    (0.407101775443861 (0.429 -0.009333333333333334 0.0))
    (0.40810202550637664 (0.429 -0.009333333333333334 0.0))
    (0.4091022755688923 (0.429 -0.009333333333333334 0.0))
    (0.4101025256314079 (0.429 -0.009333333333333334 0.0))
    (0.4111027756939235 (0.429 -0.009333333333333334 0.0))
    (0.41210302575643915 (0.429 -0.009333333333333334 0.0))
    (0.4131032758189548 (0.429 -0.009333333333333334 0.0))
    (0.4141035258814704 (0.429 -0.009333333333333334 0.0))
    (0.41510377594398606 (0.429 -0.009333333333333334 0.0))
    (0.41610402600650165 (0.429 -0.009333333333333334 0.0))
    (0.4171042760690173 (0.429 -0.009333333333333334 0.0))
    (0.4181045261315329 (0.429 -0.009333333333333334 0.0))
    (0.41910477619404857 (0.429 -0.009333333333333334 0.0))
    (0.4201050262565642 (0.429 -0.009333333333333334 0.0))
    (0.4211052763190798 (0.429 -0.009333333333333334 0.0))
    (0.42210552638159543 (0.429 -0.009333333333333334 0.0))
    (0.42310577644411107 (0.429 -0.009333333333333334 0.0))
    (0.4241060265066267 (0.429 -0.009333333333333334 0.0))
    (0.42510627656914235 (0.429 -0.009333333333333334 0.0))
    (0.42610652663165793 (0.429 -0.009333333333333334 0.0))
    (0.4271067766941736 (0.429 -0.009333333333333334 0.0))
    (0.4281070267566892 (0.429 -0.009333333333333334 0.0))
    (0.42910727681920485 (0.429 -0.009333333333333334 0.0))
    (0.4301075268817205 (0.429 -0.009333333333333334 0.0))
    (0.43110777694423613 (0.429 -0.009333333333333334 0.0))
    (0.4321080270067517 (0.429 -0.009333333333333334 0.0))
    (0.43310827706926736 (0.429 -0.009333333333333334 0.0))
    (0.434108527131783 (0.429 -0.009333333333333334 0.0))
    (0.43510877719429863 (0.429 -0.009333333333333334 0.0))
    (0.4361090272568143 (0.429 -0.009333333333333334 0.0))
    (0.43710927731932986 (0.429 -0.009333333333333334 0.0))
    (0.4381095273818455 (0.429 -0.009333333333333334 0.0))
    (0.43910977744436114 (0.429 -0.009333333333333334 0.0))
    (0.4401100275068768 (0.429 -0.009333333333333334 0.0))
    (0.4411102775693924 (0.429 -0.009333333333333334 0.0))
    (0.442110527631908 (0.429 -0.009333333333333334 0.0))
    (0.44311077769442364 (0.429 -0.009333333333333334 0.0))
    (0.4441110277569393 (0.429 -0.009333333333333334 0.0))
    (0.4451112778194549 (0.429 -0.009333333333333334 0.0))
    (0.44611152788197056 (0.429 -0.009333333333333334 0.0))
    (0.44711177794448614 (0.429 -0.009333333333333334 0.0))
    (0.4481120280070018 (0.429 -0.009333333333333334 0.0))
    (0.4491122780695174 (0.429 -0.009333333333333334 0.0))
    (0.45011252813203306 (0.429 -0.009333333333333334 0.0))
    (0.4511127781945487 (0.429 -0.009333333333333334 0.0))
    (0.4521130282570643 (0.429 -0.009333333333333334 0.0))
    (0.4531132783195799 (0.429 -0.009333333333333334 0.0))
    (0.45411352838209557 (0.429 -0.009333333333333334 0.0))
    (0.4551137784446112 (0.429 -0.009333333333333334 0.0))
    (0.45611402850712685 (0.429 -0.009333333333333334 0.0))
    (0.4571142785696425 (0.429 -0.009333333333333334 0.0))
    (0.45811452863215807 (0.429 -0.009333333333333334 0.0))
    (0.4591147786946737 (0.429 -0.009333333333333334 0.0))
    (0.46011502875718935 (0.429 -0.009333333333333334 0.0))
    (0.461115278819705 (0.429 -0.009333333333333334 0.0))
    (0.4621155288822206 (0.429 -0.009333333333333334 0.0))
    (0.4631157789447362 (0.429 -0.009333333333333334 0.0))
    (0.46411602900725185 (0.429 -0.009333333333333334 0.0))
    (0.4651162790697675 (0.429 -0.009333333333333334 0.0))
    (0.46611652913228313 (0.429 -0.009333333333333334 0.0))
    (0.46711677919479877 (0.429 -0.009333333333333334 0.0))
    (0.46811702925731435 (0.429 -0.009333333333333334 0.0))
    (0.46911727931983 (0.429 -0.009333333333333334 0.0))
    (0.47011752938234563 (0.429 -0.009333333333333334 0.0))
    (0.4711177794448613 (0.429 -0.009333333333333334 0.0))
    (0.4721180295073769 (0.429 -0.009333333333333334 0.0))
    (0.4731182795698925 (0.429 -0.009333333333333334 0.0))
    (0.47411852963240814 (0.429 -0.009333333333333334 0.0))
    (0.4751187796949238 (0.429 -0.009333333333333334 0.0))
    (0.4761190297574394 (0.429 -0.009333333333333334 0.0))
    (0.47711927981995506 (0.429 -0.009333333333333334 0.0))
    (0.4781195298824707 (0.429 -0.009333333333333334 0.0))
    (0.4791197799449863 (0.429 -0.009333333333333334 0.0))
    (0.4801200300075019 (0.429 -0.009333333333333334 0.0))
    (0.48112028007001756 (0.429 -0.009333333333333334 0.0))
    (0.4821205301325332 (0.429 -0.009333333333333334 0.0))
    (0.48312078019504884 (0.429 -0.009333333333333334 0.0))
    (0.4841210302575644 (0.429 -0.009333333333333334 0.0))
    (0.48512128032008006 (0.429 -0.009333333333333334 0.0))
    (0.4861215303825957 (0.429 -0.009333333333333334 0.0))
    (0.48712178044511134 (0.429 -0.009333333333333334 0.0))
    (0.488122030507627 (0.429 -0.009333333333333334 0.0))
    (0.48912228057014256 (0.429 -0.009333333333333334 0.0))
    (0.4901225306326582 (0.429 -0.009333333333333334 0.0))
    (0.49112278069517384 (0.429 -0.009333333333333334 0.0))
    (0.4921230307576895 (0.429 -0.009333333333333334 0.0))
    (0.4931232808202051 (0.429 -0.009333333333333334 0.0))
    (0.4941235308827207 (0.429 -0.009333333333333334 0.0))
    (0.49512378094523635 (0.429 -0.009333333333333334 0.0))
    (0.496124031007752 (0.429 -0.009333333333333334 0.0))
    (0.4971242810702676 (0.429 -0.009333333333333334 0.0))
    (0.49812453113278327 (0.429 -0.009333333333333334 0.0))
    (0.49912478119529885 (0.429 -0.009333333333333334 0.0))
    (0.5001250312578145 (0.429 -0.009333333333333334 0.0))
    (0.5011252813203302 (0.429 -0.009333333333333334 0.0))
    (0.5021255313828458 (0.429 -0.009333333333333334 0.0))
    (0.5031257814453614 (0.429 -0.009333333333333334 0.0))
    (0.504126031507877 (0.429 -0.009333333333333334 0.0))
    (0.5051262815703926 (0.429 -0.009333333333333334 0.0))
    (0.5061265316329083 (0.429 -0.009333333333333334 0.0))
    (0.5071267816954239 (0.429 -0.009333333333333334 0.0))
    (0.5081270317579395 (0.429 -0.009333333333333334 0.0))
    (0.5091272818204552 (0.429 -0.009333333333333334 0.0))
    (0.5101275318829708 (0.429 -0.009333333333333334 0.0))
    (0.5111277819454865 (0.429 -0.009333333333333334 0.0))
    (0.512128032008002 (0.429 -0.009333333333333334 0.0))
    (0.5131282820705176 (0.429 -0.009333333333333334 0.0))
    (0.5141285321330333 (0.429 -0.009333333333333334 0.0))
    (0.5151287821955489 (0.429 -0.009333333333333334 0.0))
    (0.5161290322580646 (0.429 -0.009333333333333334 0.0))
    (0.5171292823205802 (0.429 -0.009333333333333334 0.0))
    (0.5181295323830958 (0.429 -0.009333333333333334 0.0))
    (0.5191297824456115 (0.429 -0.009333333333333334 0.0))
    (0.5201300325081271 (0.429 -0.009333333333333334 0.0))
    (0.5211302825706428 (0.429 -0.009333333333333334 0.0))
    (0.5221305326331583 (0.429 -0.009333333333333334 0.0))
    (0.5231307826956739 (0.429 -0.009333333333333334 0.0))
    (0.5241310327581896 (0.429 -0.009333333333333334 0.0))
    (0.5251312828207052 (0.429 -0.009333333333333334 0.0))
    (0.5261315328832209 (0.429 -0.009333333333333334 0.0))
    (0.5271317829457365 (0.429 -0.009333333333333334 0.0))
    (0.5281320330082521 (0.429 -0.009333333333333334 0.0))
    (0.5291322830707678 (0.429 -0.009333333333333334 0.0))
    (0.5301325331332833 (0.429 -0.009333333333333334 0.0))
    (0.531132783195799 (0.429 -0.009333333333333334 0.0))
    (0.5321330332583146 (0.429 -0.009333333333333334 0.0))
    (0.5331332833208302 (0.429 -0.009333333333333334 0.0))
    (0.5341335333833459 (0.429 -0.009333333333333334 0.0))
    (0.5351337834458615 (0.429 -0.009333333333333334 0.0))
    (0.5361340335083772 (0.429 -0.009333333333333334 0.0))
    (0.5371342835708928 (0.429 -0.009333333333333334 0.0))
    (0.5381345336334085 (0.429 -0.009333333333333334 0.0))
    (0.539134783695924 (0.429 -0.009333333333333334 0.0))
    (0.5401350337584396 (0.429 -0.009333333333333334 0.0))
    (0.5411352838209553 (0.429 -0.009333333333333334 0.0))
    (0.5421355338834709 (0.429 -0.009333333333333334 0.0))
    (0.5431357839459866 (0.429 -0.009333333333333334 0.0))
    (0.5441360340085022 (0.429 -0.009333333333333334 0.0))
    (0.5451362840710178 (0.429 -0.009333333333333334 0.0))
    (0.5461365341335335 (0.429 -0.009333333333333334 0.0))
    (0.547136784196049 (0.429 -0.009333333333333334 0.0))
    (0.5481370342585647 (0.429 -0.009333333333333334 0.0))
    (0.5491372843210803 (0.429 -0.009333333333333334 0.0))
    (0.5501375343835959 (0.429 -0.009333333333333334 0.0))
    (0.5511377844461116 (0.429 -0.009333333333333334 0.0))
    (0.5521380345086272 (0.429 -0.009333333333333334 0.0))
    (0.5531382845711429 (0.429 -0.009333333333333334 0.0))
    (0.5541385346336585 (0.429 -0.009333333333333334 0.0))
    (0.5551387846961741 (0.429 -0.009333333333333334 0.0))
    (0.5561390347586898 (0.429 -0.009333333333333334 0.0))
    (0.5571392848212053 (0.429 -0.009333333333333334 0.0))
    (0.558139534883721 (0.429 -0.009333333333333334 0.0))
    (0.5591397849462366 (0.429 -0.009333333333333334 0.0))
    (0.5601400350087522 (0.429 -0.009333333333333334 0.0))
    (0.5611402850712679 (0.429 -0.009333333333333334 0.0))
    (0.5621405351337835 (0.429 -0.009333333333333334 0.0))
    (0.5631407851962992 (0.429 -0.009333333333333334 0.0))
    (0.5641410352588148 (0.429 -0.009333333333333334 0.0))
    (0.5651412853213303 (0.429 -0.009333333333333334 0.0))
    (0.566141535383846 (0.429 -0.009333333333333334 0.0))
    (0.5671417854463616 (0.429 -0.009333333333333334 0.0))
    (0.5681420355088773 (0.429 -0.009333333333333334 0.0))
    (0.5691422855713929 (0.429 -0.009333333333333334 0.0))
    (0.5701425356339085 (0.429 -0.009333333333333334 0.0))
    (0.5711427856964242 (0.429 -0.009333333333333334 0.0))
    (0.5721430357589398 (0.429 -0.009333333333333334 0.0))
    (0.5731432858214555 (0.429 -0.009333333333333334 0.0))
    (0.574143535883971 (0.429 -0.009333333333333334 0.0))
    (0.5751437859464866 (0.429 -0.009333333333333334 0.0))
    (0.5761440360090023 (0.429 -0.009333333333333334 0.0))
    (0.5771442860715179 (0.429 -0.009333333333333334 0.0))
    (0.5781445361340336 (0.429 -0.009333333333333334 0.0))
    (0.5791447861965492 (0.429 -0.009333333333333334 0.0))
    (0.5801450362590648 (0.429 -0.009333333333333334 0.0))
    (0.5811452863215805 (0.429 -0.009333333333333334 0.0))
    (0.582145536384096 (0.429 -0.009333333333333334 0.0))
    (0.5831457864466117 (0.429 -0.009333333333333334 0.0))
    (0.5841460365091273 (0.429 -0.009333333333333334 0.0))
    (0.585146286571643 (0.429 -0.009333333333333334 0.0))
    (0.5861465366341586 (0.429 -0.009333333333333334 0.0))
    (0.5871467866966742 (0.429 -0.009333333333333334 0.0))
    (0.5881470367591899 (0.429 -0.009333333333333334 0.0))
    (0.5891472868217055 (0.429 -0.009333333333333334 0.0))
    (0.5901475368842212 (0.429 -0.009333333333333334 0.0))
    (0.5911477869467368 (0.429 -0.009333333333333334 0.0))
    (0.5921480370092523 (0.429 -0.009333333333333334 0.0))
    (0.593148287071768 (0.429 -0.009333333333333334 0.0))
    (0.5941485371342836 (0.429 -0.009333333333333334 0.0))
    (0.5951487871967993 (0.429 -0.009333333333333334 0.0))
    (0.5961490372593149 (0.429 -0.009333333333333334 0.0))
    (0.5971492873218305 (0.429 -0.009333333333333334 0.0))
    (0.5981495373843462 (0.429 -0.009333333333333334 0.0))
    (0.5991497874468618 (0.429 -0.009333333333333334 0.0))
    (0.6001500375093775 (0.429 -0.009333333333333334 0.0))
    (0.601150287571893 (0.429 -0.009333333333333334 0.0))
    (0.6021505376344086 (0.429 -0.009333333333333334 0.0))
    (0.6031507876969243 (0.429 -0.009333333333333334 0.0))
    (0.6041510377594399 (0.429 -0.009333333333333334 0.0))
    (0.6051512878219556 (0.429 -0.009333333333333334 0.0))
    (0.6061515378844712 (0.429 -0.009333333333333334 0.0))
    (0.6071517879469868 (0.429 -0.009333333333333334 0.0))
    (0.6081520380095025 (0.429 -0.009333333333333334 0.0))
    (0.609152288072018 (0.429 -0.009333333333333334 0.0))
    (0.6101525381345337 (0.429 -0.009333333333333334 0.0))
    (0.6111527881970493 (0.429 -0.009333333333333334 0.0))
    (0.6121530382595649 (0.429 -0.009333333333333334 0.0))
    (0.6131532883220806 (0.429 -0.009354008153904936 0.0))
    (0.6141535383845962 (0.429 -0.00942383603473652 0.0))
    (0.6151537884471119 (0.429 -0.009493653985962896 0.0))
    (0.6161540385096275 (0.429 -0.009563454347429353 0.0))
    (0.617154288572143 (0.429 -0.009633229460911087 0.0))
    (0.6181545386346587 (0.429 -0.009702971670953405 0.0))
    (0.6191547886971743 (0.429 -0.009772673325711627 0.0))
    (0.62015503875969 (0.429 -0.009842326777790674 0.0))
    (0.6211552888222056 (0.429 -0.009911924385084047 0.0))
    (0.6221555388847212 (0.429 -0.009981458511612343 0.0))
    (0.6231557889472369 (0.429 -0.010050921528361019 0.0))
    (0.6241560390097525 (0.429 -0.010120305814117405 0.0))
    (0.6251562890722682 (0.429 -0.010189603756306913 0.0))
    (0.6261565391347838 (0.429 -0.010258807751828209 0.0))
    (0.6271567891972993 (0.429 -0.01032791020788745 0.0))
    (0.628157039259815 (0.429 -0.0103969035428313 0.0))
    (0.6291572893223306 (0.429 -0.010465780186978753 0.0))
    (0.6301575393848463 (0.429 -0.010534532583451692 0.0))
    (0.6311577894473619 (0.429 -0.01060315318900394 0.0))
    (0.6321580395098776 (0.429 -0.010671634474848944 0.0))
    (0.6331582895723932 (0.429 -0.010739968927485733 0.0))
    (0.6341585396349088 (0.429 -0.010808149049523331 0.0))
    (0.6351587896974245 (0.429 -0.010876167360503319 0.0))
    (0.63615903975994 (0.429 -0.010944016397720533 0.0))
    (0.6371592898224557 (0.429 -0.011011688717041898 0.0))
    (0.6381595398849713 (0.429 -0.01107917689372312 0.0))
    (0.6391597899474869 (0.429 -0.011146473523223328 0.0))
    (0.6401600400100026 (0.429 -0.011213571222017481 0.0))
    (0.6411602900725182 (0.429 -0.01128046262840641 0.0))
    (0.6421605401350339 (0.429 -0.01134714040332458 0.0))
    (0.6431607901975495 (0.429 -0.011413597231145248 0.0))
    (0.644161040260065 (0.429 -0.011479825820483142 0.0))
    (0.6451612903225807 (0.429 -0.011545818904994436 0.0))
    (0.6461615403850963 (0.429 -0.011611569244173961 0.0))
    (0.647161790447612 (0.429 -0.011677069624149647 0.0))
    (0.6481620405101276 (0.429 -0.01174231285847395 0.0))
    (0.6491622905726432 (0.429 -0.011807291788912372 0.0))
    (0.6501625406351589 (0.429 -0.011871999286228814 0.0))
    (0.6511627906976745 (0.429 -0.01193642825096774 0.0))
    (0.6521630407601902 (0.429 -0.01200057161423316 0.0))
    (0.6531632908227057 (0.429 -0.012064422338464139 0.0))
    (0.6541635408852213 (0.429 -0.012127973418206983 0.0))
    (0.655163790947737 (0.429 -0.012191217880883825 0.0))
    (0.6561640410102526 (0.429 -0.01225414878755762 0.0))
    (0.6571642910727683 (0.429 -0.012316759233693492 0.0))
    (0.6581645411352839 (0.429 -0.012379042349916224 0.0))
    (0.6591647911977995 (0.429 -0.012440991302763991 0.0))
    (0.6601650412603152 (0.429 -0.012502599295438076 0.0))
    (0.6611652913228308 (0.429 -0.012563859568548568 0.0))
    (0.6621655413853464 (0.429 -0.012624765400856023 0.0))
    (0.663165791447862 (0.429 -0.012685310110008842 0.0))
    (0.6641660415103776 (0.429 -0.012745487053276477 0.0))
    (0.6651662915728933 (0.429 -0.012805289628278226 0.0))
    (0.6661665416354089 (0.429 -0.012864711273707597 0.0))
    (0.6671667916979246 (0.429 -0.012923745470052244 0.0))
    (0.6681670417604402 (0.429 -0.012982385740309204 0.0))
    (0.6691672918229558 (0.429 -0.01304062565069557 0.0))
    (0.6701675418854715 (0.429 -0.013098458811354373 0.0))
    (0.671167791947987 (0.429 -0.013155878877055625 0.0))
    (0.6721680420105027 (0.429 -0.013212879547892537 0.0))
    (0.6731682920730183 (0.429 -0.013269454569972673 0.0))
    (0.6741685421355339 (0.429 -0.013325597736104148 0.0))
    (0.6751687921980496 (0.429 -0.013381302886476631 0.0))
    (0.6761690422605652 (0.429 -0.013436563909337167 0.0))
    (0.6771692923230809 (0.429 -0.013491374741660768 0.0))
    (0.6781695423855965 (0.429 -0.013545729369815587 0.0))
    (0.6791697924481122 (0.429 -0.013599621830222744 0.0))
    (0.6801700425106277 (0.429 -0.013653046210010594 0.0))
    (0.6811702925731433 (0.429 -0.013705996647663497 0.0))
    (0.682170542635659 (0.429 -0.013758467333664903 0.0))
    (0.6831707926981746 (0.429 -0.013810452511134736 0.0))
    (0.6841710427606903 (0.429 -0.013861946476461055 0.0))
    (0.6851712928232059 (0.429 -0.013912943579925785 0.0))
    (0.6861715428857215 (0.429 -0.013963438226324624 0.0))
    (0.6871717929482372 (0.429 -0.014013424875580913 0.0))
    (0.6881720430107527 (0.429 -0.01406289804335345 0.0))
    (0.6891722930732684 (0.429 -0.014111852301638245 0.0))
    (0.690172543135784 (0.429 -0.014160282279364028 0.0))
    (0.6911727931982996 (0.429 -0.014208182662981576 0.0))
    (0.6921730432608153 (0.429 -0.014255548197046667 0.0))
    (0.6931732933233309 (0.429 -0.014302373684796692 0.0))
    (0.6941735433858466 (0.429 -0.01434865398872084 0.0))
    (0.6951737934483622 (0.429 -0.014394384031123739 0.0))
    (0.6961740435108777 (0.429 -0.014439558794682585 0.0))
    (0.6971742935733934 (0.429 -0.014484173322997621 0.0))
    (0.698174543635909 (0.429 -0.01452822272113591 0.0))
    (0.6991747936984247 (0.429 -0.014571702156168423 0.0))
    (0.7001750437609403 (0.429 -0.01461460685770025 0.0))
    (0.7011752938234559 (0.429 -0.014656932118394032 0.0))
    (0.7021755438859716 (0.429 -0.014698673294486405 0.0))
    (0.7031757939484872 (0.429 -0.014739825806297487 0.0))
    (0.7041760440110029 (0.429 -0.014780385138733376 0.0))
    (0.7051762940735185 (0.429 -0.014820346841781492 0.0))
    (0.706176544136034 (0.429 -0.014859706530998846 0.0))
    (0.7071767941985497 (0.429 -0.014898459887993069 0.0))
    (0.7081770442610653 (0.429 -0.014936602660896199 0.0))
    (0.709177294323581 (0.429 -0.014974130664831208 0.0))
    (0.7101775443860966 (0.429 -0.015011039782371116 0.0))
    (0.7111777944486122 (0.429 -0.01504732596399077 0.0))
    (0.7121780445111279 (0.429 -0.015082985228511127 0.0))
    (0.7131782945736435 (0.429 -0.015118013663536049 0.0))
    (0.7141785446361592 (0.429 -0.015152407425881573 0.0))
    (0.7151787946986747 (0.429 -0.015186162741997546 0.0))
    (0.7161790447611903 (0.429 -0.015219275908381668 0.0))
    (0.717179294823706 (0.429 -0.015251743291985816 0.0))
    (0.7181795448862216 (0.429 -0.015283561330614641 0.0))
    (0.7191797949487373 (0.429 -0.015314726533316413 0.0))
    (0.7201800450112529 (0.429 -0.015345235480766018 0.0))
    (0.7211802950737685 (0.429 -0.015375084825640126 0.0))
    (0.7221805451362842 (0.429 -0.01540427129298445 0.0))
    (0.7231807951987997 (0.429 -0.015432791680573037 0.0))
    (0.7241810452613154 (0.429 -0.015460642859259638 0.0))
    (0.725181295323831 (0.429 -0.01548782177332099 0.0))
    (0.7261815453863467 (0.429 -0.01551432544079211 0.0))
    (0.7271817954488623 (0.429 -0.015540150953793446 0.0))
    (0.7281820455113779 (0.429 -0.01556529547884992 0.0))
    (0.7291822955738936 (0.429 -0.015589756257201815 0.0))
    (0.7301825456364092 (0.429 -0.015613530605107444 0.0))
    (0.7311827956989249 (0.429 -0.01563661591413761 0.0))
    (0.7321830457614404 (0.429 -0.01565900965146178 0.0))
    (0.733183295823956 (0.429 -0.01568070936012599 0.0))
    (0.7341835458864717 (0.429 -0.015701712659322412 0.0))
    (0.7351837959489873 (0.429 -0.015722017244650555 0.0))
    (0.736184046011503 (0.429 -0.015741620888370104 0.0))
    (0.7371842960740186 (0.429 -0.01576052143964534 0.0))
    (0.7381845461365342 (0.429 -0.015778716824781117 0.0))
    (0.7391847961990499 (0.429 -0.015796205047450378 0.0))
    (0.7401850462615654 (0.429 -0.0158129841889132 0.0))
    (0.7411852963240811 (0.429 -0.015829052408227285 0.0))
    (0.7421855463865967 (0.429 -0.01584440794244996 0.0))
    (0.7431857964491123 (0.429 -0.015859049106831592 0.0))
    (0.744186046511628 (0.429 -0.015872974295000446 0.0))
    (0.7451862965741436 (0.429 -0.0158861819791389 0.0))
    (0.7461865466366593 (0.429 -0.015898670710151108 0.0))
    (0.7471867966991749 (0.429 -0.01591043911782196 0.0))
    (0.7481870467616905 (0.429 -0.015921485910967433 0.0))
    (0.7491872968242062 (0.429 -0.015931809877576246 0.0))
    (0.7501875468867217 (0.429 -0.015941409884942845 0.0))
    (0.7511877969492374 (0.429 -0.015950284879791672 0.0))
    (0.752188047011753 (0.429 -0.015958433888392732 0.0))
    (0.7531882970742686 (0.429 -0.01596585601666842 0.0))
    (0.7541885471367843 (0.429 -0.015972550450291622 0.0))
    (0.7551887971992999 (0.429 -0.01597851645477506 0.0))
    (0.7561890472618156 (0.429 -0.015983753375551867 0.0))
    (0.7571892973243312 (0.429 -0.01598826063804742 0.0))
    (0.7581895473868467 (0.429 -0.01599203774774237 0.0))
    (0.7591897974493624 (0.429 -0.01599508429022689 0.0))
    (0.760190047511878 (0.429 -0.015997399931246166 0.0))
    (0.7611902975743937 (0.429 -0.01599898441673705 0.0))
    (0.7621905476369093 (0.429 -0.015999837572855943 0.0))
    (0.7631907976994249 (0.429 -0.015999959305997864 0.0))
    (0.7641910477619406 (0.429 -0.015999349602806724 0.0))
    (0.7651912978244562 (0.429 -0.015998008530176796 0.0))
    (0.7661915478869719 (0.429 -0.01599593623524536 0.0))
    (0.7671917979494874 (0.429 -0.01599313294537658 0.0))
    (0.768192048012003 (0.429 -0.015989598968136537 0.0))
    (0.7691922980745187 (0.429 -0.015985334691259505 0.0))
    (0.7701925481370343 (0.429 -0.015980340582605394 0.0))
    (0.77119279819955 (0.429 -0.01597461719010843 0.0))
    (0.7721930482620656 (0.429 -0.015968165141717026 0.0))
    (0.7731932983245813 (0.429 -0.015960985145324895 0.0))
    (0.7741935483870969 (0.429 -0.01595307798869338 0.0))
    (0.7751937984496124 (0.429 -0.015944444539365027 0.0))
    (0.7761940485121281 (0.429 -0.015935085744568395 0.0))
    (0.7771942985746437 (0.429 -0.015925002631114137 0.0))
    (0.7781945486371594 (0.429 -0.01591419630528233 0.0))
    (0.779194798699675 (0.429 -0.01590266795270111 0.0))
    (0.7801950487621906 (0.429 -0.0158904188382166 0.0))
    (0.7811952988247063 (0.429 -0.015877450305754097 0.0))
    (0.7821955488872219 (0.429 -0.015863763778170673 0.0))
    (0.7831957989497376 (0.429 -0.015849360757099015 0.0))
    (0.7841960490122531 (0.429 -0.015834242822782715 0.0))
    (0.7851962990747687 (0.429 -0.015818411633902865 0.0))
    (0.7861965491372844 (0.429 -0.015801868927396066 0.0))
    (0.7871967991998 (0.429 -0.0157846165182639 0.0))
    (0.7881970492623157 (0.429 -0.01576665629937374 0.0))
    (0.7891972993248313 (0.429 -0.015747990241251123 0.0))
    (0.7901975493873469 (0.429 -0.01572862039186351 0.0))
    (0.7911977994498626 (0.429 -0.015708548876395608 0.0))
    (0.7921980495123782 (0.429 -0.01568777789701622 0.0))
    (0.7931982995748939 (0.429 -0.0156663097326366 0.0))
    (0.7941985496374094 (0.429 -0.015644146738660443 0.0))
    (0.795198799699925 (0.429 -0.01562129134672545 0.0))
    (0.7961990497624407 (0.429 -0.015597746064436532 0.0))
    (0.7971992998249563 (0.429 -0.015573513475090704 0.0))
    (0.798199549887472 (0.429 -0.015548596237393634 0.0))
    (0.7991997999499876 (0.429 -0.01552299708516796 0.0))
    (0.8002000500125032 (0.429 -0.015496718827053328 0.0))
    (0.8012003000750189 (0.429 -0.015469764346198251 0.0))
    (0.8022005501375344 (0.429 -0.015442136599943777 0.0))
    (0.8032008002000501 (0.429 -0.015413838619499019 0.0))
    (0.8042010502625657 (0.429 -0.015384873509608588 0.0))
    (0.8052013003250813 (0.429 -0.015355244448211949 0.0))
    (0.806201550387597 (0.429 -0.015324954686094742 0.0))
    (0.8072018004501126 (0.429 -0.015294007546532137 0.0))
    (0.8082020505126283 (0.429 -0.015262406424924196 0.0))
    (0.8092023005751439 (0.429 -0.015230154788423371 0.0))
    (0.8102025506376594 (0.429 -0.015197256175554064 0.0))
    (0.8112028007001751 (0.429 -0.015163714195824417 0.0))
    (0.8122030507626907 (0.429 -0.015129532529330306 0.0))
    (0.8132033008252064 (0.429 -0.015094714926351529 0.0))
    (0.814203550887722 (0.429 -0.01505926520694039 0.0))
    (0.8152038009502377 (0.429 -0.01502318726050254 0.0))
    (0.8162040510127533 (0.429 -0.014986485045370278 0.0))
    (0.8172043010752689 (0.429 -0.014949162588368224 0.0))
    (0.8182045511377846 (0.429 -0.014911223984371533 0.0))
    (0.8192048012003001 (0.429 -0.014872673395856633 0.0))
    (0.8202050512628158 (0.429 -0.014833515052444497 0.0))
    (0.8212053013253314 (0.429 -0.014793753250436626 0.0))
    (0.822205551387847 (0.429 -0.014753392352343641 0.0))
    (0.8232058014503627 (0.429 -0.014712436786406668 0.0))
    (0.8242060515128783 (0.429 -0.014670891046111485 0.0))
    (0.825206301575394 (0.429 -0.0146287596896955 0.0))
    (0.8262065516379096 (0.429 -0.014586047339647664 0.0))
    (0.8272068017004252 (0.429 -0.014542758682201281 0.0))
    (0.8282070517629408 (0.429 -0.014498898466819867 0.0))
    (0.8292073018254564 (0.429 -0.014454471505676076 0.0))
    (0.8302075518879721 (0.429 -0.01440948267312368 0.0))
    (0.8312078019504877 (0.429 -0.014363936905162824 0.0))
    (0.8322080520130033 (0.429 -0.014317839198898435 0.0))
    (0.833208302075519 (0.429 -0.014271194611991962 0.0))
    (0.8342085521380346 (0.429 -0.014224008262106496 0.0))
    (0.8352088022005503 (0.429 -0.01417628532634524 0.0))
    (0.8362090522630659 (0.429 -0.014128031040683532 0.0))
    (0.8372093023255814 (0.429 -0.01407925069939435 0.0))
    (0.8382095523880971 (0.429 -0.014029949654467449 0.0))
    (0.8392098024506127 (0.429 -0.013980133315022188 0.0))
    (0.8402100525131284 (0.429 -0.013929807146714015 0.0))
    (0.841210302575644 (0.429 -0.013878976671134847 0.0))
    (0.8422105526381596 (0.429 -0.013827647465207218 0.0))
    (0.8432108027006753 (0.429 -0.013775825160572425 0.0))
    (0.8442110527631909 (0.429 -0.013723515442972657 0.0))
    (0.8452113028257066 (0.429 -0.013670724051627135 0.0))
    (0.8462115528882221 (0.429 -0.013617456778602488 0.0))
    (0.8472118029507377 (0.429 -0.013563719468177207 0.0))
    (0.8482120530132534 (0.429 -0.013509518016200468 0.0))
    (0.849212303075769 (0.429 -0.013454858369445277 0.0))
    (0.8502125531382847 (0.429 -0.013399746524955966 0.0))
    (0.8512128032008003 (0.429 -0.013344188529390275 0.0))
    (0.8522130532633159 (0.429 -0.013288190478355883 0.0))
    (0.8532133033258316 (0.429 -0.013231758515741657 0.0))
    (0.8542135533883471 (0.429 -0.013174898833043572 0.0))
    (0.8552138034508628 (0.429 -0.013117617668685366 0.0))
    (0.8562140535133784 (0.429 -0.01305992130733414 0.0))
    (0.857214303575894 (0.429 -0.013001816079210768 0.0))
    (0.8582145536384097 (0.429 -0.01294330835939541 0.0))
    (0.8592148037009253 (0.429 -0.01288440456712807 0.0))
    (0.860215053763441 (0.429 -0.012825111165104253 0.0))
    (0.8612153038259566 (0.429 -0.012765434658765968 0.0))
    (0.8622155538884723 (0.429 -0.01270538159558791 0.0))
    (0.8632158039509878 (0.429 -0.012644958564359161 0.0))
    (0.8642160540135034 (0.429 -0.012584172194460237 0.0))
    (0.8652163040760191 (0.429 -0.01252302915513577 0.0))
    (0.8662165541385347 (0.429 -0.012461536154762793 0.0))
    (0.8672168042010504 (0.429 -0.012399699940114677 0.0))
    (0.868217054263566 (0.429 -0.012337527295620966 0.0))
    (0.8692173043260816 (0.429 -0.012275025042622952 0.0))
    (0.8702175543885973 (0.429 -0.012212200038625307 0.0))
    (0.8712178044511129 (0.429 -0.012149059176543691 0.0))
    (0.8722180545136285 (0.429 -0.012085609383948481 0.0))
    (0.8732183045761441 (0.429 -0.012021857622304722 0.0))
    (0.8742185546386597 (0.429 -0.011957810886208321 0.0))
    (0.8752188047011754 (0.429 -0.01189347620261863 0.0))
    (0.876219054763691 (0.429 -0.011828860630087512 0.0))
    (0.8772193048262067 (0.429 -0.011763971257984836 0.0))
    (0.8782195548887223 (0.429 -0.011698815205720737 0.0))
    (0.8792198049512379 (0.429 -0.011633399621964434 0.0))
    (0.8802200550137536 (0.429 -0.011567731683859932 0.0))
    (0.8812203050762691 (0.429 -0.011501818596238608 0.0))
    (0.8822205551387848 (0.429 -0.01143566759082865 0.0))
    (0.8832208052013004 (0.429 -0.011369285925461705 0.0))
    (0.884221055263816 (0.429 -0.011302680883276506 0.0))
    (0.8852213053263317 (0.429 -0.011235859771919822 0.0))
    (0.8862215553888473 (0.429 -0.011168829922744723 0.0))
    (0.887221805451363 (0.429 -0.011101598690006145 0.0))
    (0.8882220555138786 (0.429 -0.011034173450054082 0.0))
    (0.8892223055763941 (0.429 -0.01096656160052422 0.0))
    (0.8902225556389098 (0.429 -0.010898770559526327 0.0))
    (0.8912228057014254 (0.429 -0.010830807764830386 0.0))
    (0.8922230557639411 (0.429 -0.010762680673050497 0.0))
    (0.8932233058264567 (0.429 -0.010694396758826835 0.0))
    (0.8942235558889723 (0.429 -0.01062596351400549 0.0))
    (0.895223805951488 (0.429 -0.010557388446816538 0.0))
    (0.8962240560140036 (0.429 -0.010488679081050271 0.0))
    (0.8972243060765193 (0.429 -0.01041984295523167 0.0))
    (0.8982245561390348 (0.429 -0.010350887621793372 0.0))
    (0.8992248062015504 (0.429 -0.010281820646246984 0.0))
    (0.9002250562640661 (0.429 -0.01021264960635305 0.0))
    (0.9012253063265817 (0.429 -0.010143382091289682 0.0))
    (0.9022255563890974 (0.429 -0.010074025700819831 0.0))
    (0.903225806451613 (0.429 -0.010004588044457554 0.0))
    (0.9042260565141286 (0.429 -0.00993507674063306 0.0))
    (0.9052263065766443 (0.429 -0.009865499415856864 0.0))
    (0.9062265566391599 (0.429 -0.00979586370388308 0.0))
    (0.9072268067016755 (0.429 -0.009726177244871797 0.0))
    (0.9082270567641911 (0.429 -0.009656447684550911 0.0))
    (0.9092273068267068 (0.429 -0.009586682673377188 0.0))
    (0.9102275568892224 (0.429 -0.009516889865696963 0.0))
    (0.911227806951738 (0.429 -0.00944707691890626 0.0))
    (0.9122280570142537 (0.429 -0.009377251492610709 0.0))
    (0.9132283070767693 (0.429 -0.009333333333333334 0.0))
    (0.914228557139285 (0.429 -0.009333333333333334 0.0))
    (0.9152288072018006 (0.429 -0.009333333333333334 0.0))
    (0.9162290572643161 (0.429 -0.009333333333333334 0.0))
    (0.9172293073268318 (0.429 -0.009333333333333334 0.0))
    (0.9182295573893474 (0.429 -0.009333333333333334 0.0))
    (0.9192298074518631 (0.429 -0.009333333333333334 0.0))
    (0.9202300575143787 (0.429 -0.009333333333333334 0.0))
    (0.9212303075768943 (0.429 -0.009333333333333334 0.0))
    (0.92223055763941 (0.429 -0.009333333333333334 0.0))
    (0.9232308077019256 (0.429 -0.009333333333333334 0.0))
    (0.9242310577644413 (0.429 -0.009333333333333334 0.0))
    (0.9252313078269568 (0.429 -0.009333333333333334 0.0))
    (0.9262315578894724 (0.429 -0.009333333333333334 0.0))
    (0.9272318079519881 (0.429 -0.009333333333333334 0.0))
    (0.9282320580145037 (0.429 -0.009333333333333334 0.0))
    (0.9292323080770194 (0.429 -0.009333333333333334 0.0))
    (0.930232558139535 (0.429 -0.009333333333333334 0.0))
    (0.9312328082020506 (0.429 -0.009333333333333334 0.0))
    (0.9322330582645663 (0.429 -0.009333333333333334 0.0))
    (0.9332333083270818 (0.429 -0.009333333333333334 0.0))
    (0.9342335583895975 (0.429 -0.009333333333333334 0.0))
    (0.9352338084521131 (0.429 -0.009333333333333334 0.0))
    (0.9362340585146287 (0.429 -0.009333333333333334 0.0))
    (0.9372343085771444 (0.429 -0.009333333333333334 0.0))
    (0.93823455863966 (0.429 -0.009333333333333334 0.0))
    (0.9392348087021757 (0.429 -0.009333333333333334 0.0))
    (0.9402350587646913 (0.429 -0.009333333333333334 0.0))
    (0.9412353088272069 (0.429 -0.009333333333333334 0.0))
    (0.9422355588897225 (0.429 -0.009333333333333334 0.0))
    (0.9432358089522381 (0.429 -0.009333333333333334 0.0))
    (0.9442360590147538 (0.429 -0.009333333333333334 0.0))
    (0.9452363090772694 (0.429 -0.009333333333333334 0.0))
    (0.946236559139785 (0.429 -0.009333333333333334 0.0))
    (0.9472368092023007 (0.429 -0.009333333333333334 0.0))
    (0.9482370592648163 (0.429 -0.009333333333333334 0.0))
    (0.949237309327332 (0.429 -0.009333333333333334 0.0))
    (0.9502375593898476 (0.429 -0.009333333333333334 0.0))
    (0.9512378094523631 (0.429 -0.009333333333333334 0.0))
    (0.9522380595148788 (0.429 -0.009333333333333334 0.0))
    (0.9532383095773944 (0.429 -0.009333333333333334 0.0))
    (0.9542385596399101 (0.429 -0.009333333333333334 0.0))
    (0.9552388097024257 (0.429 -0.009333333333333334 0.0))
    (0.9562390597649414 (0.429 -0.009333333333333334 0.0))
    (0.957239309827457 (0.429 -0.009333333333333334 0.0))
    (0.9582395598899726 (0.429 -0.009333333333333334 0.0))
    (0.9592398099524883 (0.429 -0.009333333333333334 0.0))
    (0.9602400600150038 (0.429 -0.009333333333333334 0.0))
    (0.9612403100775195 (0.429 -0.009333333333333334 0.0))
    (0.9622405601400351 (0.429 -0.009333333333333334 0.0))
    (0.9632408102025507 (0.429 -0.009333333333333334 0.0))
    (0.9642410602650664 (0.429 -0.009333333333333334 0.0))
    (0.965241310327582 (0.429 -0.009333333333333334 0.0))
    (0.9662415603900977 (0.429 -0.009333333333333334 0.0))
    (0.9672418104526133 (0.429 -0.009333333333333334 0.0))
    (0.9682420605151288 (0.429 -0.009333333333333334 0.0))
    (0.9692423105776445 (0.429 -0.009333333333333334 0.0))
    (0.9702425606401601 (0.429 -0.009333333333333334 0.0))
    (0.9712428107026758 (0.429 -0.009333333333333334 0.0))
    (0.9722430607651914 (0.429 -0.009333333333333334 0.0))
    (0.973243310827707 (0.429 -0.009333333333333334 0.0))
    (0.9742435608902227 (0.429 -0.009333333333333334 0.0))
    (0.9752438109527383 (0.429 -0.009333333333333334 0.0))
    (0.976244061015254 (0.429 -0.009333333333333334 0.0))
    (0.9772443110777695 (0.429 -0.009333333333333334 0.0))
    (0.9782445611402851 (0.429 -0.009333333333333334 0.0))
    (0.9792448112028008 (0.429 -0.009333333333333334 0.0))
    (0.9802450612653164 (0.429 -0.009333333333333334 0.0))
    (0.9812453113278321 (0.429 -0.009333333333333334 0.0))
    (0.9822455613903477 (0.429 -0.009333333333333334 0.0))
    (0.9832458114528633 (0.429 -0.009333333333333334 0.0))
    (0.984246061515379 (0.429 -0.009333333333333334 0.0))
    (0.9852463115778946 (0.429 -0.009333333333333334 0.0))
    (0.9862465616404102 (0.429 -0.009333333333333334 0.0))
    (0.9872468117029258 (0.429 -0.009333333333333334 0.0))
    (0.9882470617654414 (0.429 -0.009333333333333334 0.0))
    (0.9892473118279571 (0.429 -0.009333333333333334 0.0))
    (0.9902475618904727 (0.429 -0.009333333333333334 0.0))
    (0.9912478119529884 (0.429 -0.009333333333333334 0.0))
    (0.992248062015504 (0.429 -0.009333333333333334 0.0))
    (0.9932483120780196 (0.429 -0.009333333333333334 0.0))
    (0.9942485621405353 (0.429 -0.009333333333333334 0.0))
    (0.9952488122030508 (0.429 -0.009333333333333334 0.0))
    (0.9962490622655665 (0.429 -0.009333333333333334 0.0))
    (0.9972493123280821 (0.429 -0.009333333333333334 0.0))
    (0.9982495623905977 (0.429 -0.009333333333333334 0.0))
    (0.9992498124531134 (0.429 -0.009333333333333334 0.0))
    (1.000250062515629 (0.429 -0.009333333333333334 0.0))
    (1.0012503125781447 (0.429 -0.009333333333333334 0.0))
    (1.0022505626406604 (0.429 -0.009333333333333334 0.0))
    (1.0032508127031758 (0.429 -0.009333333333333334 0.0))
    (1.0042510627656915 (0.429 -0.009333333333333334 0.0))
    (1.0052513128282072 (0.429 -0.009333333333333334 0.0))
    (1.0062515628907227 (0.429 -0.009333333333333334 0.0))
    (1.0072518129532384 (0.429 -0.009333333333333334 0.0))
    (1.008252063015754 (0.429 -0.009333333333333334 0.0))
    (1.0092523130782696 (0.429 -0.009333333333333334 0.0))
    (1.0102525631407853 (0.429 -0.009333333333333334 0.0))
    (1.011252813203301 (0.429 -0.009333333333333334 0.0))
    (1.0122530632658167 (0.429 -0.009333333333333334 0.0))
    (1.0132533133283321 (0.429 -0.009333333333333334 0.0))
    (1.0142535633908478 (0.429 -0.009333333333333334 0.0))
    (1.0152538134533635 (0.429 -0.009333333333333334 0.0))
    (1.016254063515879 (0.429 -0.009333333333333334 0.0))
    (1.0172543135783947 (0.429 -0.009333333333333334 0.0))
    (1.0182545636409104 (0.429 -0.009333333333333334 0.0))
    (1.0192548137034259 (0.429 -0.009333333333333334 0.0))
    (1.0202550637659416 (0.429 -0.009333333333333334 0.0))
    (1.0212553138284572 (0.429 -0.009333333333333334 0.0))
    (1.022255563890973 (0.429 -0.009333333333333334 0.0))
    (1.0232558139534884 (0.429 -0.009333333333333334 0.0))
    (1.024256064016004 (0.429 -0.009333333333333334 0.0))
    (1.0252563140785198 (0.429 -0.009333333333333334 0.0))
    (1.0262565641410353 (0.429 -0.009333333333333334 0.0))
    (1.027256814203551 (0.429 -0.009333333333333334 0.0))
    (1.0282570642660667 (0.429 -0.009333333333333334 0.0))
    (1.0292573143285824 (0.429 -0.009333333333333334 0.0))
    (1.0302575643910978 (0.429 -0.009333333333333334 0.0))
    (1.0312578144536135 (0.429 -0.009333333333333334 0.0))
    (1.0322580645161292 (0.429 -0.009333333333333334 0.0))
    (1.0332583145786447 (0.429 -0.009333333333333334 0.0))
    (1.0342585646411604 (0.429 -0.009333333333333334 0.0))
    (1.035258814703676 (0.429 -0.009333333333333334 0.0))
    (1.0362590647661916 (0.429 -0.009333333333333334 0.0))
    (1.0372593148287073 (0.429 -0.009333333333333334 0.0))
    (1.038259564891223 (0.429 -0.009333333333333334 0.0))
    (1.0392598149537386 (0.429 -0.009333333333333334 0.0))
    (1.0402600650162541 (0.429 -0.009333333333333334 0.0))
    (1.0412603150787698 (0.429 -0.009333333333333334 0.0))
    (1.0422605651412855 (0.429 -0.009333333333333334 0.0))
    (1.043260815203801 (0.429 -0.009333333333333334 0.0))
    (1.0442610652663167 (0.429 -0.009333333333333334 0.0))
    (1.0452613153288324 (0.429 -0.009333333333333334 0.0))
    (1.0462615653913478 (0.429 -0.009333333333333334 0.0))
    (1.0472618154538635 (0.429 -0.009333333333333334 0.0))
    (1.0482620655163792 (0.429 -0.009333333333333334 0.0))
    (1.049262315578895 (0.429 -0.009333333333333334 0.0))
    (1.0502625656414104 (0.429 -0.009333333333333334 0.0))
    (1.051262815703926 (0.429 -0.009333333333333334 0.0))
    (1.0522630657664418 (0.429 -0.009333333333333334 0.0))
    (1.0532633158289573 (0.429 -0.009333333333333334 0.0))
    (1.054263565891473 (0.429 -0.009333333333333334 0.0))
    (1.0552638159539887 (0.429 -0.009333333333333334 0.0))
    (1.0562640660165041 (0.429 -0.009333333333333334 0.0))
    (1.0572643160790198 (0.429 -0.009333333333333334 0.0))
    (1.0582645661415355 (0.429 -0.009333333333333334 0.0))
    (1.0592648162040512 (0.429 -0.009333333333333334 0.0))
    (1.0602650662665667 (0.429 -0.009333333333333334 0.0))
    (1.0612653163290824 (0.429 -0.009333333333333334 0.0))
    (1.062265566391598 (0.429 -0.009333333333333334 0.0))
    (1.0632658164541136 (0.429 -0.009333333333333334 0.0))
    (1.0642660665166292 (0.429 -0.009333333333333334 0.0))
    (1.065266316579145 (0.429 -0.009333333333333334 0.0))
    (1.0662665666416604 (0.429 -0.009333333333333334 0.0))
    (1.0672668167041761 (0.429 -0.009333333333333334 0.0))
    (1.0682670667666918 (0.429 -0.009333333333333334 0.0))
    (1.0692673168292075 (0.429 -0.009333333333333334 0.0))
    (1.070267566891723 (0.429 -0.009333333333333334 0.0))
    (1.0712678169542387 (0.429 -0.009333333333333334 0.0))
    (1.0722680670167544 (0.429 -0.009333333333333334 0.0))
    (1.0732683170792698 (0.429 -0.009333333333333334 0.0))
    (1.0742685671417855 (0.429 -0.009333333333333334 0.0))
    (1.0752688172043012 (0.429 -0.009333333333333334 0.0))
    (1.076269067266817 (0.429 -0.009333333333333334 0.0))
    (1.0772693173293324 (0.429 -0.009333333333333334 0.0))
    (1.078269567391848 (0.429 -0.009333333333333334 0.0))
    (1.0792698174543638 (0.429 -0.009333333333333334 0.0))
    (1.0802700675168793 (0.429 -0.009333333333333334 0.0))
    (1.081270317579395 (0.429 -0.009333333333333334 0.0))
    (1.0822705676419107 (0.429 -0.009333333333333334 0.0))
    (1.0832708177044261 (0.429 -0.009333333333333334 0.0))
    (1.0842710677669418 (0.429 -0.009333333333333334 0.0))
    (1.0852713178294575 (0.429 -0.009333333333333334 0.0))
    (1.0862715678919732 (0.429 -0.009333333333333334 0.0))
    (1.0872718179544887 (0.429 -0.009333333333333334 0.0))
    (1.0882720680170044 (0.429 -0.009333333333333334 0.0))
    (1.08927231807952 (0.429 -0.009333333333333334 0.0))
    (1.0902725681420355 (0.429 -0.009333333333333334 0.0))
    (1.0912728182045512 (0.429 -0.009333333333333334 0.0))
    (1.092273068267067 (0.429 -0.009333333333333334 0.0))
    (1.0932733183295824 (0.429 -0.009333333333333334 0.0))
    (1.094273568392098 (0.429 -0.009333333333333334 0.0))
    (1.0952738184546138 (0.429 -0.009333333333333334 0.0))
    (1.0962740685171295 (0.429 -0.009333333333333334 0.0))
    (1.097274318579645 (0.429 -0.009333333333333334 0.0))
    (1.0982745686421607 (0.429 -0.009333333333333334 0.0))
    (1.0992748187046764 (0.429 -0.009333333333333334 0.0))
    (1.1002750687671918 (0.429 -0.009333333333333334 0.0))
    (1.1012753188297075 (0.429 -0.009333333333333334 0.0))
    (1.1022755688922232 (0.429 -0.009333333333333334 0.0))
    (1.1032758189547387 (0.429 -0.009333333333333334 0.0))
    (1.1042760690172544 (0.429 -0.009333333333333334 0.0))
    (1.10527631907977 (0.429 -0.009333333333333334 0.0))
    (1.1062765691422858 (0.429 -0.009333333333333334 0.0))
    (1.1072768192048013 (0.429 -0.009333333333333334 0.0))
    (1.108277069267317 (0.429 -0.009333333333333334 0.0))
    (1.1092773193298326 (0.429 -0.009333333333333334 0.0))
    (1.1102775693923481 (0.429 -0.009333333333333334 0.0))
    (1.1112778194548638 (0.429 -0.009333333333333334 0.0))
    (1.1122780695173795 (0.429 -0.009333333333333334 0.0))
    (1.113278319579895 (0.429 -0.009333333333333334 0.0))
    (1.1142785696424107 (0.429 -0.009333333333333334 0.0))
    (1.1152788197049264 (0.429 -0.009333333333333334 0.0))
    (1.116279069767442 (0.429 -0.009333333333333334 0.0))
    (1.1172793198299575 (0.429 -0.009333333333333334 0.0))
    (1.1182795698924732 (0.429 -0.009333333333333334 0.0))
    (1.119279819954989 (0.429 -0.009333333333333334 0.0))
    (1.1202800700175044 (0.429 -0.009333333333333334 0.0))
    (1.12128032008002 (0.429 -0.009333333333333334 0.0))
    (1.1222805701425358 (0.429 -0.009333333333333334 0.0))
    (1.1232808202050515 (0.429 -0.009333333333333334 0.0))
    (1.124281070267567 (0.429 -0.009333333333333334 0.0))
    (1.1252813203300827 (0.429 -0.009333333333333334 0.0))
    (1.1262815703925984 (0.429 -0.009333333333333334 0.0))
    (1.1272818204551138 (0.429 -0.009333333333333334 0.0))
    (1.1282820705176295 (0.429 -0.009333333333333334 0.0))
    (1.1292823205801452 (0.429 -0.009333333333333334 0.0))
    (1.1302825706426607 (0.429 -0.009333333333333334 0.0))
    (1.1312828207051764 (0.429 -0.009333333333333334 0.0))
    (1.132283070767692 (0.429 -0.009333333333333334 0.0))
    (1.1332833208302078 (0.429 -0.009333333333333334 0.0))
    (1.1342835708927232 (0.429 -0.009333333333333334 0.0))
    (1.135283820955239 (0.429 -0.009333333333333334 0.0))
    (1.1362840710177546 (0.429 -0.009333333333333334 0.0))
    (1.13728432108027 (0.429 -0.009333333333333334 0.0))
    (1.1382845711427858 (0.429 -0.009333333333333334 0.0))
    (1.1392848212053015 (0.429 -0.009333333333333334 0.0))
    (1.140285071267817 (0.429 -0.009333333333333334 0.0))
    (1.1412853213303327 (0.429 -0.009333333333333334 0.0))
    (1.1422855713928484 (0.429 -0.009333333333333334 0.0))
    (1.143285821455364 (0.429 -0.009333333333333334 0.0))
    (1.1442860715178795 (0.429 -0.009333333333333334 0.0))
    (1.1452863215803952 (0.429 -0.009333333333333334 0.0))
    (1.146286571642911 (0.429 -0.009333333333333334 0.0))
    (1.1472868217054264 (0.429 -0.009333333333333334 0.0))
    (1.148287071767942 (0.429 -0.009333333333333334 0.0))
    (1.1492873218304578 (0.429 -0.009333333333333334 0.0))
    (1.1502875718929733 (0.429 -0.009333333333333334 0.0))
    (1.151287821955489 (0.429 -0.009333333333333334 0.0))
    (1.1522880720180046 (0.429 -0.009333333333333334 0.0))
    (1.1532883220805203 (0.429 -0.009333333333333334 0.0))
    (1.1542885721430358 (0.429 -0.009333333333333334 0.0))
    (1.1552888222055515 (0.429 -0.009333333333333334 0.0))
    (1.1562890722680672 (0.429 -0.009333333333333334 0.0))
    (1.1572893223305827 (0.429 -0.009333333333333334 0.0))
    (1.1582895723930984 (0.429 -0.009333333333333334 0.0))
    (1.159289822455614 (0.429 -0.009333333333333334 0.0))
    (1.1602900725181295 (0.429 -0.009333333333333334 0.0))
    (1.1612903225806452 (0.429 -0.009333333333333334 0.0))
    (1.162290572643161 (0.429 -0.009333333333333334 0.0))
    (1.1632908227056766 (0.429 -0.009333333333333334 0.0))
    (1.164291072768192 (0.429 -0.009333333333333334 0.0))
    (1.1652913228307078 (0.429 -0.009333333333333334 0.0))
    (1.1662915728932235 (0.429 -0.009333333333333334 0.0))
    (1.167291822955739 (0.429 -0.009333333333333334 0.0))
    (1.1682920730182547 (0.429 -0.009333333333333334 0.0))
    (1.1692923230807704 (0.429 -0.009333333333333334 0.0))
    (1.170292573143286 (0.429 -0.009333333333333334 0.0))
    (1.1712928232058015 (0.429 -0.009333333333333334 0.0))
    (1.1722930732683172 (0.429 -0.009333333333333334 0.0))
    (1.173293323330833 (0.429 -0.009333333333333334 0.0))
    (1.1742935733933484 (0.429 -0.009333333333333334 0.0))
    (1.175293823455864 (0.429 -0.009333333333333334 0.0))
    (1.1762940735183798 (0.429 -0.009333333333333334 0.0))
    (1.1772943235808953 (0.429 -0.009333333333333334 0.0))
    (1.178294573643411 (0.429 -0.009333333333333334 0.0))
    (1.1792948237059266 (0.429 -0.009333333333333334 0.0))
    (1.1802950737684423 (0.429 -0.009333333333333334 0.0))
    (1.1812953238309578 (0.429 -0.009333333333333334 0.0))
    (1.1822955738934735 (0.429 -0.009333333333333334 0.0))
    (1.1832958239559892 (0.429 -0.009333333333333334 0.0))
    (1.1842960740185047 (0.429 -0.009333333333333334 0.0))
    (1.1852963240810204 (0.429 -0.009333333333333334 0.0))
    (1.186296574143536 (0.429 -0.009333333333333334 0.0))
    (1.1872968242060515 (0.429 -0.009333333333333334 0.0))
    (1.1882970742685672 (0.429 -0.009333333333333334 0.0))
    (1.189297324331083 (0.429 -0.009333333333333334 0.0))
    (1.1902975743935986 (0.429 -0.009333333333333334 0.0))
    (1.191297824456114 (0.429 -0.009333333333333334 0.0))
    (1.1922980745186298 (0.429 -0.009333333333333334 0.0))
    (1.1932983245811455 (0.429 -0.009333333333333334 0.0))
    (1.194298574643661 (0.429 -0.009333333333333334 0.0))
    (1.1952988247061767 (0.429 -0.009333333333333334 0.0))
    (1.1962990747686923 (0.429 -0.009333333333333334 0.0))
    (1.1972993248312078 (0.429 -0.009333333333333334 0.0))
    (1.1982995748937235 (0.429 -0.009333333333333334 0.0))
    (1.1992998249562392 (0.429 -0.009333333333333334 0.0))
    (1.200300075018755 (0.429 -0.009333333333333334 0.0))
    (1.2013003250812704 (0.429 -0.009333333333333334 0.0))
    (1.202300575143786 (0.429 -0.009333333333333334 0.0))
    (1.2033008252063018 (0.429 -0.009333333333333334 0.0))
    (1.2043010752688172 (0.429 -0.009333333333333334 0.0))
    (1.205301325331333 (0.429 -0.009333333333333334 0.0))
    (1.2063015753938486 (0.429 -0.009333333333333334 0.0))
    (1.207301825456364 (0.429 -0.009333333333333334 0.0))
    (1.2083020755188798 (0.429 -0.009333333333333334 0.0))
    (1.2093023255813955 (0.429 -0.009333333333333334 0.0))
    (1.2103025756439112 (0.429 -0.009333333333333334 0.0))
    (1.2113028257064267 (0.429 -0.009333333333333334 0.0))
    (1.2123030757689424 (0.429 -0.009333333333333334 0.0))
    (1.213303325831458 (0.429 -0.00936448266786625 0.0))
    (1.2143035758939735 (0.429 -0.00943430954764424 0.0))
    (1.2153038259564892 (0.429 -0.009504125348703828 0.0))
    (1.216304076019005 (0.429 -0.009573922411126212 0.0))
    (1.2173043260815206 (0.429 -0.009643693077048548 0.0))
    (1.218304576144036 (0.429 -0.00971342969150409 0.0))
    (1.2193048262065518 (0.429 -0.00978312460326212 0.0))
    (1.2203050762690675 (0.429 -0.009852770165667345 0.0))
    (1.221305326331583 (0.429 -0.0099223587374789 0.0))
    (1.2223055763940986 (0.429 -0.009991882683708736 0.0))
    (1.2233058264566143 (0.429 -0.010061334376459225 0.0))
    (1.2243060765191298 (0.429 -0.010130706195760135 0.0))
    (1.2253063265816455 (0.429 -0.010199990530404658 0.0))
    (1.2263065766441612 (0.429 -0.010269179778784426 0.0))
    (1.227306826706677 (0.429 -0.01033826634972358 0.0))
    (1.2283070767691924 (0.429 -0.010407242663311635 0.0))
    (1.229307326831708 (0.429 -0.010476101151735131 0.0))
    (1.2303075768942238 (0.429 -0.010544834260107902 0.0))
    (1.2313078269567392 (0.429 -0.010613434447299983 0.0))
    (1.232308077019255 (0.429 -0.010681894186765063 0.0))
    (1.2333083270817706 (0.429 -0.010750205967366155 0.0))
    (1.234308577144286 (0.429 -0.010818362294199748 0.0))
    (1.2353088272068018 (0.429 -0.010886355689418165 0.0))
    (1.2363090772693175 (0.429 -0.010954178693049899 0.0))
    (1.2373093273318332 (0.429 -0.01102182386381817 0.0))
    (1.2383095773943487 (0.429 -0.011089283779957305 0.0))
    (1.2393098274568644 (0.429 -0.01115655104002711 0.0))
    (1.24031007751938 (0.429 -0.01122361826372481 0.0))
    (1.2413103275818955 (0.429 -0.011290478092694846 0.0))
    (1.2423105776444112 (0.429 -0.011357123191336256 0.0))
    (1.243310827706927 (0.429 -0.011423546247607403 0.0))
    (1.2443110777694424 (0.429 -0.011489739973828282 0.0))
    (1.245311327831958 (0.429 -0.011555697107480136 0.0))
    (1.2463115778944738 (0.429 -0.01162141041200218 0.0))
    (1.2473118279569895 (0.429 -0.011686872677585631 0.0))
    (1.248312078019505 (0.429 -0.011752076721964705 0.0))
    (1.2493123280820206 (0.429 -0.0118170153912047 0.0))
    (1.2503125781445363 (0.429 -0.011881681560486796 0.0))
    (1.2513128282070518 (0.429 -0.011946068134889805 0.0))
    (1.2523130782695675 (0.429 -0.012010168050168659 0.0))
    (1.2533133283320832 (0.429 -0.012073974273529365 0.0))
    (1.2543135783945987 (0.429 -0.012137479804400669 0.0))
    (1.2553138284571144 (0.429 -0.012200677675202175 0.0))
    (1.25631407851963 (0.429 -0.012263560952108716 0.0))
    (1.2573143285821458 (0.429 -0.012326122735811153 0.0))
    (1.2583145786446612 (0.429 -0.012388356162273325 0.0))
    (1.259314828707177 (0.429 -0.012450254403485196 0.0))
    (1.2603150787696926 (0.429 -0.01251181066821191 0.0))
    (1.261315328832208 (0.429 -0.012573018202738942 0.0))
    (1.2623155788947238 (0.429 -0.012633870291613145 0.0))
    (1.2633158289572395 (0.429 -0.012694360258379434 0.0))
    (1.2643160790197552 (0.429 -0.012754481466313377 0.0))
    (1.2653163290822707 (0.429 -0.012814227319149312 0.0))
    (1.2663165791447863 (0.429 -0.012873591261804132 0.0))
    (1.267316829207302 (0.429 -0.012932566781096385 0.0))
    (1.2683170792698175 (0.429 -0.012991147406460922 0.0))
    (1.2693173293323332 (0.429 -0.013049326710658872 0.0))
    (1.270317579394849 (0.429 -0.013107098310482714 0.0))
    (1.2713178294573644 (0.429 -0.013164455867456676 0.0))
    (1.27231807951988 (0.429 -0.013221393088532202 0.0))
    (1.2733183295823958 (0.429 -0.013277903726778315 0.0))
    (1.2743185796449115 (0.429 -0.013333981582067065 0.0))
    (1.275318829707427 (0.429 -0.013389620501753756 0.0))
    (1.2763190797699426 (0.429 -0.013444814381352047 0.0))
    (1.2773193298324583 (0.429 -0.013499557165203624 0.0))
    (1.2783195798949738 (0.429 -0.013553842847142651 0.0))
    (1.2793198299574895 (0.429 -0.013607665471154773 0.0))
    (1.2803200800200052 (0.429 -0.013661019132030524 0.0))
    (1.2813203300825207 (0.429 -0.013713897976013245 0.0))
    (1.2823205801450364 (0.429 -0.013766296201441392 0.0))
    (1.283320830207552 (0.429 -0.013818208059384976 0.0))
    (1.2843210802700677 (0.429 -0.013869627854276381 0.0))
    (1.2853213303325832 (0.429 -0.013920549944535222 0.0))
    (1.286321580395099 (0.429 -0.013970968743187376 0.0))
    (1.2873218304576146 (0.429 -0.014020878718477887 0.0))
    (1.28832208052013 (0.429 -0.014070274394477916 0.0))
    (1.2893223305826458 (0.429 -0.014119150351685589 0.0))
    (1.2903225806451615 (0.429 -0.014167501227620526 0.0))
    (1.291322830707677 (0.429 -0.01421532171741222 0.0))
    (1.2923230807701926 (0.429 -0.014262606574382115 0.0))
    (1.2933233308327083 (0.429 -0.014309350610619175 0.0))
    (1.294323580895224 (0.429 -0.014355548697549129 0.0))
    (1.2953238309577395 (0.429 -0.014401195766497123 0.0))
    (1.2963240810202552 (0.429 -0.014446286809243907 0.0))
    (1.297324331082771 (0.429 -0.014490816878575223 0.0))
    (1.2983245811452864 (0.429 -0.014534781088824649 0.0))
    (1.299324831207802 (0.429 -0.014578174616409645 0.0))
    (1.3003250812703178 (0.429 -0.014620992700360743 0.0))
    (1.3013253313328332 (0.429 -0.01466323064284391 0.0))
    (1.302325581395349 (0.429 -0.014704883809676005 0.0))
    (1.3033258314578646 (0.429 -0.014745947630833185 0.0))
    (1.3043260815203803 (0.429 -0.014786417600952338 0.0))
    (1.3053263315828958 (0.429 -0.014826289279825367 0.0))
    (1.3063265816454115 (0.429 -0.014865558292886397 0.0))
    (1.3073268317079272 (0.429 -0.014904220331691684 0.0))
    (1.3083270817704427 (0.429 -0.014942271154392348 0.0))
    (1.3093273318329584 (0.429 -0.01497970658619978 0.0))
    (1.310327581895474 (0.429 -0.015016522519843657 0.0))
    (1.3113278319579897 (0.429 -0.015052714916022603 0.0))
    (1.3123280820205052 (0.429 -0.015088279803847335 0.0))
    (1.313328332083021 (0.429 -0.01512321328127638 0.0))
    (1.3143285821455366 (0.429 -0.01515751151554414 0.0))
    (1.315328832208052 (0.429 -0.015191170743581436 0.0))
    (1.3163290822705678 (0.429 -0.015224187272428386 0.0))
    (1.3173293323330835 (0.429 -0.015256557479639552 0.0))
    (1.318329582395599 (0.429 -0.015288277813681405 0.0))
    (1.3193298324581146 (0.429 -0.015319344794321985 0.0))
    (1.3203300825206303 (0.429 -0.015349755013012726 0.0))
    (1.321330332583146 (0.429 -0.015379505133262427 0.0))
    (1.3223305826456615 (0.429 -0.015408591891003338 0.0))
    (1.3233308327081772 (0.429 -0.01543701209494927 0.0))
    (1.324331082770693 (0.429 -0.015464762626945724 0.0))
    (1.3253313328332084 (0.429 -0.015491840442312 0.0))
    (1.326331582895724 (0.429 -0.015518242570175284 0.0))
    (1.3273318329582398 (0.429 -0.015543966113796544 0.0))
    (1.3283320830207552 (0.429 -0.015569008250888389 0.0))
    (1.329332333083271 (0.429 -0.015593366233924717 0.0))
    (1.3303325831457866 (0.429 -0.01561703739044214 0.0))
    (1.3313328332083023 (0.429 -0.01564001912333322 0.0))
    (1.3323330832708178 (0.429 -0.015662308911131392 0.0))
    (1.3333333333333335 (0.429 -0.015683904308287644 0.0))
    (1.3343335833958492 (0.429 -0.01570480294543879 0.0))
    (1.3353338334583646 (0.429 -0.01572500252966745 0.0))
    (1.3363340835208803 (0.429 -0.015744500844753633 0.0))
    (1.337334333583396 (0.429 -0.015763295751417866 0.0))
    (1.3383345836459115 (0.429 -0.01578138518755591 0.0))
    (1.3393348337084272 (0.429 -0.01579876716846504 0.0))
    (1.340335083770943 (0.429 -0.015815439787061746 0.0))
    (1.3413353338334586 (0.429 -0.015831401214091018 0.0))
    (1.342335583895974 (0.429 -0.01584664969832701 0.0))
    (1.3433358339584898 (0.429 -0.015861183566765212 0.0))
    (1.3443360840210055 (0.429 -0.015875001224805965 0.0))
    (1.345336334083521 (0.429 -0.01588810115642945 0.0))
    (1.3463365841460366 (0.429 -0.015900481924362005 0.0))
    (1.3473368342085523 (0.429 -0.015912142170233803 0.0))
    (1.3483370842710678 (0.429 -0.01592308061472792 0.0))
    (1.3493373343335835 (0.429 -0.015933296057720675 0.0))
    (1.3503375843960992 (0.429 -0.015942787378413297 0.0))
    (1.3513378344586149 (0.429 -0.015951553535454906 0.0))
    (1.3523380845211304 (0.429 -0.01595959356705677 0.0))
    (1.353338334583646 (0.429 -0.01596690659109782 0.0))
    (1.3543385846461617 (0.429 -0.015973491805221434 0.0))
    (1.3553388347086772 (0.429 -0.01597934848692347 0.0))
    (1.356339084771193 (0.429 -0.015984475993631543 0.0))
    (1.3573393348337086 (0.429 -0.01598887376277551 0.0))
    (1.3583395848962243 (0.429 -0.0159925413118492 0.0))
    (1.3593398349587398 (0.429 -0.015995478238463368 0.0))
    (1.3603400850212555 (0.429 -0.01599768422038982 0.0))
    (1.3613403350837712 (0.429 -0.015999159015596776 0.0))
    (1.3623405851462866 (0.429 -0.01599990246227543 0.0))
    (1.3633408352088023 (0.429 -0.015999914478857697 0.0))
    (1.364341085271318 (0.429 -0.015999195064025168 0.0))
    (1.3653413353338335 (0.429 -0.015997744296709242 0.0))
    (1.3663415853963492 (0.429 -0.01599556233608248 0.0))
    (1.367341835458865 (0.429 -0.015992649421541136 0.0))
    (1.3683420855213806 (0.429 -0.01598900587267889 0.0))
    (1.369342335583896 (0.429 -0.015984632089251792 0.0))
    (1.3703425856464118 (0.429 -0.015979528551134374 0.0))
    (1.3713428357089275 (0.429 -0.015973695818267047 0.0))
    (1.372343085771443 (0.429 -0.015967134530594625 0.0))
    (1.3733433358339586 (0.429 -0.01595984540799613 0.0))
    (1.3743435858964743 (0.429 -0.015951829250205808 0.0))
    (1.3753438359589898 (0.429 -0.015943086936725387 0.0))
    (1.3763440860215055 (0.429 -0.015933619426727583 0.0))
    (1.3773443360840212 (0.429 -0.01592342775895085 0.0))
    (1.3783445861465369 (0.429 -0.015912513051585437 0.0))
    (1.3793448362090523 (0.429 -0.01590087650215068 0.0))
    (1.380345086271568 (0.429 -0.015888519387363624 0.0))
    (1.3813453363340837 (0.429 -0.015875443062998963 0.0))
    (1.3823455863965992 (0.429 -0.01586164896374026 0.0))
    (1.383345836459115 (0.429 -0.01584713860302256 0.0))
    (1.3843460865216306 (0.429 -0.01583191357286634 0.0))
    (1.385346336584146 (0.429 -0.01581597554370283 0.0))
    (1.3863465866466618 (0.429 -0.01579932626419074 0.0))
    (1.3873468367091775 (0.429 -0.01578196756102442 0.0))
    (1.3883470867716932 (0.429 -0.015763901338733413 0.0))
    (1.3893473368342086 (0.429 -0.015745129579473546 0.0))
    (1.3903475868967243 (0.429 -0.015725654342809387 0.0))
    (1.39134783695924 (0.429 -0.015705477765488335 0.0))
    (1.3923480870217555 (0.429 -0.01568460206120617 0.0))
    (1.3933483370842712 (0.429 -0.015663029520364156 0.0))
    (1.3943485871467869 (0.429 -0.015640762509817763 0.0))
    (1.3953488372093024 (0.429 -0.015617803472616994 0.0))
    (1.396349087271818 (0.429 -0.015594154927738312 0.0))
    (1.3973493373343338 (0.429 -0.015569819469808299 0.0))
    (1.3983495873968494 (0.429 -0.015544799768818975 0.0))
    (1.399349837459365 (0.429 -0.015519098569834851 0.0))
    (1.4003500875218806 (0.429 -0.015492718692691736 0.0))
    (1.4013503375843963 (0.429 -0.0154656630316874 0.0))
    (1.4023505876469118 (0.429 -0.015437934555263988 0.0))
    (1.4033508377094275 (0.429 -0.015409536305682318 0.0))
    (1.4043510877719432 (0.429 -0.015380471398688155 0.0))
    (1.4053513378344589 (0.429 -0.015350743023170306 0.0))
    (1.4063515878969743 (0.429 -0.015320354440810792 0.0))
    (1.40735183795949 (0.429 -0.015289308985726936 0.0))
    (1.4083520880220057 (0.429 -0.0152576100641056 0.0))
    (1.4093523380845212 (0.429 -0.015225261153829484 0.0))
    (1.410352588147037 (0.429 -0.015192265804095481 0.0))
    (1.4113528382095526 (0.429 -0.015158627635025328 0.0))
    (1.412353088272068 (0.429 -0.01512435033726843 0.0))
    (1.4133533383345838 (0.429 -0.015089437671596869 0.0))
    (1.4143535883970995 (0.429 -0.015053893468492854 0.0))
    (1.4153538384596152 (0.429 -0.015017721627728433 0.0))
    (1.4163540885221306 (0.429 -0.014980926117937622 0.0))
    (1.4173543385846463 (0.429 -0.014943510976180954 0.0))
    (1.418354588647162 (0.429 -0.01490548030750262 0.0))
    (1.4193548387096775 (0.429 -0.014866838284480018 0.0))
    (1.4203550887721932 (0.429 -0.014827589146765949 0.0))
    (1.4213553388347089 (0.429 -0.014787737200623522 0.0))
    (1.4223555888972244 (0.429 -0.014747286818453633 0.0))
    (1.42335583895974 (0.429 -0.01470624243831523 0.0))
    (1.4243560890222557 (0.429 -0.014664608563438458 0.0))
    (1.4253563390847714 (0.429 -0.014622389761730501 0.0))
    (1.426356589147287 (0.429 -0.014579590665274481 0.0))
    (1.4273568392098026 (0.429 -0.014536215969821166 0.0))
    (1.4283570892723183 (0.429 -0.014492270434273834 0.0))
    (1.4293573393348338 (0.429 -0.014447758880166143 0.0))
    (1.4303575893973495 (0.429 -0.014402686191133069 0.0))
    (1.4313578394598652 (0.429 -0.014357057312375156 0.0))
    (1.4323580895223806 (0.429 -0.014310877250115948 0.0))
    (1.4333583395848963 (0.429 -0.014264151071052663 0.0))
    (1.434358589647412 (0.429 -0.014216883901800353 0.0))
    (1.4353588397099277 (0.429 -0.01416908092832943 0.0))
    (1.4363590897724432 (0.429 -0.014120747395396656 0.0))
    (1.437359339834959 (0.429 -0.014071888605969687 0.0))
    (1.4383595898974746 (0.429 -0.014022509920645338 0.0))
    (1.43935983995999 (0.429 -0.01397261675706135 0.0))
    (1.4403600900225058 (0.429 -0.013922214589302026 0.0))
    (1.4413603400850215 (0.429 -0.01387130894729764 0.0))
    (1.442360590147537 (0.429 -0.0138199054162177 0.0))
    (1.4433608402100526 (0.429 -0.013768009635858176 0.0))
    (1.4443610902725683 (0.429 -0.013715627300022713 0.0))
    (1.445361340335084 (0.429 -0.013662764155897934 0.0))
    (1.4463615903975995 (0.429 -0.013609426003422909 0.0))
    (1.4473618404601152 (0.429 -0.013555618694652726 0.0))
    (1.4483620905226309 (0.429 -0.013501348133116537 0.0))
    (1.4493623405851463 (0.429 -0.01344662027316977 0.0))
    (1.450362590647662 (0.429 -0.013391441119340826 0.0))
    (1.4513628407101777 (0.429 -0.01333581672567238 0.0))
    (1.4523630907726934 (0.429 -0.013279753195057054 0.0))
    (1.453363340835209 (0.429 -0.013223256678567883 0.0))
    (1.4543635908977246 (0.429 -0.013166333374783432 0.0))
    (1.4553638409602403 (0.429 -0.013108989529107712 0.0))
    (1.4563640910227558 (0.429 -0.013051231433084957 0.0))
    (1.4573643410852715 (0.429 -0.012993065423709342 0.0))
    (1.4583645911477872 (0.429 -0.012934497882729703 0.0))
    (1.4593648412103026 (0.429 -0.012875535235949406 0.0))
    (1.4603650912728183 (0.429 -0.012816183952521232 0.0))
    (1.461365341335334 (0.429 -0.012756450544237696 0.0))
    (1.4623655913978497 (0.429 -0.01269634156481659 0.0))
    (1.4633658414603652 (0.429 -0.012635863609181891 0.0))
    (1.4643660915228809 (0.429 -0.012575023312740193 0.0))
    (1.4653663415853966 (0.429 -0.012513827350652765 0.0))
    (1.466366591647912 (0.429 -0.012452282437103114 0.0))
    (1.4673668417104277 (0.429 -0.012390395324560306 0.0))
    (1.4683670917729434 (0.429 -0.012328172803038218 0.0))
    (1.469367341835459 (0.429 -0.012265621699350469 0.0))
    (1.4703675918979746 (0.429 -0.012202748876361405 0.0))
    (1.4713678419604903 (0.429 -0.01213956123223323 0.0))
    (1.472368092023006 (0.429 -0.012076065699669047 0.0))
    (1.4733683420855215 (0.429 -0.012012269245152338 0.0))
    (1.4743685921480372 (0.429 -0.011948178868182512 0.0))
    (1.4753688422105529 (0.429 -0.011883801600507036 0.0))
    (1.4763690922730683 (0.429 -0.011819144505349946 0.0))
    (1.477369342335584 (0.429 -0.011754214676636803 0.0))
    (1.4783695923980997 (0.429 -0.011689019238216464 0.0))
    (1.4793698424606152 (0.429 -0.011623565343079484 0.0))
    (1.480370092523131 (0.429 -0.011557860172573223 0.0))
    (1.4813703425856466 (0.429 -0.011491910935614033 0.0))
    (1.4823705926481623 (0.429 -0.01142572486789631 0.0))
    (1.4833708427106778 (0.429 -0.011359309231098581 0.0))
    (1.4843710927731935 (0.429 -0.011292671312086767 0.0))
    (1.4853713428357092 (0.429 -0.0112258184221148 0.0))
    (1.4863715928982246 (0.429 -0.011158757896022357 0.0))
    (1.4873718429607403 (0.429 -0.011091497091430109 0.0))
    (1.488372093023256 (0.429 -0.011024043387932577 0.0))
    (1.4893723430857715 (0.429 -0.010956404186288368 0.0))
    (1.4903725931482872 (0.429 -0.010888586907608189 0.0))
    (1.4913728432108029 (0.429 -0.010820598992540736 0.0))
    (1.4923730932733186 (0.429 -0.010752447900456215 0.0))
    (1.493373343335834 (0.429 -0.010684141108628037 0.0))
    (1.4943735933983497 (0.429 -0.01061568611141231 0.0))
    (1.4953738434608654 (0.429 -0.010547090419425706 0.0))
    (1.496374093523381 (0.429 -0.010478361558721406 0.0))
    (1.4973743435858966 (0.429 -0.010409507069963287 0.0))
    (1.4983745936484123 (0.429 -0.010340534507598673 0.0))
    (1.499374843710928 (0.429 -0.010271451439029496 0.0))
    (1.5003750937734435 (0.429 -0.010202265443781975 0.0))
    (1.5013753438359592 (0.429 -0.010132984112675011 0.0))
    (1.5023755938984749 (0.429 -0.010063615046987452 0.0))
    (1.5033758439609903 (0.429 -0.00999416585762401 0.0))
    (1.504376094023506 (0.429 -0.009924644164280225 0.0))
    (1.5053763440860217 (0.429 -0.009855057594606555 0.0))
    (1.5063765941485372 (0.429 -0.00978541378337141 0.0))
    (1.507376844211053 (0.429 -0.00971572037162348 0.0))
    (1.5083770942735686 (0.429 -0.009645985005853508 0.0))
    (1.5093773443360843 (0.429 -0.009576215337155204 0.0))
    (1.5103775943985998 (0.429 -0.009506419020385924 0.0))
    (1.5113778444611154 (0.429 -0.009436603713326677 0.0))
    (1.5123780945236311 (0.429 -0.009366777075842048 0.0))
    (1.5133783445861466 (0.429 -0.009333333333333334 0.0))
    (1.5143785946486623 (0.429 -0.009333333333333334 0.0))
    (1.515378844711178 (0.429 -0.009333333333333334 0.0))
    (1.5163790947736935 (0.429 -0.009333333333333334 0.0))
    (1.5173793448362092 (0.429 -0.009333333333333334 0.0))
    (1.5183795948987249 (0.429 -0.009333333333333334 0.0))
    (1.5193798449612406 (0.429 -0.009333333333333334 0.0))
    (1.520380095023756 (0.429 -0.009333333333333334 0.0))
    (1.5213803450862717 (0.429 -0.009333333333333334 0.0))
    (1.5223805951487874 (0.429 -0.009333333333333334 0.0))
    (1.523380845211303 (0.429 -0.009333333333333334 0.0))
    (1.5243810952738186 (0.429 -0.009333333333333334 0.0))
    (1.5253813453363343 (0.429 -0.009333333333333334 0.0))
    (1.5263815953988498 (0.429 -0.009333333333333334 0.0))
    (1.5273818454613655 (0.429 -0.009333333333333334 0.0))
    (1.5283820955238812 (0.429 -0.009333333333333334 0.0))
    (1.5293823455863969 (0.429 -0.009333333333333334 0.0))
    (1.5303825956489123 (0.429 -0.009333333333333334 0.0))
    (1.531382845711428 (0.429 -0.009333333333333334 0.0))
    (1.5323830957739437 (0.429 -0.009333333333333334 0.0))
    (1.5333833458364592 (0.429 -0.009333333333333334 0.0))
    (1.5343835958989749 (0.429 -0.009333333333333334 0.0))
    (1.5353838459614906 (0.429 -0.009333333333333334 0.0))
    (1.536384096024006 (0.429 -0.009333333333333334 0.0))
    (1.5373843460865217 (0.429 -0.009333333333333334 0.0))
    (1.5383845961490374 (0.429 -0.009333333333333334 0.0))
    (1.5393848462115531 (0.429 -0.009333333333333334 0.0))
    (1.5403850962740686 (0.429 -0.009333333333333334 0.0))
    (1.5413853463365843 (0.429 -0.009333333333333334 0.0))
    (1.5423855963991 (0.429 -0.009333333333333334 0.0))
    (1.5433858464616155 (0.429 -0.009333333333333334 0.0))
    (1.5443860965241312 (0.429 -0.009333333333333334 0.0))
    (1.5453863465866469 (0.429 -0.009333333333333334 0.0))
    (1.5463865966491626 (0.429 -0.009333333333333334 0.0))
    (1.547386846711678 (0.429 -0.009333333333333334 0.0))
    (1.5483870967741937 (0.429 -0.009333333333333334 0.0))
    (1.5493873468367094 (0.429 -0.009333333333333334 0.0))
    (1.550387596899225 (0.429 -0.009333333333333334 0.0))
    (1.5513878469617406 (0.429 -0.009333333333333334 0.0))
    (1.5523880970242563 (0.429 -0.009333333333333334 0.0))
    (1.5533883470867718 (0.429 -0.009333333333333334 0.0))
    (1.5543885971492875 (0.429 -0.009333333333333334 0.0))
    (1.5553888472118031 (0.429 -0.009333333333333334 0.0))
    (1.5563890972743188 (0.429 -0.009333333333333334 0.0))
    (1.5573893473368343 (0.429 -0.009333333333333334 0.0))
    (1.55838959739935 (0.429 -0.009333333333333334 0.0))
    (1.5593898474618657 (0.429 -0.009333333333333334 0.0))
    (1.5603900975243812 (0.429 -0.009333333333333334 0.0))
    (1.5613903475868969 (0.429 -0.009333333333333334 0.0))
    (1.5623905976494126 (0.429 -0.009333333333333334 0.0))
    (1.563390847711928 (0.429 -0.009333333333333334 0.0))
    (1.5643910977744437 (0.429 -0.009333333333333334 0.0))
    (1.5653913478369594 (0.429 -0.009333333333333334 0.0))
    (1.5663915978994751 (0.429 -0.009333333333333334 0.0))
    (1.5673918479619906 (0.429 -0.009333333333333334 0.0))
    (1.5683920980245063 (0.429 -0.009333333333333334 0.0))
    (1.569392348087022 (0.429 -0.009333333333333334 0.0))
    (1.5703925981495375 (0.429 -0.009333333333333334 0.0))
    (1.5713928482120532 (0.429 -0.009333333333333334 0.0))
    (1.5723930982745689 (0.429 -0.009333333333333334 0.0))
    (1.5733933483370843 (0.429 -0.009333333333333334 0.0))
    (1.5743935983996 (0.429 -0.009333333333333334 0.0))
    (1.5753938484621157 (0.429 -0.009333333333333334 0.0))
    (1.5763940985246314 (0.429 -0.009333333333333334 0.0))
    (1.5773943485871469 (0.429 -0.009333333333333334 0.0))
    (1.5783945986496626 (0.429 -0.009333333333333334 0.0))
    (1.5793948487121783 (0.429 -0.009333333333333334 0.0))
    (1.5803950987746938 (0.429 -0.009333333333333334 0.0))
    (1.5813953488372094 (0.429 -0.009333333333333334 0.0))
    (1.5823955988997251 (0.429 -0.009333333333333334 0.0))
    (1.5833958489622408 (0.429 -0.009333333333333334 0.0))
    (1.5843960990247563 (0.429 -0.009333333333333334 0.0))
    (1.585396349087272 (0.429 -0.009333333333333334 0.0))
    (1.5863965991497877 (0.429 -0.009333333333333334 0.0))
    (1.5873968492123032 (0.429 -0.009333333333333334 0.0))
    (1.5883970992748189 (0.429 -0.009333333333333334 0.0))
    (1.5893973493373346 (0.429 -0.009333333333333334 0.0))
    (1.59039759939985 (0.429 -0.009333333333333334 0.0))
    (1.5913978494623657 (0.429 -0.009333333333333334 0.0))
    (1.5923980995248814 (0.429 -0.009333333333333334 0.0))
    (1.5933983495873971 (0.429 -0.009333333333333334 0.0))
    (1.5943985996499126 (0.429 -0.009333333333333334 0.0))
    (1.5953988497124283 (0.429 -0.009333333333333334 0.0))
    (1.596399099774944 (0.429 -0.009333333333333334 0.0))
    (1.5973993498374595 (0.429 -0.009333333333333334 0.0))
    (1.5983995998999752 (0.429 -0.009333333333333334 0.0))
    (1.5993998499624908 (0.429 -0.009333333333333334 0.0))
    (1.6004001000250063 (0.429 -0.009333333333333334 0.0))
    (1.601400350087522 (0.429 -0.009333333333333334 0.0))
    (1.6024006001500377 (0.429 -0.009333333333333334 0.0))
    (1.6034008502125534 (0.429 -0.009333333333333334 0.0))
    (1.6044011002750689 (0.429 -0.009333333333333334 0.0))
    (1.6054013503375846 (0.429 -0.009333333333333334 0.0))
    (1.6064016004001003 (0.429 -0.009333333333333334 0.0))
    (1.6074018504626157 (0.429 -0.009333333333333334 0.0))
    (1.6084021005251314 (0.429 -0.009333333333333334 0.0))
    (1.6094023505876471 (0.429 -0.009333333333333334 0.0))
    (1.6104026006501626 (0.429 -0.009333333333333334 0.0))
    (1.6114028507126783 (0.429 -0.009333333333333334 0.0))
    (1.612403100775194 (0.429 -0.009333333333333334 0.0))
    (1.6134033508377097 (0.429 -0.009333333333333334 0.0))
    (1.6144036009002252 (0.429 -0.009333333333333334 0.0))
    (1.6154038509627409 (0.429 -0.009333333333333334 0.0))
    (1.6164041010252566 (0.429 -0.009333333333333334 0.0))
    (1.617404351087772 (0.429 -0.009333333333333334 0.0))
    (1.6184046011502877 (0.429 -0.009333333333333334 0.0))
    (1.6194048512128034 (0.429 -0.009333333333333334 0.0))
    (1.620405101275319 (0.429 -0.009333333333333334 0.0))
    (1.6214053513378346 (0.429 -0.009333333333333334 0.0))
    (1.6224056014003503 (0.429 -0.009333333333333334 0.0))
    (1.623405851462866 (0.429 -0.009333333333333334 0.0))
    (1.6244061015253815 (0.429 -0.009333333333333334 0.0))
    (1.6254063515878971 (0.429 -0.009333333333333334 0.0))
    (1.6264066016504128 (0.429 -0.009333333333333334 0.0))
    (1.6274068517129283 (0.429 -0.009333333333333334 0.0))
    (1.628407101775444 (0.429 -0.009333333333333334 0.0))
    (1.6294073518379597 (0.429 -0.009333333333333334 0.0))
    (1.6304076019004754 (0.429 -0.009333333333333334 0.0))
    (1.6314078519629909 (0.429 -0.009333333333333334 0.0))
    (1.6324081020255066 (0.429 -0.009333333333333334 0.0))
    (1.6334083520880223 (0.429 -0.009333333333333334 0.0))
    (1.6344086021505377 (0.429 -0.009333333333333334 0.0))
    (1.6354088522130534 (0.429 -0.009333333333333334 0.0))
    (1.6364091022755691 (0.429 -0.009333333333333334 0.0))
    (1.6374093523380846 (0.429 -0.009333333333333334 0.0))
    (1.6384096024006003 (0.429 -0.009333333333333334 0.0))
    (1.639409852463116 (0.429 -0.009333333333333334 0.0))
    (1.6404101025256317 (0.429 -0.009333333333333334 0.0))
    (1.6414103525881472 (0.429 -0.009333333333333334 0.0))
    (1.6424106026506629 (0.429 -0.009333333333333334 0.0))
    (1.6434108527131785 (0.429 -0.009333333333333334 0.0))
    (1.644411102775694 (0.429 -0.009333333333333334 0.0))
    (1.6454113528382097 (0.429 -0.009333333333333334 0.0))
    (1.6464116029007254 (0.429 -0.009333333333333334 0.0))
    (1.6474118529632409 (0.429 -0.009333333333333334 0.0))
    (1.6484121030257566 (0.429 -0.009333333333333334 0.0))
    (1.6494123530882723 (0.429 -0.009333333333333334 0.0))
    (1.650412603150788 (0.429 -0.009333333333333334 0.0))
    (1.6514128532133034 (0.429 -0.009333333333333334 0.0))
    (1.6524131032758191 (0.429 -0.009333333333333334 0.0))
    (1.6534133533383348 (0.429 -0.009333333333333334 0.0))
    (1.6544136034008503 (0.429 -0.009333333333333334 0.0))
    (1.655413853463366 (0.429 -0.009333333333333334 0.0))
    (1.6564141035258817 (0.429 -0.009333333333333334 0.0))
    (1.6574143535883972 (0.429 -0.009333333333333334 0.0))
    (1.6584146036509129 (0.429 -0.009333333333333334 0.0))
    (1.6594148537134286 (0.429 -0.009333333333333334 0.0))
    (1.6604151037759443 (0.429 -0.009333333333333334 0.0))
    (1.6614153538384597 (0.429 -0.009333333333333334 0.0))
    (1.6624156039009754 (0.429 -0.009333333333333334 0.0))
    (1.6634158539634911 (0.429 -0.009333333333333334 0.0))
    (1.6644161040260066 (0.429 -0.009333333333333334 0.0))
    (1.6654163540885223 (0.429 -0.009333333333333334 0.0))
    (1.666416604151038 (0.429 -0.009333333333333334 0.0))
    (1.6674168542135535 (0.429 -0.009333333333333334 0.0))
    (1.6684171042760692 (0.429 -0.009333333333333334 0.0))
    (1.6694173543385848 (0.429 -0.009333333333333334 0.0))
    (1.6704176044011005 (0.429 -0.009333333333333334 0.0))
    (1.671417854463616 (0.429 -0.009333333333333334 0.0))
    (1.6724181045261317 (0.429 -0.009333333333333334 0.0))
    (1.6734183545886474 (0.429 -0.009333333333333334 0.0))
    (1.6744186046511629 (0.429 -0.009333333333333334 0.0))
    (1.6754188547136786 (0.429 -0.009333333333333334 0.0))
    (1.6764191047761943 (0.429 -0.009333333333333334 0.0))
    (1.67741935483871 (0.429 -0.009333333333333334 0.0))
    (1.6784196049012254 (0.429 -0.009333333333333334 0.0))
    (1.6794198549637411 (0.429 -0.009333333333333334 0.0))
    (1.6804201050262568 (0.429 -0.009333333333333334 0.0))
    (1.6814203550887723 (0.429 -0.009333333333333334 0.0))
    (1.682420605151288 (0.429 -0.009333333333333334 0.0))
    (1.6834208552138037 (0.429 -0.009333333333333334 0.0))
    (1.6844211052763192 (0.429 -0.009333333333333334 0.0))
    (1.6854213553388349 (0.429 -0.009333333333333334 0.0))
    (1.6864216054013506 (0.429 -0.009333333333333334 0.0))
    (1.6874218554638662 (0.429 -0.009333333333333334 0.0))
    (1.6884221055263817 (0.429 -0.009333333333333334 0.0))
    (1.6894223555888974 (0.429 -0.009333333333333334 0.0))
    (1.6904226056514131 (0.429 -0.009333333333333334 0.0))
    (1.6914228557139286 (0.429 -0.009333333333333334 0.0))
    (1.6924231057764443 (0.429 -0.009333333333333334 0.0))
    (1.69342335583896 (0.429 -0.009333333333333334 0.0))
    (1.6944236059014754 (0.429 -0.009333333333333334 0.0))
    (1.6954238559639911 (0.429 -0.009333333333333334 0.0))
    (1.6964241060265068 (0.429 -0.009333333333333334 0.0))
    (1.6974243560890225 (0.429 -0.009333333333333334 0.0))
    (1.698424606151538 (0.429 -0.009333333333333334 0.0))
    (1.6994248562140537 (0.429 -0.009333333333333334 0.0))
    (1.7004251062765694 (0.429 -0.009333333333333334 0.0))
    (1.7014253563390849 (0.429 -0.009333333333333334 0.0))
    (1.7024256064016006 (0.429 -0.009333333333333334 0.0))
    (1.7034258564641163 (0.429 -0.009333333333333334 0.0))
    (1.7044261065266317 (0.429 -0.009333333333333334 0.0))
    (1.7054263565891474 (0.429 -0.009333333333333334 0.0))
    (1.7064266066516631 (0.429 -0.009333333333333334 0.0))
    (1.7074268567141788 (0.429 -0.009333333333333334 0.0))
    (1.7084271067766943 (0.429 -0.009333333333333334 0.0))
    (1.70942735683921 (0.429 -0.009333333333333334 0.0))
    (1.7104276069017257 (0.429 -0.009333333333333334 0.0))
    (1.7114278569642412 (0.429 -0.009333333333333334 0.0))
    (1.7124281070267569 (0.429 -0.009333333333333334 0.0))
    (1.7134283570892725 (0.429 -0.009333333333333334 0.0))
    (1.714428607151788 (0.429 -0.009333333333333334 0.0))
    (1.7154288572143037 (0.429 -0.009333333333333334 0.0))
    (1.7164291072768194 (0.429 -0.009333333333333334 0.0))
    (1.717429357339335 (0.429 -0.009333333333333334 0.0))
    (1.7184296074018506 (0.429 -0.009333333333333334 0.0))
    (1.7194298574643663 (0.429 -0.009333333333333334 0.0))
    (1.720430107526882 (0.429 -0.009333333333333334 0.0))
    (1.7214303575893974 (0.429 -0.009333333333333334 0.0))
    (1.7224306076519131 (0.429 -0.009333333333333334 0.0))
    (1.7234308577144288 (0.429 -0.009333333333333334 0.0))
    (1.7244311077769445 (0.429 -0.009333333333333334 0.0))
    (1.72543135783946 (0.429 -0.009333333333333334 0.0))
    (1.7264316079019757 (0.429 -0.009333333333333334 0.0))
    (1.7274318579644914 (0.429 -0.009333333333333334 0.0))
    (1.7284321080270069 (0.429 -0.009333333333333334 0.0))
    (1.7294323580895226 (0.429 -0.009333333333333334 0.0))
    (1.7304326081520383 (0.429 -0.009333333333333334 0.0))
    (1.7314328582145537 (0.429 -0.009333333333333334 0.0))
    (1.7324331082770694 (0.429 -0.009333333333333334 0.0))
    (1.7334333583395851 (0.429 -0.009333333333333334 0.0))
    (1.7344336084021008 (0.429 -0.009333333333333334 0.0))
    (1.7354338584646163 (0.429 -0.009333333333333334 0.0))
    (1.736434108527132 (0.429 -0.009333333333333334 0.0))
    (1.7374343585896477 (0.429 -0.009333333333333334 0.0))
    (1.7384346086521631 (0.429 -0.009333333333333334 0.0))
    (1.7394348587146788 (0.429 -0.009333333333333334 0.0))
    (1.7404351087771945 (0.429 -0.009333333333333334 0.0))
    (1.74143535883971 (0.429 -0.009333333333333334 0.0))
    (1.7424356089022257 (0.429 -0.009333333333333334 0.0))
    (1.7434358589647414 (0.429 -0.009333333333333334 0.0))
    (1.744436109027257 (0.429 -0.009333333333333334 0.0))
    (1.7454363590897726 (0.429 -0.009333333333333334 0.0))
    (1.7464366091522883 (0.429 -0.009333333333333334 0.0))
    (1.747436859214804 (0.429 -0.009333333333333334 0.0))
    (1.7484371092773194 (0.429 -0.009333333333333334 0.0))
    (1.7494373593398351 (0.429 -0.009333333333333334 0.0))
    (1.7504376094023508 (0.429 -0.009333333333333334 0.0))
    (1.7514378594648663 (0.429 -0.009333333333333334 0.0))
    (1.752438109527382 (0.429 -0.009333333333333334 0.0))
    (1.7534383595898977 (0.429 -0.009333333333333334 0.0))
    (1.7544386096524134 (0.429 -0.009333333333333334 0.0))
    (1.7554388597149289 (0.429 -0.009333333333333334 0.0))
    (1.7564391097774446 (0.429 -0.009333333333333334 0.0))
    (1.7574393598399602 (0.429 -0.009333333333333334 0.0))
    (1.7584396099024757 (0.429 -0.009333333333333334 0.0))
    (1.7594398599649914 (0.429 -0.009333333333333334 0.0))
    (1.760440110027507 (0.429 -0.009333333333333334 0.0))
    (1.7614403600900226 (0.429 -0.009333333333333334 0.0))
    (1.7624406101525383 (0.429 -0.009333333333333334 0.0))
    (1.763440860215054 (0.429 -0.009333333333333334 0.0))
    (1.7644411102775697 (0.429 -0.009333333333333334 0.0))
    (1.7654413603400851 (0.429 -0.009333333333333334 0.0))
    (1.7664416104026008 (0.429 -0.009333333333333334 0.0))
    (1.7674418604651165 (0.429 -0.009333333333333334 0.0))
    (1.768442110527632 (0.429 -0.009333333333333334 0.0))
    (1.7694423605901477 (0.429 -0.009333333333333334 0.0))
    (1.7704426106526634 (0.429 -0.009333333333333334 0.0))
    (1.771442860715179 (0.429 -0.009333333333333334 0.0))
    (1.7724431107776946 (0.429 -0.009333333333333334 0.0))
    (1.7734433608402103 (0.429 -0.009333333333333334 0.0))
    (1.774443610902726 (0.429 -0.009333333333333334 0.0))
    (1.7754438609652414 (0.429 -0.009333333333333334 0.0))
    (1.7764441110277571 (0.429 -0.009333333333333334 0.0))
    (1.7774443610902728 (0.429 -0.009333333333333334 0.0))
    (1.7784446111527883 (0.429 -0.009333333333333334 0.0))
    (1.779444861215304 (0.429 -0.009333333333333334 0.0))
    (1.7804451112778197 (0.429 -0.009333333333333334 0.0))
    (1.7814453613403354 (0.429 -0.009333333333333334 0.0))
    (1.7824456114028508 (0.429 -0.009333333333333334 0.0))
    (1.7834458614653665 (0.429 -0.009333333333333334 0.0))
    (1.7844461115278822 (0.429 -0.009333333333333334 0.0))
    (1.7854463615903977 (0.429 -0.009333333333333334 0.0))
    (1.7864466116529134 (0.429 -0.009333333333333334 0.0))
    (1.787446861715429 (0.429 -0.009333333333333334 0.0))
    (1.7884471117779446 (0.429 -0.009333333333333334 0.0))
    (1.7894473618404603 (0.429 -0.009333333333333334 0.0))
    (1.790447611902976 (0.429 -0.009333333333333334 0.0))
    (1.7914478619654917 (0.429 -0.009333333333333334 0.0))
    (1.7924481120280071 (0.429 -0.009333333333333334 0.0))
    (1.7934483620905228 (0.429 -0.009333333333333334 0.0))
    (1.7944486121530385 (0.429 -0.009333333333333334 0.0))
    (1.795448862215554 (0.429 -0.009333333333333334 0.0))
    (1.7964491122780697 (0.429 -0.009333333333333334 0.0))
    (1.7974493623405854 (0.429 -0.009333333333333334 0.0))
    (1.7984496124031009 (0.429 -0.009333333333333334 0.0))
    (1.7994498624656166 (0.429 -0.009333333333333334 0.0))
    (1.8004501125281323 (0.429 -0.009333333333333334 0.0))
    (1.801450362590648 (0.429 -0.009333333333333334 0.0))
    (1.8024506126531634 (0.429 -0.009333333333333334 0.0))
    (1.8034508627156791 (0.429 -0.009333333333333334 0.0))
    (1.8044511127781948 (0.429 -0.009333333333333334 0.0))
    (1.8054513628407103 (0.429 -0.009333333333333334 0.0))
    (1.806451612903226 (0.429 -0.009333333333333334 0.0))
    (1.8074518629657417 (0.429 -0.009333333333333334 0.0))
    (1.8084521130282571 (0.429 -0.009333333333333334 0.0))
    (1.8094523630907728 (0.429 -0.009333333333333334 0.0))
    (1.8104526131532885 (0.429 -0.009333333333333334 0.0))
    (1.8114528632158042 (0.429 -0.009333333333333334 0.0))
    (1.8124531132783197 (0.429 -0.009333333333333334 0.0))
    (1.8134533633408354 (0.429 -0.009374957104931246 0.0))
    (1.814453613403351 (0.429 -0.009444782811278574 0.0))
    (1.8154538634658666 (0.429 -0.009514596289821643 0.0))
    (1.8164541135283823 (0.429 -0.00958438988089652 0.0))
    (1.817454363590898 (0.429 -0.009654155927021143 0.0))
    (1.8184546136534137 (0.429 -0.009723886773735717 0.0))
    (1.8194548637159291 (0.429 -0.00979357477044225 0.0))
    (1.8204551137784448 (0.429 -0.009863212271244187 0.0))
    (1.8214553638409605 (0.429 -0.009932791635785193 0.0))
    (1.822455613903476 (0.429 -0.010002305230087312 0.0))
    (1.8234558639659917 (0.429 -0.010071745427388744 0.0))
    (1.8244561140285074 (0.429 -0.01014110460898053 0.0))
    (1.8254563640910229 (0.429 -0.010210375165042331 0.0))
    (1.8264566141535385 (0.429 -0.010279549495477562 0.0))
    (1.8274568642160542 (0.429 -0.010348620010747142 0.0))
    (1.82845711427857 (0.429 -0.010417579132702082 0.0))
    (1.8294573643410854 (0.429 -0.010486419295415137 0.0))
    (1.830457614403601 (0.429 -0.010555132946010815 0.0))
    (1.8314578644661168 (0.429 -0.010623712545493932 0.0))
    (1.8324581145286323 (0.429 -0.010692150569576977 0.0))
    (1.833458364591148 (0.429 -0.010760439509505547 0.0))
    (1.8344586146536637 (0.429 -0.010828571872882066 0.0))
    (1.8354588647161791 (0.429 -0.010896540184488034 0.0))
    (1.8364591147786948 (0.429 -0.010964336987104075 0.0))
    (1.8374593648412105 (0.429 -0.011031954842328011 0.0))
    (1.8384596149037262 (0.429 -0.011099386331391214 0.0))
    (1.8394598649662417 (0.429 -0.011166624055972293 0.0))
    (1.8404601150287574 (0.429 -0.011233660639009043 0.0))
    (1.841460365091273 (0.429 -0.011300488725507731 0.0))
    (1.8424606151537886 (0.429 -0.011367100983349955 0.0))
    (1.8434608652163043 (0.429 -0.011433490104097294 0.0))
    (1.84446111527882 (0.429 -0.011499648803793066 0.0))
    (1.8454613653413354 (0.429 -0.01156556982376139 0.0))
    (1.8464616154038511 (0.429 -0.01163124593140378 0.0))
    (1.8474618654663668 (0.429 -0.011696669920992588 0.0))
    (1.8484621155288825 (0.429 -0.011761834614461474 0.0))
    (1.849462365591398 (0.429 -0.011826732862193164 0.0))
    (1.8504626156539137 (0.429 -0.011891357543803775 0.0))
    (1.8514628657164294 (0.429 -0.01195570156892394 0.0))
    (1.8524631157789448 (0.429 -0.012019757877976931 0.0))
    (1.8534633658414605 (0.429 -0.012083519442953113 0.0))
    (1.8544636159039762 (0.429 -0.012146979268180924 0.0))
    (1.8554638659664917 (0.429 -0.01221013039109462 0.0))
    (1.8564641160290074 (0.429 -0.01227296588299807 0.0))
    (1.857464366091523 (0.429 -0.012335478849824864 0.0))
    (1.8584646161540388 (0.429 -0.012397662432894915 0.0))
    (1.8594648662165543 (0.429 -0.012459509809666714 0.0))
    (1.86046511627907 (0.429 -0.012521014194486108 0.0))
    (1.8614653663415857 (0.429 -0.012582168839330676 0.0))
    (1.8624656164041011 (0.429 -0.012642967034550026 0.0))
    (1.8634658664666168 (0.429 -0.012703402109602127 0.0))
    (1.8644661165291325 (0.429 -0.012763467433785081 0.0))
    (1.8654663665916482 (0.429 -0.012823156416964533 0.0))
    (1.8664666166541637 (0.429 -0.012882462510296887 0.0))
    (1.8674668667166794 (0.429 -0.012941379206947743 0.0))
    (1.868467116779195 (0.429 -0.012999900042805698 0.0))
    (1.8694673668417106 (0.429 -0.013058018597191755 0.0))
    (1.8704676169042262 (0.429 -0.013115728493563673 0.0))
    (1.871467866966742 (0.429 -0.013173023400215493 0.0))
    (1.8724681170292574 (0.429 -0.013229897030972413 0.0))
    (1.8734683670917731 (0.429 -0.013286343145880383 0.0))
    (1.8744686171542888 (0.429 -0.013342355551890648 0.0))
    (1.8754688672168045 (0.429 -0.01339792810353942 0.0))
    (1.87646911727932 (0.429 -0.013453054703621917 0.0))
    (1.8774693673418357 (0.429 -0.013507729303861515 0.0))
    (1.8784696174043514 (0.429 -0.013561945905573261 0.0))
    (1.8794698674668668 (0.429 -0.013615698560321934 0.0))
    (1.8804701175293825 (0.429 -0.013668981370574863 0.0))
    (1.8814703675918982 (0.429 -0.013721788490348889 0.0))
    (1.8824706176544137 (0.429 -0.01377411412585168 0.0))
    (1.8834708677169294 (0.429 -0.01382595253611758 0.0))
    (1.884471117779445 (0.429 -0.013877298033637393 0.0))
    (1.8854713678419608 (0.429 -0.013928144984982311 0.0))
    (1.8864716179044763 (0.429 -0.013978487811422163 0.0))
    (1.887471867966992 (0.429 -0.014028320989537404 0.0))
    (1.8884721180295077 (0.429 -0.01407763905182505 0.0))
    (1.8894723680920231 (0.429 -0.014126436587298702 0.0))
    (1.8904726181545388 (0.429 -0.014174708242082142 0.0))
    (1.8914728682170545 (0.429 -0.014222448719996667 0.0))
    (1.89247311827957 (0.429 -0.014269652783142316 0.0))
    (1.8934733683420857 (0.429 -0.014316315252472466 0.0))
    (1.8944736184046014 (0.429 -0.014362431008362006 0.0))
    (1.895473868467117 (0.429 -0.014407994991169185 0.0))
    (1.8964741185296325 (0.429 -0.014453002201790573 0.0))
    (1.8974743685921482 (0.429 -0.014497447702209681 0.0))
    (1.898474618654664 (0.429 -0.014541326616038689 0.0))
    (1.8994748687171794 (0.429 -0.014584634129053394 0.0))
    (1.900475118779695 (0.429 -0.014627365489721534 0.0))
    (1.9014753688422108 (0.429 -0.014669516009724052 0.0))
    (1.9024756189047263 (0.429 -0.014711081064469408 0.0))
    (1.903475868967242 (0.429 -0.0147520560936011 0.0))
    (1.9044761190297577 (0.429 -0.014792436601497951 0.0))
    (1.9054763690922734 (0.429 -0.014832218157767283 0.0))
    (1.9064766191547888 (0.429 -0.014871396397731126 0.0))
    (1.9074768692173045 (0.429 -0.014909967022905037 0.0))
    (1.9084771192798202 (0.429 -0.014947925801469648 0.0))
    (1.9094773693423357 (0.429 -0.014985268568735086 0.0))
    (1.9104776194048514 (0.429 -0.015021991227597852 0.0))
    (1.911477869467367 (0.429 -0.015058089748990266 0.0))
    (1.9124781195298828 (0.429 -0.01509356017232268 0.0))
    (1.9134783695923983 (0.429 -0.015128398605917838 0.0))
    (1.914478619654914 (0.429 -0.015162601227438016 0.0))
    (1.9154788697174296 (0.429 -0.01519616428430431 0.0))
    (1.9164791197799451 (0.429 -0.015229084094108326 0.0))
    (1.9174793698424608 (0.429 -0.015261357045016287 0.0))
    (1.9184796199049765 (0.429 -0.015292979596165265 0.0))
    (1.919479869967492 (0.429 -0.015323948278051619 0.0))
    (1.9204801200300077 (0.429 -0.015354259692911761 0.0))
    (1.9214803700925234 (0.429 -0.015383910515094882 0.0))
    (1.922480620155039 (0.429 -0.0154128974914278 0.0))
    (1.9234808702175545 (0.429 -0.015441217441571965 0.0))
    (1.9244811202800702 (0.429 -0.01546886725837235 0.0))
    (1.925481370342586 (0.429 -0.015495843908198319 0.0))
    (1.9264816204051014 (0.429 -0.015522144431276549 0.0))
    (1.927481870467617 (0.429 -0.015547765942015703 0.0))
    (1.9284821205301328 (0.429 -0.01557270562932303 0.0))
    (1.9294823705926483 (0.429 -0.015596960756912824 0.0))
    (1.930482620655164 (0.429 -0.015620528663606605 0.0))
    (1.9314828707176797 (0.429 -0.01564340676362509 0.0))
    (1.9324831207801954 (0.429 -0.015665592546871936 0.0))
    (1.9334833708427108 (0.429 -0.01568708357920907 0.0))
    (1.9344836209052265 (0.429 -0.01570787750272383 0.0))
    (1.9354838709677422 (0.429 -0.01572797203598763 0.0))
    (1.9364841210302577 (0.429 -0.015747364974306222 0.0))
    (1.9374843710927734 (0.429 -0.015766054189961687 0.0))
    (1.938484621155289 (0.429 -0.015784037632445798 0.0))
    (1.9394848712178046 (0.429 -0.01580131332868502 0.0))
    (1.9404851212803202 (0.429 -0.01581787938325701 0.0))
    (1.941485371342836 (0.429 -0.015833733978598535 0.0))
    (1.9424856214053516 (0.429 -0.015848875375204907 0.0))
    (1.943485871467867 (0.429 -0.015863301911820858 0.0))
    (1.9444861215303828 (0.429 -0.01587701200562277 0.0))
    (1.9454863715928985 (0.429 -0.015890004152392334 0.0))
    (1.946486621655414 (0.429 -0.015902276926681638 0.0))
    (1.9474868717179297 (0.429 -0.015913828981969504 0.0))
    (1.9484871217804454 (0.429 -0.015924659050809246 0.0))
    (1.9494873718429608 (0.429 -0.015934765944967736 0.0))
    (1.9504876219054765 (0.429 -0.015944148555555773 0.0))
    (1.9514878719679922 (0.429 -0.015952805853149725 0.0))
    (1.952488122030508 (0.429 -0.015960736887904493 0.0))
    (1.9534883720930234 (0.429 -0.01596794078965772 0.0))
    (1.954488622155539 (0.429 -0.015974416768025256 0.0))
    (1.9554888722180548 (0.429 -0.015980164112487892 0.0))
    (1.9564891222805703 (0.429 -0.015985182192469284 0.0))
    (1.957489372343086 (0.429 -0.015989470457405175 0.0))
    (1.9584896224056016 (0.429 -0.015993028436803773 0.0))
    (1.9594898724681173 (0.429 -0.015995855740297386 0.0))
    (1.9604901225306328 (0.429 -0.015997952057685248 0.0))
    (1.9614903725931485 (0.429 -0.015999317158967546 0.0))
    (1.9624906226556642 (0.429 -0.015999950894370663 0.0))
    (1.9634908727181797 (0.429 -0.015999853194363613 0.0))
    (1.9644911227806954 (0.429 -0.015999024069665663 0.0))
    (1.965491372843211 (0.429 -0.015997463611245155 0.0))
    (1.9664916229057265 (0.429 -0.01599517199030953 0.0))
    (1.9674918729682422 (0.429 -0.015992149458286548 0.0))
    (1.968492123030758 (0.429 -0.015988396346796694 0.0))
    (1.9694923730932736 (0.429 -0.015983913067616793 0.0))
    (1.970492623155789 (0.429 -0.015978700112634848 0.0))
    (1.9714928732183048 (0.429 -0.015972758053796048 0.0))
    (1.9724931232808205 (0.429 -0.015966087543040026 0.0))
    (1.973493373343336 (0.429 -0.015958689312229345 0.0))
    (1.9744936234058517 (0.429 -0.01595056417306918 0.0))
    (1.9754938734683674 (0.429 -0.015941713017018272 0.0))
    (1.9764941235308828 (0.429 -0.01593213681519112 0.0))
    (1.9774943735933985 (0.429 -0.015921836618251427 0.0))
    (1.9784946236559142 (0.429 -0.015910813556296827 0.0))
    (1.97949487371843 (0.429 -0.015899068838734917 0.0))
    (1.9804951237809454 (0.429 -0.01588660375415053 0.0))
    (1.981495373843461 (0.429 -0.015873419670164368 0.0))
    (1.9824956239059768 (0.429 -0.015859518033282984 0.0))
    (1.9834958739684923 (0.429 -0.015844900368740027 0.0))
    (1.984496124031008 (0.429 -0.01582956828032892 0.0))
    (1.9854963740935236 (0.429 -0.015813523450226925 0.0))
    (1.9864966241560391 (0.429 -0.015796767638810535 0.0))
    (1.9874968742185548 (0.429 -0.01577930268446235 0.0))
    (1.9884971242810705 (0.429 -0.015761130503369414 0.0))
    (1.9894973743435862 (0.429 -0.0157422530893129 0.0))
    (1.9904976244061017 (0.429 -0.015722672513449446 0.0))
    (1.9914978744686174 (0.429 -0.01570239092408385 0.0))
    (1.992498124531133 (0.429 -0.015681410546433388 0.0))
    (1.9934983745936485 (0.429 -0.015659733682383707 0.0))
    (1.9944986246561642 (0.429 -0.0156373627102362 0.0))
    (1.99549887471868 (0.429 -0.01561430008444712 0.0))
    (1.9964991247811954 (0.429 -0.0155905483353583 0.0))
    (1.997499374843711 (0.429 -0.015566110068919472 0.0))
    (1.9984996249062268 (0.429 -0.015540987966402388 0.0))
    (1.9994998749687425 (0.429 -0.015515184784106684 0.0))
    (2.000500125031258 (0.429 -0.015488703353057378 0.0))
    (2.0015003750937734 (0.429 -0.015461546578694335 0.0))
    (2.0025006251562893 (0.429 -0.01543371744055344 0.0))
    (2.003500875218805 (0.429 -0.015405218991939779 0.0))
    (2.0045011252813207 (0.429 -0.015376054359592516 0.0))
    (2.005501375343836 (0.429 -0.015346226743341976 0.0))
    (2.0065016254063517 (0.429 -0.015315739415758457 0.0))
    (2.0075018754688676 (0.429 -0.015284595721793229 0.0))
    (2.008502125531383 (0.429 -0.015252799078411573 0.0))
    (2.0095023755938985 (0.429 -0.015220352974217807 0.0))
    (2.0105026256564145 (0.429 -0.015187260969072563 0.0))
    (2.01150287571893 (0.429 -0.015153526693702273 0.0))
    (2.0125031257814454 (0.429 -0.015119153849300713 0.0))
    (2.0135033758439613 (0.429 -0.015084146207122975 0.0))
    (2.014503625906477 (0.429 -0.015048507608071755 0.0))
    (2.0155038759689923 (0.429 -0.015012241962275831 0.0))
    (2.016504126031508 (0.429 -0.014975353248661123 0.0))
    (2.0175043760940237 (0.429 -0.014937845514514181 0.0))
    (2.018504626156539 (0.429 -0.01489972287503804 0.0))
    (2.019504876219055 (0.429 -0.014860989512900748 0.0))
    (2.0205051262815705 (0.429 -0.01482164967777655 0.0))
    (2.0215053763440864 (0.429 -0.014781707685879455 0.0))
    (2.022505626406602 (0.429 -0.014741167919489873 0.0))
    (2.0235058764691174 (0.429 -0.01470003482647364 0.0))
    (2.0245061265316333 (0.429 -0.014658312919794097 0.0))
    (2.025506376594149 (0.429 -0.014616006777016988 0.0))
    (2.0265066266566643 (0.429 -0.014573121039808117 0.0))
    (2.02750687671918 (0.429 -0.014529660413424138 0.0))
    (2.0285071267816956 (0.429 -0.014485629666196381 0.0))
    (2.029507376844211 (0.429 -0.014441033629007557 0.0))
    (2.030507626906727 (0.429 -0.014395877194761793 0.0))
    (2.0315078769692425 (0.429 -0.014350165317847883 0.0))
    (2.032508127031758 (0.429 -0.01430390301359556 0.0))
    (2.033508377094274 (0.429 -0.014257095357725312 0.0))
    (2.0345086271567894 (0.429 -0.014209747485791555 0.0))
    (2.035508877219305 (0.429 -0.014161864592619054 0.0))
    (2.0365091272818208 (0.429 -0.01411345193173302 0.0))
    (2.0375093773443362 (0.429 -0.014064514814782799 0.0))
    (2.0385096274068517 (0.429 -0.014015058610958945 0.0))
    (2.0395098774693676 (0.429 -0.01396508874640421 0.0))
    (2.040510127531883 (0.429 -0.013914610703618286 0.0))
    (2.041510377594399 (0.429 -0.013863630020856103 0.0))
    (2.0425106276569145 (0.429 -0.013812152291520406 0.0))
    (2.04351087771943 (0.429 -0.013760183163547882 0.0))
    (2.044511127781946 (0.429 -0.013707728338789566 0.0))
    (2.0455113778444614 (0.429 -0.013654793572385344 0.0))
    (2.046511627906977 (0.429 -0.013601384672132354 0.0))
    (2.0475118779694927 (0.429 -0.01354750749784786 0.0))
    (2.048512128032008 (0.429 -0.013493167960726422 0.0))
    (2.0495123780945237 (0.429 -0.013438372022691167 0.0))
    (2.0505126281570396 (0.429 -0.013383125695739764 0.0))
    (2.051512878219555 (0.429 -0.013327435041284887 0.0))
    (2.0525131282820706 (0.429 -0.01327130616948902 0.0))
    (2.0535133783445865 (0.429 -0.013214745238594146 0.0))
    (2.054513628407102 (0.429 -0.013157758454246188 0.0))
    (2.0555138784696174 (0.429 -0.013100352068813968 0.0))
    (2.0565141285321333 (0.429 -0.013042532380703312 0.0))
    (2.057514378594649 (0.429 -0.012984305733666096 0.0))
    (2.0585146286571647 (0.429 -0.01292567851610404 0.0))
    (2.05951487871968 (0.429 -0.012866657160368018 0.0))
    (2.0605151287821957 (0.429 -0.01280724814205213 0.0))
    (2.0615153788447116 (0.429 -0.012747457979283313 0.0))
    (2.062515628907227 (0.429 -0.012687293232006278 0.0))
    (2.0635158789697425 (0.429 -0.012626760501263608 0.0))
    (2.0645161290322585 (0.429 -0.012565866428471604 0.0))
    (2.065516379094774 (0.429 -0.012504617694691704 0.0))
    (2.0665166291572894 (0.429 -0.012443021019897284 0.0))
    (2.0675168792198053 (0.429 -0.012381083162236454 0.0))
    (2.068517129282321 (0.429 -0.012318810917290682 0.0))
    (2.0695173793448363 (0.429 -0.012256211117329016 0.0))
    (2.070517629407352 (0.429 -0.012193290630558568 0.0))
    (2.0715178794698677 (0.429 -0.012130056360371058 0.0))
    (2.072518129532383 (0.429 -0.01206651524458521 0.0))
    (2.073518379594899 (0.429 -0.012002674254685656 0.0))
    (2.0745186296574145 (0.429 -0.011938540395058147 0.0))
    (2.07551887971993 (0.429 -0.011874120702220872 0.0))
    (2.076519129782446 (0.429 -0.011809422244052525 0.0))
    (2.0775193798449614 (0.429 -0.011744452119016952 0.0))
    (2.0785196299074773 (0.429 -0.011679217455384099 0.0))
    (2.0795198799699928 (0.429 -0.011613725410448196 0.0))
    (2.0805201300325082 (0.429 -0.01154798316974225 0.0))
    (2.081520380095024 (0.429 -0.011481997946249777 0.0))
    (2.0825206301575396 (0.429 -0.01141577697961352 0.0))
    (2.083520880220055 (0.429 -0.011349327535340948 0.0))
    (2.084521130282571 (0.429 -0.011282656904007204 0.0))
    (2.0855213803450865 (0.429 -0.011215772400455327 0.0))
    (2.086521630407602 (0.429 -0.011148681362993476 0.0))
    (2.087521880470118 (0.429 -0.011081391152589914 0.0))
    (2.0885221305326334 (0.429 -0.011013909152065486 0.0))
    (2.089522380595149 (0.429 -0.010946242765283403 0.0))
    (2.0905226306576647 (0.429 -0.01087839941633702 0.0))
    (2.09152288072018 (0.429 -0.010810386548735403 0.0))
    (2.0925231307826957 (0.429 -0.010742211624586422 0.0))
    (2.0935233808452116 (0.429 -0.010673882123778216 0.0))
    (2.094523630907727 (0.429 -0.010605405543158508 0.0))
    (2.095523880970243 (0.429 -0.010536789395711954 0.0))
    (2.0965241310327585 (0.429 -0.01046804120973607 0.0))
    (2.097524381095274 (0.429 -0.01039916852801502 0.0))
    (2.09852463115779 (0.429 -0.010330178906992157 0.0))
    (2.0995248812203053 (0.429 -0.010261079915941072 0.0))
    (2.100525131282821 (0.429 -0.0101918791361349 0.0))
    (2.1015253813453367 (0.429 -0.010122584160014643 0.0))
    (2.102525631407852 (0.429 -0.010053202590356266 0.0))
    (2.1035258814703677 (0.429 -0.009983742039436323 0.0))
    (2.1045261315328836 (0.429 -0.009914210128196928 0.0))
    (2.105526381595399 (0.429 -0.009844614485409617 0.0))
    (2.1065266316579145 (0.429 -0.009774962746838221 0.0))
    (2.1075268817204305 (0.429 -0.00970526255440123 0.0))
    (2.108527131782946 (0.429 -0.009635521555333334 0.0))
    (2.1095273818454614 (0.429 -0.009565747401346294 0.0))
    (2.1105276319079773 (0.429 -0.009495947747789541 0.0))
    (2.111527881970493 (0.429 -0.009426130252810257 0.0))
    (2.1125281320330083 (0.429 -0.009356302576513036 0.0))
    (2.113528382095524 (0.429 -0.009333333333333334 0.0))
    (2.1145286321580397 (0.429 -0.009333333333333334 0.0))
    (2.1155288822205556 (0.429 -0.009333333333333334 0.0))
    (2.116529132283071 (0.429 -0.009333333333333334 0.0))
    (2.1175293823455865 (0.429 -0.009333333333333334 0.0))
    (2.1185296324081024 (0.429 -0.009333333333333334 0.0))
    (2.119529882470618 (0.429 -0.009333333333333334 0.0))
    (2.1205301325331334 (0.429 -0.009333333333333334 0.0))
    (2.1215303825956493 (0.429 -0.009333333333333334 0.0))
    (2.1225306326581648 (0.429 -0.009333333333333334 0.0))
    (2.1235308827206802 (0.429 -0.009333333333333334 0.0))
    (2.124531132783196 (0.429 -0.009333333333333334 0.0))
    (2.1255313828457116 (0.429 -0.009333333333333334 0.0))
    (2.126531632908227 (0.429 -0.009333333333333334 0.0))
    (2.127531882970743 (0.429 -0.009333333333333334 0.0))
    (2.1285321330332585 (0.429 -0.009333333333333334 0.0))
    (2.129532383095774 (0.429 -0.009333333333333334 0.0))
    (2.13053263315829 (0.429 -0.009333333333333334 0.0))
    (2.1315328832208054 (0.429 -0.009333333333333334 0.0))
    (2.132533133283321 (0.429 -0.009333333333333334 0.0))
    (2.1335333833458368 (0.429 -0.009333333333333334 0.0))
    (2.1345336334083522 (0.429 -0.009333333333333334 0.0))
    (2.135533883470868 (0.429 -0.009333333333333334 0.0))
    (2.1365341335333836 (0.429 -0.009333333333333334 0.0))
    (2.137534383595899 (0.429 -0.009333333333333334 0.0))
    (2.138534633658415 (0.429 -0.009333333333333334 0.0))
    (2.1395348837209305 (0.429 -0.009333333333333334 0.0))
    (2.140535133783446 (0.429 -0.009333333333333334 0.0))
    (2.141535383845962 (0.429 -0.009333333333333334 0.0))
    (2.1425356339084773 (0.429 -0.009333333333333334 0.0))
    (2.143535883970993 (0.429 -0.009333333333333334 0.0))
    (2.1445361340335087 (0.429 -0.009333333333333334 0.0))
    (2.145536384096024 (0.429 -0.009333333333333334 0.0))
    (2.1465366341585397 (0.429 -0.009333333333333334 0.0))
    (2.1475368842210556 (0.429 -0.009333333333333334 0.0))
    (2.148537134283571 (0.429 -0.009333333333333334 0.0))
    (2.1495373843460865 (0.429 -0.009333333333333334 0.0))
    (2.1505376344086025 (0.429 -0.009333333333333334 0.0))
    (2.151537884471118 (0.429 -0.009333333333333334 0.0))
    (2.152538134533634 (0.429 -0.009333333333333334 0.0))
    (2.1535383845961493 (0.429 -0.009333333333333334 0.0))
    (2.154538634658665 (0.429 -0.009333333333333334 0.0))
    (2.1555388847211807 (0.429 -0.009333333333333334 0.0))
    (2.156539134783696 (0.429 -0.009333333333333334 0.0))
    (2.1575393848462117 (0.429 -0.009333333333333334 0.0))
    (2.1585396349087276 (0.429 -0.009333333333333334 0.0))
    (2.159539884971243 (0.429 -0.009333333333333334 0.0))
    (2.1605401350337585 (0.429 -0.009333333333333334 0.0))
    (2.1615403850962744 (0.429 -0.009333333333333334 0.0))
    (2.16254063515879 (0.429 -0.009333333333333334 0.0))
    (2.1635408852213054 (0.429 -0.009333333333333334 0.0))
    (2.1645411352838213 (0.429 -0.009333333333333334 0.0))
    (2.1655413853463368 (0.429 -0.009333333333333334 0.0))
    (2.1665416354088523 (0.429 -0.009333333333333334 0.0))
    (2.167541885471368 (0.429 -0.009333333333333334 0.0))
    (2.1685421355338836 (0.429 -0.009333333333333334 0.0))
    (2.169542385596399 (0.429 -0.009333333333333334 0.0))
    (2.170542635658915 (0.429 -0.009333333333333334 0.0))
    (2.1715428857214305 (0.429 -0.009333333333333334 0.0))
    (2.1725431357839464 (0.429 -0.009333333333333334 0.0))
    (2.173543385846462 (0.429 -0.009333333333333334 0.0))
    (2.1745436359089774 (0.429 -0.009333333333333334 0.0))
    (2.1755438859714933 (0.429 -0.009333333333333334 0.0))
    (2.1765441360340088 (0.429 -0.009333333333333334 0.0))
    (2.1775443860965242 (0.429 -0.009333333333333334 0.0))
    (2.17854463615904 (0.429 -0.009333333333333334 0.0))
    (2.1795448862215556 (0.429 -0.009333333333333334 0.0))
    (2.180545136284071 (0.429 -0.009333333333333334 0.0))
    (2.181545386346587 (0.429 -0.009333333333333334 0.0))
    (2.1825456364091025 (0.429 -0.009333333333333334 0.0))
    (2.183545886471618 (0.429 -0.009333333333333334 0.0))
    (2.184546136534134 (0.429 -0.009333333333333334 0.0))
    (2.1855463865966493 (0.429 -0.009333333333333334 0.0))
    (2.186546636659165 (0.429 -0.009333333333333334 0.0))
    (2.1875468867216807 (0.429 -0.009333333333333334 0.0))
    (2.188547136784196 (0.429 -0.009333333333333334 0.0))
    (2.189547386846712 (0.429 -0.009333333333333334 0.0))
    (2.1905476369092276 (0.429 -0.009333333333333334 0.0))
    (2.191547886971743 (0.429 -0.009333333333333334 0.0))
    (2.192548137034259 (0.429 -0.009333333333333334 0.0))
    (2.1935483870967745 (0.429 -0.009333333333333334 0.0))
    (2.19454863715929 (0.429 -0.009333333333333334 0.0))
    (2.195548887221806 (0.429 -0.009333333333333334 0.0))
    (2.1965491372843213 (0.429 -0.009333333333333334 0.0))
    (2.197549387346837 (0.429 -0.009333333333333334 0.0))
    (2.1985496374093527 (0.429 -0.009333333333333334 0.0))
    (2.199549887471868 (0.429 -0.009333333333333334 0.0))
    (2.2005501375343837 (0.429 -0.009333333333333334 0.0))
    (2.2015503875968996 (0.429 -0.009333333333333334 0.0))
    (2.202550637659415 (0.429 -0.009333333333333334 0.0))
    (2.2035508877219305 (0.429 -0.009333333333333334 0.0))
    (2.2045511377844464 (0.429 -0.009333333333333334 0.0))
    (2.205551387846962 (0.429 -0.009333333333333334 0.0))
    (2.2065516379094774 (0.429 -0.009333333333333334 0.0))
    (2.2075518879719933 (0.429 -0.009333333333333334 0.0))
    (2.208552138034509 (0.429 -0.009333333333333334 0.0))
    (2.2095523880970247 (0.429 -0.009333333333333334 0.0))
    (2.21055263815954 (0.429 -0.009333333333333334 0.0))
    (2.2115528882220556 (0.429 -0.009333333333333334 0.0))
    (2.2125531382845716 (0.429 -0.009333333333333334 0.0))
    (2.213553388347087 (0.429 -0.009333333333333334 0.0))
    (2.2145536384096025 (0.429 -0.009333333333333334 0.0))
    (2.2155538884721184 (0.429 -0.009333333333333334 0.0))
    (2.216554138534634 (0.429 -0.009333333333333334 0.0))
    (2.2175543885971494 (0.429 -0.009333333333333334 0.0))
    (2.2185546386596653 (0.429 -0.009333333333333334 0.0))
    (2.2195548887221808 (0.429 -0.009333333333333334 0.0))
    (2.2205551387846962 (0.429 -0.009333333333333334 0.0))
    (2.221555388847212 (0.429 -0.009333333333333334 0.0))
    (2.2225556389097276 (0.429 -0.009333333333333334 0.0))
    (2.223555888972243 (0.429 -0.009333333333333334 0.0))
    (2.224556139034759 (0.429 -0.009333333333333334 0.0))
    (2.2255563890972745 (0.429 -0.009333333333333334 0.0))
    (2.22655663915979 (0.429 -0.009333333333333334 0.0))
    (2.227556889222306 (0.429 -0.009333333333333334 0.0))
    (2.2285571392848214 (0.429 -0.009333333333333334 0.0))
    (2.2295573893473373 (0.429 -0.009333333333333334 0.0))
    (2.2305576394098527 (0.429 -0.009333333333333334 0.0))
    (2.231557889472368 (0.429 -0.009333333333333334 0.0))
    (2.232558139534884 (0.429 -0.009333333333333334 0.0))
    (2.2335583895973996 (0.429 -0.009333333333333334 0.0))
    (2.234558639659915 (0.429 -0.009333333333333334 0.0))
    (2.235558889722431 (0.429 -0.009333333333333334 0.0))
    (2.2365591397849465 (0.429 -0.009333333333333334 0.0))
    (2.237559389847462 (0.429 -0.009333333333333334 0.0))
    (2.238559639909978 (0.429 -0.009333333333333334 0.0))
    (2.2395598899724933 (0.429 -0.009333333333333334 0.0))
    (2.240560140035009 (0.429 -0.009333333333333334 0.0))
    (2.2415603900975247 (0.429 -0.009333333333333334 0.0))
    (2.24256064016004 (0.429 -0.009333333333333334 0.0))
    (2.2435608902225557 (0.429 -0.009333333333333334 0.0))
    (2.2445611402850716 (0.429 -0.009333333333333334 0.0))
    (2.245561390347587 (0.429 -0.009333333333333334 0.0))
    (2.246561640410103 (0.429 -0.009333333333333334 0.0))
    (2.2475618904726185 (0.429 -0.009333333333333334 0.0))
    (2.248562140535134 (0.429 -0.009333333333333334 0.0))
    (2.24956239059765 (0.429 -0.009333333333333334 0.0))
    (2.2505626406601653 (0.429 -0.009333333333333334 0.0))
    (2.251562890722681 (0.429 -0.009333333333333334 0.0))
    (2.2525631407851967 (0.429 -0.009333333333333334 0.0))
    (2.253563390847712 (0.429 -0.009333333333333334 0.0))
    (2.2545636409102277 (0.429 -0.009333333333333334 0.0))
    (2.2555638909727436 (0.429 -0.009333333333333334 0.0))
    (2.256564141035259 (0.429 -0.009333333333333334 0.0))
    (2.2575643910977745 (0.429 -0.009333333333333334 0.0))
    (2.2585646411602904 (0.429 -0.009333333333333334 0.0))
    (2.259564891222806 (0.429 -0.009333333333333334 0.0))
    (2.2605651412853214 (0.429 -0.009333333333333334 0.0))
    (2.2615653913478373 (0.429 -0.009333333333333334 0.0))
    (2.2625656414103528 (0.429 -0.009333333333333334 0.0))
    (2.2635658914728682 (0.429 -0.009333333333333334 0.0))
    (2.264566141535384 (0.429 -0.009333333333333334 0.0))
    (2.2655663915978996 (0.429 -0.009333333333333334 0.0))
    (2.2665666416604155 (0.429 -0.009333333333333334 0.0))
    (2.267566891722931 (0.429 -0.009333333333333334 0.0))
    (2.2685671417854465 (0.429 -0.009333333333333334 0.0))
    (2.2695673918479624 (0.429 -0.009333333333333334 0.0))
    (2.270567641910478 (0.429 -0.009333333333333334 0.0))
    (2.2715678919729934 (0.429 -0.009333333333333334 0.0))
    (2.2725681420355093 (0.429 -0.009333333333333334 0.0))
    (2.2735683920980247 (0.429 -0.009333333333333334 0.0))
    (2.27456864216054 (0.429 -0.009333333333333334 0.0))
    (2.275568892223056 (0.429 -0.009333333333333334 0.0))
    (2.2765691422855716 (0.429 -0.009333333333333334 0.0))
    (2.277569392348087 (0.429 -0.009333333333333334 0.0))
    (2.278569642410603 (0.429 -0.009333333333333334 0.0))
    (2.2795698924731185 (0.429 -0.009333333333333334 0.0))
    (2.280570142535634 (0.429 -0.009333333333333334 0.0))
    (2.28157039259815 (0.429 -0.009333333333333334 0.0))
    (2.2825706426606653 (0.429 -0.009333333333333334 0.0))
    (2.2835708927231813 (0.429 -0.009333333333333334 0.0))
    (2.2845711427856967 (0.429 -0.009333333333333334 0.0))
    (2.285571392848212 (0.429 -0.009333333333333334 0.0))
    (2.286571642910728 (0.429 -0.009333333333333334 0.0))
    (2.2875718929732436 (0.429 -0.009333333333333334 0.0))
    (2.288572143035759 (0.429 -0.009333333333333334 0.0))
    (2.289572393098275 (0.429 -0.009333333333333334 0.0))
    (2.2905726431607905 (0.429 -0.009333333333333334 0.0))
    (2.291572893223306 (0.429 -0.009333333333333334 0.0))
    (2.292573143285822 (0.429 -0.009333333333333334 0.0))
    (2.2935733933483373 (0.429 -0.009333333333333334 0.0))
    (2.294573643410853 (0.429 -0.009333333333333334 0.0))
    (2.2955738934733687 (0.429 -0.009333333333333334 0.0))
    (2.296574143535884 (0.429 -0.009333333333333334 0.0))
    (2.2975743935983997 (0.429 -0.009333333333333334 0.0))
    (2.2985746436609156 (0.429 -0.009333333333333334 0.0))
    (2.299574893723431 (0.429 -0.009333333333333334 0.0))
    (2.3005751437859465 (0.429 -0.009333333333333334 0.0))
    (2.3015753938484624 (0.429 -0.009333333333333334 0.0))
    (2.302575643910978 (0.429 -0.009333333333333334 0.0))
    (2.303575893973494 (0.429 -0.009333333333333334 0.0))
    (2.3045761440360093 (0.429 -0.009333333333333334 0.0))
    (2.3055763940985248 (0.429 -0.009333333333333334 0.0))
    (2.3065766441610407 (0.429 -0.009333333333333334 0.0))
    (2.307576894223556 (0.429 -0.009333333333333334 0.0))
    (2.3085771442860716 (0.429 -0.009333333333333334 0.0))
    (2.3095773943485876 (0.429 -0.009333333333333334 0.0))
    (2.310577644411103 (0.429 -0.009333333333333334 0.0))
    (2.3115778944736185 (0.429 -0.009333333333333334 0.0))
    (2.3125781445361344 (0.429 -0.009333333333333334 0.0))
    (2.31357839459865 (0.429 -0.009333333333333334 0.0))
    (2.3145786446611654 (0.429 -0.009333333333333334 0.0))
    (2.3155788947236813 (0.429 -0.009333333333333334 0.0))
    (2.3165791447861968 (0.429 -0.009333333333333334 0.0))
    (2.3175793948487122 (0.429 -0.009333333333333334 0.0))
    (2.318579644911228 (0.429 -0.009333333333333334 0.0))
    (2.3195798949737436 (0.429 -0.009333333333333334 0.0))
    (2.320580145036259 (0.429 -0.009333333333333334 0.0))
    (2.321580395098775 (0.429 -0.009333333333333334 0.0))
    (2.3225806451612905 (0.429 -0.009333333333333334 0.0))
    (2.3235808952238064 (0.429 -0.009333333333333334 0.0))
    (2.324581145286322 (0.429 -0.009333333333333334 0.0))
    (2.3255813953488373 (0.429 -0.009333333333333334 0.0))
    (2.3265816454113533 (0.429 -0.009333333333333334 0.0))
    (2.3275818954738687 (0.429 -0.009333333333333334 0.0))
    (2.328582145536384 (0.429 -0.009333333333333334 0.0))
    (2.3295823955989 (0.429 -0.009333333333333334 0.0))
    (2.3305826456614156 (0.429 -0.009333333333333334 0.0))
    (2.331582895723931 (0.429 -0.009333333333333334 0.0))
    (2.332583145786447 (0.429 -0.009333333333333334 0.0))
    (2.3335833958489625 (0.429 -0.009333333333333334 0.0))
    (2.334583645911478 (0.429 -0.009333333333333334 0.0))
    (2.335583895973994 (0.429 -0.009333333333333334 0.0))
    (2.3365841460365093 (0.429 -0.009333333333333334 0.0))
    (2.337584396099025 (0.429 -0.009333333333333334 0.0))
    (2.3385846461615407 (0.429 -0.009333333333333334 0.0))
    (2.339584896224056 (0.429 -0.009333333333333334 0.0))
    (2.340585146286572 (0.429 -0.009333333333333334 0.0))
    (2.3415853963490876 (0.429 -0.009333333333333334 0.0))
    (2.342585646411603 (0.429 -0.009333333333333334 0.0))
    (2.343585896474119 (0.429 -0.009333333333333334 0.0))
    (2.3445861465366344 (0.429 -0.009333333333333334 0.0))
    (2.34558639659915 (0.429 -0.009333333333333334 0.0))
    (2.346586646661666 (0.429 -0.009333333333333334 0.0))
    (2.3475868967241813 (0.429 -0.009333333333333334 0.0))
    (2.3485871467866968 (0.429 -0.009333333333333334 0.0))
    (2.3495873968492127 (0.429 -0.009333333333333334 0.0))
    (2.350587646911728 (0.429 -0.009333333333333334 0.0))
    (2.3515878969742436 (0.429 -0.009333333333333334 0.0))
    (2.3525881470367596 (0.429 -0.009333333333333334 0.0))
    (2.353588397099275 (0.429 -0.009333333333333334 0.0))
    (2.3545886471617905 (0.429 -0.009333333333333334 0.0))
    (2.3555888972243064 (0.429 -0.009333333333333334 0.0))
    (2.356589147286822 (0.429 -0.009333333333333334 0.0))
    (2.3575893973493374 (0.429 -0.009333333333333334 0.0))
    (2.3585896474118533 (0.429 -0.009333333333333334 0.0))
    (2.3595898974743688 (0.429 -0.009333333333333334 0.0))
    (2.3605901475368847 (0.429 -0.009333333333333334 0.0))
    (2.3615903975994 (0.429 -0.009333333333333334 0.0))
    (2.3625906476619156 (0.429 -0.009333333333333334 0.0))
    (2.3635908977244315 (0.429 -0.009333333333333334 0.0))
    (2.364591147786947 (0.429 -0.009333333333333334 0.0))
    (2.3655913978494625 (0.429 -0.009333333333333334 0.0))
    (2.3665916479119784 (0.429 -0.009333333333333334 0.0))
    (2.367591897974494 (0.429 -0.009333333333333334 0.0))
    (2.3685921480370093 (0.429 -0.009333333333333334 0.0))
    (2.3695923980995253 (0.429 -0.009333333333333334 0.0))
    (2.3705926481620407 (0.429 -0.009333333333333334 0.0))
    (2.371592898224556 (0.429 -0.009333333333333334 0.0))
    (2.372593148287072 (0.429 -0.009333333333333334 0.0))
    (2.3735933983495876 (0.429 -0.009333333333333334 0.0))
    (2.374593648412103 (0.429 -0.009333333333333334 0.0))
    (2.375593898474619 (0.429 -0.009333333333333334 0.0))
    (2.3765941485371345 (0.429 -0.009333333333333334 0.0))
    (2.3775943985996504 (0.429 -0.009333333333333334 0.0))
    (2.378594648662166 (0.429 -0.009333333333333334 0.0))
    (2.3795948987246813 (0.429 -0.009333333333333334 0.0))
    (2.3805951487871972 (0.429 -0.009333333333333334 0.0))
    (2.3815953988497127 (0.429 -0.009333333333333334 0.0))
    (2.382595648912228 (0.429 -0.009333333333333334 0.0))
    (2.383595898974744 (0.429 -0.009333333333333334 0.0))
    (2.3845961490372596 (0.429 -0.009333333333333334 0.0))
    (2.385596399099775 (0.429 -0.009333333333333334 0.0))
    (2.386596649162291 (0.429 -0.009333333333333334 0.0))
    (2.3875968992248064 (0.429 -0.009333333333333334 0.0))
    (2.388597149287322 (0.429 -0.009333333333333334 0.0))
    (2.389597399349838 (0.429 -0.009333333333333334 0.0))
    (2.3905976494123533 (0.429 -0.009333333333333334 0.0))
    (2.391597899474869 (0.429 -0.009333333333333334 0.0))
    (2.3925981495373847 (0.429 -0.009333333333333334 0.0))
    (2.3935983995999 (0.429 -0.009333333333333334 0.0))
    (2.3945986496624156 (0.429 -0.009333333333333334 0.0))
    (2.3955988997249316 (0.429 -0.009333333333333334 0.0))
    (2.396599149787447 (0.429 -0.009333333333333334 0.0))
    (2.397599399849963 (0.429 -0.009333333333333334 0.0))
    (2.3985996499124784 (0.429 -0.009333333333333334 0.0))
    (2.399599899974994 (0.429 -0.009333333333333334 0.0))
    (2.40060015003751 (0.429 -0.009333333333333334 0.0))
    (2.4016004001000253 (0.429 -0.009333333333333334 0.0))
    (2.4026006501625408 (0.429 -0.009333333333333334 0.0))
    (2.4036009002250567 (0.429 -0.009333333333333334 0.0))
    (2.404601150287572 (0.429 -0.009333333333333334 0.0))
    (2.4056014003500876 (0.429 -0.009333333333333334 0.0))
    (2.4066016504126035 (0.429 -0.009333333333333334 0.0))
    (2.407601900475119 (0.429 -0.009333333333333334 0.0))
    (2.4086021505376345 (0.429 -0.009333333333333334 0.0))
    (2.4096024006001504 (0.429 -0.009333333333333334 0.0))
    (2.410602650662666 (0.429 -0.009333333333333334 0.0))
    (2.4116029007251814 (0.429 -0.009333333333333334 0.0))
    (2.4126031507876973 (0.429 -0.009333333333333334 0.0))
    (2.4136034008502127 (0.429 -0.009385431439242326 0.0))
    (2.414603650912728 (0.429 -0.009455255799784823 0.0))
    (2.415603900975244 (0.429 -0.009525066783467446 0.0))
    (2.4166041510377596 (0.429 -0.009594856730899885 0.0))
    (2.4176044011002755 (0.429 -0.009664617984999938 0.0))
    (2.418604651162791 (0.429 -0.009734342891833501 0.0))
    (2.4196049012253065 (0.429 -0.009804023801454353 0.0))
    (2.4206051512878224 (0.429 -0.009873653068743472 0.0))
    (2.421605401350338 (0.429 -0.009943223054247838 0.0))
    (2.4226056514128533 (0.429 -0.010012726125018594 0.0))
    (2.4236059014753693 (0.429 -0.01008215465544851 0.0))
    (2.4246061515378847 (0.429 -0.010151501028108634 0.0))
    (2.4256064016004 (0.429 -0.010220757634584039 0.0))
    (2.426606651662916 (0.429 -0.010289916876308628 0.0))
    (2.4276069017254316 (0.429 -0.01035897116539869 0.0))
    (2.428607151787947 (0.429 -0.010427912925485644 0.0))
    (2.429607401850463 (0.429 -0.010496734592547094 0.0))
    (2.4306076519129785 (0.429 -0.01056542861573671 0.0))
    (2.431607901975494 (0.429 -0.01063398745821289 0.0))
    (2.43260815203801 (0.429 -0.010702403597965471 0.0))
    (2.4336084021005253 (0.429 -0.010770669528641004 0.0))
    (2.4346086521630412 (0.429 -0.010838777760366562 0.0))
    (2.4356089022255567 (0.429 -0.010906720820571175 0.0))
    (2.436609152288072 (0.429 -0.010974491254805917 0.0))
    (2.437609402350588 (0.429 -0.011042081627561783 0.0))
    (2.4386096524131036 (0.429 -0.011109484523085278 0.0))
    (2.439609902475619 (0.429 -0.011176692546192251 0.0))
    (2.440610152538135 (0.429 -0.011243698323079265 0.0))
    (2.4416104026006504 (0.429 -0.011310494502132413 0.0))
    (2.442610652663166 (0.429 -0.01137707375473412 0.0))
    (2.443610902725682 (0.429 -0.011443428776067213 0.0))
    (2.4446111527881973 (0.429 -0.011509552285916155 0.0))
    (2.4456114028507128 (0.429 -0.011575437029466031 0.0))
    (2.4466116529132287 (0.429 -0.0116410757780985 0.0))
    (2.447611902975744 (0.429 -0.01170646133018469 0.0))
    (2.4486121530382596 (0.429 -0.011771586511875548 0.0))
    (2.4496124031007755 (0.429 -0.01183644417788891 0.0))
    (2.450612653163291 (0.429 -0.011901027212293264 0.0))
    (2.4516129032258065 (0.429 -0.011965328529288678 0.0))
    (2.4526131532883224 (0.429 -0.012029341073984226 0.0))
    (2.453613403350838 (0.429 -0.01209305782317183 0.0))
    (2.454613653413354 (0.429 -0.01215647178609705 0.0))
    (2.4556139034758693 (0.429 -0.012219576005225882 0.0))
    (2.4566141535383847 (0.429 -0.012282363557008328 0.0))
    (2.4576144036009007 (0.429 -0.012344827552637843 0.0))
    (2.458614653663416 (0.429 -0.012406961138807144 0.0))
    (2.4596149037259316 (0.429 -0.012468757498460317 0.0))
    (2.4606151537884475 (0.429 -0.012530209851540571 0.0))
    (2.461615403850963 (0.429 -0.012591311455734121 0.0))
    (2.4626156539134785 (0.429 -0.01265205560721011 0.0))
    (2.4636159039759944 (0.429 -0.012712435641355942 0.0))
    (2.46461615403851 (0.429 -0.012772444933508504 0.0))
    (2.4656164041010253 (0.429 -0.012832076899681182 0.0))
    (2.4666166541635413 (0.429 -0.012891324997286032 0.0))
    (2.4676169042260567 (0.429 -0.012950182725851632 0.0))
    (2.468617154288572 (0.429 -0.013008643627736446 0.0))
    (2.469617404351088 (0.429 -0.013066701288837171 0.0))
    (2.4706176544136036 (0.429 -0.013124349339292452 0.0))
    (2.4716179044761195 (0.429 -0.013181581454181964 0.0))
    (2.472618154538635 (0.429 -0.013238391354220082 0.0))
    (2.4736184046011505 (0.429 -0.013294772806445018 0.0))
    (2.4746186546636664 (0.429 -0.013350719624902665 0.0))
    (2.475618904726182 (0.429 -0.013406225671325139 0.0))
    (2.4766191547886973 (0.429 -0.013461284855804405 0.0))
    (2.4776194048512132 (0.429 -0.013515891137460448 0.0))
    (2.4786196549137287 (0.429 -0.01357003852510388 0.0))
    (2.479619904976244 (0.429 -0.013623721077893438 0.0))
    (2.48062015503876 (0.429 -0.01367693290598779 0.0))
    (2.4816204051012756 (0.429 -0.013729668171191579 0.0))
    (2.482620655163791 (0.429 -0.01378192108759614 0.0))
    (2.483620905226307 (0.429 -0.013833685922214295 0.0))
    (2.4846211552888224 (0.429 -0.013884956995609203 0.0))
    (2.485621405351338 (0.429 -0.013935728682517638 0.0))
    (2.486621655413854 (0.429 -0.013985995412467174 0.0))
    (2.4876219054763693 (0.429 -0.014035751670387203 0.0))
    (2.4886221555388848 (0.429 -0.014084991997214176 0.0))
    (2.4896224056014007 (0.429 -0.014133710990490551 0.0))
    (2.490622655663916 (0.429 -0.014181903304957381 0.0))
    (2.491622905726432 (0.429 -0.014229563653140959 0.0))
    (2.4926231557889476 (0.429 -0.014276686805932769 0.0))
    (2.493623405851463 (0.429 -0.01432326759316339 0.0))
    (2.494623655913979 (0.429 -0.014369300904169595 0.0))
    (2.4956239059764944 (0.429 -0.014414781688355078 0.0))
    (2.49662415603901 (0.429 -0.014459704955744723 0.0))
    (2.497624406101526 (0.429 -0.014504065777531949 0.0))
    (2.4986246561640413 (0.429 -0.01454785928661948 0.0))
    (2.4996249062265568 (0.429 -0.014591080678153475 0.0))
    (2.5006251562890727 (0.429 -0.01463372521005057 0.0))
    (2.501625406351588 (0.429 -0.014675788203518154 0.0))
    (2.5026256564141036 (0.429 -0.014717265043567846 0.0))
    (2.5036259064766195 (0.429 -0.0147581511795217 0.0))
    (2.504626156539135 (0.429 -0.014798442125511485 0.0))
    (2.5056264066016505 (0.429 -0.014838133460970994 0.0))
    (2.5066266566641664 (0.429 -0.014877220831120915 0.0))
    (2.507626906726682 (0.429 -0.014915699947446626 0.0))
    (2.5086271567891973 (0.429 -0.014953566588168835 0.0))
    (2.5096274068517133 (0.429 -0.014990816598706658 0.0))
    (2.5106276569142287 (0.429 -0.015027445892133437 0.0))
    (2.5116279069767447 (0.429 -0.015063450449625287 0.0))
    (2.51262815703926 (0.429 -0.01509882632090183 0.0))
    (2.5136284071017756 (0.429 -0.01513356962465974 0.0))
    (2.5146286571642915 (0.429 -0.01516767654899858 0.0))
    (2.515628907226807 (0.429 -0.01520114335183892 0.0))
    (2.5166291572893225 (0.429 -0.015233966361333017 0.0))
    (2.5176294073518384 (0.429 -0.015266141976267664 0.0))
    (2.518629657414354 (0.429 -0.015297666666459212 0.0))
    (2.5196299074768693 (0.429 -0.01532853697314098 0.0))
    (2.5206301575393852 (0.429 -0.015358749509342733 0.0))
    (2.5216304076019007 (0.429 -0.015388300960262207 0.0))
    (2.522630657664416 (0.429 -0.015417188083628873 0.0))
    (2.523630907726932 (0.429 -0.015445407710059676 0.0))
    (2.5246311577894476 (0.429 -0.01547295674340668 0.0))
    (2.525631407851963 (0.429 -0.01549983216109684 0.0))
    (2.526631657914479 (0.429 -0.015526031014463645 0.0))
    (2.5276319079769944 (0.429 -0.015551550429070533 0.0))
    (2.5286321580395104 (0.429 -0.015576387605026377 0.0))
    (2.529632408102026 (0.429 -0.015600539817292581 0.0))
    (2.5306326581645413 (0.429 -0.015624004415982157 0.0))
    (2.531632908227057 (0.429 -0.015646778826650387 0.0))
    (2.5326331582895727 (0.429 -0.015668860550577285 0.0))
    (2.533633408352088 (0.429 -0.015690247165041804 0.0))
    (2.534633658414604 (0.429 -0.015710936323587596 0.0))
    (2.5356339084771196 (0.429 -0.01573092575628044 0.0))
    (2.536634158539635 (0.429 -0.01575021326995737 0.0))
    (2.537634408602151 (0.429 -0.015768796748467227 0.0))
    (2.5386346586646664 (0.429 -0.015786674152902844 0.0))
    (2.539634908727182 (0.429 -0.015803843521824783 0.0))
    (2.540635158789698 (0.429 -0.01582030297147652 0.0))
    (2.5416354088522133 (0.429 -0.015836050695991085 0.0))
    (2.5426356589147288 (0.429 -0.015851084967589267 0.0))
    (2.5436359089772447 (0.429 -0.015865404136769123 0.0))
    (2.54463615903976 (0.429 -0.015879006632486967 0.0))
    (2.5456364091022756 (0.429 -0.015891890962329753 0.0))
    (2.5466366591647915 (0.429 -0.015904055712678812 0.0))
    (2.547636909227307 (0.429 -0.015915499548864925 0.0))
    (2.548637159289823 (0.429 -0.015926221215314812 0.0))
    (2.5496374093523384 (0.429 -0.015936219535688818 0.0))
    (2.550637659414854 (0.429 -0.015945493413010027 0.0))
    (2.55163790947737 (0.429 -0.015954041829784618 0.0))
    (2.5526381595398853 (0.429 -0.01596186384811346 0.0))
    (2.5536384096024007 (0.429 -0.01596895860979506 0.0))
    (2.5546386596649167 (0.429 -0.015975325336419696 0.0))
    (2.555638909727432 (0.429 -0.01598096332945483 0.0))
    (2.5566391597899476 (0.429 -0.01598587197032174 0.0))
    (2.5576394098524635 (0.429 -0.015990050720463396 0.0))
    (2.558639659914979 (0.429 -0.015993499121403548 0.0))
    (2.5596399099774945 (0.429 -0.015996216794797027 0.0))
    (2.5606401600400104 (0.429 -0.015998203442471257 0.0))
    (2.561640410102526 (0.429 -0.01599945884645896 0.0))
    (2.5626406601650413 (0.429 -0.015999982869022083 0.0))
    (2.5636409102275572 (0.429 -0.0159997754526669 0.0))
    (2.5646411602900727 (0.429 -0.015998836620150336 0.0))
    (2.5656414103525886 (0.429 -0.015997166474477447 0.0))
    (2.566641660415104 (0.429 -0.015994765198890135 0.0))
    (2.5676419104776196 (0.429 -0.015991633056847043 0.0))
    (2.5686421605401355 (0.429 -0.015987770391994637 0.0))
    (2.569642410602651 (0.429 -0.015983177628129522 0.0))
    (2.5706426606651664 (0.429 -0.015977855269151926 0.0))
    (2.5716429107276824 (0.429 -0.015971803899010418 0.0))
    (2.572643160790198 (0.429 -0.01596502418163786 0.0))
    (2.5736434108527133 (0.429 -0.015957516860878526 0.0))
    (2.5746436609152292 (0.429 -0.015949282760406518 0.0))
    (2.5756439109777447 (0.429 -0.015940322783635396 0.0))
    (2.57664416104026 (0.429 -0.01593063791361904 0.0))
    (2.577644411102776 (0.429 -0.015920229212943802 0.0))
    (2.5786446611652916 (0.429 -0.015909097823611943 0.0))
    (2.579644911227807 (0.429 -0.015897244966916295 0.0))
    (2.580645161290323 (0.429 -0.015884671943306308 0.0))
    (2.5816454113528384 (0.429 -0.015871380132245344 0.0))
    (2.582645661415354 (0.429 -0.015857370992059344 0.0))
    (2.58364591147787 (0.429 -0.01584264605977679 0.0))
    (2.5846461615403853 (0.429 -0.01582720695096013 0.0))
    (2.585646411602901 (0.429 -0.015811055359528474 0.0))
    (2.5866466616654167 (0.429 -0.015794193057571754 0.0))
    (2.587646911727932 (0.429 -0.015776621895156315 0.0))
    (2.588647161790448 (0.429 -0.015758343800121914 0.0))
    (2.5896474118529635 (0.429 -0.01573936077787021 0.0))
    (2.590647661915479 (0.429 -0.015719674911144746 0.0))
    (2.591647911977995 (0.429 -0.015699288359802437 0.0))
    (2.5926481620405104 (0.429 -0.01567820336057658 0.0))
    (2.593648412103026 (0.429 -0.01565642222683148 0.0))
    (2.594648662165542 (0.429 -0.015633947348308613 0.0))
    (2.5956489122280573 (0.429 -0.015610781190864443 0.0))
    (2.5966491622905727 (0.429 -0.015586926296199868 0.0))
    (2.5976494123530887 (0.429 -0.015562385281581364 0.0))
    (2.598649662415604 (0.429 -0.015537160839553836 0.0))
    (2.5996499124781196 (0.429 -0.015511255737645177 0.0))
    (2.6006501625406355 (0.429 -0.015484672818062643 0.0))
    (2.601650412603151 (0.429 -0.015457414997381045 0.0))
    (2.6026506626656665 (0.429 -0.015429485266222676 0.0))
    (2.6036509127281824 (0.429 -0.015400886688929256 0.0))
    (2.604651162790698 (0.429 -0.015371622403225746 0.0))
    (2.6056514128532138 (0.429 -0.015341695619875981 0.0))
    (2.6066516629157293 (0.429 -0.01531110962233053 0.0))
    (2.6076519129782447 (0.429 -0.015279867766366365 0.0))
    (2.6086521630407606 (0.429 -0.015247973479718662 0.0))
    (2.609652413103276 (0.429 -0.01521543026170482 0.0))
    (2.6106526631657916 (0.429 -0.015182241682840445 0.0))
    (2.6116529132283075 (0.429 -0.015148411384447592 0.0))
    (2.612653163290823 (0.429 -0.015113943078255363 0.0))
    (2.6136534133533385 (0.429 -0.015078840545992567 0.0))
    (2.6146536634158544 (0.429 -0.015043107638972795 0.0))
    (2.61565391347837 (0.429 -0.01500674827767199 0.0))
    (2.6166541635408853 (0.429 -0.014969766451298187 0.0))
    (2.6176544136034012 (0.429 -0.014932166217353837 0.0))
    (2.6186546636659167 (0.429 -0.014893951701190743 0.0))
    (2.619654913728432 (0.429 -0.014855127095557337 0.0))
    (2.620655163790948 (0.429 -0.014815696660138655 0.0))
    (2.6216554138534636 (0.429 -0.014775664721089111 0.0))
    (2.6226556639159795 (0.429 -0.014735035670557691 0.0))
    (2.623655913978495 (0.429 -0.014693813966206209 0.0))
    (2.6246561640410104 (0.429 -0.01465200413072007 0.0))
    (2.6256564141035263 (0.429 -0.014609610751312188 0.0))
    (2.626656664166042 (0.429 -0.014566638479219693 0.0))
    (2.6276569142285573 (0.429 -0.014523092029193493 0.0))
    (2.628657164291073 (0.429 -0.014478976178981105 0.0))
    (2.6296574143535887 (0.429 -0.014434295768802482 0.0))
    (2.630657664416104 (0.429 -0.014389055700818804 0.0))
    (2.63165791447862 (0.429 -0.014343260938594785 0.0))
    (2.6326581645411355 (0.429 -0.014296916506554087 0.0))
    (2.633658414603651 (0.429 -0.01425002748942791 0.0))
    (2.634658664666167 (0.429 -0.014202599031697273 0.0))
    (2.6356589147286824 (0.429 -0.01415463633702857 0.0))
    (2.636659164791198 (0.429 -0.014106144667702495 0.0))
    (2.637659414853714 (0.429 -0.014057129344036846 0.0))
    (2.6386596649162293 (0.429 -0.01400759574380279 0.0))
    (2.6396599149787447 (0.429 -0.013957549301634689 0.0))
    (2.6406601650412607 (0.429 -0.013906995508433979 0.0))
    (2.641660415103776 (0.429 -0.013855939910766737 0.0))
    (2.642660665166292 (0.429 -0.01380438811025496 0.0))
    (2.6436609152288075 (0.429 -0.013752345762962213 0.0))
    (2.644661165291323 (0.429 -0.0136998185787729 0.0))
    (2.645661415353839 (0.429 -0.013646812320765794 0.0))
    (2.6466616654163544 (0.429 -0.013593332804581897 0.0))
    (2.64766191547887 (0.429 -0.013539385897786206 0.0))
    (2.648662165541386 (0.429 -0.013484977519223949 0.0))
    (2.6496624156039013 (0.429 -0.013430113638371356 0.0))
    (2.6506626656664167 (0.429 -0.013374800274680541 0.0))
    (2.6516629157289326 (0.429 -0.013319043496919081 0.0))
    (2.652663165791448 (0.429 -0.013262849422504336 0.0))
    (2.6536634158539636 (0.429 -0.013206224216832096 0.0))
    (2.6546636659164795 (0.429 -0.01314917409260015 0.0))
    (2.655663915978995 (0.429 -0.013091705309126808 0.0))
    (2.6566641660415105 (0.429 -0.013033824171663998 0.0))
    (2.6576644161040264 (0.429 -0.01297553703070547 0.0))
    (2.658664666166542 (0.429 -0.01291685028129021 0.0))
    (2.6596649162290578 (0.429 -0.012857770362300604 0.0))
    (2.6606651662915732 (0.429 -0.012798303755756173 0.0))
    (2.6616654163540887 (0.429 -0.01273845698610218 0.0))
    (2.6626656664166046 (0.429 -0.012678236619493962 0.0))
    (2.66366591647912 (0.429 -0.012617649263076533 0.0))
    (2.6646661665416356 (0.429 -0.01255670156425948 0.0))
    (2.6656664166041515 (0.429 -0.012495400209987816 0.0))
    (2.666666666666667 (0.429 -0.012433751926008329 0.0))
    (2.6676669167291824 (0.429 -0.012371763476131458 0.0))
    (2.6686671667916984 (0.429 -0.012309441661489388 0.0))
    (2.669667416854214 (0.429 -0.012246793319789858 0.0))
    (2.6706676669167293 (0.429 -0.012183825324565759 0.0))
    (2.671667916979245 (0.429 -0.012120544584421187 0.0))
    (2.6726681670417607 (0.429 -0.01205695804227347 0.0))
    (2.673668417104276 (0.429 -0.01199307267459121 0.0))
    (2.674668667166792 (0.429 -0.011928895490629053 0.0))
    (2.6756689172293076 (0.429 -0.01186443353165866 0.0))
    (2.676669167291823 (0.429 -0.011799693870195973 0.0))
    (2.677669417354339 (0.429 -0.011734683609225433 0.0))
    (2.6786696674168544 (0.429 -0.01166940988142068 0.0))
    (2.6796699174793703 (0.429 -0.01160387984836176 0.0))
    (2.680670167541886 (0.429 -0.011538100699749684 0.0))
    (2.6816704176044013 (0.429 -0.0114720796526174 0.0))
    (2.682670667666917 (0.429 -0.011405823950537944 0.0))
    (2.6836709177294327 (0.429 -0.011339340862829925 0.0))
    (2.684671167791948 (0.429 -0.011272637683759749 0.0))
    (2.685671417854464 (0.429 -0.011205721731741324 0.0))
    (2.6866716679169795 (0.429 -0.011138600348533322 0.0))
    (2.687671917979495 (0.429 -0.011071280898433454 0.0))
    (2.688672168042011 (0.429 -0.011003770767470495 0.0))
    (2.6896724181045264 (0.429 -0.01093607736259412 0.0))
    (2.690672668167042 (0.429 -0.010868208110862046 0.0))
    (2.691672918229558 (0.429 -0.010800170458625143 0.0))
    (2.6926731682920733 (0.429 -0.010731971870710677 0.0))
    (2.6936734183545887 (0.429 -0.010663619829603083 0.0))
    (2.6946736684171047 (0.429 -0.010595121834623014 0.0))
    (2.69567391847962 (0.429 -0.010526485401104752 0.0))
    (2.6966741685421356 (0.429 -0.010457718059571455 0.0))
    (2.6976744186046515 (0.429 -0.010388827354908923 0.0))
    (2.698674668667167 (0.429 -0.010319820845538025 0.0))
    (2.699674918729683 (0.429 -0.010250706102585154 0.0))
    (2.7006751687921984 (0.429 -0.010181490709051791 0.0))
    (2.701675418854714 (0.429 -0.010112182258982265 0.0))
    (2.7026756689172298 (0.429 -0.010042788356630777 0.0))
    (2.7036759189797452 (0.429 -0.009973316615627097 0.0))
    (2.7046761690422607 (0.429 -0.009903774658141 0.0))
    (2.7056764191047766 (0.429 -0.00983417011404622 0.0))
    (2.706676669167292 (0.429 -0.009764510620083315 0.0))
    (2.7076769192298076 (0.429 -0.009694803819021592 0.0))
    (2.7086771692923235 (0.429 -0.009625057358820776 0.0))
    (2.709677419354839 (0.429 -0.009555278891791915 0.0))
    (2.7106776694173544 (0.429 -0.009485476073757578 0.0))
    (2.7116779194798704 (0.429 -0.0094156565632121 0.0))
    (2.712678169542386 (0.429 -0.009345828020481327 0.0))
    (2.7136784196049013 (0.429 -0.009333333333333334 0.0))
    (2.714678669667417 (0.429 -0.009333333333333334 0.0))
    (2.7156789197299327 (0.429 -0.009333333333333334 0.0))
    (2.7166791697924486 (0.429 -0.009333333333333334 0.0))
    (2.717679419854964 (0.429 -0.009333333333333334 0.0))
    (2.7186796699174796 (0.429 -0.009333333333333334 0.0))
    (2.7196799199799955 (0.429 -0.009333333333333334 0.0))
    (2.720680170042511 (0.429 -0.009333333333333334 0.0))
    (2.7216804201050264 (0.429 -0.009333333333333334 0.0))
    (2.7226806701675423 (0.429 -0.009333333333333334 0.0))
    (2.723680920230058 (0.429 -0.009333333333333334 0.0))
    (2.7246811702925733 (0.429 -0.009333333333333334 0.0))
    (2.725681420355089 (0.429 -0.009333333333333334 0.0))
    (2.7266816704176047 (0.429 -0.009333333333333334 0.0))
    (2.72768192048012 (0.429 -0.009333333333333334 0.0))
    (2.728682170542636 (0.429 -0.009333333333333334 0.0))
    (2.7296824206051515 (0.429 -0.009333333333333334 0.0))
    (2.730682670667667 (0.429 -0.009333333333333334 0.0))
    (2.731682920730183 (0.429 -0.009333333333333334 0.0))
    (2.7326831707926984 (0.429 -0.009333333333333334 0.0))
    (2.733683420855214 (0.429 -0.009333333333333334 0.0))
    (2.73468367091773 (0.429 -0.009333333333333334 0.0))
    (2.7356839209802453 (0.429 -0.009333333333333334 0.0))
    (2.736684171042761 (0.429 -0.009333333333333334 0.0))
    (2.7376844211052767 (0.429 -0.009333333333333334 0.0))
    (2.738684671167792 (0.429 -0.009333333333333334 0.0))
    (2.739684921230308 (0.429 -0.009333333333333334 0.0))
    (2.7406851712928235 (0.429 -0.009333333333333334 0.0))
    (2.741685421355339 (0.429 -0.009333333333333334 0.0))
    (2.742685671417855 (0.429 -0.009333333333333334 0.0))
    (2.7436859214803704 (0.429 -0.009333333333333334 0.0))
    (2.744686171542886 (0.429 -0.009333333333333334 0.0))
    (2.7456864216054018 (0.429 -0.009333333333333334 0.0))
    (2.7466866716679172 (0.429 -0.009333333333333334 0.0))
    (2.7476869217304327 (0.429 -0.009333333333333334 0.0))
    (2.7486871717929486 (0.429 -0.009333333333333334 0.0))
    (2.749687421855464 (0.429 -0.009333333333333334 0.0))
    (2.7506876719179796 (0.429 -0.009333333333333334 0.0))
    (2.7516879219804955 (0.429 -0.009333333333333334 0.0))
    (2.752688172043011 (0.429 -0.009333333333333334 0.0))
    (2.753688422105527 (0.429 -0.009333333333333334 0.0))
    (2.7546886721680424 (0.429 -0.009333333333333334 0.0))
    (2.755688922230558 (0.429 -0.009333333333333334 0.0))
    (2.7566891722930738 (0.429 -0.009333333333333334 0.0))
    (2.7576894223555892 (0.429 -0.009333333333333334 0.0))
    (2.7586896724181047 (0.429 -0.009333333333333334 0.0))
    (2.7596899224806206 (0.429 -0.009333333333333334 0.0))
    (2.760690172543136 (0.429 -0.009333333333333334 0.0))
    (2.7616904226056516 (0.429 -0.009333333333333334 0.0))
    (2.7626906726681675 (0.429 -0.009333333333333334 0.0))
    (2.763690922730683 (0.429 -0.009333333333333334 0.0))
    (2.7646911727931984 (0.429 -0.009333333333333334 0.0))
    (2.7656914228557143 (0.429 -0.009333333333333334 0.0))
    (2.76669167291823 (0.429 -0.009333333333333334 0.0))
    (2.7676919229807453 (0.429 -0.009333333333333334 0.0))
    (2.768692173043261 (0.429 -0.009333333333333334 0.0))
    (2.7696924231057767 (0.429 -0.009333333333333334 0.0))
    (2.770692673168292 (0.429 -0.009333333333333334 0.0))
    (2.771692923230808 (0.429 -0.009333333333333334 0.0))
    (2.7726931732933235 (0.429 -0.009333333333333334 0.0))
    (2.7736934233558395 (0.429 -0.009333333333333334 0.0))
    (2.774693673418355 (0.429 -0.009333333333333334 0.0))
    (2.7756939234808704 (0.429 -0.009333333333333334 0.0))
    (2.7766941735433863 (0.429 -0.009333333333333334 0.0))
    (2.777694423605902 (0.429 -0.009333333333333334 0.0))
    (2.7786946736684173 (0.429 -0.009333333333333334 0.0))
    (2.779694923730933 (0.429 -0.009333333333333334 0.0))
    (2.7806951737934487 (0.429 -0.009333333333333334 0.0))
    (2.781695423855964 (0.429 -0.009333333333333334 0.0))
    (2.78269567391848 (0.429 -0.009333333333333334 0.0))
    (2.7836959239809955 (0.429 -0.009333333333333334 0.0))
    (2.784696174043511 (0.429 -0.009333333333333334 0.0))
    (2.785696424106027 (0.429 -0.009333333333333334 0.0))
    (2.7866966741685424 (0.429 -0.009333333333333334 0.0))
    (2.787696924231058 (0.429 -0.009333333333333334 0.0))
    (2.7886971742935738 (0.429 -0.009333333333333334 0.0))
    (2.7896974243560893 (0.429 -0.009333333333333334 0.0))
    (2.7906976744186047 (0.429 -0.009333333333333334 0.0))
    (2.7916979244811206 (0.429 -0.009333333333333334 0.0))
    (2.792698174543636 (0.429 -0.009333333333333334 0.0))
    (2.793698424606152 (0.429 -0.009333333333333334 0.0))
    (2.7946986746686675 (0.429 -0.009333333333333334 0.0))
    (2.795698924731183 (0.429 -0.009333333333333334 0.0))
    (2.796699174793699 (0.429 -0.009333333333333334 0.0))
    (2.7976994248562144 (0.429 -0.009333333333333334 0.0))
    (2.79869967491873 (0.429 -0.009333333333333334 0.0))
    (2.7996999249812458 (0.429 -0.009333333333333334 0.0))
    (2.8007001750437612 (0.429 -0.009333333333333334 0.0))
    (2.8017004251062767 (0.429 -0.009333333333333334 0.0))
    (2.8027006751687926 (0.429 -0.009333333333333334 0.0))
    (2.803700925231308 (0.429 -0.009333333333333334 0.0))
    (2.8047011752938236 (0.429 -0.009333333333333334 0.0))
    (2.8057014253563395 (0.429 -0.009333333333333334 0.0))
    (2.806701675418855 (0.429 -0.009333333333333334 0.0))
    (2.8077019254813704 (0.429 -0.009333333333333334 0.0))
    (2.8087021755438863 (0.429 -0.009333333333333334 0.0))
    (2.809702425606402 (0.429 -0.009333333333333334 0.0))
    (2.8107026756689177 (0.429 -0.009333333333333334 0.0))
    (2.811702925731433 (0.429 -0.009333333333333334 0.0))
    (2.8127031757939487 (0.429 -0.009333333333333334 0.0))
    (2.8137034258564646 (0.429 -0.009333333333333334 0.0))
    (2.81470367591898 (0.429 -0.009333333333333334 0.0))
    (2.8157039259814955 (0.429 -0.009333333333333334 0.0))
    (2.8167041760440115 (0.429 -0.009333333333333334 0.0))
    (2.817704426106527 (0.429 -0.009333333333333334 0.0))
    (2.8187046761690424 (0.429 -0.009333333333333334 0.0))
    (2.8197049262315583 (0.429 -0.009333333333333334 0.0))
    (2.820705176294074 (0.429 -0.009333333333333334 0.0))
    (2.8217054263565893 (0.429 -0.009333333333333334 0.0))
    (2.822705676419105 (0.429 -0.009333333333333334 0.0))
    (2.8237059264816207 (0.429 -0.009333333333333334 0.0))
    (2.824706176544136 (0.429 -0.009333333333333334 0.0))
    (2.825706426606652 (0.429 -0.009333333333333334 0.0))
    (2.8267066766691675 (0.429 -0.009333333333333334 0.0))
    (2.827706926731683 (0.429 -0.009333333333333334 0.0))
    (2.828707176794199 (0.429 -0.009333333333333334 0.0))
    (2.8297074268567144 (0.429 -0.009333333333333334 0.0))
    (2.8307076769192303 (0.429 -0.009333333333333334 0.0))
    (2.831707926981746 (0.429 -0.009333333333333334 0.0))
    (2.8327081770442613 (0.429 -0.009333333333333334 0.0))
    (2.833708427106777 (0.429 -0.009333333333333334 0.0))
    (2.8347086771692926 (0.429 -0.009333333333333334 0.0))
    (2.835708927231808 (0.429 -0.009333333333333334 0.0))
    (2.836709177294324 (0.429 -0.009333333333333334 0.0))
    (2.8377094273568395 (0.429 -0.009333333333333334 0.0))
    (2.838709677419355 (0.429 -0.009333333333333334 0.0))
    (2.839709927481871 (0.429 -0.009333333333333334 0.0))
    (2.8407101775443864 (0.429 -0.009333333333333334 0.0))
    (2.841710427606902 (0.429 -0.009333333333333334 0.0))
    (2.8427106776694178 (0.429 -0.009333333333333334 0.0))
    (2.8437109277319332 (0.429 -0.009333333333333334 0.0))
    (2.8447111777944487 (0.429 -0.009333333333333334 0.0))
    (2.8457114278569646 (0.429 -0.009333333333333334 0.0))
    (2.84671167791948 (0.429 -0.009333333333333334 0.0))
    (2.847711927981996 (0.429 -0.009333333333333334 0.0))
    (2.8487121780445115 (0.429 -0.009333333333333334 0.0))
    (2.849712428107027 (0.429 -0.009333333333333334 0.0))
    (2.850712678169543 (0.429 -0.009333333333333334 0.0))
    (2.8517129282320584 (0.429 -0.009333333333333334 0.0))
    (2.852713178294574 (0.429 -0.009333333333333334 0.0))
    (2.8537134283570897 (0.429 -0.009333333333333334 0.0))
    (2.854713678419605 (0.429 -0.009333333333333334 0.0))
    (2.8557139284821207 (0.429 -0.009333333333333334 0.0))
    (2.8567141785446366 (0.429 -0.009333333333333334 0.0))
    (2.857714428607152 (0.429 -0.009333333333333334 0.0))
    (2.8587146786696676 (0.429 -0.009333333333333334 0.0))
    (2.8597149287321835 (0.429 -0.009333333333333334 0.0))
    (2.860715178794699 (0.429 -0.009333333333333334 0.0))
    (2.8617154288572144 (0.429 -0.009333333333333334 0.0))
    (2.8627156789197303 (0.429 -0.009333333333333334 0.0))
    (2.863715928982246 (0.429 -0.009333333333333334 0.0))
    (2.8647161790447613 (0.429 -0.009333333333333334 0.0))
    (2.865716429107277 (0.429 -0.009333333333333334 0.0))
    (2.8667166791697927 (0.429 -0.009333333333333334 0.0))
    (2.8677169292323086 (0.429 -0.009333333333333334 0.0))
    (2.868717179294824 (0.429 -0.009333333333333334 0.0))
    (2.8697174293573395 (0.429 -0.009333333333333334 0.0))
    (2.8707176794198555 (0.429 -0.009333333333333334 0.0))
    (2.871717929482371 (0.429 -0.009333333333333334 0.0))
    (2.8727181795448864 (0.429 -0.009333333333333334 0.0))
    (2.8737184296074023 (0.429 -0.009333333333333334 0.0))
    (2.874718679669918 (0.429 -0.009333333333333334 0.0))
    (2.8757189297324333 (0.429 -0.009333333333333334 0.0))
    (2.876719179794949 (0.429 -0.009333333333333334 0.0))
    (2.8777194298574647 (0.429 -0.009333333333333334 0.0))
    (2.87871967991998 (0.429 -0.009333333333333334 0.0))
    (2.879719929982496 (0.429 -0.009333333333333334 0.0))
    (2.8807201800450115 (0.429 -0.009333333333333334 0.0))
    (2.881720430107527 (0.429 -0.009333333333333334 0.0))
    (2.882720680170043 (0.429 -0.009333333333333334 0.0))
    (2.8837209302325584 (0.429 -0.009333333333333334 0.0))
    (2.884721180295074 (0.429 -0.009333333333333334 0.0))
    (2.8857214303575898 (0.429 -0.009333333333333334 0.0))
    (2.8867216804201052 (0.429 -0.009333333333333334 0.0))
    (2.887721930482621 (0.429 -0.009333333333333334 0.0))
    (2.8887221805451366 (0.429 -0.009333333333333334 0.0))
    (2.889722430607652 (0.429 -0.009333333333333334 0.0))
    (2.890722680670168 (0.429 -0.009333333333333334 0.0))
    (2.8917229307326835 (0.429 -0.009333333333333334 0.0))
    (2.892723180795199 (0.429 -0.009333333333333334 0.0))
    (2.893723430857715 (0.429 -0.009333333333333334 0.0))
    (2.8947236809202304 (0.429 -0.009333333333333334 0.0))
    (2.895723930982746 (0.429 -0.009333333333333334 0.0))
    (2.8967241810452617 (0.429 -0.009333333333333334 0.0))
    (2.897724431107777 (0.429 -0.009333333333333334 0.0))
    (2.8987246811702927 (0.429 -0.009333333333333334 0.0))
    (2.8997249312328086 (0.429 -0.009333333333333334 0.0))
    (2.900725181295324 (0.429 -0.009333333333333334 0.0))
    (2.9017254313578396 (0.429 -0.009333333333333334 0.0))
    (2.9027256814203555 (0.429 -0.009333333333333334 0.0))
    (2.903725931482871 (0.429 -0.009333333333333334 0.0))
    (2.904726181545387 (0.429 -0.009333333333333334 0.0))
    (2.9057264316079023 (0.429 -0.009333333333333334 0.0))
    (2.906726681670418 (0.429 -0.009333333333333334 0.0))
    (2.9077269317329337 (0.429 -0.009333333333333334 0.0))
    (2.908727181795449 (0.429 -0.009333333333333334 0.0))
    (2.9097274318579647 (0.429 -0.009333333333333334 0.0))
    (2.9107276819204806 (0.429 -0.009333333333333334 0.0))
    (2.911727931982996 (0.429 -0.009333333333333334 0.0))
    (2.9127281820455115 (0.429 -0.009333333333333334 0.0))
    (2.9137284321080275 (0.429 -0.009333333333333334 0.0))
    (2.914728682170543 (0.429 -0.009333333333333334 0.0))
    (2.9157289322330584 (0.429 -0.009333333333333334 0.0))
    (2.9167291822955743 (0.429 -0.009333333333333334 0.0))
    (2.91772943235809 (0.429 -0.009333333333333334 0.0))
    (2.9187296824206053 (0.429 -0.009333333333333334 0.0))
    (2.919729932483121 (0.429 -0.009333333333333334 0.0))
    (2.9207301825456367 (0.429 -0.009333333333333334 0.0))
    (2.921730432608152 (0.429 -0.009333333333333334 0.0))
    (2.922730682670668 (0.429 -0.009333333333333334 0.0))
    (2.9237309327331835 (0.429 -0.009333333333333334 0.0))
    (2.9247311827956994 (0.429 -0.009333333333333334 0.0))
    (2.925731432858215 (0.429 -0.009333333333333334 0.0))
    (2.9267316829207304 (0.429 -0.009333333333333334 0.0))
    (2.9277319329832463 (0.429 -0.009333333333333334 0.0))
    (2.9287321830457618 (0.429 -0.009333333333333334 0.0))
    (2.9297324331082772 (0.429 -0.009333333333333334 0.0))
    (2.930732683170793 (0.429 -0.009333333333333334 0.0))
    (2.9317329332333086 (0.429 -0.009333333333333334 0.0))
    (2.932733183295824 (0.429 -0.009333333333333334 0.0))
    (2.93373343335834 (0.429 -0.009333333333333334 0.0))
    (2.9347336834208555 (0.429 -0.009333333333333334 0.0))
    (2.935733933483371 (0.429 -0.009333333333333334 0.0))
    (2.936734183545887 (0.429 -0.009333333333333334 0.0))
    (2.9377344336084024 (0.429 -0.009333333333333334 0.0))
    (2.938734683670918 (0.429 -0.009333333333333334 0.0))
    (2.9397349337334338 (0.429 -0.009333333333333334 0.0))
    (2.9407351837959492 (0.429 -0.009333333333333334 0.0))
    (2.941735433858465 (0.429 -0.009333333333333334 0.0))
    (2.9427356839209806 (0.429 -0.009333333333333334 0.0))
    (2.943735933983496 (0.429 -0.009333333333333334 0.0))
    (2.944736184046012 (0.429 -0.009333333333333334 0.0))
    (2.9457364341085275 (0.429 -0.009333333333333334 0.0))
    (2.946736684171043 (0.429 -0.009333333333333334 0.0))
    (2.947736934233559 (0.429 -0.009333333333333334 0.0))
    (2.9487371842960743 (0.429 -0.009333333333333334 0.0))
    (2.94973743435859 (0.429 -0.009333333333333334 0.0))
    (2.9507376844211057 (0.429 -0.009333333333333334 0.0))
    (2.951737934483621 (0.429 -0.009333333333333334 0.0))
    (2.9527381845461367 (0.429 -0.009333333333333334 0.0))
    (2.9537384346086526 (0.429 -0.009333333333333334 0.0))
    (2.954738684671168 (0.429 -0.009333333333333334 0.0))
    (2.9557389347336835 (0.429 -0.009333333333333334 0.0))
    (2.9567391847961995 (0.429 -0.009333333333333334 0.0))
    (2.957739434858715 (0.429 -0.009333333333333334 0.0))
    (2.9587396849212304 (0.429 -0.009333333333333334 0.0))
    (2.9597399349837463 (0.429 -0.009333333333333334 0.0))
    (2.960740185046262 (0.429 -0.009333333333333334 0.0))
    (2.9617404351087777 (0.429 -0.009333333333333334 0.0))
    (2.962740685171293 (0.429 -0.009333333333333334 0.0))
    (2.9637409352338087 (0.429 -0.009333333333333334 0.0))
    (2.9647411852963246 (0.429 -0.009333333333333334 0.0))
    (2.96574143535884 (0.429 -0.009333333333333334 0.0))
    (2.9667416854213555 (0.429 -0.009333333333333334 0.0))
    (2.9677419354838714 (0.429 -0.009333333333333334 0.0))
    (2.968742185546387 (0.429 -0.009333333333333334 0.0))
    (2.9697424356089024 (0.429 -0.009333333333333334 0.0))
    (2.9707426856714183 (0.429 -0.009333333333333334 0.0))
    (2.9717429357339338 (0.429 -0.009333333333333334 0.0))
    (2.9727431857964493 (0.429 -0.009333333333333334 0.0))
    (2.973743435858965 (0.429 -0.009333333333333334 0.0))
    (2.9747436859214806 (0.429 -0.009333333333333334 0.0))
    (2.975743935983996 (0.429 -0.009333333333333334 0.0))
    (2.976744186046512 (0.429 -0.009333333333333334 0.0))
    (2.9777444361090275 (0.429 -0.009333333333333334 0.0))
    (2.978744686171543 (0.429 -0.009333333333333334 0.0))
    (2.979744936234059 (0.429 -0.009333333333333334 0.0))
    (2.9807451862965744 (0.429 -0.009333333333333334 0.0))
    (2.9817454363590903 (0.429 -0.009333333333333334 0.0))
    (2.9827456864216058 (0.429 -0.009333333333333334 0.0))
    (2.9837459364841212 (0.429 -0.009333333333333334 0.0))
    (2.984746186546637 (0.429 -0.009333333333333334 0.0))
    (2.9857464366091526 (0.429 -0.009333333333333334 0.0))
    (2.986746686671668 (0.429 -0.009333333333333334 0.0))
    (2.987746936734184 (0.429 -0.009333333333333334 0.0))
    (2.9887471867966995 (0.429 -0.009333333333333334 0.0))
    (2.989747436859215 (0.429 -0.009333333333333334 0.0))
    (2.990747686921731 (0.429 -0.009333333333333334 0.0))
    (2.9917479369842463 (0.429 -0.009333333333333334 0.0))
    (2.992748187046762 (0.429 -0.009333333333333334 0.0))
    (2.9937484371092777 (0.429 -0.009333333333333334 0.0))
    (2.994748687171793 (0.429 -0.009333333333333334 0.0))
    (2.9957489372343087 (0.429 -0.009333333333333334 0.0))
    (2.9967491872968246 (0.429 -0.009333333333333334 0.0))
    (2.99774943735934 (0.429 -0.009333333333333334 0.0))
    (2.998749687421856 (0.429 -0.009333333333333334 0.0))
    (2.9997499374843715 (0.429 -0.009333333333333334 0.0))
    (3.000750187546887 (0.429 -0.009333333333333334 0.0))
    (3.001750437609403 (0.429 -0.009333333333333334 0.0))
    (3.0027506876719183 (0.429 -0.009333333333333334 0.0))
    (3.003750937734434 (0.429 -0.009333333333333334 0.0))
    (3.0047511877969497 (0.429 -0.009333333333333334 0.0))
    (3.005751437859465 (0.429 -0.009333333333333334 0.0))
    (3.0067516879219807 (0.429 -0.009333333333333334 0.0))
    (3.0077519379844966 (0.429 -0.009333333333333334 0.0))
    (3.008752188047012 (0.429 -0.009333333333333334 0.0))
    (3.0097524381095275 (0.429 -0.009333333333333334 0.0))
    (3.0107526881720434 (0.429 -0.009333333333333334 0.0))
    (3.011752938234559 (0.429 -0.009333333333333334 0.0))
    (3.0127531882970744 (0.429 -0.009333333333333334 0.0))
    (3.0137534383595903 (0.429 -0.009395905644942236 0.0))
    (3.014753688422106 (0.429 -0.00946572848730907 0.0))
    (3.0157539384846213 (0.429 -0.009535536803793368 0.0))
    (3.016754188547137 (0.429 -0.009605322935297525 0.0))
    (3.0177544386096526 (0.429 -0.009675079225157916 0.0))
    (3.0187546886721686 (0.429 -0.009744798019985186 0.0))
    (3.019754938734684 (0.429 -0.00981447167050363 0.0))
    (3.0207551887971995 (0.429 -0.009884092532390669 0.0))
    (3.0217554388597154 (0.429 -0.009953652967115556 0.0))
    (3.022755688922231 (0.429 -0.010023145342777243 0.0))
    (3.0237559389847464 (0.429 -0.010092562034941924 0.0))
    (3.0247561890472623 (0.429 -0.010161895427479563 0.0))
    (3.0257564391097778 (0.429 -0.010231137913399297 0.0))
    (3.0267566891722932 (0.429 -0.010300281895684256 0.0))
    (3.027756939234809 (0.429 -0.010369319788125072 0.0))
    (3.0287571892973246 (0.429 -0.010438244016152006 0.0))
    (3.02975743935984 (0.429 -0.01050704701766621 0.0))
    (3.030757689422356 (0.429 -0.010575721243869404 0.0))
    (3.0317579394848715 (0.429 -0.010644259160091896 0.0))
    (3.032758189547387 (0.429 -0.010712653246619467 0.0))
    (3.033758439609903 (0.429 -0.010780895999518408 0.0))
    (3.0347586896724184 (0.429 -0.010848979931458601 0.0))
    (3.0357589397349343 (0.429 -0.01091689757253527 0.0))
    (3.0367591897974497 (0.429 -0.010984641471088307 0.0))
    (3.037759439859965 (0.429 -0.011052204194520103 0.0))
    (3.038759689922481 (0.429 -0.011119578330110805 0.0))
    (3.0397599399849966 (0.429 -0.011186756485831624 0.0))
    (3.040760190047512 (0.429 -0.011253731291156052 0.0))
    (3.041760440110028 (0.429 -0.011320495397868335 0.0))
    (3.0427606901725435 (0.429 -0.011387041480869685 0.0))
    (3.043760940235059 (0.429 -0.011453362238982159 0.0))
    (3.044761190297575 (0.429 -0.011519450395749524 0.0))
    (3.0457614403600903 (0.429 -0.011585298700235596 0.0))
    (3.046761690422606 (0.429 -0.011650899927819987 0.0))
    (3.0477619404851217 (0.429 -0.011716246880990561 0.0))
    (3.048762190547637 (0.429 -0.011781332390133115 0.0))
    (3.0497624406101527 (0.429 -0.011846149314318205 0.0))
    (3.0507626906726686 (0.429 -0.011910690542084422 0.0))
    (3.051762940735184 (0.429 -0.01197494899221863 0.0))
    (3.0527631907976995 (0.429 -0.012038917614533087 0.0))
    (3.0537634408602155 (0.429 -0.012102589390638775 0.0))
    (3.054763690922731 (0.429 -0.01216595733471542 0.0))
    (3.055763940985247 (0.429 -0.01222901449427817 0.0))
    (3.0567641910477623 (0.429 -0.0122917539509401 0.0))
    (3.057764441110278 (0.429 -0.012354168821171472 0.0))
    (3.0587646911727937 (0.429 -0.012416252257054977 0.0))
    (3.059764941235309 (0.429 -0.012477997447036872 0.0))
    (3.0607651912978247 (0.429 -0.012539397616674502 0.0))
    (3.0617654413603406 (0.429 -0.012600446029379571 0.0))
    (3.062765691422856 (0.429 -0.012661135987157061 0.0))
    (3.0637659414853715 (0.429 -0.012721460831340303 0.0))
    (3.0647661915478874 (0.429 -0.012781413943321532 0.0))
    (3.065766441610403 (0.429 -0.01284098874527788 0.0))
    (3.0667666916729184 (0.429 -0.012900178700893244 0.0))
    (3.0677669417354343 (0.429 -0.012958977316075433 0.0))
    (3.0687671917979498 (0.429 -0.013017378139668485 0.0))
    (3.0697674418604652 (0.429 -0.013075374764160649 0.0))
    (3.070767691922981 (0.429 -0.01313296082638739 0.0))
    (3.0717679419854966 (0.429 -0.013190130008229356 0.0))
    (3.072768192048012 (0.429 -0.01324687603730575 0.0))
    (3.073768442110528 (0.429 -0.013303192687662512 0.0))
    (3.0747686921730435 (0.429 -0.013359073780455234 0.0))
    (3.0757689422355594 (0.429 -0.013414513184627292 0.0))
    (3.076769192298075 (0.429 -0.013469504817582321 0.0))
    (3.0777694423605904 (0.429 -0.013524042645851799 0.0))
    (3.0787696924231063 (0.429 -0.013578120685756832 0.0))
    (3.0797699424856217 (0.429 -0.013631733004064667 0.0))
    (3.080770192548137 (0.429 -0.013684873718639825 0.0))
    (3.081770442610653 (0.429 -0.01373753699908931 0.0))
    (3.0827706926731686 (0.429 -0.013789717067402282 0.0))
    (3.083770942735684 (0.429 -0.013841408198584176 0.0))
    (3.0847711927982 (0.429 -0.013892604721284663 0.0))
    (3.0857714428607155 (0.429 -0.013943301018419871 0.0))
    (3.086771692923231 (0.429 -0.013993491527788855 0.0))
    (3.087771942985747 (0.429 -0.014043170742683676 0.0))
    (3.0887721930482623 (0.429 -0.014092333212493601 0.0))
    (3.089772443110778 (0.429 -0.014140973543303258 0.0))
    (3.0907726931732937 (0.429 -0.01418908639848429 0.0))
    (3.091772943235809 (0.429 -0.014236666499280872 0.0))
    (3.092773193298325 (0.429 -0.014283708625389033 0.0))
    (3.0937734433608406 (0.429 -0.014330207615529188 0.0))
    (3.094773693423356 (0.429 -0.014376158368012572 0.0))
    (3.095773943485872 (0.429 -0.014421555841300972 0.0))
    (3.0967741935483875 (0.429 -0.014466395054559728 0.0))
    (3.097774443610903 (0.429 -0.014510671088204353 0.0))
    (3.098774693673419 (0.429 -0.014554379084440287 0.0))
    (3.0997749437359343 (0.429 -0.014597514247795738 0.0))
    (3.10077519379845 (0.429 -0.014640071845647962 0.0))
    (3.1017754438609657 (0.429 -0.014682047208742503 0.0))
    (3.102775693923481 (0.429 -0.014723435731705356 0.0))
    (3.1037759439859967 (0.429 -0.014764232873548385 0.0))
    (3.1047761940485126 (0.429 -0.014804434158167531 0.0))
    (3.105776444111028 (0.429 -0.014844035174833802 0.0))
    (3.1067766941735435 (0.429 -0.014883031578677312 0.0))
    (3.1077769442360594 (0.429 -0.014921419091163993 0.0))
    (3.108777194298575 (0.429 -0.014959193500564887 0.0))
    (3.1097774443610904 (0.429 -0.01499635066241839 0.0))
    (3.1107776944236063 (0.429 -0.015032886499984879 0.0))
    (3.1117779444861218 (0.429 -0.015068797004694028 0.0))
    (3.1127781945486377 (0.429 -0.015104078236584622 0.0))
    (3.113778444611153 (0.429 -0.01513872632473676 0.0))
    (3.1147786946736686 (0.429 -0.015172737467696693 0.0))
    (3.1157789447361846 (0.429 -0.015206107933893789 0.0))
    (3.1167791947987 (0.429 -0.015238834062049948 0.0))
    (3.1177794448612155 (0.429 -0.015270912261581417 0.0))
    (3.1187796949237314 (0.429 -0.015302339012992612 0.0))
    (3.119779944986247 (0.429 -0.015333110868262284 0.0))
    (3.1207801950487624 (0.429 -0.015363224451221907 0.0))
    (3.1217804451112783 (0.429 -0.01539267645792601 0.0))
    (3.1227806951737938 (0.429 -0.015421463657014673 0.0))
    (3.1237809452363092 (0.429 -0.015449582890068142 0.0))
    (3.124781195298825 (0.429 -0.015477031071953279 0.0))
    (3.1257814453613406 (0.429 -0.015503805191162047 0.0))
    (3.126781695423856 (0.429 -0.015529902310142008 0.0))
    (3.127781945486372 (0.429 -0.015555319565618531 0.0))
    (3.1287821955488875 (0.429 -0.015580054168908954 0.0))
    (3.1297824456114034 (0.429 -0.015604103406228592 0.0))
    (3.130782695673919 (0.429 -0.015627464638988446 0.0))
    (3.1317829457364343 (0.429 -0.015650135304084704 0.0))
    (3.1327831957989503 (0.429 -0.015672112914179963 0.0))
    (3.1337834458614657 (0.429 -0.015693395057976123 0.0))
    (3.134783695923981 (0.429 -0.01571397940047895 0.0))
    (3.135783945986497 (0.429 -0.015733863683254256 0.0))
    (3.1367841960490126 (0.429 -0.015753045724675695 0.0))
    (3.137784446111528 (0.429 -0.01577152342016411 0.0))
    (3.138784696174044 (0.429 -0.015789294742418455 0.0))
    (3.1397849462365595 (0.429 -0.015806357741638216 0.0))
    (3.140785196299075 (0.429 -0.015822710545737317 0.0))
    (3.141785446361591 (0.429 -0.015838351360549556 0.0))
    (3.1427856964241063 (0.429 -0.015853278470025416 0.0))
    (3.143785946486622 (0.429 -0.015867490236420374 0.0))
    (3.1447861965491377 (0.429 -0.015880985100474563 0.0))
    (3.145786446611653 (0.429 -0.015893761581583864 0.0))
    (3.1467866966741687 (0.429 -0.01590581827796235 0.0))
    (3.1477869467366846 (0.429 -0.01591715386679607 0.0))
    (3.1487871967992 (0.429 -0.015927767104388212 0.0))
    (3.149787446861716 (0.429 -0.01593765682629553 0.0))
    (3.1507876969242314 (0.429 -0.015946821947456103 0.0))
    (3.151787946986747 (0.429 -0.015955261462308405 0.0))
    (3.152788197049263 (0.429 -0.01596297444490162 0.0))
    (3.1537884471117783 (0.429 -0.01596996004899722 0.0))
    (3.1547886971742938 (0.429 -0.01597621750816183 0.0))
    (3.1557889472368097 (0.429 -0.015981746135851318 0.0))
    (3.156789197299325 (0.429 -0.0159865453254861 0.0))
    (3.1577894473618406 (0.429 -0.015990614550517715 0.0))
    (3.1587896974243566 (0.429 -0.01599395336448658 0.0))
    (3.159789947486872 (0.429 -0.01599656140107099 0.0))
    (3.1607901975493875 (0.429 -0.015998438374127275 0.0))
    (3.1617904476119034 (0.429 -0.01599958407772125 0.0))
    (3.162790697674419 (0.429 -0.01599999838615075 0.0))
    (3.1637909477369344 (0.429 -0.015999681253959477 0.0))
    (3.1647911977994503 (0.429 -0.015998632715941933 0.0))
    (3.1657914478619658 (0.429 -0.01599685288713964 0.0))
    (3.1667916979244817 (0.429 -0.015994341962828514 0.0))
    (3.167791947986997 (0.429 -0.015991100218497423 0.0))
    (3.1687921980495126 (0.429 -0.01598712800981798 0.0))
    (3.1697924481120285 (0.429 -0.015982425772605502 0.0))
    (3.170792698174544 (0.429 -0.015976994022771217 0.0))
    (3.1717929482370595 (0.429 -0.015970833356265632 0.0))
    (3.1727931982995754 (0.429 -0.01596394444901317 0.0))
    (3.173793448362091 (0.429 -0.01595632805683802 0.0))
    (3.1747936984246063 (0.429 -0.01594798501538116 0.0))
    (3.1757939484871223 (0.429 -0.015938916240008726 0.0))
    (3.1767941985496377 (0.429 -0.01592912272571157 0.0))
    (3.177794448612153 (0.429 -0.015918605546996076 0.0))
    (3.178794698674669 (0.429 -0.015907365857766278 0.0))
    (3.1797949487371846 (0.429 -0.015895404891197278 0.0))
    (3.1807951987997 (0.429 -0.015882723959599897 0.0))
    (3.181795448862216 (0.429 -0.015869324454276752 0.0))
    (3.1827956989247315 (0.429 -0.01585520784536958 0.0))
    (3.183795948987247 (0.429 -0.015840375681697924 0.0))
    (3.184796199049763 (0.429 -0.015824829590589225 0.0))
    (3.1857964491122783 (0.429 -0.015808571277700294 0.0))
    (3.1867966991747942 (0.429 -0.01579160252683011 0.0))
    (3.1877969492373097 (0.429 -0.01577392519972419 0.0))
    (3.188797199299825 (0.429 -0.015755541235870273 0.0))
    (3.189797449362341 (0.429 -0.015736452652285515 0.0))
    (3.1907976994248566 (0.429 -0.015716661543295263 0.0))
    (3.191797949487372 (0.429 -0.01569617008030319 0.0))
    (3.192798199549888 (0.429 -0.015674980511553093 0.0))
    (3.1937984496124034 (0.429 -0.015653095161882246 0.0))
    (3.194798699674919 (0.429 -0.015630516432466296 0.0))
    (3.195798949737435 (0.429 -0.015607246800555793 0.0))
    (3.1967991997999503 (0.429 -0.01558328881920449 0.0))
    (3.197799449862466 (0.429 -0.01555864511698913 0.0))
    (3.1987996999249817 (0.429 -0.015533318397721069 0.0))
    (3.199799949987497 (0.429 -0.015507311440149697 0.0))
    (3.2008002000500126 (0.429 -0.015480627097657483 0.0))
    (3.2018004501125286 (0.429 -0.015453268297946913 0.0))
    (3.202800700175044 (0.429 -0.01542523804271936 0.0))
    (3.2038009502375595 (0.429 -0.015396539407345661 0.0))
    (3.2048012003000754 (0.429 -0.015367175540528698 0.0))
    (3.205801450362591 (0.429 -0.015337149663958029 0.0))
    (3.206801700425107 (0.429 -0.0153064650719563 0.0))
    (3.2078019504876223 (0.429 -0.015275125131117909 0.0))
    (3.2088022005501378 (0.429 -0.015243133279939527 0.0))
    (3.2098024506126537 (0.429 -0.015210493028442924 0.0))
    (3.210802700675169 (0.429 -0.015177207957789873 0.0))
    (3.2118029507376846 (0.429 -0.015143281719889136 0.0))
    (3.2128032008002005 (0.429 -0.015108718036995893 0.0))
    (3.213803450862716 (0.429 -0.015073520701303342 0.0))
    (3.2148037009252315 (0.429 -0.01503769357452655 0.0))
    (3.2158039509877474 (0.429 -0.015001240587478839 0.0))
    (3.216804201050263 (0.429 -0.014964165739640538 0.0))
    (3.2178044511127784 (0.429 -0.014926473098720054 0.0))
    (3.2188047011752943 (0.429 -0.014888166800207688 0.0))
    (3.2198049512378097 (0.429 -0.014849251046921908 0.0))
    (3.220805201300325 (0.429 -0.014809730108548125 0.0))
    (3.221805451362841 (0.429 -0.014769608321170337 0.0))
    (3.2228057014253566 (0.429 -0.014728890086795416 0.0))
    (3.2238059514878725 (0.429 -0.014687579872869979 0.0))
    (3.224806201550388 (0.429 -0.014645682211790443 0.0))
    (3.2258064516129035 (0.429 -0.014603201700405608 0.0))
    (3.2268067016754194 (0.429 -0.014560142999512297 0.0))
    (3.227806951737935 (0.429 -0.01451651083334414 0.0))
    (3.2288072018004503 (0.429 -0.014472309989053099 0.0))
    (3.2298074518629662 (0.429 -0.01442754531618425 0.0))
    (3.2308077019254817 (0.429 -0.014382221726143847 0.0))
    (3.231807951987997 (0.429 -0.014336344191660317 0.0))
    (3.232808202050513 (0.429 -0.014289917746238678 0.0))
    (3.2338084521130286 (0.429 -0.014242947483608418 0.0))
    (3.234808702175544 (0.429 -0.014195438557164496 0.0))
    (3.23580895223806 (0.429 -0.01414739617940192 0.0))
    (3.2368092023005754 (0.429 -0.014098825621344008 0.0))
    (3.237809452363091 (0.429 -0.014049732211963921 0.0))
    (3.238809702425607 (0.429 -0.01400012133759999 0.0))
    (3.2398099524881223 (0.429 -0.01394999844136489 0.0))
    (3.240810202550638 (0.429 -0.013899369022548307 0.0))
    (3.2418104526131537 (0.429 -0.013848238636013562 0.0))
    (3.242810702675669 (0.429 -0.013796612891588313 0.0))
    (3.243810952738185 (0.429 -0.013744497453448882 0.0))
    (3.2448112028007006 (0.429 -0.01369189803949897 0.0))
    (3.245811452863216 (0.429 -0.013638820420742116 0.0))
    (3.246811702925732 (0.429 -0.013585270420648695 0.0))
    (3.2478119529882474 (0.429 -0.013531253914516978 0.0))
    (3.248812203050763 (0.429 -0.013476776828828363 0.0))
    (3.249812453113279 (0.429 -0.013421845140597305 0.0))
    (3.2508127031757943 (0.429 -0.013366464876715535 0.0))
    (3.2518129532383098 (0.429 -0.013310642113290659 0.0))
    (3.2528132033008257 (0.429 -0.013254382974979672 0.0))
    (3.253813453363341 (0.429 -0.013197693634316979 0.0))
    (3.2548137034258566 (0.429 -0.013140580311037008 0.0))
    (3.2558139534883725 (0.429 -0.013083049271391974 0.0))
    (3.256814203550888 (0.429 -0.013025106827464362 0.0))
    (3.2578144536134035 (0.429 -0.012966759336474228 0.0))
    (3.2588147036759194 (0.429 -0.012908013200081878 0.0))
    (3.259814953738435 (0.429 -0.012848874863685498 0.0))
    (3.260815203800951 (0.429 -0.012789350815713803 0.0))
    (3.2618154538634663 (0.429 -0.012729447586914428 0.0))
    (3.2628157039259817 (0.429 -0.01266917174963719 0.0))
    (3.2638159539884977 (0.429 -0.012608529917113004 0.0))
    (3.264816204051013 (0.429 -0.012547528742728489 0.0))
    (3.2658164541135286 (0.429 -0.012486174919295788 0.0))
    (3.2668167041760445 (0.429 -0.01242447517831828 0.0))
    (3.26781695423856 (0.429 -0.012362436289252189 0.0))
    (3.2688172043010755 (0.429 -0.012300065058763694 0.0))
    (3.2698174543635914 (0.429 -0.012237368329982118 0.0))
    (3.270817704426107 (0.429 -0.012174352981749325 0.0))
    (3.2718179544886223 (0.429 -0.012111025927864803 0.0))
    (3.2728182045511383 (0.429 -0.012047394116327112 0.0))
    (3.2738184546136537 (0.429 -0.011983464528571764 0.0))
    (3.274818704676169 (0.429 -0.01191924417870506 0.0))
    (3.275818954738685 (0.429 -0.011854740112734529 0.0))
    (3.2768192048012006 (0.429 -0.011789959407796055 0.0))
    (3.277819454863716 (0.429 -0.011724909171377217 0.0))
    (3.278819704926232 (0.429 -0.01165959654053747 0.0))
    (3.2798199549887475 (0.429 -0.011594028681125303 0.0))
    (3.2808202050512634 (0.429 -0.011528212786991782 0.0))
    (3.281820455113779 (0.429 -0.011462156079201492 0.0))
    (3.2828207051762943 (0.429 -0.011395865805240024 0.0))
    (3.2838209552388102 (0.429 -0.011329349238219006 0.0))
    (3.2848212053013257 (0.429 -0.011262613676078136 0.0))
    (3.285821455363841 (0.429 -0.011195666440784268 0.0))
    (3.286821705426357 (0.429 -0.011128514877528282 0.0))
    (3.2878219554888726 (0.429 -0.011061166353919197 0.0))
    (3.288822205551388 (0.429 -0.010993628259175619 0.0))
    (3.289822455613904 (0.429 -0.010925908003315235 0.0))
    (3.2908227056764194 (0.429 -0.010858013016341813 0.0))
    (3.291822955738935 (0.429 -0.010789950747429796 0.0))
    (3.292823205801451 (0.429 -0.010721728664107227 0.0))
    (3.2938234558639663 (0.429 -0.010653354251436436 0.0))
    (3.2948237059264818 (0.429 -0.010584835011192594 0.0))
    (3.2958239559889977 (0.429 -0.010516178461040864 0.0))
    (3.296824206051513 (0.429 -0.01044739213371159 0.0))
    (3.2978244561140286 (0.429 -0.010378483576173624 0.0))
    (3.2988247061765446 (0.429 -0.01030946034880651 0.0))
    (3.29982495623906 (0.429 -0.010240330024570993 0.0))
    (3.300825206301576 (0.429 -0.010171100188177906 0.0))
    (3.3018254563640914 (0.429 -0.010101778435256335 0.0))
    (3.302825706426607 (0.429 -0.01003237237152002 0.0))
    (3.303825956489123 (0.429 -0.009962889611932885 0.0))
    (3.3048262065516383 (0.429 -0.009893337779873768 0.0))
    (3.3058264566141538 (0.429 -0.009823724506299775 0.0))
    (3.3068267066766697 (0.429 -0.00975405742890916 0.0))
    (3.307826956739185 (0.429 -0.009684344191303323 0.0))
    (3.3088272068017006 (0.429 -0.009614592442148186 0.0))
    (3.3098274568642165 (0.429 -0.009544809834335005 0.0))
    (3.310827706926732 (0.429 -0.009475004024140731 0.0))
    (3.3118279569892475 (0.429 -0.009405182670387991 0.0))
    (3.3128282070517634 (0.429 -0.009335353433604789 0.0))
    (3.313828457114279 (0.429 -0.009333333333333334 0.0))
    (3.3148287071767943 (0.429 -0.009333333333333334 0.0))
    (3.3158289572393103 (0.429 -0.009333333333333334 0.0))
    (3.3168292073018257 (0.429 -0.009333333333333334 0.0))
    (3.3178294573643416 (0.429 -0.009333333333333334 0.0))
    (3.318829707426857 (0.429 -0.009333333333333334 0.0))
    (3.3198299574893726 (0.429 -0.009333333333333334 0.0))
    (3.3208302075518885 (0.429 -0.009333333333333334 0.0))
    (3.321830457614404 (0.429 -0.009333333333333334 0.0))
    (3.3228307076769195 (0.429 -0.009333333333333334 0.0))
    (3.3238309577394354 (0.429 -0.009333333333333334 0.0))
    (3.324831207801951 (0.429 -0.009333333333333334 0.0))
    (3.3258314578644663 (0.429 -0.009333333333333334 0.0))
    (3.3268317079269822 (0.429 -0.009333333333333334 0.0))
    (3.3278319579894977 (0.429 -0.009333333333333334 0.0))
    (3.328832208052013 (0.429 -0.009333333333333334 0.0))
    (3.329832458114529 (0.429 -0.009333333333333334 0.0))
    (3.3308327081770446 (0.429 -0.009333333333333334 0.0))
    (3.33183295823956 (0.429 -0.009333333333333334 0.0))
    (3.332833208302076 (0.429 -0.009333333333333334 0.0))
    (3.3338334583645914 (0.429 -0.009333333333333334 0.0))
    (3.334833708427107 (0.429 -0.009333333333333334 0.0))
    (3.335833958489623 (0.429 -0.009333333333333334 0.0))
    (3.3368342085521383 (0.429 -0.009333333333333334 0.0))
    (3.337834458614654 (0.429 -0.009333333333333334 0.0))
    (3.3388347086771697 (0.429 -0.009333333333333334 0.0))
    (3.339834958739685 (0.429 -0.009333333333333334 0.0))
    (3.340835208802201 (0.429 -0.009333333333333334 0.0))
    (3.3418354588647166 (0.429 -0.009333333333333334 0.0))
    (3.342835708927232 (0.429 -0.009333333333333334 0.0))
    (3.343835958989748 (0.429 -0.009333333333333334 0.0))
    (3.3448362090522634 (0.429 -0.009333333333333334 0.0))
    (3.345836459114779 (0.429 -0.009333333333333334 0.0))
    (3.346836709177295 (0.429 -0.009333333333333334 0.0))
    (3.3478369592398103 (0.429 -0.009333333333333334 0.0))
    (3.3488372093023258 (0.429 -0.009333333333333334 0.0))
    (3.3498374593648417 (0.429 -0.009333333333333334 0.0))
    (3.350837709427357 (0.429 -0.009333333333333334 0.0))
    (3.3518379594898726 (0.429 -0.009333333333333334 0.0))
    (3.3528382095523885 (0.429 -0.009333333333333334 0.0))
    (3.353838459614904 (0.429 -0.009333333333333334 0.0))
    (3.35483870967742 (0.429 -0.009333333333333334 0.0))
    (3.3558389597399354 (0.429 -0.009333333333333334 0.0))
    (3.356839209802451 (0.429 -0.009333333333333334 0.0))
    (3.357839459864967 (0.429 -0.009333333333333334 0.0))
    (3.3588397099274823 (0.429 -0.009333333333333334 0.0))
    (3.3598399599899977 (0.429 -0.009333333333333334 0.0))
    (3.3608402100525137 (0.429 -0.009333333333333334 0.0))
    (3.361840460115029 (0.429 -0.009333333333333334 0.0))
    (3.3628407101775446 (0.429 -0.009333333333333334 0.0))
    (3.3638409602400605 (0.429 -0.009333333333333334 0.0))
    (3.364841210302576 (0.429 -0.009333333333333334 0.0))
    (3.3658414603650915 (0.429 -0.009333333333333334 0.0))
    (3.3668417104276074 (0.429 -0.009333333333333334 0.0))
    (3.367841960490123 (0.429 -0.009333333333333334 0.0))
    (3.3688422105526383 (0.429 -0.009333333333333334 0.0))
    (3.3698424606151542 (0.429 -0.009333333333333334 0.0))
    (3.3708427106776697 (0.429 -0.009333333333333334 0.0))
    (3.371842960740185 (0.429 -0.009333333333333334 0.0))
    (3.372843210802701 (0.429 -0.009333333333333334 0.0))
    (3.3738434608652166 (0.429 -0.009333333333333334 0.0))
    (3.3748437109277325 (0.429 -0.009333333333333334 0.0))
    (3.375843960990248 (0.429 -0.009333333333333334 0.0))
    (3.3768442110527634 (0.429 -0.009333333333333334 0.0))
    (3.3778444611152794 (0.429 -0.009333333333333334 0.0))
    (3.378844711177795 (0.429 -0.009333333333333334 0.0))
    (3.3798449612403103 (0.429 -0.009333333333333334 0.0))
    (3.3808452113028262 (0.429 -0.009333333333333334 0.0))
    (3.3818454613653417 (0.429 -0.009333333333333334 0.0))
    (3.382845711427857 (0.429 -0.009333333333333334 0.0))
    (3.383845961490373 (0.429 -0.009333333333333334 0.0))
    (3.3848462115528886 (0.429 -0.009333333333333334 0.0))
    (3.385846461615404 (0.429 -0.009333333333333334 0.0))
    (3.38684671167792 (0.429 -0.009333333333333334 0.0))
    (3.3878469617404354 (0.429 -0.009333333333333334 0.0))
    (3.388847211802951 (0.429 -0.009333333333333334 0.0))
    (3.389847461865467 (0.429 -0.009333333333333334 0.0))
    (3.3908477119279823 (0.429 -0.009333333333333334 0.0))
    (3.3918479619904978 (0.429 -0.009333333333333334 0.0))
    (3.3928482120530137 (0.429 -0.009333333333333334 0.0))
    (3.393848462115529 (0.429 -0.009333333333333334 0.0))
    (3.394848712178045 (0.429 -0.009333333333333334 0.0))
    (3.3958489622405605 (0.429 -0.009333333333333334 0.0))
    (3.396849212303076 (0.429 -0.009333333333333334 0.0))
    (3.397849462365592 (0.429 -0.009333333333333334 0.0))
    (3.3988497124281074 (0.429 -0.009333333333333334 0.0))
    (3.399849962490623 (0.429 -0.009333333333333334 0.0))
    (3.400850212553139 (0.429 -0.009333333333333334 0.0))
    (3.4018504626156543 (0.429 -0.009333333333333334 0.0))
    (3.4028507126781697 (0.429 -0.009333333333333334 0.0))
    (3.4038509627406857 (0.429 -0.009333333333333334 0.0))
    (3.404851212803201 (0.429 -0.009333333333333334 0.0))
    (3.4058514628657166 (0.429 -0.009333333333333334 0.0))
    (3.4068517129282325 (0.429 -0.009333333333333334 0.0))
    (3.407851962990748 (0.429 -0.009333333333333334 0.0))
    (3.4088522130532635 (0.429 -0.009333333333333334 0.0))
    (3.4098524631157794 (0.429 -0.009333333333333334 0.0))
    (3.410852713178295 (0.429 -0.009333333333333334 0.0))
    (3.4118529632408108 (0.429 -0.009333333333333334 0.0))
    (3.4128532133033262 (0.429 -0.009333333333333334 0.0))
    (3.4138534633658417 (0.429 -0.009333333333333334 0.0))
    (3.4148537134283576 (0.429 -0.009333333333333334 0.0))
    (3.415853963490873 (0.429 -0.009333333333333334 0.0))
    (3.4168542135533886 (0.429 -0.009333333333333334 0.0))
    (3.4178544636159045 (0.429 -0.009333333333333334 0.0))
    (3.41885471367842 (0.429 -0.009333333333333334 0.0))
    (3.4198549637409354 (0.429 -0.009333333333333334 0.0))
    (3.4208552138034514 (0.429 -0.009333333333333334 0.0))
    (3.421855463865967 (0.429 -0.009333333333333334 0.0))
    (3.4228557139284823 (0.429 -0.009333333333333334 0.0))
    (3.4238559639909982 (0.429 -0.009333333333333334 0.0))
    (3.4248562140535137 (0.429 -0.009333333333333334 0.0))
    (3.425856464116029 (0.429 -0.009333333333333334 0.0))
    (3.426856714178545 (0.429 -0.009333333333333334 0.0))
    (3.4278569642410606 (0.429 -0.009333333333333334 0.0))
    (3.428857214303576 (0.429 -0.009333333333333334 0.0))
    (3.429857464366092 (0.429 -0.009333333333333334 0.0))
    (3.4308577144286074 (0.429 -0.009333333333333334 0.0))
    (3.4318579644911233 (0.429 -0.009333333333333334 0.0))
    (3.432858214553639 (0.429 -0.009333333333333334 0.0))
    (3.4338584646161543 (0.429 -0.009333333333333334 0.0))
    (3.43485871467867 (0.429 -0.009333333333333334 0.0))
    (3.4358589647411857 (0.429 -0.009333333333333334 0.0))
    (3.436859214803701 (0.429 -0.009333333333333334 0.0))
    (3.437859464866217 (0.429 -0.009333333333333334 0.0))
    (3.4388597149287325 (0.429 -0.009333333333333334 0.0))
    (3.439859964991248 (0.429 -0.009333333333333334 0.0))
    (3.440860215053764 (0.429 -0.009333333333333334 0.0))
    (3.4418604651162794 (0.429 -0.009333333333333334 0.0))
    (3.442860715178795 (0.429 -0.009333333333333334 0.0))
    (3.443860965241311 (0.429 -0.009333333333333334 0.0))
    (3.4448612153038263 (0.429 -0.009333333333333334 0.0))
    (3.4458614653663417 (0.429 -0.009333333333333334 0.0))
    (3.4468617154288577 (0.429 -0.009333333333333334 0.0))
    (3.447861965491373 (0.429 -0.009333333333333334 0.0))
    (3.448862215553889 (0.429 -0.009333333333333334 0.0))
    (3.4498624656164045 (0.429 -0.009333333333333334 0.0))
    (3.45086271567892 (0.429 -0.009333333333333334 0.0))
    (3.451862965741436 (0.429 -0.009333333333333334 0.0))
    (3.4528632158039514 (0.429 -0.009333333333333334 0.0))
    (3.453863465866467 (0.429 -0.009333333333333334 0.0))
    (3.454863715928983 (0.429 -0.009333333333333334 0.0))
    (3.4558639659914983 (0.429 -0.009333333333333334 0.0))
    (3.4568642160540137 (0.429 -0.009333333333333334 0.0))
    (3.4578644661165296 (0.429 -0.009333333333333334 0.0))
    (3.458864716179045 (0.429 -0.009333333333333334 0.0))
    (3.4598649662415606 (0.429 -0.009333333333333334 0.0))
    (3.4608652163040765 (0.429 -0.009333333333333334 0.0))
    (3.461865466366592 (0.429 -0.009333333333333334 0.0))
    (3.4628657164291075 (0.429 -0.009333333333333334 0.0))
    (3.4638659664916234 (0.429 -0.009333333333333334 0.0))
    (3.464866216554139 (0.429 -0.009333333333333334 0.0))
    (3.4658664666166543 (0.429 -0.009333333333333334 0.0))
    (3.4668667166791702 (0.429 -0.009333333333333334 0.0))
    (3.4678669667416857 (0.429 -0.009333333333333334 0.0))
    (3.4688672168042016 (0.429 -0.009333333333333334 0.0))
    (3.469867466866717 (0.429 -0.009333333333333334 0.0))
    (3.4708677169292326 (0.429 -0.009333333333333334 0.0))
    (3.4718679669917485 (0.429 -0.009333333333333334 0.0))
    (3.472868217054264 (0.429 -0.009333333333333334 0.0))
    (3.4738684671167794 (0.429 -0.009333333333333334 0.0))
    (3.4748687171792954 (0.429 -0.009333333333333334 0.0))
    (3.475868967241811 (0.429 -0.009333333333333334 0.0))
    (3.4768692173043263 (0.429 -0.009333333333333334 0.0))
    (3.477869467366842 (0.429 -0.009333333333333334 0.0))
    (3.4788697174293577 (0.429 -0.009333333333333334 0.0))
    (3.479869967491873 (0.429 -0.009333333333333334 0.0))
    (3.480870217554389 (0.429 -0.009333333333333334 0.0))
    (3.4818704676169046 (0.429 -0.009333333333333334 0.0))
    (3.48287071767942 (0.429 -0.009333333333333334 0.0))
    (3.483870967741936 (0.429 -0.009333333333333334 0.0))
    (3.4848712178044514 (0.429 -0.009333333333333334 0.0))
    (3.485871467866967 (0.429 -0.009333333333333334 0.0))
    (3.486871717929483 (0.429 -0.009333333333333334 0.0))
    (3.4878719679919983 (0.429 -0.009333333333333334 0.0))
    (3.488872218054514 (0.429 -0.009333333333333334 0.0))
    (3.4898724681170297 (0.429 -0.009333333333333334 0.0))
    (3.490872718179545 (0.429 -0.009333333333333334 0.0))
    (3.491872968242061 (0.429 -0.009333333333333334 0.0))
    (3.4928732183045765 (0.429 -0.009333333333333334 0.0))
    (3.493873468367092 (0.429 -0.009333333333333334 0.0))
    (3.494873718429608 (0.429 -0.009333333333333334 0.0))
    (3.4958739684921234 (0.429 -0.009333333333333334 0.0))
    (3.496874218554639 (0.429 -0.009333333333333334 0.0))
    (3.497874468617155 (0.429 -0.009333333333333334 0.0))
    (3.4988747186796703 (0.429 -0.009333333333333334 0.0))
    (3.4998749687421857 (0.429 -0.009333333333333334 0.0))
    (3.5008752188047016 (0.429 -0.009333333333333334 0.0))
    (3.501875468867217 (0.429 -0.009333333333333334 0.0))
    (3.5028757189297326 (0.429 -0.009333333333333334 0.0))
    (3.5038759689922485 (0.429 -0.009333333333333334 0.0))
    (3.504876219054764 (0.429 -0.009333333333333334 0.0))
    (3.50587646911728 (0.429 -0.009333333333333334 0.0))
    (3.5068767191797954 (0.429 -0.009333333333333334 0.0))
    (3.507876969242311 (0.429 -0.009333333333333334 0.0))
    (3.5088772193048268 (0.429 -0.009333333333333334 0.0))
    (3.5098774693673422 (0.429 -0.009333333333333334 0.0))
    (3.5108777194298577 (0.429 -0.009333333333333334 0.0))
    (3.5118779694923736 (0.429 -0.009333333333333334 0.0))
    (3.512878219554889 (0.429 -0.009333333333333334 0.0))
    (3.5138784696174046 (0.429 -0.009333333333333334 0.0))
    (3.5148787196799205 (0.429 -0.009333333333333334 0.0))
    (3.515878969742436 (0.429 -0.009333333333333334 0.0))
    (3.5168792198049514 (0.429 -0.009333333333333334 0.0))
    (3.5178794698674674 (0.429 -0.009333333333333334 0.0))
    (3.518879719929983 (0.429 -0.009333333333333334 0.0))
    (3.5198799699924983 (0.429 -0.009333333333333334 0.0))
    (3.520880220055014 (0.429 -0.009333333333333334 0.0))
    (3.5218804701175297 (0.429 -0.009333333333333334 0.0))
    (3.522880720180045 (0.429 -0.009333333333333334 0.0))
    (3.523880970242561 (0.429 -0.009333333333333334 0.0))
    (3.5248812203050766 (0.429 -0.009333333333333334 0.0))
    (3.5258814703675925 (0.429 -0.009333333333333334 0.0))
    (3.526881720430108 (0.429 -0.009333333333333334 0.0))
    (3.5278819704926234 (0.429 -0.009333333333333334 0.0))
    (3.5288822205551393 (0.429 -0.009333333333333334 0.0))
    (3.529882470617655 (0.429 -0.009333333333333334 0.0))
    (3.5308827206801703 (0.429 -0.009333333333333334 0.0))
    (3.531882970742686 (0.429 -0.009333333333333334 0.0))
    (3.5328832208052017 (0.429 -0.009333333333333334 0.0))
    (3.533883470867717 (0.429 -0.009333333333333334 0.0))
    (3.534883720930233 (0.429 -0.009333333333333334 0.0))
    (3.5358839709927485 (0.429 -0.009333333333333334 0.0))
    (3.536884221055264 (0.429 -0.009333333333333334 0.0))
    (3.53788447111778 (0.429 -0.009333333333333334 0.0))
    (3.5388847211802954 (0.429 -0.009333333333333334 0.0))
    (3.539884971242811 (0.429 -0.009333333333333334 0.0))
    (3.540885221305327 (0.429 -0.009333333333333334 0.0))
    (3.5418854713678423 (0.429 -0.009333333333333334 0.0))
    (3.542885721430358 (0.429 -0.009333333333333334 0.0))
    (3.5438859714928737 (0.429 -0.009333333333333334 0.0))
    (3.544886221555389 (0.429 -0.009333333333333334 0.0))
    (3.545886471617905 (0.429 -0.009333333333333334 0.0))
    (3.5468867216804205 (0.429 -0.009333333333333334 0.0))
    (3.547886971742936 (0.429 -0.009333333333333334 0.0))
    (3.548887221805452 (0.429 -0.009333333333333334 0.0))
    (3.5498874718679674 (0.429 -0.009333333333333334 0.0))
    (3.550887721930483 (0.429 -0.009333333333333334 0.0))
    (3.5518879719929988 (0.429 -0.009333333333333334 0.0))
    (3.5528882220555142 (0.429 -0.009333333333333334 0.0))
    (3.5538884721180297 (0.429 -0.009333333333333334 0.0))
    (3.5548887221805456 (0.429 -0.009333333333333334 0.0))
    (3.555888972243061 (0.429 -0.009333333333333334 0.0))
    (3.5568892223055766 (0.429 -0.009333333333333334 0.0))
    (3.5578894723680925 (0.429 -0.009333333333333334 0.0))
    (3.558889722430608 (0.429 -0.009333333333333334 0.0))
    (3.5598899724931234 (0.429 -0.009333333333333334 0.0))
    (3.5608902225556394 (0.429 -0.009333333333333334 0.0))
    (3.561890472618155 (0.429 -0.009333333333333334 0.0))
    (3.5628907226806708 (0.429 -0.009333333333333334 0.0))
    (3.5638909727431862 (0.429 -0.009333333333333334 0.0))
    (3.5648912228057017 (0.429 -0.009333333333333334 0.0))
    (3.5658914728682176 (0.429 -0.009333333333333334 0.0))
    (3.566891722930733 (0.429 -0.009333333333333334 0.0))
    (3.5678919729932486 (0.429 -0.009333333333333334 0.0))
    (3.5688922230557645 (0.429 -0.009333333333333334 0.0))
    (3.56989247311828 (0.429 -0.009333333333333334 0.0))
    (3.5708927231807954 (0.429 -0.009333333333333334 0.0))
    (3.5718929732433113 (0.429 -0.009333333333333334 0.0))
    (3.572893223305827 (0.429 -0.009333333333333334 0.0))
    (3.5738934733683423 (0.429 -0.009333333333333334 0.0))
    (3.574893723430858 (0.429 -0.009333333333333334 0.0))
    (3.5758939734933737 (0.429 -0.009333333333333334 0.0))
    (3.576894223555889 (0.429 -0.009333333333333334 0.0))
    (3.577894473618405 (0.429 -0.009333333333333334 0.0))
    (3.5788947236809205 (0.429 -0.009333333333333334 0.0))
    (3.579894973743436 (0.429 -0.009333333333333334 0.0))
    (3.580895223805952 (0.429 -0.009333333333333334 0.0))
    (3.5818954738684674 (0.429 -0.009333333333333334 0.0))
    (3.5828957239309833 (0.429 -0.009333333333333334 0.0))
    (3.583895973993499 (0.429 -0.009333333333333334 0.0))
    (3.5848962240560143 (0.429 -0.009333333333333334 0.0))
    (3.58589647411853 (0.429 -0.009333333333333334 0.0))
    (3.5868967241810457 (0.429 -0.009333333333333334 0.0))
    (3.587896974243561 (0.429 -0.009333333333333334 0.0))
    (3.588897224306077 (0.429 -0.009333333333333334 0.0))
    (3.5898974743685925 (0.429 -0.009333333333333334 0.0))
    (3.590897724431108 (0.429 -0.009333333333333334 0.0))
    (3.591897974493624 (0.429 -0.009333333333333334 0.0))
    (3.5928982245561394 (0.429 -0.009333333333333334 0.0))
    (3.593898474618655 (0.429 -0.009333333333333334 0.0))
    (3.5948987246811708 (0.429 -0.009333333333333334 0.0))
    (3.5958989747436862 (0.429 -0.009333333333333334 0.0))
    (3.5968992248062017 (0.429 -0.009333333333333334 0.0))
    (3.5978994748687176 (0.429 -0.009333333333333334 0.0))
    (3.598899724931233 (0.429 -0.009333333333333334 0.0))
    (3.599899974993749 (0.429 -0.009333333333333334 0.0))
    (3.6009002250562645 (0.429 -0.009333333333333334 0.0))
    (3.60190047511878 (0.429 -0.009333333333333334 0.0))
    (3.602900725181296 (0.429 -0.009333333333333334 0.0))
    (3.6039009752438114 (0.429 -0.009333333333333334 0.0))
    (3.604901225306327 (0.429 -0.009333333333333334 0.0))
    (3.6059014753688428 (0.429 -0.009333333333333334 0.0))
    (3.6069017254313582 (0.429 -0.009333333333333334 0.0))
    (3.6079019754938737 (0.429 -0.009333333333333334 0.0))
    (3.6089022255563896 (0.429 -0.009333333333333334 0.0))
    (3.609902475618905 (0.429 -0.009333333333333334 0.0))
    (3.6109027256814206 (0.429 -0.009333333333333334 0.0))
    (3.6119029757439365 (0.429 -0.009333333333333334 0.0))
    (3.612903225806452 (0.429 -0.009336550529986356 0.0))
    (3.6139034758689674 (0.429 -0.009406379696173917 0.0))
    (3.6149037259314833 (0.429 -0.009476200847998037 0.0))
    (3.615903975993999 (0.429 -0.009546006324952798 0.0))
    (3.6169042260565143 (0.429 -0.009615788468252133 0.0))
    (3.61790447611903 (0.429 -0.00968553962167013 0.0))
    (3.6189047261815457 (0.429 -0.009755252132380822 0.0))
    (3.6199049762440616 (0.429 -0.009824918351798087 0.0))
    (3.620905226306577 (0.429 -0.009894530636414588 0.0))
    (3.6219054763690925 (0.429 -0.009964081348640644 0.0))
    (3.6229057264316085 (0.429 -0.01003356285764199 0.0))
    (3.623905976494124 (0.429 -0.010102967540177 0.0))
    (3.6249062265566394 (0.429 -0.010172287781433286 0.0))
    (3.6259064766191553 (0.429 -0.010241515975862965 0.0))
    (3.626906726681671 (0.429 -0.010310644528017101 0.0))
    (3.6279069767441863 (0.429 -0.010379665853379263 0.0))
    (3.628907226806702 (0.429 -0.010448572379197456 0.0))
    (3.6299074768692177 (0.429 -0.010517356545314977 0.0))
    (3.630907726931733 (0.429 -0.010586010805000098 0.0))
    (3.631907976994249 (0.429 -0.010654527625773843 0.0))
    (3.6329082270567645 (0.429 -0.010722899490236434 0.0))
    (3.63390847711928 (0.429 -0.01079111889689228 0.0))
    (3.634908727181796 (0.429 -0.010859178360972792 0.0))
    (3.6359089772443114 (0.429 -0.0109270704152576 0.0))
    (3.6369092273068273 (0.429 -0.010994787610894037 0.0))
    (3.637909477369343 (0.429 -0.011062322518214098 0.0))
    (3.6389097274318583 (0.429 -0.011129667727549806 0.0))
    (3.639909977494374 (0.429 -0.011196815850046185 0.0))
    (3.6409102275568896 (0.429 -0.01126375951847172 0.0))
    (3.641910477619405 (0.429 -0.011330491388026876 0.0))
    (3.642910727681921 (0.429 -0.011397004137149936 0.0))
    (3.6439109777444365 (0.429 -0.011463290468320089 0.0))
    (3.644911227806952 (0.429 -0.011529343108858288 0.0))
    (3.645911477869468 (0.429 -0.011595154811725187 0.0))
    (3.6469117279319834 (0.429 -0.011660718356316055 0.0))
    (3.647911977994499 (0.429 -0.011726026549253183 0.0))
    (3.6489122280570148 (0.429 -0.011791072225175128 0.0))
    (3.6499124781195302 (0.429 -0.011855848247522659 0.0))
    (3.6509127281820457 (0.429 -0.011920347509321956 0.0))
    (3.6519129782445616 (0.429 -0.011984562933964356 0.0))
    (3.652913228307077 (0.429 -0.01204848747598258 0.0))
    (3.6539134783695926 (0.429 -0.012112114121823928 0.0))
    (3.6549137284321085 (0.429 -0.01217543589061977 0.0))
    (3.655913978494624 (0.429 -0.012238445834951282 0.0))
    (3.65691422855714 (0.429 -0.012301137041611914 0.0))
    (3.6579144786196554 (0.429 -0.012363502632365665 0.0))
    (3.658914728682171 (0.429 -0.012425535764701985 0.0))
    (3.6599149787446867 (0.429 -0.0124872296325863 0.0))
    (3.660915228807202 (0.429 -0.012548577467206754 0.0))
    (3.6619154788697177 (0.429 -0.012609572537717047 0.0))
    (3.6629157289322336 (0.429 -0.012670208151974723 0.0))
    (3.663915978994749 (0.429 -0.012730477657275408 0.0))
    (3.6649162290572646 (0.429 -0.012790374441082906 0.0))
    (3.6659164791197805 (0.429 -0.012849891931754518 0.0))
    (3.666916729182296 (0.429 -0.012909023599262055 0.0))
    (3.6679169792448114 (0.429 -0.012967762955908466 0.0))
    (3.6689172293073273 (0.429 -0.01302610355703947 0.0))
    (3.669917479369843 (0.429 -0.01308403900175065 0.0))
    (3.6709177294323583 (0.429 -0.01314156293358984 0.0))
    (3.671917979494874 (0.429 -0.013198669041254451 0.0))
    (3.6729182295573897 (0.429 -0.01325535105928394 0.0))
    (3.673918479619905 (0.429 -0.013311602768747231 0.0))
    (3.674918729682421 (0.429 -0.01336741799792504 0.0))
    (3.6759189797449365 (0.429 -0.013422790622987003 0.0))
    (3.6769192298074524 (0.429 -0.013477714568663557 0.0))
    (3.677919479869968 (0.429 -0.01353218380891251 0.0))
    (3.6789197299324834 (0.429 -0.013586192367580179 0.0))
    (3.6799199799949993 (0.429 -0.013639734319057075 0.0))
    (3.680920230057515 (0.429 -0.013692803788928044 0.0))
    (3.6819204801200303 (0.429 -0.013745394954616779 0.0))
    (3.682920730182546 (0.429 -0.01379750204602465 0.0))
    (3.6839209802450616 (0.429 -0.013849119346163783 0.0))
    (3.684921230307577 (0.429 -0.013900241191784294 0.0))
    (3.685921480370093 (0.429 -0.013950861973995655 0.0))
    (3.6869217304326085 (0.429 -0.014000976138882064 0.0))
    (3.687921980495124 (0.429 -0.014050578188111808 0.0))
    (3.68892223055764 (0.429 -0.014099662679540522 0.0))
    (3.6899224806201554 (0.429 -0.014148224227808266 0.0))
    (3.690922730682671 (0.429 -0.0141962575049304 0.0))
    (3.6919229807451868 (0.429 -0.014243757240882143 0.0))
    (3.6929232308077022 (0.429 -0.014290718224176779 0.0))
    (3.693923480870218 (0.429 -0.014337135302437447 0.0))
    (3.6949237309327336 (0.429 -0.014383003382962433 0.0))
    (3.695923980995249 (0.429 -0.014428317433283922 0.0))
    (3.696924231057765 (0.429 -0.01447307248172015 0.0))
    (3.6979244811202805 (0.429 -0.014517263617920866 0.0))
    (3.698924731182796 (0.429 -0.014560885993406079 0.0))
    (3.699924981245312 (0.429 -0.01460393482209802 0.0))
    (3.7009252313078274 (0.429 -0.014646405380846252 0.0))
    (3.701925481370343 (0.429 -0.014688293009945865 0.0))
    (3.7029257314328587 (0.429 -0.014729593113648734 0.0))
    (3.703925981495374 (0.429 -0.014770301160667736 0.0))
    (3.7049262315578897 (0.429 -0.014810412684673915 0.0))
    (3.7059264816204056 (0.429 -0.014849923284786501 0.0))
    (3.706926731682921 (0.429 -0.014888828626055766 0.0))
    (3.7079269817454366 (0.429 -0.014927124439938627 0.0))
    (3.7089272318079525 (0.429 -0.014964806524766987 0.0))
    (3.709927481870468 (0.429 -0.015001870746208719 0.0))
    (3.7109277319329834 (0.429 -0.015038313037721265 0.0))
    (3.7119279819954993 (0.429 -0.015074129400997834 0.0))
    (3.712928232058015 (0.429 -0.015109315906405954 0.0))
    (3.7139284821205307 (0.429 -0.015143868693418881 0.0))
    (3.714928732183046 (0.429 -0.01517778397103883 0.0))
    (3.7159289822455617 (0.429 -0.015211058018213142 0.0))
    (3.7169292323080776 (0.429 -0.015243687184242544 0.0))
    (3.717929482370593 (0.429 -0.015275667889181483 0.0))
    (3.7189297324331085 (0.429 -0.015306996624231111 0.0))
    (3.7199299824956245 (0.429 -0.015337669952124247 0.0))
    (3.72093023255814 (0.429 -0.015367684507502314 0.0))
    (3.7219304826206554 (0.429 -0.015397036997284761 0.0))
    (3.7229307326831713 (0.429 -0.015425724201030368 0.0))
    (3.723930982745687 (0.429 -0.015453742971290398 0.0))
    (3.7249312328082023 (0.429 -0.015481090233954095 0.0))
    (3.725931482870718 (0.429 -0.015507762988585977 0.0))
    (3.7269317329332337 (0.429 -0.015533758308754846 0.0))
    (3.727931982995749 (0.429 -0.015559073342355047 0.0))
    (3.728932233058265 (0.429 -0.015583705311919376 0.0))
    (3.7299324831207805 (0.429 -0.015607651514923656 0.0))
    (3.7309327331832964 (0.429 -0.015630909324083432 0.0))
    (3.731932983245812 (0.429 -0.015653476187642137 0.0))
    (3.7329332333083274 (0.429 -0.01567534962965106 0.0))
    (3.7339334833708433 (0.429 -0.015696527250241017 0.0))
    (3.7349337334333588 (0.429 -0.015717006725885663 0.0))
    (3.7359339834958742 (0.429 -0.015736785809656394 0.0))
    (3.73693423355839 (0.429 -0.015755862331468883 0.0))
    (3.7379344836209056 (0.429 -0.015774234198321184 0.0))
    (3.738934733683421 (0.429 -0.015791899394523357 0.0))
    (3.739934983745937 (0.429 -0.015808855981918616 0.0))
    (3.7409352338084525 (0.429 -0.01582510210009599 0.0))
    (3.741935483870968 (0.429 -0.015840635966594435 0.0))
    (3.742935733933484 (0.429 -0.015855455877098395 0.0))
    (3.7439359839959994 (0.429 -0.015869560205624796 0.0))
    (3.744936234058515 (0.429 -0.01588294740470144 0.0))
    (3.7459364841210308 (0.429 -0.015895616005536788 0.0))
    (3.7469367341835462 (0.429 -0.01590756461818112 0.0))
    (3.7479369842460617 (0.429 -0.01591879193167902 0.0))
    (3.7489372343085776 (0.429 -0.015929296714213212 0.0))
    (3.749937484371093 (0.429 -0.015939077813239725 0.0))
    (3.750937734433609 (0.429 -0.015948134155614326 0.0))
    (3.7519379844961245 (0.429 -0.015956464747710265 0.0))
    (3.75293823455864 (0.429 -0.015964068675527313 0.0))
    (3.753938484621156 (0.429 -0.015970945104792005 0.0))
    (3.7549387346836713 (0.429 -0.015977093281049213 0.0))
    (3.755938984746187 (0.429 -0.01598251252974489 0.0))
    (3.7569392348087027 (0.429 -0.0159872022563001 0.0))
    (3.757939484871218 (0.429 -0.015991161946176245 0.0))
    (3.7589397349337337 (0.429 -0.01599439116493151 0.0))
    (3.7599399849962496 (0.429 -0.01599688955826855 0.0))
    (3.760940235058765 (0.429 -0.01599865685207334 0.0))
    (3.7619404851212805 (0.429 -0.01599969285244526 0.0))
    (3.7629407351837965 (0.429 -0.01599999744571837 0.0))
    (3.763940985246312 (0.429 -0.01599957059847388 0.0))
    (3.7649412353088274 (0.429 -0.015998412357543814 0.0))
    (3.7659414853713433 (0.429 -0.01599652285000587 0.0))
    (3.766941735433859 (0.429 -0.01599390228316948 0.0))
    (3.7679419854963743 (0.429 -0.015990550944553077 0.0))
    (3.76894223555889 (0.429 -0.015986469201852524 0.0))
    (3.7699424856214057 (0.429 -0.015981657502900794 0.0))
    (3.7709427356839216 (0.429 -0.01597611637561882 0.0))
    (3.771942985746437 (0.429 -0.015969846427957596 0.0))
    (3.7729432358089525 (0.429 -0.01596284834783144 0.0))
    (3.7739434858714684 (0.429 -0.015955122903042546 0.0))
    (3.774943735933984 (0.429 -0.01594667094119676 0.0))
    (3.7759439859964994 (0.429 -0.015937493389610514 0.0))
    (3.7769442360590153 (0.429 -0.015927591255209164 0.0))
    (3.7779444861215308 (0.429 -0.01591696562441649 0.0))
    (3.7789447361840462 (0.429 -0.01590561766303545 0.0))
    (3.779944986246562 (0.429 -0.015893548616120336 0.0))
    (3.7809452363090776 (0.429 -0.015880759807840157 0.0))
    (3.781945486371593 (0.429 -0.015867252641333325 0.0))
    (3.782945736434109 (0.429 -0.01585302859855372 0.0))
    (3.7839459864966245 (0.429 -0.015838089240108162 0.0))
    (3.78494623655914 (0.429 -0.015822436205085055 0.0))
    (3.785946486621656 (0.429 -0.01580607121087466 0.0))
    (3.7869467366841714 (0.429 -0.015788996052980682 0.0))
    (3.7879469867466873 (0.429 -0.015771212604823132 0.0))
    (3.7889472368092028 (0.429 -0.01575272281753298 0.0))
    (3.7899474868717182 (0.429 -0.015733528719737936 0.0))
    (3.790947736934234 (0.429 -0.015713632417339897 0.0))
    (3.7919479869967496 (0.429 -0.015693036093283996 0.0))
    (3.792948237059265 (0.429 -0.015671742007318985 0.0))
    (3.793948487121781 (0.429 -0.01564975249574931 0.0))
    (3.7949487371842965 (0.429 -0.015627069971178895 0.0))
    (3.795948987246812 (0.429 -0.015603696922246321 0.0))
    (3.796949237309328 (0.429 -0.015579635913351778 0.0))
    (3.7979494873718433 (0.429 -0.01555488958437584 0.0))
    (3.798949737434359 (0.429 -0.015529460650389702 0.0))
    (3.7999499874968747 (0.429 -0.015503351901357279 0.0))
    (3.80095023755939 (0.429 -0.015476566201829254 0.0))
    (3.8019504876219057 (0.429 -0.015449106490628643 0.0))
    (3.8029507376844216 (0.429 -0.015420975780528352 0.0))
    (3.803950987746937 (0.429 -0.015392177157920791 0.0))
    (3.8049512378094525 (0.429 -0.015362713782479089 0.0))
    (3.8059514878719685 (0.429 -0.015332588886810408 0.0))
    (3.806951737934484 (0.429 -0.01530180577610147 0.0))
    (3.807951987997 (0.429 -0.01527036782775571 0.0))
    (3.8089522380595153 (0.429 -0.015238278491022834 0.0))
    (3.809952488122031 (0.429 -0.015205541286620352 0.0))
    (3.8109527381845467 (0.429 -0.015172159806347296 0.0))
    (3.811952988247062 (0.429 -0.015138137712690155 0.0))
    (3.8129532383095777 (0.429 -0.015103478738421026 0.0))
    (3.8139534883720936 (0.429 -0.01506818668618808 0.0))
    (3.814953738434609 (0.429 -0.015032265428098338 0.0))
    (3.8159539884971245 (0.429 -0.01499571890529286 0.0))
    (3.8169542385596404 (0.429 -0.014958551127514309 0.0))
    (3.817954488622156 (0.429 -0.01492076617266704 0.0))
    (3.8189547386846714 (0.429 -0.014882368186369687 0.0))
    (3.8199549887471873 (0.429 -0.014843361381500303 0.0))
    (3.820955238809703 (0.429 -0.014803750037734164 0.0))
    (3.8219554888722183 (0.429 -0.014763538501074203 0.0))
    (3.822955738934734 (0.429 -0.014722731183374183 0.0))
    (3.8239559889972496 (0.429 -0.014681332561854665 0.0))
    (3.8249562390597656 (0.429 -0.014639347178611754 0.0))
    (3.825956489122281 (0.429 -0.014596779640118789 0.0))
    (3.8269567391847965 (0.429 -0.014553634616720915 0.0))
    (3.8279569892473124 (0.429 -0.014509916842122682 0.0))
    (3.828957239309828 (0.429 -0.014465631112868681 0.0))
    (3.8299574893723434 (0.429 -0.01442078228781728 0.0))
    (3.8309577394348593 (0.429 -0.014375375287607541 0.0))
    (3.8319579894973748 (0.429 -0.014329415094119329 0.0))
    (3.8329582395598902 (0.429 -0.014282906749926733 0.0))
    (3.833958489622406 (0.429 -0.014235855357744812 0.0))
    (3.8349587396849216 (0.429 -0.01418826607986974 0.0))
    (3.835958989747437 (0.429 -0.014140144137612429 0.0))
    (3.836959239809953 (0.429 -0.01409149481072565 0.0))
    (3.8379594898724685 (0.429 -0.01404232343682477 0.0))
    (3.838959739934984 (0.429 -0.013992635410802142 0.0))
    (3.8399599899975 (0.429 -0.013942436184235168 0.0))
    (3.8409602400600154 (0.429 -0.013891731264788203 0.0))
    (3.841960490122531 (0.429 -0.013840526215608252 0.0))
    (3.8429607401850467 (0.429 -0.013788826654714625 0.0))
    (3.843960990247562 (0.429 -0.013736638254382528 0.0))
    (3.844961240310078 (0.429 -0.013683966740520703 0.0))
    (3.8459614903725936 (0.429 -0.013630817892043373 0.0))
    (3.846961740435109 (0.429 -0.013577197540235855 0.0))
    (3.847961990497625 (0.429 -0.013523111568115084 0.0))
    (3.8489622405601405 (0.429 -0.013468565909784158 0.0))
    (3.849962490622656 (0.429 -0.013413566549780945 0.0))
    (3.850962740685172 (0.429 -0.013358119522421807 0.0))
    (3.8519629907476873 (0.429 -0.013302230911139547 0.0))
    (3.852963240810203 (0.429 -0.01324590684781562 0.0))
    (3.8539634908727187 (0.429 -0.013189153512107693 0.0))
    (3.854963740935234 (0.429 -0.013131977130771655 0.0))
    (3.8559639909977497 (0.429 -0.013074383976978089 0.0))
    (3.8569642410602656 (0.429 -0.013016380369624346 0.0))
    (3.857964491122781 (0.429 -0.012957972672641274 0.0))
    (3.8589647411852965 (0.429 -0.012899167294294623 0.0))
    (3.8599649912478124 (0.429 -0.012839970686482323 0.0))
    (3.860965241310328 (0.429 -0.012780389344026602 0.0))
    (3.8619654913728434 (0.429 -0.012720429803961038 0.0))
    (3.8629657414353593 (0.429 -0.012660098644813704 0.0))
    (3.863965991497875 (0.429 -0.012599402485885399 0.0))
    (3.8649662415603907 (0.429 -0.012538347986522997 0.0))
    (3.865966491622906 (0.429 -0.01247694184538938 0.0))
    (3.8669667416854216 (0.429 -0.012415190799728037 0.0))
    (3.8679669917479376 (0.429 -0.012353101624624083 0.0))
    (3.868967241810453 (0.429 -0.012290681132260886 0.0))
    (3.8699674918729685 (0.429 -0.012227936171172654 0.0))
    (3.8709677419354844 (0.429 -0.012164873625493048 0.0))
    (3.871967991998 (0.429 -0.012101500414199877 0.0))
    (3.8729682420605154 (0.429 -0.012037823490355976 0.0))
    (3.8739684921230313 (0.429 -0.011973849840346341 0.0))
    (3.8749687421855468 (0.429 -0.011909586483111613 0.0))
    (3.8759689922480622 (0.429 -0.011845040469377987 0.0))
    (3.876969242310578 (0.429 -0.011780218880883628 0.0))
    (3.8779694923730936 (0.429 -0.011715128829601698 0.0))
    (3.878969742435609 (0.429 -0.011649777456960055 0.0))
    (3.879969992498125 (0.429 -0.011584171933057717 0.0))
    (3.8809702425606405 (0.429 -0.011518319455878199 0.0))
    (3.8819704926231564 (0.429 -0.011452227250499766 0.0))
    (3.882970742685672 (0.429 -0.011385902568302735 0.0))
    (3.8839709927481874 (0.429 -0.011319352686173872 0.0))
    (3.8849712428107033 (0.429 -0.011252584905708015 0.0))
    (3.8859714928732187 (0.429 -0.011185606552406952 0.0))
    (3.886971742935734 (0.429 -0.011118424974875711 0.0))
    (3.88797199299825 (0.429 -0.011051047544016292 0.0))
    (3.8889722430607656 (0.429 -0.010983481652218963 0.0))
    (3.889972493123281 (0.429 -0.010915734712551193 0.0))
    (3.890972743185797 (0.429 -0.010847814157944323 0.0))
    (3.8919729932483125 (0.429 -0.010779727440378053 0.0))
    (3.892973243310828 (0.429 -0.010711482030062834 0.0))
    (3.893973493373344 (0.429 -0.010643085414620272 0.0))
    (3.8949737434358593 (0.429 -0.010574545098261612 0.0))
    (3.895973993498375 (0.429 -0.010505868600964407 0.0))
    (3.8969742435608907 (0.429 -0.010437063457647451 0.0))
    (3.897974493623406 (0.429 -0.010368137217344087 0.0))
    (3.8989747436859217 (0.429 -0.010299097442373941 0.0))
    (3.8999749937484376 (0.429 -0.01022995170751323 0.0))
    (3.900975243810953 (0.429 -0.01016070759916367 0.0))
    (3.901975493873469 (0.429 -0.010091372714520144 0.0))
    (3.9029757439359845 (0.429 -0.010021954660737152 0.0))
    (3.9039759939985 (0.429 -0.009952461054094188 0.0))
    (3.904976244061016 (0.429 -0.00988289951916012 0.0))
    (3.9059764941235313 (0.429 -0.009813277687956637 0.0))
    (3.906976744186047 (0.429 -0.009743603199120904 0.0))
    (3.9079769942485627 (0.429 -0.00967388369706743 0.0))
    (3.908977244311078 (0.429 -0.009604126831149584 0.0))
    (3.9099774943735937 (0.429 -0.00953434025481988 0.0))
    (3.9109777444361096 (0.429 -0.009464531624790672 0.0))
    (3.911977994498625 (0.429 -0.009394708600194113 0.0))
    (3.9129782445611405 (0.429 -0.009333333333333334 0.0))
    (3.9139784946236564 (0.429 -0.009333333333333334 0.0))
    (3.914978744686172 (0.429 -0.009333333333333334 0.0))
    (3.9159789947486874 (0.429 -0.009333333333333334 0.0))
    (3.9169792448112033 (0.429 -0.009333333333333334 0.0))
    (3.9179794948737188 (0.429 -0.009333333333333334 0.0))
    (3.9189797449362347 (0.429 -0.009333333333333334 0.0))
    (3.91997999499875 (0.429 -0.009333333333333334 0.0))
    (3.9209802450612656 (0.429 -0.009333333333333334 0.0))
    (3.9219804951237816 (0.429 -0.009333333333333334 0.0))
    (3.922980745186297 (0.429 -0.009333333333333334 0.0))
    (3.9239809952488125 (0.429 -0.009333333333333334 0.0))
    (3.9249812453113284 (0.429 -0.009333333333333334 0.0))
    (3.925981495373844 (0.429 -0.009333333333333334 0.0))
    (3.9269817454363594 (0.429 -0.009333333333333334 0.0))
    (3.9279819954988753 (0.429 -0.009333333333333334 0.0))
    (3.9289822455613908 (0.429 -0.009333333333333334 0.0))
    (3.9299824956239062 (0.429 -0.009333333333333334 0.0))
    (3.930982745686422 (0.429 -0.009333333333333334 0.0))
    (3.9319829957489376 (0.429 -0.009333333333333334 0.0))
    (3.932983245811453 (0.429 -0.009333333333333334 0.0))
    (3.933983495873969 (0.429 -0.009333333333333334 0.0))
    (3.9349837459364845 (0.429 -0.009333333333333334 0.0))
    (3.935983995999 (0.429 -0.009333333333333334 0.0))
    (3.936984246061516 (0.429 -0.009333333333333334 0.0))
    (3.9379844961240313 (0.429 -0.009333333333333334 0.0))
    (3.9389847461865473 (0.429 -0.009333333333333334 0.0))
    (3.9399849962490627 (0.429 -0.009333333333333334 0.0))
    (3.940985246311578 (0.429 -0.009333333333333334 0.0))
    (3.941985496374094 (0.429 -0.009333333333333334 0.0))
    (3.9429857464366096 (0.429 -0.009333333333333334 0.0))
    (3.943985996499125 (0.429 -0.009333333333333334 0.0))
    (3.944986246561641 (0.429 -0.009333333333333334 0.0))
    (3.9459864966241565 (0.429 -0.009333333333333334 0.0))
    (3.946986746686672 (0.429 -0.009333333333333334 0.0))
    (3.947986996749188 (0.429 -0.009333333333333334 0.0))
    (3.9489872468117033 (0.429 -0.009333333333333334 0.0))
    (3.949987496874219 (0.429 -0.009333333333333334 0.0))
    (3.9509877469367347 (0.429 -0.009333333333333334 0.0))
    (3.95198799699925 (0.429 -0.009333333333333334 0.0))
    (3.9529882470617657 (0.429 -0.009333333333333334 0.0))
    (3.9539884971242816 (0.429 -0.009333333333333334 0.0))
    (3.954988747186797 (0.429 -0.009333333333333334 0.0))
    (3.9559889972493125 (0.429 -0.009333333333333334 0.0))
    (3.9569892473118284 (0.429 -0.009333333333333334 0.0))
    (3.957989497374344 (0.429 -0.009333333333333334 0.0))
    (3.95898974743686 (0.429 -0.009333333333333334 0.0))
    (3.9599899974993753 (0.429 -0.009333333333333334 0.0))
    (3.9609902475618908 (0.429 -0.009333333333333334 0.0))
    (3.9619904976244067 (0.429 -0.009333333333333334 0.0))
    (3.962990747686922 (0.429 -0.009333333333333334 0.0))
    (3.9639909977494376 (0.429 -0.009333333333333334 0.0))
    (3.9649912478119536 (0.429 -0.009333333333333334 0.0))
    (3.965991497874469 (0.429 -0.009333333333333334 0.0))
    (3.9669917479369845 (0.429 -0.009333333333333334 0.0))
    (3.9679919979995004 (0.429 -0.009333333333333334 0.0))
    (3.968992248062016 (0.429 -0.009333333333333334 0.0))
    (3.9699924981245314 (0.429 -0.009333333333333334 0.0))
    (3.9709927481870473 (0.429 -0.009333333333333334 0.0))
    (3.9719929982495628 (0.429 -0.009333333333333334 0.0))
    (3.9729932483120782 (0.429 -0.009333333333333334 0.0))
    (3.973993498374594 (0.429 -0.009333333333333334 0.0))
    (3.9749937484371096 (0.429 -0.009333333333333334 0.0))
    (3.9759939984996255 (0.429 -0.009333333333333334 0.0))
    (3.976994248562141 (0.429 -0.009333333333333334 0.0))
    (3.9779944986246565 (0.429 -0.009333333333333334 0.0))
    (3.9789947486871724 (0.429 -0.009333333333333334 0.0))
    (3.979994998749688 (0.429 -0.009333333333333334 0.0))
    (3.9809952488122033 (0.429 -0.009333333333333334 0.0))
    (3.9819954988747193 (0.429 -0.009333333333333334 0.0))
    (3.9829957489372347 (0.429 -0.009333333333333334 0.0))
    (3.98399599899975 (0.429 -0.009333333333333334 0.0))
    (3.984996249062266 (0.429 -0.009333333333333334 0.0))
    (3.9859964991247816 (0.429 -0.009333333333333334 0.0))
    (3.986996749187297 (0.429 -0.009333333333333334 0.0))
    (3.987996999249813 (0.429 -0.009333333333333334 0.0))
    (3.9889972493123285 (0.429 -0.009333333333333334 0.0))
    (3.989997499374844 (0.429 -0.009333333333333334 0.0))
    (3.99099774943736 (0.429 -0.009333333333333334 0.0))
    (3.9919979994998753 (0.429 -0.009333333333333334 0.0))
    (3.992998249562391 (0.429 -0.009333333333333334 0.0))
    (3.9939984996249067 (0.429 -0.009333333333333334 0.0))
    (3.994998749687422 (0.429 -0.009333333333333334 0.0))
    (3.995998999749938 (0.429 -0.009333333333333334 0.0))
    (3.9969992498124536 (0.429 -0.009333333333333334 0.0))
    (3.997999499874969 (0.429 -0.009333333333333334 0.0))
    (3.998999749937485 (0.429 -0.009333333333333334 0.0))
    (4.0 (0.429 -0.009333333333333334 0.0))
)
