(
    (0.0 (0.177 -0.009333333333333334 0.0))
    (0.001000250062515629 (0.177 -0.009333333333333334 0.0))
    (0.002000500125031258 (0.177 -0.009333333333333334 0.0))
    (0.003000750187546887 (0.177 -0.009333333333333334 0.0))
    (0.004001000250062516 (0.177 -0.009333333333333334 0.0))
    (0.005001250312578145 (0.177 -0.009333333333333334 0.0))
    (0.006001500375093774 (0.177 -0.009333333333333334 0.0))
    (0.007001750437609403 (0.177 -0.009333333333333334 0.0))
    (0.008002000500125032 (0.177 -0.009333333333333334 0.0))
    (0.009002250562640661 (0.177 -0.009333333333333334 0.0))
    (0.01000250062515629 (0.177 -0.009333333333333334 0.0))
    (0.01100275068767192 (0.177 -0.009333333333333334 0.0))
    (0.012003000750187547 (0.177 -0.009333333333333334 0.0))
    (0.013003250812703177 (0.177 -0.009333333333333334 0.0))
    (0.014003500875218806 (0.177 -0.009333333333333334 0.0))
    (0.015003750937734435 (0.177 -0.009333333333333334 0.0))
    (0.016004001000250064 (0.177 -0.009333333333333334 0.0))
    (0.017004251062765693 (0.177 -0.009333333333333334 0.0))
    (0.018004501125281323 (0.177 -0.009333333333333334 0.0))
    (0.019004751187796952 (0.177 -0.009333333333333334 0.0))
    (0.02000500125031258 (0.177 -0.009333333333333334 0.0))
    (0.02100525131282821 (0.177 -0.009333333333333334 0.0))
    (0.02200550137534384 (0.177 -0.009333333333333334 0.0))
    (0.02300575143785947 (0.177 -0.009333333333333334 0.0))
    (0.024006001500375095 (0.177 -0.009333333333333334 0.0))
    (0.025006251562890724 (0.177 -0.009333333333333334 0.0))
    (0.026006501625406353 (0.177 -0.009333333333333334 0.0))
    (0.027006751687921982 (0.177 -0.009333333333333334 0.0))
    (0.02800700175043761 (0.177 -0.009333333333333334 0.0))
    (0.02900725181295324 (0.177 -0.009333333333333334 0.0))
    (0.03000750187546887 (0.177 -0.009333333333333334 0.0))
    (0.0310077519379845 (0.177 -0.009333333333333334 0.0))
    (0.03200800200050013 (0.177 -0.009333333333333334 0.0))
    (0.033008252063015754 (0.177 -0.009333333333333334 0.0))
    (0.03400850212553139 (0.177 -0.009333333333333334 0.0))
    (0.03500875218804701 (0.177 -0.009333333333333334 0.0))
    (0.036009002250562645 (0.177 -0.009333333333333334 0.0))
    (0.03700925231307827 (0.177 -0.009333333333333334 0.0))
    (0.038009502375593904 (0.177 -0.009333333333333334 0.0))
    (0.03900975243810953 (0.177 -0.009333333333333334 0.0))
    (0.04001000250062516 (0.177 -0.009333333333333334 0.0))
    (0.04101025256314079 (0.177 -0.009333333333333334 0.0))
    (0.04201050262565642 (0.177 -0.009333333333333334 0.0))
    (0.043010752688172046 (0.177 -0.009333333333333334 0.0))
    (0.04401100275068768 (0.177 -0.009333333333333334 0.0))
    (0.045011252813203305 (0.177 -0.009333333333333334 0.0))
    (0.04601150287571894 (0.177 -0.009333333333333334 0.0))
    (0.04701175293823456 (0.177 -0.009333333333333334 0.0))
    (0.04801200300075019 (0.177 -0.009333333333333334 0.0))
    (0.04901225306326582 (0.177 -0.009333333333333334 0.0))
    (0.05001250312578145 (0.177 -0.009333333333333334 0.0))
    (0.05101275318829708 (0.177 -0.009333333333333334 0.0))
    (0.052013003250812706 (0.177 -0.009333333333333334 0.0))
    (0.05301325331332834 (0.177 -0.009333333333333334 0.0))
    (0.054013503375843964 (0.177 -0.009333333333333334 0.0))
    (0.0550137534383596 (0.177 -0.009333333333333334 0.0))
    (0.05601400350087522 (0.177 -0.009333333333333334 0.0))
    (0.057014253563390856 (0.177 -0.009333333333333334 0.0))
    (0.05801450362590648 (0.177 -0.009333333333333334 0.0))
    (0.059014753688422114 (0.177 -0.009333333333333334 0.0))
    (0.06001500375093774 (0.177 -0.009333333333333334 0.0))
    (0.06101525381345337 (0.177 -0.009333333333333334 0.0))
    (0.062015503875969 (0.177 -0.009333333333333334 0.0))
    (0.06301575393848463 (0.177 -0.009333333333333334 0.0))
    (0.06401600400100026 (0.177 -0.009333333333333334 0.0))
    (0.06501625406351588 (0.177 -0.009333333333333334 0.0))
    (0.06601650412603151 (0.177 -0.009333333333333334 0.0))
    (0.06701675418854715 (0.177 -0.009333333333333334 0.0))
    (0.06801700425106277 (0.177 -0.009333333333333334 0.0))
    (0.0690172543135784 (0.177 -0.009333333333333334 0.0))
    (0.07001750437609403 (0.177 -0.009333333333333334 0.0))
    (0.07101775443860966 (0.177 -0.009333333333333334 0.0))
    (0.07201800450112529 (0.177 -0.009333333333333334 0.0))
    (0.07301825456364092 (0.177 -0.009333333333333334 0.0))
    (0.07401850462615654 (0.177 -0.009333333333333334 0.0))
    (0.07501875468867218 (0.177 -0.009333333333333334 0.0))
    (0.07601900475118781 (0.177 -0.009333333333333334 0.0))
    (0.07701925481370343 (0.177 -0.009333333333333334 0.0))
    (0.07801950487621906 (0.177 -0.009333333333333334 0.0))
    (0.0790197549387347 (0.177 -0.009333333333333334 0.0))
    (0.08002000500125032 (0.177 -0.009333333333333334 0.0))
    (0.08102025506376595 (0.177 -0.009333333333333334 0.0))
    (0.08202050512628158 (0.177 -0.009333333333333334 0.0))
    (0.0830207551887972 (0.177 -0.009333333333333334 0.0))
    (0.08402100525131284 (0.177 -0.009333333333333334 0.0))
    (0.08502125531382847 (0.177 -0.009333333333333334 0.0))
    (0.08602150537634409 (0.177 -0.009333333333333334 0.0))
    (0.08702175543885972 (0.177 -0.009333333333333334 0.0))
    (0.08802200550137536 (0.177 -0.009333333333333334 0.0))
    (0.08902225556389098 (0.177 -0.009333333333333334 0.0))
    (0.09002250562640661 (0.177 -0.009333333333333334 0.0))
    (0.09102275568892224 (0.177 -0.009333333333333334 0.0))
    (0.09202300575143788 (0.177 -0.009333333333333334 0.0))
    (0.0930232558139535 (0.177 -0.009333333333333334 0.0))
    (0.09402350587646913 (0.177 -0.009333333333333334 0.0))
    (0.09502375593898475 (0.177 -0.009333333333333334 0.0))
    (0.09602400600150038 (0.177 -0.009333333333333334 0.0))
    (0.09702425606401602 (0.177 -0.009333333333333334 0.0))
    (0.09802450612653164 (0.177 -0.009333333333333334 0.0))
    (0.09902475618904727 (0.177 -0.009333333333333334 0.0))
    (0.1000250062515629 (0.177 -0.009333333333333334 0.0))
    (0.10102525631407853 (0.177 -0.009333333333333334 0.0))
    (0.10202550637659416 (0.177 -0.009333333333333334 0.0))
    (0.10302575643910979 (0.177 -0.009333333333333334 0.0))
    (0.10402600650162541 (0.177 -0.009333333333333334 0.0))
    (0.10502625656414105 (0.177 -0.009333333333333334 0.0))
    (0.10602650662665668 (0.177 -0.009333333333333334 0.0))
    (0.1070267566891723 (0.177 -0.009333333333333334 0.0))
    (0.10802700675168793 (0.177 -0.009333333333333334 0.0))
    (0.10902725681420357 (0.177 -0.009333333333333334 0.0))
    (0.1100275068767192 (0.177 -0.009333333333333334 0.0))
    (0.11102775693923482 (0.177 -0.009333333333333334 0.0))
    (0.11202800700175045 (0.177 -0.009333333333333334 0.0))
    (0.11302825706426607 (0.177 -0.009333333333333334 0.0))
    (0.11402850712678171 (0.177 -0.009333333333333334 0.0))
    (0.11502875718929734 (0.177 -0.009333333333333334 0.0))
    (0.11602900725181296 (0.177 -0.009333333333333334 0.0))
    (0.11702925731432859 (0.177 -0.009333333333333334 0.0))
    (0.11802950737684423 (0.177 -0.009333333333333334 0.0))
    (0.11902975743935985 (0.177 -0.009333333333333334 0.0))
    (0.12003000750187548 (0.177 -0.009333333333333334 0.0))
    (0.1210302575643911 (0.177 -0.009333333333333334 0.0))
    (0.12203050762690675 (0.177 -0.009333333333333334 0.0))
    (0.12303075768942237 (0.177 -0.009333333333333334 0.0))
    (0.124031007751938 (0.177 -0.009333333333333334 0.0))
    (0.12503125781445362 (0.177 -0.009333333333333334 0.0))
    (0.12603150787696926 (0.177 -0.009333333333333334 0.0))
    (0.12703175793948487 (0.177 -0.009333333333333334 0.0))
    (0.1280320080020005 (0.177 -0.009333333333333334 0.0))
    (0.12903225806451615 (0.177 -0.009333333333333334 0.0))
    (0.13003250812703177 (0.177 -0.009333333333333334 0.0))
    (0.1310327581895474 (0.177 -0.009333333333333334 0.0))
    (0.13203300825206302 (0.177 -0.009333333333333334 0.0))
    (0.13303325831457866 (0.177 -0.009333333333333334 0.0))
    (0.1340335083770943 (0.177 -0.009333333333333334 0.0))
    (0.1350337584396099 (0.177 -0.009333333333333334 0.0))
    (0.13603400850212555 (0.177 -0.009333333333333334 0.0))
    (0.1370342585646412 (0.177 -0.009333333333333334 0.0))
    (0.1380345086271568 (0.177 -0.009333333333333334 0.0))
    (0.13903475868967244 (0.177 -0.009333333333333334 0.0))
    (0.14003500875218805 (0.177 -0.009333333333333334 0.0))
    (0.1410352588147037 (0.177 -0.009333333333333334 0.0))
    (0.14203550887721933 (0.177 -0.009333333333333334 0.0))
    (0.14303575893973494 (0.177 -0.009333333333333334 0.0))
    (0.14403600900225058 (0.177 -0.009333333333333334 0.0))
    (0.1450362590647662 (0.177 -0.009333333333333334 0.0))
    (0.14603650912728183 (0.177 -0.009333333333333334 0.0))
    (0.14703675918979747 (0.177 -0.009333333333333334 0.0))
    (0.14803700925231308 (0.177 -0.009333333333333334 0.0))
    (0.14903725931482872 (0.177 -0.009333333333333334 0.0))
    (0.15003750937734436 (0.177 -0.009333333333333334 0.0))
    (0.15103775943985998 (0.177 -0.009333333333333334 0.0))
    (0.15203800950237562 (0.177 -0.009333333333333334 0.0))
    (0.15303825956489123 (0.177 -0.009333333333333334 0.0))
    (0.15403850962740687 (0.177 -0.009333333333333334 0.0))
    (0.1550387596899225 (0.177 -0.009333333333333334 0.0))
    (0.15603900975243812 (0.177 -0.009333333333333334 0.0))
    (0.15703925981495376 (0.177 -0.009333333333333334 0.0))
    (0.1580395098774694 (0.177 -0.009333333333333334 0.0))
    (0.159039759939985 (0.177 -0.009333333333333334 0.0))
    (0.16004001000250065 (0.177 -0.009333333333333334 0.0))
    (0.16104026006501626 (0.177 -0.009333333333333334 0.0))
    (0.1620405101275319 (0.177 -0.009333333333333334 0.0))
    (0.16304076019004754 (0.177 -0.009333333333333334 0.0))
    (0.16404101025256315 (0.177 -0.009333333333333334 0.0))
    (0.1650412603150788 (0.177 -0.009333333333333334 0.0))
    (0.1660415103775944 (0.177 -0.009333333333333334 0.0))
    (0.16704176044011004 (0.177 -0.009333333333333334 0.0))
    (0.16804201050262568 (0.177 -0.009333333333333334 0.0))
    (0.1690422605651413 (0.177 -0.009333333333333334 0.0))
    (0.17004251062765693 (0.177 -0.009333333333333334 0.0))
    (0.17104276069017257 (0.177 -0.009333333333333334 0.0))
    (0.17204301075268819 (0.177 -0.009333333333333334 0.0))
    (0.17304326081520383 (0.177 -0.009333333333333334 0.0))
    (0.17404351087771944 (0.177 -0.009333333333333334 0.0))
    (0.17504376094023508 (0.177 -0.009333333333333334 0.0))
    (0.17604401100275072 (0.177 -0.009333333333333334 0.0))
    (0.17704426106526633 (0.177 -0.009333333333333334 0.0))
    (0.17804451112778197 (0.177 -0.009333333333333334 0.0))
    (0.17904476119029758 (0.177 -0.009333333333333334 0.0))
    (0.18004501125281322 (0.177 -0.009333333333333334 0.0))
    (0.18104526131532886 (0.177 -0.009333333333333334 0.0))
    (0.18204551137784447 (0.177 -0.009333333333333334 0.0))
    (0.1830457614403601 (0.177 -0.009333333333333334 0.0))
    (0.18404601150287575 (0.177 -0.009333333333333334 0.0))
    (0.18504626156539136 (0.177 -0.009333333333333334 0.0))
    (0.186046511627907 (0.177 -0.009333333333333334 0.0))
    (0.1870467616904226 (0.177 -0.009333333333333334 0.0))
    (0.18804701175293825 (0.177 -0.009333333333333334 0.0))
    (0.1890472618154539 (0.177 -0.009333333333333334 0.0))
    (0.1900475118779695 (0.177 -0.009333333333333334 0.0))
    (0.19104776194048514 (0.177 -0.009333333333333334 0.0))
    (0.19204801200300076 (0.177 -0.009333333333333334 0.0))
    (0.1930482620655164 (0.177 -0.009333333333333334 0.0))
    (0.19404851212803204 (0.177 -0.009333333333333334 0.0))
    (0.19504876219054765 (0.177 -0.009333333333333334 0.0))
    (0.1960490122530633 (0.177 -0.009333333333333334 0.0))
    (0.19704926231557893 (0.177 -0.009333333333333334 0.0))
    (0.19804951237809454 (0.177 -0.009333333333333334 0.0))
    (0.19904976244061018 (0.177 -0.009333333333333334 0.0))
    (0.2000500125031258 (0.177 -0.009333333333333334 0.0))
    (0.20105026256564143 (0.177 -0.009333333333333334 0.0))
    (0.20205051262815707 (0.177 -0.009333333333333334 0.0))
    (0.20305076269067268 (0.177 -0.009333333333333334 0.0))
    (0.20405101275318832 (0.177 -0.009333333333333334 0.0))
    (0.20505126281570396 (0.177 -0.009333333333333334 0.0))
    (0.20605151287821957 (0.177 -0.009333333333333334 0.0))
    (0.2070517629407352 (0.177 -0.009333333333333334 0.0))
    (0.20805201300325082 (0.177 -0.009333333333333334 0.0))
    (0.20905226306576646 (0.177 -0.009333333333333334 0.0))
    (0.2100525131282821 (0.177 -0.009333333333333334 0.0))
    (0.21105276319079772 (0.177 -0.009333333333333334 0.0))
    (0.21205301325331335 (0.177 -0.009333333333333334 0.0))
    (0.21305326331582897 (0.177 -0.009333333333333334 0.0))
    (0.2140535133783446 (0.177 -0.009333333333333334 0.0))
    (0.21505376344086025 (0.177 -0.009333333333333334 0.0))
    (0.21605401350337586 (0.177 -0.009333333333333334 0.0))
    (0.2170542635658915 (0.177 -0.009333333333333334 0.0))
    (0.21805451362840714 (0.177 -0.009333333333333334 0.0))
    (0.21905476369092275 (0.177 -0.009333333333333334 0.0))
    (0.2200550137534384 (0.177 -0.009333333333333334 0.0))
    (0.221055263815954 (0.177 -0.009333333333333334 0.0))
    (0.22205551387846964 (0.177 -0.009333333333333334 0.0))
    (0.22305576394098528 (0.177 -0.009333333333333334 0.0))
    (0.2240560140035009 (0.177 -0.009333333333333334 0.0))
    (0.22505626406601653 (0.177 -0.009333333333333334 0.0))
    (0.22605651412853214 (0.177 -0.009333333333333334 0.0))
    (0.22705676419104778 (0.177 -0.009333333333333334 0.0))
    (0.22805701425356342 (0.177 -0.009333333333333334 0.0))
    (0.22905726431607903 (0.177 -0.009333333333333334 0.0))
    (0.23005751437859467 (0.177 -0.009333333333333334 0.0))
    (0.2310577644411103 (0.177 -0.009333333333333334 0.0))
    (0.23205801450362593 (0.177 -0.009333333333333334 0.0))
    (0.23305826456614157 (0.177 -0.009333333333333334 0.0))
    (0.23405851462865718 (0.177 -0.009333333333333334 0.0))
    (0.23505876469117282 (0.177 -0.009333333333333334 0.0))
    (0.23605901475368846 (0.177 -0.009333333333333334 0.0))
    (0.23705926481620407 (0.177 -0.009333333333333334 0.0))
    (0.2380595148787197 (0.177 -0.009333333333333334 0.0))
    (0.23905976494123535 (0.177 -0.009333333333333334 0.0))
    (0.24006001500375096 (0.177 -0.009333333333333334 0.0))
    (0.2410602650662666 (0.177 -0.009333333333333334 0.0))
    (0.2420605151287822 (0.177 -0.009333333333333334 0.0))
    (0.24306076519129785 (0.177 -0.009333333333333334 0.0))
    (0.2440610152538135 (0.177 -0.009333333333333334 0.0))
    (0.2450612653163291 (0.177 -0.009333333333333334 0.0))
    (0.24606151537884474 (0.177 -0.009333333333333334 0.0))
    (0.24706176544136035 (0.177 -0.009333333333333334 0.0))
    (0.248062015503876 (0.177 -0.009333333333333334 0.0))
    (0.24906226556639163 (0.177 -0.009333333333333334 0.0))
    (0.25006251562890724 (0.177 -0.009333333333333334 0.0))
    (0.2510627656914229 (0.177 -0.009333333333333334 0.0))
    (0.2520630157539385 (0.177 -0.009333333333333334 0.0))
    (0.25306326581645416 (0.177 -0.00934772341937473 0.0))
    (0.25406351587896975 (0.177 -0.009417551818096436 0.0))
    (0.2550637659414854 (0.177 -0.009487370976692791 0.0))
    (0.256064016004001 (0.177 -0.009557173234876634 0.0))
    (0.25706426606651667 (0.177 -0.009626950934215051 0.0))
    (0.2580645161290323 (0.177 -0.00969669641896963 0.0))
    (0.2590647661915479 (0.177 -0.009766402036936414 0.0))
    (0.26006501625406353 (0.177 -0.00983606014028549 0.0))
    (0.26106526631657917 (0.177 -0.009905663086400049 0.0))
    (0.2620655163790948 (0.177 -0.009975203238714926 0.0))
    (0.26306576644161045 (0.177 -0.010044672967554449 0.0))
    (0.26406601650412603 (0.177 -0.010114064650969527 0.0))
    (0.2650662665666417 (0.177 -0.010183370675573927 0.0))
    (0.2660665166291573 (0.177 -0.010252583437379557 0.0))
    (0.26706676669167295 (0.177 -0.010321695342630758 0.0))
    (0.2680670167541886 (0.177 -0.010390698808637463 0.0))
    (0.26906726681670423 (0.177 -0.010459586264607135 0.0))
    (0.2700675168792198 (0.177 -0.010528350152475411 0.0))
    (0.27106776694173546 (0.177 -0.010596982927735345 0.0))
    (0.2720680170042511 (0.177 -0.01066547706026515 0.0))
    (0.27306826706676673 (0.177 -0.010733825035154384 0.0))
    (0.2740685171292824 (0.177 -0.010802019353528454 0.0))
    (0.27506876719179796 (0.177 -0.01087005253337136 0.0))
    (0.2760690172543136 (0.177 -0.01093791711034661 0.0))
    (0.27706926731682924 (0.177 -0.011005605638616148 0.0))
    (0.2780695173793449 (0.177 -0.011073110691657307 0.0))
    (0.2790697674418605 (0.177 -0.011140424863077609 0.0))
    (0.2800700175043761 (0.177 -0.011207540767427363 0.0))
    (0.28107026756689174 (0.177 -0.011274451041009981 0.0))
    (0.2820705176294074 (0.177 -0.011341148342689877 0.0))
    (0.283070767691923 (0.177 -0.011407625354697916 0.0))
    (0.28407101775443866 (0.177 -0.011473874783434295 0.0))
    (0.28507126781695424 (0.177 -0.011539889360268757 0.0))
    (0.2860715178794699 (0.177 -0.011605661842338097 0.0))
    (0.2870717679419855 (0.177 -0.011671185013340798 0.0))
    (0.28807201800450116 (0.177 -0.011736451684328788 0.0))
    (0.2890722680670168 (0.177 -0.011801454694496182 0.0))
    (0.2900725181295324 (0.177 -0.011866186911964933 0.0))
    (0.291072768192048 (0.177 -0.01193064123456733 0.0))
    (0.29207301825456367 (0.177 -0.011994810590625198 0.0))
    (0.2930732683170793 (0.177 -0.012058687939725785 0.0))
    (0.29407351837959494 (0.177 -0.012122266273494216 0.0))
    (0.2950737684421106 (0.177 -0.012185538616362415 0.0))
    (0.29607401850462617 (0.177 -0.012248498026334431 0.0))
    (0.2970742685671418 (0.177 -0.012311137595748117 0.0))
    (0.29807451862965745 (0.177 -0.012373450452032973 0.0))
    (0.2990747686921731 (0.177 -0.012435429758464199 0.0))
    (0.3000750187546887 (0.177 -0.0124970687149128 0.0))
    (0.3010752688172043 (0.177 -0.012558360558591641 0.0))
    (0.30207551887971995 (0.177 -0.012619298564797479 0.0))
    (0.3030757689422356 (0.177 -0.012679876047648728 0.0))
    (0.30407601900475123 (0.177 -0.012740086360819029 0.0))
    (0.30507626906726687 (0.177 -0.012799922898266454 0.0))
    (0.30607651912978245 (0.177 -0.012859379094958299 0.0))
    (0.3070767691922981 (0.177 -0.012918448427591378 0.0))
    (0.30807701925481373 (0.177 -0.01297712441530772 0.0))
    (0.3090772693173294 (0.177 -0.013035400620405636 0.0))
    (0.310077519379845 (0.177 -0.013093270649046028 0.0))
    (0.3110777694423606 (0.177 -0.013150728151953908 0.0))
    (0.31207801950487624 (0.177 -0.013207766825115017 0.0))
    (0.3130782695673919 (0.177 -0.013264380410467461 0.0))
    (0.3140785196299075 (0.177 -0.013320562696588335 0.0))
    (0.31507876969242316 (0.177 -0.01337630751937521 0.0))
    (0.3160790197549388 (0.177 -0.013431608762722438 0.0))
    (0.3170792698174544 (0.177 -0.013486460359192182 0.0))
    (0.31807951987997 (0.177 -0.013540856290680126 0.0))
    (0.31907976994248566 (0.177 -0.013594790589075737 0.0))
    (0.3200800200050013 (0.177 -0.013648257336917078 0.0))
    (0.32108027006751694 (0.177 -0.013701250668040047 0.0))
    (0.3220805201300325 (0.177 -0.013753764768221977 0.0))
    (0.32308077019254816 (0.177 -0.013805793875819577 0.0))
    (0.3240810202550638 (0.177 -0.013857332282401045 0.0))
    (0.32508127031757944 (0.177 -0.013908374333372399 0.0))
    (0.3260815203800951 (0.177 -0.013958914428597865 0.0))
    (0.32708177044261066 (0.177 -0.014008947023014303 0.0))
    (0.3280820205051263 (0.177 -0.014058466627239606 0.0))
    (0.32908227056764194 (0.177 -0.014107467808174942 0.0))
    (0.3300825206301576 (0.177 -0.014155945189600883 0.0))
    (0.3310827706926732 (0.177 -0.014203893452767246 0.0))
    (0.3320830207551888 (0.177 -0.014251307336976647 0.0))
    (0.33308327081770445 (0.177 -0.014298181640161698 0.0))
    (0.3340835208802201 (0.177 -0.01434451121945574 0.0))
    (0.3350837709427357 (0.177 -0.014390290991757107 0.0))
    (0.33608402100525137 (0.177 -0.014435515934286818 0.0))
    (0.33708427106776695 (0.177 -0.014480181085139664 0.0))
    (0.3380845211302826 (0.177 -0.014524281543828621 0.0))
    (0.33908477119279823 (0.177 -0.014567812471822473 0.0))
    (0.34008502125531387 (0.177 -0.014610769093076723 0.0))
    (0.3410852713178295 (0.177 -0.014653146694557567 0.0))
    (0.34208552138034515 (0.177 -0.014694940626759013 0.0))
    (0.34308577144286073 (0.177 -0.014736146304212987 0.0))
    (0.34408602150537637 (0.177 -0.01477675920599246 0.0))
    (0.345086271567892 (0.177 -0.014816774876207434 0.0))
    (0.34608652163040765 (0.177 -0.014856188924493849 0.0))
    (0.3470867716929233 (0.177 -0.014894997026495264 0.0))
    (0.3480870217554389 (0.177 -0.014933194924337315 0.0))
    (0.3490872718179545 (0.177 -0.014970778427094874 0.0))
    (0.35008752188047015 (0.177 -0.015007743411251852 0.0))
    (0.3510877719429858 (0.177 -0.015044085821153626 0.0))
    (0.35208802200550143 (0.177 -0.015079801669452001 0.0))
    (0.353088272068017 (0.177 -0.015114887037542686 0.0))
    (0.35408852213053266 (0.177 -0.015149338075995243 0.0))
    (0.3550887721930483 (0.177 -0.015183151004975415 0.0))
    (0.35608902225556394 (0.177 -0.015216322114659831 0.0))
    (0.3570892723180796 (0.177 -0.015248847765643059 0.0))
    (0.35808952238059516 (0.177 -0.015280724389336878 0.0))
    (0.3590897724431108 (0.177 -0.015311948488361832 0.0))
    (0.36009002250562644 (0.177 -0.015342516636930936 0.0))
    (0.3610902725681421 (0.177 -0.015372425481225537 0.0))
    (0.3620905226306577 (0.177 -0.015401671739763301 0.0))
    (0.36309077269317336 (0.177 -0.015430252203758224 0.0))
    (0.36409102275568894 (0.177 -0.015458163737472698 0.0))
    (0.3650912728182046 (0.177 -0.01548540327856155 0.0))
    (0.3660915228807202 (0.177 -0.01551196783840803 0.0))
    (0.36709177294323586 (0.177 -0.015537854502451712 0.0))
    (0.3680920230057515 (0.177 -0.015563060430508261 0.0))
    (0.3690922730682671 (0.177 -0.015587582857081062 0.0))
    (0.3700925231307827 (0.177 -0.015611419091664625 0.0))
    (0.37109277319329836 (0.177 -0.015634566519039786 0.0))
    (0.372093023255814 (0.177 -0.01565702259956063 0.0))
    (0.37309327331832964 (0.177 -0.01567878486943314 0.0))
    (0.3740935233808452 (0.177 -0.01569985094098551 0.0))
    (0.37509377344336087 (0.177 -0.015720218502930112 0.0))
    (0.3760940235058765 (0.177 -0.015739885320617084 0.0))
    (0.37709427356839215 (0.177 -0.0157588492362795 0.0))
    (0.3780945236309078 (0.177 -0.015777108169270127 0.0))
    (0.37909477369342337 (0.177 -0.015794660116289674 0.0))
    (0.380095023755939 (0.177 -0.015811503151606635 0.0))
    (0.38109527381845465 (0.177 -0.015827635427268526 0.0))
    (0.3820955238809703 (0.177 -0.01584305517330466 0.0))
    (0.38309577394348593 (0.177 -0.015857760697920335 0.0))
    (0.3840960240060015 (0.177 -0.015871750387682453 0.0))
    (0.38509627406851715 (0.177 -0.015885022707696535 0.0))
    (0.3860965241310328 (0.177 -0.015897576201775135 0.0))
    (0.38709677419354843 (0.177 -0.01590940949259759 0.0))
    (0.38809702425606407 (0.177 -0.01592052128186115 0.0))
    (0.3890972743185797 (0.177 -0.015930910350423415 0.0))
    (0.3900975243810953 (0.177 -0.015940575558436094 0.0))
    (0.39109777444361093 (0.177 -0.015949515845470066 0.0))
    (0.3920980245061266 (0.177 -0.015957730230631736 0.0))
    (0.3930982745686422 (0.177 -0.01596521781267063 0.0))
    (0.39409852463115785 (0.177 -0.015971977770078305 0.0))
    (0.39509877469367344 (0.177 -0.015978009361178467 0.0))
    (0.3960990247561891 (0.177 -0.015983311924208342 0.0))
    (0.3970992748187047 (0.177 -0.015987884877391285 0.0))
    (0.39809952488122036 (0.177 -0.01599172771900063 0.0))
    (0.399099774943736 (0.177 -0.0159948400274147 0.0))
    (0.4001000250062516 (0.177 -0.01599722146116309 0.0))
    (0.4011002750687672 (0.177 -0.015998871758964132 0.0))
    (0.40210052513128286 (0.177 -0.015999790739753557 0.0))
    (0.4031007751937985 (0.177 -0.015999978302704356 0.0))
    (0.40410102525631414 (0.177 -0.01599943442723785 0.0))
    (0.4051012753188297 (0.177 -0.01599815917302595 0.0))
    (0.40610152538134536 (0.177 -0.015996152679984593 0.0))
    (0.407101775443861 (0.177 -0.01599341516825841 0.0))
    (0.40810202550637664 (0.177 -0.01598994693819657 0.0))
    (0.4091022755688923 (0.177 -0.015985748370319814 0.0))
    (0.4101025256314079 (0.177 -0.01598081992527872 0.0))
    (0.4111027756939235 (0.177 -0.01597516214380315 0.0))
    (0.41210302575643915 (0.177 -0.015968775646642938 0.0))
    (0.4131032758189548 (0.177 -0.015961661134499767 0.0))
    (0.4141035258814704 (0.177 -0.01595381938795031 0.0))
    (0.41510377594398606 (0.177 -0.015945251267360558 0.0))
    (0.41610402600650165 (0.177 -0.015935957712791462 0.0))
    (0.4171042760690173 (0.177 -0.015925939743895768 0.0))
    (0.4181045261315329 (0.177 -0.01591519845980615 0.0))
    (0.41910477619404857 (0.177 -0.015903735039014617 0.0))
    (0.4201050262565642 (0.177 -0.015891550739243216 0.0))
    (0.4211052763190798 (0.177 -0.01587864689730604 0.0))
    (0.42210552638159543 (0.177 -0.015865024928962558 0.0))
    (0.42310577644411107 (0.177 -0.015850686328762274 0.0))
    (0.4241060265066267 (0.177 -0.015835632669880764 0.0))
    (0.42510627656914235 (0.177 -0.015819865603947075 0.0))
    (0.42610652663165793 (0.177 -0.01580338686086249 0.0))
    (0.4271067766941736 (0.177 -0.015786198248610762 0.0))
    (0.4281070267566892 (0.177 -0.01576830165305973 0.0))
    (0.42910727681920485 (0.177 -0.015749699037754413 0.0))
    (0.4301075268817205 (0.177 -0.015730392443701578 0.0))
    (0.43110777694423613 (0.177 -0.01571038398914581 0.0))
    (0.4321080270067517 (0.177 -0.0156896758693371 0.0))
    (0.43310827706926736 (0.177 -0.015668270356290002 0.0))
    (0.434108527131783 (0.177 -0.015646169798534344 0.0))
    (0.43510877719429863 (0.177 -0.015623376620857573 0.0))
    (0.4361090272568143 (0.177 -0.015599893324038692 0.0))
    (0.43710927731932986 (0.177 -0.015575722484573909 0.0))
    (0.4381095273818455 (0.177 -0.015550866754393936 0.0))
    (0.43910977744436114 (0.177 -0.015525328860573041 0.0))
    (0.4401100275068768 (0.177 -0.015499111605029842 0.0))
    (0.4411102775693924 (0.177 -0.015472217864219881 0.0))
    (0.442110527631908 (0.177 -0.015444650588820049 0.0))
    (0.44311077769442364 (0.177 -0.015416412803404826 0.0))
    (0.4441110277569393 (0.177 -0.015387507606114462 0.0))
    (0.4451112778194549 (0.177 -0.015357938168315037 0.0))
    (0.44611152788197056 (0.177 -0.015327707734250531 0.0))
    (0.44711177794448614 (0.177 -0.015296819620686868 0.0))
    (0.4481120280070018 (0.177 -0.015265277216548006 0.0))
    (0.4491122780695174 (0.177 -0.015233083982544138 0.0))
    (0.45011252813203306 (0.177 -0.015200243450791972 0.0))
    (0.4511127781945487 (0.177 -0.015166759224427229 0.0))
    (0.4521130282570643 (0.177 -0.01513263497720929 0.0))
    (0.4531132783195799 (0.177 -0.015097874453118148 0.0))
    (0.45411352838209557 (0.177 -0.015062481465943623 0.0))
    (0.4551137784446112 (0.177 -0.015026459898866935 0.0))
    (0.45611402850712685 (0.177 -0.014989813704034646 0.0))
    (0.4571142785696425 (0.177 -0.014952546902125052 0.0))
    (0.45811452863215807 (0.177 -0.014914663581907057 0.0))
    (0.4591147786946737 (0.177 -0.01487616789979155 0.0))
    (0.46011502875718935 (0.177 -0.014837064079375399 0.0))
    (0.461115278819705 (0.177 -0.014797356410978044 0.0))
    (0.4621155288822206 (0.177 -0.014757049251170787 0.0))
    (0.4631157789447362 (0.177 -0.014716147022298797 0.0))
    (0.46411602900725185 (0.177 -0.014674654211995902 0.0))
    (0.4651162790697675 (0.177 -0.014632575372692254 0.0))
    (0.46611652913228313 (0.177 -0.014589915121114816 0.0))
    (0.46711677919479877 (0.177 -0.01454667813778086 0.0))
    (0.46811702925731435 (0.177 -0.014502869166484422 0.0))
    (0.46911727931983 (0.177 -0.014458493013775836 0.0))
    (0.47011752938234563 (0.177 -0.014413554548434388 0.0))
    (0.4711177794448613 (0.177 -0.014368058700934116 0.0))
    (0.4721180295073769 (0.177 -0.014322010462902874 0.0))
    (0.4731182795698925 (0.177 -0.014275414886574656 0.0))
    (0.47411852963240814 (0.177 -0.014228277084235283 0.0))
    (0.4751187796949238 (0.177 -0.014180602227661529 0.0))
    (0.4761190297574394 (0.177 -0.014132395547553654 0.0))
    (0.47711927981995506 (0.177 -0.014083662332961547 0.0))
    (0.4781195298824707 (0.177 -0.01403440793070441 0.0))
    (0.4791197799449863 (0.177 -0.013984637744784142 0.0))
    (0.4801200300075019 (0.177 -0.013934357235792408 0.0))
    (0.48112028007001756 (0.177 -0.013883571920311557 0.0))
    (0.4821205301325332 (0.177 -0.013832287370309336 0.0))
    (0.48312078019504884 (0.177 -0.013780509212527575 0.0))
    (0.4841210302575644 (0.177 -0.013728243127864827 0.0))
    (0.48512128032008006 (0.177 -0.013675494850753091 0.0))
    (0.4861215303825957 (0.177 -0.013622270168528655 0.0))
    (0.48712178044511134 (0.177 -0.013568574920797117 0.0))
    (0.488122030507627 (0.177 -0.01351441499879271 0.0))
    (0.48912228057014256 (0.177 -0.01345979634473192 0.0))
    (0.4901225306326582 (0.177 -0.013404724951161524 0.0))
    (0.49112278069517384 (0.177 -0.013349206860301135 0.0))
    (0.4921230307576895 (0.177 -0.01329324816338025 0.0))
    (0.4931232808202051 (0.177 -0.013236854999969965 0.0))
    (0.4941235308827207 (0.177 -0.013180033557309343 0.0))
    (0.49512378094523635 (0.177 -0.013122790069626581 0.0))
    (0.496124031007752 (0.177 -0.013065130817455032 0.0))
    (0.4971242810702676 (0.177 -0.0130070621269441 0.0))
    (0.49812453113278327 (0.177 -0.012948590369165191 0.0))
    (0.49912478119529885 (0.177 -0.012889721959412676 0.0))
    (0.5001250312578145 (0.177 -0.012830463356500042 0.0))
    (0.5011252813203302 (0.177 -0.012770821062051256 0.0))
    (0.5021255313828458 (0.177 -0.012710801619787446 0.0))
    (0.5031257814453614 (0.177 -0.012650411614808912 0.0))
    (0.504126031507877 (0.177 -0.012589657672872664 0.0))
    (0.5051262815703926 (0.177 -0.012528546459665477 0.0))
    (0.5061265316329083 (0.177 -0.012467084680072522 0.0))
    (0.5071267816954239 (0.177 -0.012405279077441777 0.0))
    (0.5081270317579395 (0.177 -0.01234313643284413 0.0))
    (0.5091272818204552 (0.177 -0.012280663564329405 0.0))
    (0.5101275318829708 (0.177 -0.012217867326178336 0.0))
    (0.5111277819454865 (0.177 -0.012154754608150489 0.0))
    (0.512128032008002 (0.177 -0.012091332334728401 0.0))
    (0.5131282820705176 (0.177 -0.012027607464357807 0.0))
    (0.5141285321330333 (0.177 -0.011963586988684202 0.0))
    (0.5151287821955489 (0.177 -0.011899277931785773 0.0))
    (0.5161290322580646 (0.177 -0.01183468734940269 0.0))
    (0.5171292823205802 (0.177 -0.011769822328163032 0.0))
    (0.5181295323830958 (0.177 -0.011704689984805223 0.0))
    (0.5191297824456115 (0.177 -0.011639297465397241 0.0))
    (0.5201300325081271 (0.177 -0.011573651944552578 0.0))
    (0.5211302825706428 (0.177 -0.011507760624643048 0.0))
    (0.5221305326331583 (0.177 -0.0114416307350086 0.0))
    (0.5231307826956739 (0.177 -0.011375269531164115 0.0))
    (0.5241310327581896 (0.177 -0.011308684294003371 0.0))
    (0.5251312828207052 (0.177 -0.011241882329000226 0.0))
    (0.5261315328832209 (0.177 -0.01117487096540706 0.0))
    (0.5271317829457365 (0.177 -0.011107657555450666 0.0))
    (0.5281320330082521 (0.177 -0.011040249473525575 0.0))
    (0.5291322830707678 (0.177 -0.010972654115384959 0.0))
    (0.5301325331332833 (0.177 -0.01090487889732924 0.0))
    (0.531132783195799 (0.177 -0.010836931255392335 0.0))
    (0.5321330332583146 (0.177 -0.010768818644525875 0.0))
    (0.5331332833208302 (0.177 -0.010700548537781218 0.0))
    (0.5341335333833459 (0.177 -0.010632128425489556 0.0))
    (0.5351337834458615 (0.177 -0.010563565814440137 0.0))
    (0.5361340335083772 (0.177 -0.010494868227056581 0.0))
    (0.5371342835708928 (0.177 -0.010426043200571625 0.0))
    (0.5381345336334085 (0.177 -0.010357098286200093 0.0))
    (0.539134783695924 (0.177 -0.010288041048310482 0.0))
    (0.5401350337584396 (0.177 -0.010218879063594956 0.0))
    (0.5411352838209553 (0.177 -0.010149619920238101 0.0))
    (0.5421355338834709 (0.177 -0.010080271217084396 0.0))
    (0.5431357839459866 (0.177 -0.010010840562804435 0.0))
    (0.5441360340085022 (0.177 -0.009941335575060214 0.0))
    (0.5451362840710178 (0.177 -0.009871763879669275 0.0))
    (0.5461365341335335 (0.177 -0.009802133109768069 0.0))
    (0.547136784196049 (0.177 -0.009732450904974495 0.0))
    (0.5481370342585647 (0.177 -0.009662724910549656 0.0))
    (0.5491372843210803 (0.177 -0.00959296277655912 0.0))
    (0.5501375343835959 (0.177 -0.00952317215703352 0.0))
    (0.5511377844461116 (0.177 -0.00945336070912881 0.0))
    (0.5521380345086272 (0.177 -0.009383536092286182 0.0))
    (0.5531382845711429 (0.177 -0.009333333333333334 0.0))
    (0.5541385346336585 (0.177 -0.009333333333333334 0.0))
    (0.5551387846961741 (0.177 -0.009333333333333334 0.0))
    (0.5561390347586898 (0.177 -0.009333333333333334 0.0))
    (0.5571392848212053 (0.177 -0.009333333333333334 0.0))
    (0.558139534883721 (0.177 -0.009333333333333334 0.0))
    (0.5591397849462366 (0.177 -0.009333333333333334 0.0))
    (0.5601400350087522 (0.177 -0.009333333333333334 0.0))
    (0.5611402850712679 (0.177 -0.009333333333333334 0.0))
    (0.5621405351337835 (0.177 -0.009333333333333334 0.0))
    (0.5631407851962992 (0.177 -0.009333333333333334 0.0))
    (0.5641410352588148 (0.177 -0.009333333333333334 0.0))
    (0.5651412853213303 (0.177 -0.009333333333333334 0.0))
    (0.566141535383846 (0.177 -0.009333333333333334 0.0))
    (0.5671417854463616 (0.177 -0.009333333333333334 0.0))
    (0.5681420355088773 (0.177 -0.009333333333333334 0.0))
    (0.5691422855713929 (0.177 -0.009333333333333334 0.0))
    (0.5701425356339085 (0.177 -0.009333333333333334 0.0))
    (0.5711427856964242 (0.177 -0.009333333333333334 0.0))
    (0.5721430357589398 (0.177 -0.009333333333333334 0.0))
    (0.5731432858214555 (0.177 -0.009333333333333334 0.0))
    (0.574143535883971 (0.177 -0.009333333333333334 0.0))
    (0.5751437859464866 (0.177 -0.009333333333333334 0.0))
    (0.5761440360090023 (0.177 -0.009333333333333334 0.0))
    (0.5771442860715179 (0.177 -0.009333333333333334 0.0))
    (0.5781445361340336 (0.177 -0.009333333333333334 0.0))
    (0.5791447861965492 (0.177 -0.009333333333333334 0.0))
    (0.5801450362590648 (0.177 -0.009333333333333334 0.0))
    (0.5811452863215805 (0.177 -0.009333333333333334 0.0))
    (0.582145536384096 (0.177 -0.009333333333333334 0.0))
    (0.5831457864466117 (0.177 -0.009333333333333334 0.0))
    (0.5841460365091273 (0.177 -0.009333333333333334 0.0))
    (0.585146286571643 (0.177 -0.009333333333333334 0.0))
    (0.5861465366341586 (0.177 -0.009333333333333334 0.0))
    (0.5871467866966742 (0.177 -0.009333333333333334 0.0))
    (0.5881470367591899 (0.177 -0.009333333333333334 0.0))
    (0.5891472868217055 (0.177 -0.009333333333333334 0.0))
    (0.5901475368842212 (0.177 -0.009333333333333334 0.0))
    (0.5911477869467368 (0.177 -0.009333333333333334 0.0))
    (0.5921480370092523 (0.177 -0.009333333333333334 0.0))
    (0.593148287071768 (0.177 -0.009333333333333334 0.0))
    (0.5941485371342836 (0.177 -0.009333333333333334 0.0))
    (0.5951487871967993 (0.177 -0.009333333333333334 0.0))
    (0.5961490372593149 (0.177 -0.009333333333333334 0.0))
    (0.5971492873218305 (0.177 -0.009333333333333334 0.0))
    (0.5981495373843462 (0.177 -0.009333333333333334 0.0))
    (0.5991497874468618 (0.177 -0.009333333333333334 0.0))
    (0.6001500375093775 (0.177 -0.009333333333333334 0.0))
    (0.601150287571893 (0.177 -0.009333333333333334 0.0))
    (0.6021505376344086 (0.177 -0.009333333333333334 0.0))
    (0.6031507876969243 (0.177 -0.009333333333333334 0.0))
    (0.6041510377594399 (0.177 -0.009333333333333334 0.0))
    (0.6051512878219556 (0.177 -0.009333333333333334 0.0))
    (0.6061515378844712 (0.177 -0.009333333333333334 0.0))
    (0.6071517879469868 (0.177 -0.009333333333333334 0.0))
    (0.6081520380095025 (0.177 -0.009333333333333334 0.0))
    (0.609152288072018 (0.177 -0.009333333333333334 0.0))
    (0.6101525381345337 (0.177 -0.009333333333333334 0.0))
    (0.6111527881970493 (0.177 -0.009333333333333334 0.0))
    (0.6121530382595649 (0.177 -0.009333333333333334 0.0))
    (0.6131532883220806 (0.177 -0.009333333333333334 0.0))
    (0.6141535383845962 (0.177 -0.009333333333333334 0.0))
    (0.6151537884471119 (0.177 -0.009333333333333334 0.0))
    (0.6161540385096275 (0.177 -0.009333333333333334 0.0))
    (0.617154288572143 (0.177 -0.009333333333333334 0.0))
    (0.6181545386346587 (0.177 -0.009333333333333334 0.0))
    (0.6191547886971743 (0.177 -0.009333333333333334 0.0))
    (0.62015503875969 (0.177 -0.009333333333333334 0.0))
    (0.6211552888222056 (0.177 -0.009333333333333334 0.0))
    (0.6221555388847212 (0.177 -0.009333333333333334 0.0))
    (0.6231557889472369 (0.177 -0.009333333333333334 0.0))
    (0.6241560390097525 (0.177 -0.009333333333333334 0.0))
    (0.6251562890722682 (0.177 -0.009333333333333334 0.0))
    (0.6261565391347838 (0.177 -0.009333333333333334 0.0))
    (0.6271567891972993 (0.177 -0.009333333333333334 0.0))
    (0.628157039259815 (0.177 -0.009333333333333334 0.0))
    (0.6291572893223306 (0.177 -0.009333333333333334 0.0))
    (0.6301575393848463 (0.177 -0.009333333333333334 0.0))
    (0.6311577894473619 (0.177 -0.009333333333333334 0.0))
    (0.6321580395098776 (0.177 -0.009333333333333334 0.0))
    (0.6331582895723932 (0.177 -0.009333333333333334 0.0))
    (0.6341585396349088 (0.177 -0.009333333333333334 0.0))
    (0.6351587896974245 (0.177 -0.009333333333333334 0.0))
    (0.63615903975994 (0.177 -0.009333333333333334 0.0))
    (0.6371592898224557 (0.177 -0.009333333333333334 0.0))
    (0.6381595398849713 (0.177 -0.009333333333333334 0.0))
    (0.6391597899474869 (0.177 -0.009333333333333334 0.0))
    (0.6401600400100026 (0.177 -0.009333333333333334 0.0))
    (0.6411602900725182 (0.177 -0.009333333333333334 0.0))
    (0.6421605401350339 (0.177 -0.009333333333333334 0.0))
    (0.6431607901975495 (0.177 -0.009333333333333334 0.0))
    (0.644161040260065 (0.177 -0.009333333333333334 0.0))
    (0.6451612903225807 (0.177 -0.009333333333333334 0.0))
    (0.6461615403850963 (0.177 -0.009333333333333334 0.0))
    (0.647161790447612 (0.177 -0.009333333333333334 0.0))
    (0.6481620405101276 (0.177 -0.009333333333333334 0.0))
    (0.6491622905726432 (0.177 -0.009333333333333334 0.0))
    (0.6501625406351589 (0.177 -0.009333333333333334 0.0))
    (0.6511627906976745 (0.177 -0.009333333333333334 0.0))
    (0.6521630407601902 (0.177 -0.009333333333333334 0.0))
    (0.6531632908227057 (0.177 -0.009333333333333334 0.0))
    (0.6541635408852213 (0.177 -0.009333333333333334 0.0))
    (0.655163790947737 (0.177 -0.009333333333333334 0.0))
    (0.6561640410102526 (0.177 -0.009333333333333334 0.0))
    (0.6571642910727683 (0.177 -0.009333333333333334 0.0))
    (0.6581645411352839 (0.177 -0.009333333333333334 0.0))
    (0.6591647911977995 (0.177 -0.009333333333333334 0.0))
    (0.6601650412603152 (0.177 -0.009333333333333334 0.0))
    (0.6611652913228308 (0.177 -0.009333333333333334 0.0))
    (0.6621655413853464 (0.177 -0.009333333333333334 0.0))
    (0.663165791447862 (0.177 -0.009333333333333334 0.0))
    (0.6641660415103776 (0.177 -0.009333333333333334 0.0))
    (0.6651662915728933 (0.177 -0.009333333333333334 0.0))
    (0.6661665416354089 (0.177 -0.009333333333333334 0.0))
    (0.6671667916979246 (0.177 -0.009333333333333334 0.0))
    (0.6681670417604402 (0.177 -0.009333333333333334 0.0))
    (0.6691672918229558 (0.177 -0.009333333333333334 0.0))
    (0.6701675418854715 (0.177 -0.009333333333333334 0.0))
    (0.671167791947987 (0.177 -0.009333333333333334 0.0))
    (0.6721680420105027 (0.177 -0.009333333333333334 0.0))
    (0.6731682920730183 (0.177 -0.009333333333333334 0.0))
    (0.6741685421355339 (0.177 -0.009333333333333334 0.0))
    (0.6751687921980496 (0.177 -0.009333333333333334 0.0))
    (0.6761690422605652 (0.177 -0.009333333333333334 0.0))
    (0.6771692923230809 (0.177 -0.009333333333333334 0.0))
    (0.6781695423855965 (0.177 -0.009333333333333334 0.0))
    (0.6791697924481122 (0.177 -0.009333333333333334 0.0))
    (0.6801700425106277 (0.177 -0.009333333333333334 0.0))
    (0.6811702925731433 (0.177 -0.009333333333333334 0.0))
    (0.682170542635659 (0.177 -0.009333333333333334 0.0))
    (0.6831707926981746 (0.177 -0.009333333333333334 0.0))
    (0.6841710427606903 (0.177 -0.009333333333333334 0.0))
    (0.6851712928232059 (0.177 -0.009333333333333334 0.0))
    (0.6861715428857215 (0.177 -0.009333333333333334 0.0))
    (0.6871717929482372 (0.177 -0.009333333333333334 0.0))
    (0.6881720430107527 (0.177 -0.009333333333333334 0.0))
    (0.6891722930732684 (0.177 -0.009333333333333334 0.0))
    (0.690172543135784 (0.177 -0.009333333333333334 0.0))
    (0.6911727931982996 (0.177 -0.009333333333333334 0.0))
    (0.6921730432608153 (0.177 -0.009333333333333334 0.0))
    (0.6931732933233309 (0.177 -0.009333333333333334 0.0))
    (0.6941735433858466 (0.177 -0.009333333333333334 0.0))
    (0.6951737934483622 (0.177 -0.009333333333333334 0.0))
    (0.6961740435108777 (0.177 -0.009333333333333334 0.0))
    (0.6971742935733934 (0.177 -0.009333333333333334 0.0))
    (0.698174543635909 (0.177 -0.009333333333333334 0.0))
    (0.6991747936984247 (0.177 -0.009333333333333334 0.0))
    (0.7001750437609403 (0.177 -0.009333333333333334 0.0))
    (0.7011752938234559 (0.177 -0.009333333333333334 0.0))
    (0.7021755438859716 (0.177 -0.009333333333333334 0.0))
    (0.7031757939484872 (0.177 -0.009333333333333334 0.0))
    (0.7041760440110029 (0.177 -0.009333333333333334 0.0))
    (0.7051762940735185 (0.177 -0.009333333333333334 0.0))
    (0.706176544136034 (0.177 -0.009333333333333334 0.0))
    (0.7071767941985497 (0.177 -0.009333333333333334 0.0))
    (0.7081770442610653 (0.177 -0.009333333333333334 0.0))
    (0.709177294323581 (0.177 -0.009333333333333334 0.0))
    (0.7101775443860966 (0.177 -0.009333333333333334 0.0))
    (0.7111777944486122 (0.177 -0.009333333333333334 0.0))
    (0.7121780445111279 (0.177 -0.009333333333333334 0.0))
    (0.7131782945736435 (0.177 -0.009333333333333334 0.0))
    (0.7141785446361592 (0.177 -0.009333333333333334 0.0))
    (0.7151787946986747 (0.177 -0.009333333333333334 0.0))
    (0.7161790447611903 (0.177 -0.009333333333333334 0.0))
    (0.717179294823706 (0.177 -0.009333333333333334 0.0))
    (0.7181795448862216 (0.177 -0.009333333333333334 0.0))
    (0.7191797949487373 (0.177 -0.009333333333333334 0.0))
    (0.7201800450112529 (0.177 -0.009333333333333334 0.0))
    (0.7211802950737685 (0.177 -0.009333333333333334 0.0))
    (0.7221805451362842 (0.177 -0.009333333333333334 0.0))
    (0.7231807951987997 (0.177 -0.009333333333333334 0.0))
    (0.7241810452613154 (0.177 -0.009333333333333334 0.0))
    (0.725181295323831 (0.177 -0.009333333333333334 0.0))
    (0.7261815453863467 (0.177 -0.009333333333333334 0.0))
    (0.7271817954488623 (0.177 -0.009333333333333334 0.0))
    (0.7281820455113779 (0.177 -0.009333333333333334 0.0))
    (0.7291822955738936 (0.177 -0.009333333333333334 0.0))
    (0.7301825456364092 (0.177 -0.009333333333333334 0.0))
    (0.7311827956989249 (0.177 -0.009333333333333334 0.0))
    (0.7321830457614404 (0.177 -0.009333333333333334 0.0))
    (0.733183295823956 (0.177 -0.009333333333333334 0.0))
    (0.7341835458864717 (0.177 -0.009333333333333334 0.0))
    (0.7351837959489873 (0.177 -0.009333333333333334 0.0))
    (0.736184046011503 (0.177 -0.009333333333333334 0.0))
    (0.7371842960740186 (0.177 -0.009333333333333334 0.0))
    (0.7381845461365342 (0.177 -0.009333333333333334 0.0))
    (0.7391847961990499 (0.177 -0.009333333333333334 0.0))
    (0.7401850462615654 (0.177 -0.009333333333333334 0.0))
    (0.7411852963240811 (0.177 -0.009333333333333334 0.0))
    (0.7421855463865967 (0.177 -0.009333333333333334 0.0))
    (0.7431857964491123 (0.177 -0.009333333333333334 0.0))
    (0.744186046511628 (0.177 -0.009333333333333334 0.0))
    (0.7451862965741436 (0.177 -0.009333333333333334 0.0))
    (0.7461865466366593 (0.177 -0.009333333333333334 0.0))
    (0.7471867966991749 (0.177 -0.009333333333333334 0.0))
    (0.7481870467616905 (0.177 -0.009333333333333334 0.0))
    (0.7491872968242062 (0.177 -0.009333333333333334 0.0))
    (0.7501875468867217 (0.177 -0.009333333333333334 0.0))
    (0.7511877969492374 (0.177 -0.009333333333333334 0.0))
    (0.752188047011753 (0.177 -0.009333333333333334 0.0))
    (0.7531882970742686 (0.177 -0.009333333333333334 0.0))
    (0.7541885471367843 (0.177 -0.009333333333333334 0.0))
    (0.7551887971992999 (0.177 -0.009333333333333334 0.0))
    (0.7561890472618156 (0.177 -0.009333333333333334 0.0))
    (0.7571892973243312 (0.177 -0.009333333333333334 0.0))
    (0.7581895473868467 (0.177 -0.009333333333333334 0.0))
    (0.7591897974493624 (0.177 -0.009333333333333334 0.0))
    (0.760190047511878 (0.177 -0.009333333333333334 0.0))
    (0.7611902975743937 (0.177 -0.009333333333333334 0.0))
    (0.7621905476369093 (0.177 -0.009333333333333334 0.0))
    (0.7631907976994249 (0.177 -0.009333333333333334 0.0))
    (0.7641910477619406 (0.177 -0.009333333333333334 0.0))
    (0.7651912978244562 (0.177 -0.009333333333333334 0.0))
    (0.7661915478869719 (0.177 -0.009333333333333334 0.0))
    (0.7671917979494874 (0.177 -0.009333333333333334 0.0))
    (0.768192048012003 (0.177 -0.009333333333333334 0.0))
    (0.7691922980745187 (0.177 -0.009333333333333334 0.0))
    (0.7701925481370343 (0.177 -0.009333333333333334 0.0))
    (0.77119279819955 (0.177 -0.009333333333333334 0.0))
    (0.7721930482620656 (0.177 -0.009333333333333334 0.0))
    (0.7731932983245813 (0.177 -0.009333333333333334 0.0))
    (0.7741935483870969 (0.177 -0.009333333333333334 0.0))
    (0.7751937984496124 (0.177 -0.009333333333333334 0.0))
    (0.7761940485121281 (0.177 -0.009333333333333334 0.0))
    (0.7771942985746437 (0.177 -0.009333333333333334 0.0))
    (0.7781945486371594 (0.177 -0.009333333333333334 0.0))
    (0.779194798699675 (0.177 -0.009333333333333334 0.0))
    (0.7801950487621906 (0.177 -0.009333333333333334 0.0))
    (0.7811952988247063 (0.177 -0.009333333333333334 0.0))
    (0.7821955488872219 (0.177 -0.009333333333333334 0.0))
    (0.7831957989497376 (0.177 -0.009333333333333334 0.0))
    (0.7841960490122531 (0.177 -0.009333333333333334 0.0))
    (0.7851962990747687 (0.177 -0.009333333333333334 0.0))
    (0.7861965491372844 (0.177 -0.009333333333333334 0.0))
    (0.7871967991998 (0.177 -0.009333333333333334 0.0))
    (0.7881970492623157 (0.177 -0.009333333333333334 0.0))
    (0.7891972993248313 (0.177 -0.009333333333333334 0.0))
    (0.7901975493873469 (0.177 -0.009333333333333334 0.0))
    (0.7911977994498626 (0.177 -0.009333333333333334 0.0))
    (0.7921980495123782 (0.177 -0.009333333333333334 0.0))
    (0.7931982995748939 (0.177 -0.009333333333333334 0.0))
    (0.7941985496374094 (0.177 -0.009333333333333334 0.0))
    (0.795198799699925 (0.177 -0.009333333333333334 0.0))
    (0.7961990497624407 (0.177 -0.009333333333333334 0.0))
    (0.7971992998249563 (0.177 -0.009333333333333334 0.0))
    (0.798199549887472 (0.177 -0.009333333333333334 0.0))
    (0.7991997999499876 (0.177 -0.009333333333333334 0.0))
    (0.8002000500125032 (0.177 -0.009333333333333334 0.0))
    (0.8012003000750189 (0.177 -0.009333333333333334 0.0))
    (0.8022005501375344 (0.177 -0.009333333333333334 0.0))
    (0.8032008002000501 (0.177 -0.009333333333333334 0.0))
    (0.8042010502625657 (0.177 -0.009333333333333334 0.0))
    (0.8052013003250813 (0.177 -0.009333333333333334 0.0))
    (0.806201550387597 (0.177 -0.009333333333333334 0.0))
    (0.8072018004501126 (0.177 -0.009333333333333334 0.0))
    (0.8082020505126283 (0.177 -0.009333333333333334 0.0))
    (0.8092023005751439 (0.177 -0.009333333333333334 0.0))
    (0.8102025506376594 (0.177 -0.009333333333333334 0.0))
    (0.8112028007001751 (0.177 -0.009333333333333334 0.0))
    (0.8122030507626907 (0.177 -0.009333333333333334 0.0))
    (0.8132033008252064 (0.177 -0.009333333333333334 0.0))
    (0.814203550887722 (0.177 -0.009333333333333334 0.0))
    (0.8152038009502377 (0.177 -0.009333333333333334 0.0))
    (0.8162040510127533 (0.177 -0.009333333333333334 0.0))
    (0.8172043010752689 (0.177 -0.009333333333333334 0.0))
    (0.8182045511377846 (0.177 -0.009333333333333334 0.0))
    (0.8192048012003001 (0.177 -0.009333333333333334 0.0))
    (0.8202050512628158 (0.177 -0.009333333333333334 0.0))
    (0.8212053013253314 (0.177 -0.009333333333333334 0.0))
    (0.822205551387847 (0.177 -0.009333333333333334 0.0))
    (0.8232058014503627 (0.177 -0.009333333333333334 0.0))
    (0.8242060515128783 (0.177 -0.009333333333333334 0.0))
    (0.825206301575394 (0.177 -0.009333333333333334 0.0))
    (0.8262065516379096 (0.177 -0.009333333333333334 0.0))
    (0.8272068017004252 (0.177 -0.009333333333333334 0.0))
    (0.8282070517629408 (0.177 -0.009333333333333334 0.0))
    (0.8292073018254564 (0.177 -0.009333333333333334 0.0))
    (0.8302075518879721 (0.177 -0.009333333333333334 0.0))
    (0.8312078019504877 (0.177 -0.009333333333333334 0.0))
    (0.8322080520130033 (0.177 -0.009333333333333334 0.0))
    (0.833208302075519 (0.177 -0.009333333333333334 0.0))
    (0.8342085521380346 (0.177 -0.009333333333333334 0.0))
    (0.8352088022005503 (0.177 -0.009333333333333334 0.0))
    (0.8362090522630659 (0.177 -0.009333333333333334 0.0))
    (0.8372093023255814 (0.177 -0.009333333333333334 0.0))
    (0.8382095523880971 (0.177 -0.009333333333333334 0.0))
    (0.8392098024506127 (0.177 -0.009333333333333334 0.0))
    (0.8402100525131284 (0.177 -0.009333333333333334 0.0))
    (0.841210302575644 (0.177 -0.009333333333333334 0.0))
    (0.8422105526381596 (0.177 -0.009333333333333334 0.0))
    (0.8432108027006753 (0.177 -0.009333333333333334 0.0))
    (0.8442110527631909 (0.177 -0.009333333333333334 0.0))
    (0.8452113028257066 (0.177 -0.009333333333333334 0.0))
    (0.8462115528882221 (0.177 -0.009333333333333334 0.0))
    (0.8472118029507377 (0.177 -0.009333333333333334 0.0))
    (0.8482120530132534 (0.177 -0.009333333333333334 0.0))
    (0.849212303075769 (0.177 -0.009333333333333334 0.0))
    (0.8502125531382847 (0.177 -0.009333333333333334 0.0))
    (0.8512128032008003 (0.177 -0.009333333333333334 0.0))
    (0.8522130532633159 (0.177 -0.009333333333333334 0.0))
    (0.8532133033258316 (0.177 -0.00935819796706213 0.0))
    (0.8542135533883471 (0.177 -0.009428025468157701 0.0))
    (0.8552138034508628 (0.177 -0.009497842579999671 0.0))
    (0.8562140535133784 (0.177 -0.009567641642525439 0.0))
    (0.857214303575894 (0.177 -0.009637414997652726 0.0))
    (0.8582145536384097 (0.177 -0.00970715499011974 0.0))
    (0.8592148037009253 (0.177 -0.009776853968325103 0.0))
    (0.860215053763441 (0.177 -0.009846504285167413 0.0))
    (0.8612153038259566 (0.177 -0.009916098298884159 0.0))
    (0.8622155538884723 (0.177 -0.009985628373890195 0.0))
    (0.8632158039509878 (0.177 -0.010055086881615488 0.0))
    (0.8642160540135034 (0.177 -0.010124466201342115 0.0))
    (0.8652163040760191 (0.177 -0.010193758721040315 0.0))
    (0.8662165541385347 (0.177 -0.010262956838203685 0.0))
    (0.8672168042010504 (0.177 -0.010332052960683359 0.0))
    (0.868217054263566 (0.177 -0.010401039507520873 0.0))
    (0.8692173043260816 (0.177 -0.010469908909779984 0.0))
    (0.8702175543885973 (0.177 -0.010538653611377145 0.0))
    (0.8712178044511129 (0.177 -0.01060726606991043 0.0))
    (0.8722180545136285 (0.177 -0.01067573875748713 0.0))
    (0.8732183045761441 (0.177 -0.01074406416154964 0.0))
    (0.8742185546386597 (0.177 -0.010812234785699785 0.0))
    (0.8752188047011754 (0.177 -0.010880243150521194 0.0))
    (0.876219054763691 (0.177 -0.010948081794399952 0.0))
    (0.8772193048262067 (0.177 -0.011015743274343326 0.0))
    (0.8782195548887223 (0.177 -0.011083220166796266 0.0))
    (0.8792198049512379 (0.177 -0.011150505068455946 0.0))
    (0.8802200550137536 (0.177 -0.011217590597084078 0.0))
    (0.8812203050762691 (0.177 -0.01128446939231676 0.0))
    (0.8822205551387848 (0.177 -0.011351134116472088 0.0))
    (0.8832208052013004 (0.177 -0.011417577455355191 0.0))
    (0.884221055263816 (0.177 -0.011483792119060783 0.0))
    (0.8852213053263317 (0.177 -0.01154977084277288 0.0))
    (0.8862215553888473 (0.177 -0.011615506387561918 0.0))
    (0.887221805451363 (0.177 -0.01168099154117903 0.0))
    (0.8882220555138786 (0.177 -0.01174621911884725 0.0))
    (0.8892223055763941 (0.177 -0.011811181964049844 0.0))
    (0.8902225556389098 (0.177 -0.011875872949315544 0.0))
    (0.8912228057014254 (0.177 -0.011940284977000453 0.0))
    (0.8922230557639411 (0.177 -0.012004410980066833 0.0))
    (0.8932233058264567 (0.177 -0.012068243922858442 0.0))
    (0.8942235558889723 (0.177 -0.01213177680187252 0.0))
    (0.895223805951488 (0.177 -0.012195002646528095 0.0))
    (0.8962240560140036 (0.177 -0.012257914519930812 0.0))
    (0.8972243060765193 (0.177 -0.012320505519634069 0.0))
    (0.8982245561390348 (0.177 -0.012382768778396239 0.0))
    (0.8992248062015504 (0.177 -0.012444697464934155 0.0))
    (0.9002250562640661 (0.177 -0.012506284784672665 0.0))
    (0.9012253063265817 (0.177 -0.012567523980490011 0.0))
    (0.9022255563890974 (0.177 -0.012628408333459254 0.0))
    (0.903225806451613 (0.177 -0.012688931163585424 0.0))
    (0.9042260565141286 (0.177 -0.012749085830538477 0.0))
    (0.9052263065766443 (0.177 -0.01280886573438176 0.0))
    (0.9062265566391599 (0.177 -0.01286826431629617 0.0))
    (0.9072268067016755 (0.177 -0.01292727505929982 0.0))
    (0.9082270567641911 (0.177 -0.012985891488962953 0.0))
    (0.9092273068267068 (0.177 -0.013044107174118354 0.0))
    (0.9102275568892224 (0.177 -0.01310191572756693 0.0))
    (0.911227806951738 (0.177 -0.013159310806778544 0.0))
    (0.9122280570142537 (0.177 -0.013216286114587798 0.0))
    (0.9132283070767693 (0.177 -0.013272835399884988 0.0))
    (0.914228557139285 (0.177 -0.013328952458301992 0.0))
    (0.9152288072018006 (0.177 -0.013384631132892897 0.0))
    (0.9162290572643161 (0.177 -0.013439865314809564 0.0))
    (0.9172293073268318 (0.177 -0.013494648943971909 0.0))
    (0.9182295573893474 (0.177 -0.013548976009732702 0.0))
    (0.9192298074518631 (0.177 -0.013602840551537095 0.0))
    (0.9202300575143787 (0.177 -0.013656236659576559 0.0))
    (0.9212303075768943 (0.177 -0.013709158475437345 0.0))
    (0.92223055763941 (0.177 -0.01376160019274315 0.0))
    (0.9232308077019256 (0.177 -0.013813556057792236 0.0))
    (0.9242310577644413 (0.177 -0.013865020370188719 0.0))
    (0.9252313078269568 (0.177 -0.013915987483467925 0.0))
    (0.9262315578894724 (0.177 -0.013966451805715948 0.0))
    (0.9272318079519881 (0.177 -0.014016407800183182 0.0))
    (0.9282320580145037 (0.177 -0.014065849985891759 0.0))
    (0.9292323080770194 (0.177 -0.01411477293823691 0.0))
    (0.930232558139535 (0.177 -0.014163171289582128 0.0))
    (0.9312328082020506 (0.177 -0.014211039729848132 0.0))
    (0.9322330582645663 (0.177 -0.014258373007095383 0.0))
    (0.9332333083270818 (0.177 -0.014305165928100366 0.0))
    (0.9342335583895975 (0.177 -0.014351413358925372 0.0))
    (0.9352338084521131 (0.177 -0.014397110225481746 0.0))
    (0.9362340585146287 (0.177 -0.014442251514086592 0.0))
    (0.9372343085771444 (0.177 -0.01448683227201291 0.0))
    (0.93823455863966 (0.177 -0.01453084760803291 0.0))
    (0.9392348087021757 (0.177 -0.014574292692954727 0.0))
    (0.9402350587646913 (0.177 -0.014617162760152217 0.0))
    (0.9412353088272069 (0.177 -0.014659453106087964 0.0))
    (0.9422355588897225 (0.177 -0.01470115909082931 0.0))
    (0.9432358089522381 (0.177 -0.014742276138557435 0.0))
    (0.9442360590147538 (0.177 -0.014782799738069423 0.0))
    (0.9452363090772694 (0.177 -0.01482272544327317 0.0))
    (0.946236559139785 (0.177 -0.014862048873675223 0.0))
    (0.9472368092023007 (0.177 -0.014900765714861399 0.0))
    (0.9482370592648163 (0.177 -0.01493887171897011 0.0))
    (0.949237309327332 (0.177 -0.014976362705158446 0.0))
    (0.9502375593898476 (0.177 -0.015013234560060876 0.0))
    (0.9512378094523631 (0.177 -0.015049483238240569 0.0))
    (0.9522380595148788 (0.177 -0.015085104762633202 0.0))
    (0.9532383095773944 (0.177 -0.015120095224983334 0.0))
    (0.9542385596399101 (0.177 -0.015154450786273229 0.0))
    (0.9552388097024257 (0.177 -0.015188167677144001 0.0))
    (0.9562390597649414 (0.177 -0.015221242198309216 0.0))
    (0.957239309827457 (0.177 -0.015253670720960752 0.0))
    (0.9582395598899726 (0.177 -0.015285449687166944 0.0))
    (0.9592398099524883 (0.177 -0.015316575610262926 0.0))
    (0.9602400600150038 (0.177 -0.015347045075233188 0.0))
    (0.9612403100775195 (0.177 -0.01537685473908628 0.0))
    (0.9622405601400351 (0.177 -0.015406001331221546 0.0))
    (0.9632408102025507 (0.177 -0.015434481653787992 0.0))
    (0.9642410602650664 (0.177 -0.01546229258203515 0.0))
    (0.965241310327582 (0.177 -0.015489431064655881 0.0))
    (0.9662415603900977 (0.177 -0.01551589412412118 0.0))
    (0.9672418104526133 (0.177 -0.015541678857006837 0.0))
    (0.9682420605151288 (0.177 -0.01556678243431203 0.0))
    (0.9692423105776445 (0.177 -0.015591202101769659 0.0))
    (0.9702425606401601 (0.177 -0.015614935180148563 0.0))
    (0.9712428107026758 (0.177 -0.01563797906554748 0.0))
    (0.9722430607651914 (0.177 -0.015660331229680722 0.0))
    (0.973243310827707 (0.177 -0.015681989220155568 0.0))
    (0.9742435608902227 (0.177 -0.01570295066074135 0.0))
    (0.9752438109527383 (0.177 -0.01572321325163014 0.0))
    (0.976244061015254 (0.177 -0.015742774769689095 0.0))
    (0.9772443110777695 (0.177 -0.015761633068704352 0.0))
    (0.9782445611402851 (0.177 -0.015779786079616522 0.0))
    (0.9792448112028008 (0.177 -0.015797231810747693 0.0))
    (0.9802450612653164 (0.177 -0.01581396834801993 0.0))
    (0.9812453113278321 (0.177 -0.015829993855165318 0.0))
    (0.9822455613903477 (0.177 -0.015845306573927388 0.0))
    (0.9832458114528633 (0.177 -0.01585990482425406 0.0))
    (0.984246061515379 (0.177 -0.015873787004481953 0.0))
    (0.9852463115778946 (0.177 -0.01588695159151212 0.0))
    (0.9862465616404102 (0.177 -0.015899397140977156 0.0))
    (0.9872468117029258 (0.177 -0.015911122287399663 0.0))
    (0.9882470617654414 (0.177 -0.015922125744342076 0.0))
    (0.9892473118279571 (0.177 -0.0159324063045478 0.0))
    (0.9902475618904727 (0.177 -0.01594196284007365 0.0))
    (0.9912478119529884 (0.177 -0.01595079430241364 0.0))
    (0.992248062015504 (0.177 -0.015958899722613988 0.0))
    (0.9932483120780196 (0.177 -0.015966278211379442 0.0))
    (0.9942485621405353 (0.177 -0.015972928959170844 0.0))
    (0.9952488122030508 (0.177 -0.015978851236293955 0.0))
    (0.9962490622655665 (0.177 -0.01598404439297951 0.0))
    (0.9972493123280821 (0.177 -0.015988507859454507 0.0))
    (0.9982495623905977 (0.177 -0.015992241146004723 0.0))
    (0.9992498124531134 (0.177 -0.015995243843028445 0.0))
    (1.000250062515629 (0.177 -0.01599751562108141 0.0))
    (1.0012503125781447 (0.177 -0.01599905623091294 0.0))
    (1.0022505626406604 (0.177 -0.015999865503493305 0.0))
    (1.0032508127031758 (0.177 -0.01599994335003226 0.0))
    (1.0042510627656915 (0.177 -0.01599928976198878 0.0))
    (1.0052513128282072 (0.177 -0.015997904811072015 0.0))
    (1.0062515628907227 (0.177 -0.0159957886492334 0.0))
    (1.0072518129532384 (0.177 -0.01599294150865 0.0))
    (1.008252063015754 (0.177 -0.01598936370169904 0.0))
    (1.0092523130782696 (0.177 -0.015985055620923606 0.0))
    (1.0102525631407853 (0.177 -0.01598001773898961 0.0))
    (1.011252813203301 (0.177 -0.01597425060863391 0.0))
    (1.0122530632658167 (0.177 -0.015967754862603663 0.0))
    (1.0132533133283321 (0.177 -0.015960531213586926 0.0))
    (1.0142535633908478 (0.177 -0.015952580454134432 0.0))
    (1.0152538134533635 (0.177 -0.015943903456572664 0.0))
    (1.016254063515879 (0.177 -0.01593450117290812 0.0))
    (1.0172543135783947 (0.177 -0.015924374634722877 0.0))
    (1.0182545636409104 (0.177 -0.015913524953061416 0.0))
    (1.0192548137034259 (0.177 -0.015901953318308713 0.0))
    (1.0202550637659416 (0.177 -0.01588966100005962 0.0))
    (1.0212553138284572 (0.177 -0.0158766493469796 0.0))
    (1.022255563890973 (0.177 -0.015862919786656746 0.0))
    (1.0232558139534884 (0.177 -0.015848473825445138 0.0))
    (1.024256064016004 (0.177 -0.01583331304829958 0.0))
    (1.0252563140785198 (0.177 -0.01581743911860172 0.0))
    (1.0262565641410353 (0.177 -0.01580085377797753 0.0))
    (1.027256814203551 (0.177 -0.015783558846106212 0.0))
    (1.0282570642660667 (0.177 -0.015765556220520595 0.0))
    (1.0292573143285824 (0.177 -0.015746847876398896 0.0))
    (1.0302575643910978 (0.177 -0.015727435866348043 0.0))
    (1.0312578144536135 (0.177 -0.01570732232017845 0.0))
    (1.0322580645161292 (0.177 -0.01568650944467035 0.0))
    (1.0332583145786447 (0.177 -0.015664999523331696 0.0))
    (1.0342585646411604 (0.177 -0.015642794916147583 0.0))
    (1.035258814703676 (0.177 -0.01561989805932135 0.0))
    (1.0362590647661916 (0.177 -0.015596311465007288 0.0))
    (1.0372593148287073 (0.177 -0.015572037721034993 0.0))
    (1.038259564891223 (0.177 -0.015547079490625464 0.0))
    (1.0392598149537386 (0.177 -0.015521439512098903 0.0))
    (1.0402600650162541 (0.177 -0.01549512059857426 0.0))
    (1.0412603150787698 (0.177 -0.015468125637660594 0.0))
    (1.0422605651412855 (0.177 -0.015440457591140273 0.0))
    (1.043260815203801 (0.177 -0.015412119494644008 0.0))
    (1.0442610652663167 (0.177 -0.015383114457317767 0.0))
    (1.0452613153288324 (0.177 -0.01535344566148171 0.0))
    (1.0462615653913478 (0.177 -0.015323116362280995 0.0))
    (1.0472618154538635 (0.177 -0.015292129887328625 0.0))
    (1.0482620655163792 (0.177 -0.015260489636340413 0.0))
    (1.049262315578895 (0.177 -0.015228199080761909 0.0))
    (1.0502625656414104 (0.177 -0.01519526176338759 0.0))
    (1.051262815703926 (0.177 -0.015161681297972098 0.0))
    (1.0522630657664418 (0.177 -0.01512746136883379 0.0))
    (1.0532633158289573 (0.177 -0.015092605730450528 0.0))
    (1.054263565891473 (0.177 -0.015057118207047684 0.0))
    (1.0552638159539887 (0.177 -0.015021002692178625 0.0))
    (1.0562640660165041 (0.177 -0.014984263148297518 0.0))
    (1.0572643160790198 (0.177 -0.01494690360632454 0.0))
    (1.0582645661415355 (0.177 -0.01490892816520367 0.0))
    (1.0592648162040512 (0.177 -0.01487034099145296 0.0))
    (1.0602650662665667 (0.177 -0.01483114631870738 0.0))
    (1.0612653163290824 (0.177 -0.014791348447254337 0.0))
    (1.062265566391598 (0.177 -0.014750951743561853 0.0))
    (1.0632658164541136 (0.177 -0.014709960639799506 0.0))
    (1.0642660665166292 (0.177 -0.014668379633352147 0.0))
    (1.065266316579145 (0.177 -0.014626213286326451 0.0))
    (1.0662665666416604 (0.177 -0.014583466225050398 0.0))
    (1.0672668167041761 (0.177 -0.014540143139565677 0.0))
    (1.0682670667666918 (0.177 -0.014496248783113118 0.0))
    (1.0692673168292075 (0.177 -0.014451787971611181 0.0))
    (1.070267566891723 (0.177 -0.014406765583127604 0.0))
    (1.0712678169542387 (0.177 -0.01436118655734412 0.0))
    (1.0722680670167544 (0.177 -0.0143150558950146 0.0))
    (1.0732683170792698 (0.177 -0.014268378657416314 0.0))
    (1.0742685671417855 (0.177 -0.01422115996579462 0.0))
    (1.0752688172043012 (0.177 -0.014173405000801168 0.0))
    (1.076269067266817 (0.177 -0.014125119001925403 0.0))
    (1.0772693173293324 (0.177 -0.014076307266919755 0.0))
    (1.078269567391848 (0.177 -0.014026975151218386 0.0))
    (1.0792698174543638 (0.177 -0.013977128067349603 0.0))
    (1.0802700675168793 (0.177 -0.013926771484342028 0.0))
    (1.081270317579395 (0.177 -0.013875910927124546 0.0))
    (1.0822705676419107 (0.177 -0.013824551975920134 0.0))
    (1.0832708177044261 (0.177 -0.013772700265633653 0.0))
    (1.0842710677669418 (0.177 -0.01372036148523353 0.0))
    (1.0852713178294575 (0.177 -0.013667541377127657 0.0))
    (1.0862715678919732 (0.177 -0.013614245736533354 0.0))
    (1.0872718179544887 (0.177 -0.013560480410841505 0.0))
    (1.0882720680170044 (0.177 -0.013506251298974987 0.0))
    (1.08927231807952 (0.177 -0.01345156435074156 0.0))
    (1.0902725681420355 (0.177 -0.013396425566180977 0.0))
    (1.0912728182045512 (0.177 -0.013340840994906698 0.0))
    (1.092273068267067 (0.177 -0.013284816735442224 0.0))
    (1.0932733183295824 (0.177 -0.013228358934551912 0.0))
    (1.094273568392098 (0.177 -0.013171473786566572 0.0))
    (1.0952738184546138 (0.177 -0.013114167532703938 0.0))
    (1.0962740685171295 (0.177 -0.013056446460383796 0.0))
    (1.097274318579645 (0.177 -0.012998316902538255 0.0))
    (1.0982745686421607 (0.177 -0.012939785236916811 0.0))
    (1.0992748187046764 (0.177 -0.012880857885386695 0.0))
    (1.1002750687671918 (0.177 -0.012821541313228288 0.0))
    (1.1012753188297075 (0.177 -0.01276184202842569 0.0))
    (1.1022755688922232 (0.177 -0.012701766580952777 0.0))
    (1.1032758189547387 (0.177 -0.012641321562054565 0.0))
    (1.1042760690172544 (0.177 -0.01258051360352395 0.0))
    (1.10527631907977 (0.177 -0.012519349376974187 0.0))
    (1.1062765691422858 (0.177 -0.012457835593106897 0.0))
    (1.1072768192048013 (0.177 -0.012395979000975756 0.0))
    (1.108277069267317 (0.177 -0.012333786387245992 0.0))
    (1.1092773193298326 (0.177 -0.01227126457544989 0.0))
    (1.1102775693923481 (0.177 -0.012208420425238035 0.0))
    (1.1112778194548638 (0.177 -0.012145260831626701 0.0))
    (1.1122780695173795 (0.177 -0.012081792724241452 0.0))
    (1.113278319579895 (0.177 -0.012018023066556756 0.0))
    (1.1142785696424107 (0.177 -0.01195395885513197 0.0))
    (1.1152788197049264 (0.177 -0.011889607118843817 0.0))
    (1.116279069767442 (0.177 -0.011824974918115074 0.0))
    (1.1172793198299575 (0.177 -0.011760069344140046 0.0))
    (1.1182795698924732 (0.177 -0.01169489751810642 0.0))
    (1.119279819954989 (0.177 -0.011629466590414061 0.0))
    (1.1202800700175044 (0.177 -0.011563783739890495 0.0))
    (1.12128032008002 (0.177 -0.01149785617300318 0.0))
    (1.1222805701425358 (0.177 -0.011431691123068933 0.0))
    (1.1232808202050515 (0.177 -0.011365295849460312 0.0))
    (1.124281070267567 (0.177 -0.011298677636809105 0.0))
    (1.1252813203300827 (0.177 -0.011231843794207066 0.0))
    (1.1262815703925984 (0.177 -0.011164801654404108 0.0))
    (1.1272818204551138 (0.177 -0.01109755857300366 0.0))
    (1.1282820705176295 (0.177 -0.011030121927655658 0.0))
    (1.1292823205801452 (0.177 -0.010962499117247185 0.0))
    (1.1302825706426607 (0.177 -0.010894697561090603 0.0))
    (1.1312828207051764 (0.177 -0.010826724698109524 0.0))
    (1.132283070767692 (0.177 -0.010758587986022755 0.0))
    (1.1332833208302078 (0.177 -0.01069029490052593 0.0))
    (1.1342835708927232 (0.177 -0.010621852934471423 0.0))
    (1.135283820955239 (0.177 -0.010553269597046142 0.0))
    (1.1362840710177546 (0.177 -0.010484552412947741 0.0))
    (1.13728432108027 (0.177 -0.010415708921559049 0.0))
    (1.1382845711427858 (0.177 -0.010346746676120773 0.0))
    (1.1392848212053015 (0.177 -0.010277673242902885 0.0))
    (1.140285071267817 (0.177 -0.010208496200374487 0.0))
    (1.1412853213303327 (0.177 -0.01013922313837222 0.0))
    (1.1422855713928484 (0.177 -0.010069861657267644 0.0))
    (1.143285821455364 (0.177 -0.010000419367133346 0.0))
    (1.1442860715178795 (0.177 -0.00993090388690794 0.0))
    (1.1452863215803952 (0.177 -0.00986132284356014 0.0))
    (1.146286571642911 (0.177 -0.009791683871252059 0.0))
    (1.1472868217054264 (0.177 -0.009721994610501517 0.0))
    (1.148287071767942 (0.177 -0.009652262707343753 0.0))
    (1.1492873218304578 (0.177 -0.009582495812492632 0.0))
    (1.1502875718929733 (0.177 -0.00951270158050113 0.0))
    (1.151287821955489 (0.177 -0.009442887668921554 0.0))
    (1.1522880720180046 (0.177 -0.009373061737465384 0.0))
    (1.1532883220805203 (0.177 -0.009333333333333334 0.0))
    (1.1542885721430358 (0.177 -0.009333333333333334 0.0))
    (1.1552888222055515 (0.177 -0.009333333333333334 0.0))
    (1.1562890722680672 (0.177 -0.009333333333333334 0.0))
    (1.1572893223305827 (0.177 -0.009333333333333334 0.0))
    (1.1582895723930984 (0.177 -0.009333333333333334 0.0))
    (1.159289822455614 (0.177 -0.009333333333333334 0.0))
    (1.1602900725181295 (0.177 -0.009333333333333334 0.0))
    (1.1612903225806452 (0.177 -0.009333333333333334 0.0))
    (1.162290572643161 (0.177 -0.009333333333333334 0.0))
    (1.1632908227056766 (0.177 -0.009333333333333334 0.0))
    (1.164291072768192 (0.177 -0.009333333333333334 0.0))
    (1.1652913228307078 (0.177 -0.009333333333333334 0.0))
    (1.1662915728932235 (0.177 -0.009333333333333334 0.0))
    (1.167291822955739 (0.177 -0.009333333333333334 0.0))
    (1.1682920730182547 (0.177 -0.009333333333333334 0.0))
    (1.1692923230807704 (0.177 -0.009333333333333334 0.0))
    (1.170292573143286 (0.177 -0.009333333333333334 0.0))
    (1.1712928232058015 (0.177 -0.009333333333333334 0.0))
    (1.1722930732683172 (0.177 -0.009333333333333334 0.0))
    (1.173293323330833 (0.177 -0.009333333333333334 0.0))
    (1.1742935733933484 (0.177 -0.009333333333333334 0.0))
    (1.175293823455864 (0.177 -0.009333333333333334 0.0))
    (1.1762940735183798 (0.177 -0.009333333333333334 0.0))
    (1.1772943235808953 (0.177 -0.009333333333333334 0.0))
    (1.178294573643411 (0.177 -0.009333333333333334 0.0))
    (1.1792948237059266 (0.177 -0.009333333333333334 0.0))
    (1.1802950737684423 (0.177 -0.009333333333333334 0.0))
    (1.1812953238309578 (0.177 -0.009333333333333334 0.0))
    (1.1822955738934735 (0.177 -0.009333333333333334 0.0))
    (1.1832958239559892 (0.177 -0.009333333333333334 0.0))
    (1.1842960740185047 (0.177 -0.009333333333333334 0.0))
    (1.1852963240810204 (0.177 -0.009333333333333334 0.0))
    (1.186296574143536 (0.177 -0.009333333333333334 0.0))
    (1.1872968242060515 (0.177 -0.009333333333333334 0.0))
    (1.1882970742685672 (0.177 -0.009333333333333334 0.0))
    (1.189297324331083 (0.177 -0.009333333333333334 0.0))
    (1.1902975743935986 (0.177 -0.009333333333333334 0.0))
    (1.191297824456114 (0.177 -0.009333333333333334 0.0))
    (1.1922980745186298 (0.177 -0.009333333333333334 0.0))
    (1.1932983245811455 (0.177 -0.009333333333333334 0.0))
    (1.194298574643661 (0.177 -0.009333333333333334 0.0))
    (1.1952988247061767 (0.177 -0.009333333333333334 0.0))
    (1.1962990747686923 (0.177 -0.009333333333333334 0.0))
    (1.1972993248312078 (0.177 -0.009333333333333334 0.0))
    (1.1982995748937235 (0.177 -0.009333333333333334 0.0))
    (1.1992998249562392 (0.177 -0.009333333333333334 0.0))
    (1.200300075018755 (0.177 -0.009333333333333334 0.0))
    (1.2013003250812704 (0.177 -0.009333333333333334 0.0))
    (1.202300575143786 (0.177 -0.009333333333333334 0.0))
    (1.2033008252063018 (0.177 -0.009333333333333334 0.0))
    (1.2043010752688172 (0.177 -0.009333333333333334 0.0))
    (1.205301325331333 (0.177 -0.009333333333333334 0.0))
    (1.2063015753938486 (0.177 -0.009333333333333334 0.0))
    (1.207301825456364 (0.177 -0.009333333333333334 0.0))
    (1.2083020755188798 (0.177 -0.009333333333333334 0.0))
    (1.2093023255813955 (0.177 -0.009333333333333334 0.0))
    (1.2103025756439112 (0.177 -0.009333333333333334 0.0))
    (1.2113028257064267 (0.177 -0.009333333333333334 0.0))
    (1.2123030757689424 (0.177 -0.009333333333333334 0.0))
    (1.213303325831458 (0.177 -0.009333333333333334 0.0))
    (1.2143035758939735 (0.177 -0.009333333333333334 0.0))
    (1.2153038259564892 (0.177 -0.009333333333333334 0.0))
    (1.216304076019005 (0.177 -0.009333333333333334 0.0))
    (1.2173043260815206 (0.177 -0.009333333333333334 0.0))
    (1.218304576144036 (0.177 -0.009333333333333334 0.0))
    (1.2193048262065518 (0.177 -0.009333333333333334 0.0))
    (1.2203050762690675 (0.177 -0.009333333333333334 0.0))
    (1.221305326331583 (0.177 -0.009333333333333334 0.0))
    (1.2223055763940986 (0.177 -0.009333333333333334 0.0))
    (1.2233058264566143 (0.177 -0.009333333333333334 0.0))
    (1.2243060765191298 (0.177 -0.009333333333333334 0.0))
    (1.2253063265816455 (0.177 -0.009333333333333334 0.0))
    (1.2263065766441612 (0.177 -0.009333333333333334 0.0))
    (1.227306826706677 (0.177 -0.009333333333333334 0.0))
    (1.2283070767691924 (0.177 -0.009333333333333334 0.0))
    (1.229307326831708 (0.177 -0.009333333333333334 0.0))
    (1.2303075768942238 (0.177 -0.009333333333333334 0.0))
    (1.2313078269567392 (0.177 -0.009333333333333334 0.0))
    (1.232308077019255 (0.177 -0.009333333333333334 0.0))
    (1.2333083270817706 (0.177 -0.009333333333333334 0.0))
    (1.234308577144286 (0.177 -0.009333333333333334 0.0))
    (1.2353088272068018 (0.177 -0.009333333333333334 0.0))
    (1.2363090772693175 (0.177 -0.009333333333333334 0.0))
    (1.2373093273318332 (0.177 -0.009333333333333334 0.0))
    (1.2383095773943487 (0.177 -0.009333333333333334 0.0))
    (1.2393098274568644 (0.177 -0.009333333333333334 0.0))
    (1.24031007751938 (0.177 -0.009333333333333334 0.0))
    (1.2413103275818955 (0.177 -0.009333333333333334 0.0))
    (1.2423105776444112 (0.177 -0.009333333333333334 0.0))
    (1.243310827706927 (0.177 -0.009333333333333334 0.0))
    (1.2443110777694424 (0.177 -0.009333333333333334 0.0))
    (1.245311327831958 (0.177 -0.009333333333333334 0.0))
    (1.2463115778944738 (0.177 -0.009333333333333334 0.0))
    (1.2473118279569895 (0.177 -0.009333333333333334 0.0))
    (1.248312078019505 (0.177 -0.009333333333333334 0.0))
    (1.2493123280820206 (0.177 -0.009333333333333334 0.0))
    (1.2503125781445363 (0.177 -0.009333333333333334 0.0))
    (1.2513128282070518 (0.177 -0.009333333333333334 0.0))
    (1.2523130782695675 (0.177 -0.009333333333333334 0.0))
    (1.2533133283320832 (0.177 -0.009333333333333334 0.0))
    (1.2543135783945987 (0.177 -0.009333333333333334 0.0))
    (1.2553138284571144 (0.177 -0.009333333333333334 0.0))
    (1.25631407851963 (0.177 -0.009333333333333334 0.0))
    (1.2573143285821458 (0.177 -0.009333333333333334 0.0))
    (1.2583145786446612 (0.177 -0.009333333333333334 0.0))
    (1.259314828707177 (0.177 -0.009333333333333334 0.0))
    (1.2603150787696926 (0.177 -0.009333333333333334 0.0))
    (1.261315328832208 (0.177 -0.009333333333333334 0.0))
    (1.2623155788947238 (0.177 -0.009333333333333334 0.0))
    (1.2633158289572395 (0.177 -0.009333333333333334 0.0))
    (1.2643160790197552 (0.177 -0.009333333333333334 0.0))
    (1.2653163290822707 (0.177 -0.009333333333333334 0.0))
    (1.2663165791447863 (0.177 -0.009333333333333334 0.0))
    (1.267316829207302 (0.177 -0.009333333333333334 0.0))
    (1.2683170792698175 (0.177 -0.009333333333333334 0.0))
    (1.2693173293323332 (0.177 -0.009333333333333334 0.0))
    (1.270317579394849 (0.177 -0.009333333333333334 0.0))
    (1.2713178294573644 (0.177 -0.009333333333333334 0.0))
    (1.27231807951988 (0.177 -0.009333333333333334 0.0))
    (1.2733183295823958 (0.177 -0.009333333333333334 0.0))
    (1.2743185796449115 (0.177 -0.009333333333333334 0.0))
    (1.275318829707427 (0.177 -0.009333333333333334 0.0))
    (1.2763190797699426 (0.177 -0.009333333333333334 0.0))
    (1.2773193298324583 (0.177 -0.009333333333333334 0.0))
    (1.2783195798949738 (0.177 -0.009333333333333334 0.0))
    (1.2793198299574895 (0.177 -0.009333333333333334 0.0))
    (1.2803200800200052 (0.177 -0.009333333333333334 0.0))
    (1.2813203300825207 (0.177 -0.009333333333333334 0.0))
    (1.2823205801450364 (0.177 -0.009333333333333334 0.0))
    (1.283320830207552 (0.177 -0.009333333333333334 0.0))
    (1.2843210802700677 (0.177 -0.009333333333333334 0.0))
    (1.2853213303325832 (0.177 -0.009333333333333334 0.0))
    (1.286321580395099 (0.177 -0.009333333333333334 0.0))
    (1.2873218304576146 (0.177 -0.009333333333333334 0.0))
    (1.28832208052013 (0.177 -0.009333333333333334 0.0))
    (1.2893223305826458 (0.177 -0.009333333333333334 0.0))
    (1.2903225806451615 (0.177 -0.009333333333333334 0.0))
    (1.291322830707677 (0.177 -0.009333333333333334 0.0))
    (1.2923230807701926 (0.177 -0.009333333333333334 0.0))
    (1.2933233308327083 (0.177 -0.009333333333333334 0.0))
    (1.294323580895224 (0.177 -0.009333333333333334 0.0))
    (1.2953238309577395 (0.177 -0.009333333333333334 0.0))
    (1.2963240810202552 (0.177 -0.009333333333333334 0.0))
    (1.297324331082771 (0.177 -0.009333333333333334 0.0))
    (1.2983245811452864 (0.177 -0.009333333333333334 0.0))
    (1.299324831207802 (0.177 -0.009333333333333334 0.0))
    (1.3003250812703178 (0.177 -0.009333333333333334 0.0))
    (1.3013253313328332 (0.177 -0.009333333333333334 0.0))
    (1.302325581395349 (0.177 -0.009333333333333334 0.0))
    (1.3033258314578646 (0.177 -0.009333333333333334 0.0))
    (1.3043260815203803 (0.177 -0.009333333333333334 0.0))
    (1.3053263315828958 (0.177 -0.009333333333333334 0.0))
    (1.3063265816454115 (0.177 -0.009333333333333334 0.0))
    (1.3073268317079272 (0.177 -0.009333333333333334 0.0))
    (1.3083270817704427 (0.177 -0.009333333333333334 0.0))
    (1.3093273318329584 (0.177 -0.009333333333333334 0.0))
    (1.310327581895474 (0.177 -0.009333333333333334 0.0))
    (1.3113278319579897 (0.177 -0.009333333333333334 0.0))
    (1.3123280820205052 (0.177 -0.009333333333333334 0.0))
    (1.313328332083021 (0.177 -0.009333333333333334 0.0))
    (1.3143285821455366 (0.177 -0.009333333333333334 0.0))
    (1.315328832208052 (0.177 -0.009333333333333334 0.0))
    (1.3163290822705678 (0.177 -0.009333333333333334 0.0))
    (1.3173293323330835 (0.177 -0.009333333333333334 0.0))
    (1.318329582395599 (0.177 -0.009333333333333334 0.0))
    (1.3193298324581146 (0.177 -0.009333333333333334 0.0))
    (1.3203300825206303 (0.177 -0.009333333333333334 0.0))
    (1.321330332583146 (0.177 -0.009333333333333334 0.0))
    (1.3223305826456615 (0.177 -0.009333333333333334 0.0))
    (1.3233308327081772 (0.177 -0.009333333333333334 0.0))
    (1.324331082770693 (0.177 -0.009333333333333334 0.0))
    (1.3253313328332084 (0.177 -0.009333333333333334 0.0))
    (1.326331582895724 (0.177 -0.009333333333333334 0.0))
    (1.3273318329582398 (0.177 -0.009333333333333334 0.0))
    (1.3283320830207552 (0.177 -0.009333333333333334 0.0))
    (1.329332333083271 (0.177 -0.009333333333333334 0.0))
    (1.3303325831457866 (0.177 -0.009333333333333334 0.0))
    (1.3313328332083023 (0.177 -0.009333333333333334 0.0))
    (1.3323330832708178 (0.177 -0.009333333333333334 0.0))
    (1.3333333333333335 (0.177 -0.009333333333333334 0.0))
    (1.3343335833958492 (0.177 -0.009333333333333334 0.0))
    (1.3353338334583646 (0.177 -0.009333333333333334 0.0))
    (1.3363340835208803 (0.177 -0.009333333333333334 0.0))
    (1.337334333583396 (0.177 -0.009333333333333334 0.0))
    (1.3383345836459115 (0.177 -0.009333333333333334 0.0))
    (1.3393348337084272 (0.177 -0.009333333333333334 0.0))
    (1.340335083770943 (0.177 -0.009333333333333334 0.0))
    (1.3413353338334586 (0.177 -0.009333333333333334 0.0))
    (1.342335583895974 (0.177 -0.009333333333333334 0.0))
    (1.3433358339584898 (0.177 -0.009333333333333334 0.0))
    (1.3443360840210055 (0.177 -0.009333333333333334 0.0))
    (1.345336334083521 (0.177 -0.009333333333333334 0.0))
    (1.3463365841460366 (0.177 -0.009333333333333334 0.0))
    (1.3473368342085523 (0.177 -0.009333333333333334 0.0))
    (1.3483370842710678 (0.177 -0.009333333333333334 0.0))
    (1.3493373343335835 (0.177 -0.009333333333333334 0.0))
    (1.3503375843960992 (0.177 -0.009333333333333334 0.0))
    (1.3513378344586149 (0.177 -0.009333333333333334 0.0))
    (1.3523380845211304 (0.177 -0.009333333333333334 0.0))
    (1.353338334583646 (0.177 -0.009333333333333334 0.0))
    (1.3543385846461617 (0.177 -0.009333333333333334 0.0))
    (1.3553388347086772 (0.177 -0.009333333333333334 0.0))
    (1.356339084771193 (0.177 -0.009333333333333334 0.0))
    (1.3573393348337086 (0.177 -0.009333333333333334 0.0))
    (1.3583395848962243 (0.177 -0.009333333333333334 0.0))
    (1.3593398349587398 (0.177 -0.009333333333333334 0.0))
    (1.3603400850212555 (0.177 -0.009333333333333334 0.0))
    (1.3613403350837712 (0.177 -0.009333333333333334 0.0))
    (1.3623405851462866 (0.177 -0.009333333333333334 0.0))
    (1.3633408352088023 (0.177 -0.009333333333333334 0.0))
    (1.364341085271318 (0.177 -0.009333333333333334 0.0))
    (1.3653413353338335 (0.177 -0.009333333333333334 0.0))
    (1.3663415853963492 (0.177 -0.009333333333333334 0.0))
    (1.367341835458865 (0.177 -0.009333333333333334 0.0))
    (1.3683420855213806 (0.177 -0.009333333333333334 0.0))
    (1.369342335583896 (0.177 -0.009333333333333334 0.0))
    (1.3703425856464118 (0.177 -0.009333333333333334 0.0))
    (1.3713428357089275 (0.177 -0.009333333333333334 0.0))
    (1.372343085771443 (0.177 -0.009333333333333334 0.0))
    (1.3733433358339586 (0.177 -0.009333333333333334 0.0))
    (1.3743435858964743 (0.177 -0.009333333333333334 0.0))
    (1.3753438359589898 (0.177 -0.009333333333333334 0.0))
    (1.3763440860215055 (0.177 -0.009333333333333334 0.0))
    (1.3773443360840212 (0.177 -0.009333333333333334 0.0))
    (1.3783445861465369 (0.177 -0.009333333333333334 0.0))
    (1.3793448362090523 (0.177 -0.009333333333333334 0.0))
    (1.380345086271568 (0.177 -0.009333333333333334 0.0))
    (1.3813453363340837 (0.177 -0.009333333333333334 0.0))
    (1.3823455863965992 (0.177 -0.009333333333333334 0.0))
    (1.383345836459115 (0.177 -0.009333333333333334 0.0))
    (1.3843460865216306 (0.177 -0.009333333333333334 0.0))
    (1.385346336584146 (0.177 -0.009333333333333334 0.0))
    (1.3863465866466618 (0.177 -0.009333333333333334 0.0))
    (1.3873468367091775 (0.177 -0.009333333333333334 0.0))
    (1.3883470867716932 (0.177 -0.009333333333333334 0.0))
    (1.3893473368342086 (0.177 -0.009333333333333334 0.0))
    (1.3903475868967243 (0.177 -0.009333333333333334 0.0))
    (1.39134783695924 (0.177 -0.009333333333333334 0.0))
    (1.3923480870217555 (0.177 -0.009333333333333334 0.0))
    (1.3933483370842712 (0.177 -0.009333333333333334 0.0))
    (1.3943485871467869 (0.177 -0.009333333333333334 0.0))
    (1.3953488372093024 (0.177 -0.009333333333333334 0.0))
    (1.396349087271818 (0.177 -0.009333333333333334 0.0))
    (1.3973493373343338 (0.177 -0.009333333333333334 0.0))
    (1.3983495873968494 (0.177 -0.009333333333333334 0.0))
    (1.399349837459365 (0.177 -0.009333333333333334 0.0))
    (1.4003500875218806 (0.177 -0.009333333333333334 0.0))
    (1.4013503375843963 (0.177 -0.009333333333333334 0.0))
    (1.4023505876469118 (0.177 -0.009333333333333334 0.0))
    (1.4033508377094275 (0.177 -0.009333333333333334 0.0))
    (1.4043510877719432 (0.177 -0.009333333333333334 0.0))
    (1.4053513378344589 (0.177 -0.009333333333333334 0.0))
    (1.4063515878969743 (0.177 -0.009333333333333334 0.0))
    (1.40735183795949 (0.177 -0.009333333333333334 0.0))
    (1.4083520880220057 (0.177 -0.009333333333333334 0.0))
    (1.4093523380845212 (0.177 -0.009333333333333334 0.0))
    (1.410352588147037 (0.177 -0.009333333333333334 0.0))
    (1.4113528382095526 (0.177 -0.009333333333333334 0.0))
    (1.412353088272068 (0.177 -0.009333333333333334 0.0))
    (1.4133533383345838 (0.177 -0.009333333333333334 0.0))
    (1.4143535883970995 (0.177 -0.009333333333333334 0.0))
    (1.4153538384596152 (0.177 -0.009333333333333334 0.0))
    (1.4163540885221306 (0.177 -0.009333333333333334 0.0))
    (1.4173543385846463 (0.177 -0.009333333333333334 0.0))
    (1.418354588647162 (0.177 -0.009333333333333334 0.0))
    (1.4193548387096775 (0.177 -0.009333333333333334 0.0))
    (1.4203550887721932 (0.177 -0.009333333333333334 0.0))
    (1.4213553388347089 (0.177 -0.009333333333333334 0.0))
    (1.4223555888972244 (0.177 -0.009333333333333334 0.0))
    (1.42335583895974 (0.177 -0.009333333333333334 0.0))
    (1.4243560890222557 (0.177 -0.009333333333333334 0.0))
    (1.4253563390847714 (0.177 -0.009333333333333334 0.0))
    (1.426356589147287 (0.177 -0.009333333333333334 0.0))
    (1.4273568392098026 (0.177 -0.009333333333333334 0.0))
    (1.4283570892723183 (0.177 -0.009333333333333334 0.0))
    (1.4293573393348338 (0.177 -0.009333333333333334 0.0))
    (1.4303575893973495 (0.177 -0.009333333333333334 0.0))
    (1.4313578394598652 (0.177 -0.009333333333333334 0.0))
    (1.4323580895223806 (0.177 -0.009333333333333334 0.0))
    (1.4333583395848963 (0.177 -0.009333333333333334 0.0))
    (1.434358589647412 (0.177 -0.009333333333333334 0.0))
    (1.4353588397099277 (0.177 -0.009333333333333334 0.0))
    (1.4363590897724432 (0.177 -0.009333333333333334 0.0))
    (1.437359339834959 (0.177 -0.009333333333333334 0.0))
    (1.4383595898974746 (0.177 -0.009333333333333334 0.0))
    (1.43935983995999 (0.177 -0.009333333333333334 0.0))
    (1.4403600900225058 (0.177 -0.009333333333333334 0.0))
    (1.4413603400850215 (0.177 -0.009333333333333334 0.0))
    (1.442360590147537 (0.177 -0.009333333333333334 0.0))
    (1.4433608402100526 (0.177 -0.009333333333333334 0.0))
    (1.4443610902725683 (0.177 -0.009333333333333334 0.0))
    (1.445361340335084 (0.177 -0.009333333333333334 0.0))
    (1.4463615903975995 (0.177 -0.009333333333333334 0.0))
    (1.4473618404601152 (0.177 -0.009333333333333334 0.0))
    (1.4483620905226309 (0.177 -0.009333333333333334 0.0))
    (1.4493623405851463 (0.177 -0.009333333333333334 0.0))
    (1.450362590647662 (0.177 -0.009333333333333334 0.0))
    (1.4513628407101777 (0.177 -0.009333333333333334 0.0))
    (1.4523630907726934 (0.177 -0.009333333333333334 0.0))
    (1.453363340835209 (0.177 -0.009368672453367831 0.0))
    (1.4543635908977246 (0.177 -0.009438498884458659 0.0))
    (1.4553638409602403 (0.177 -0.009508313777193305 0.0))
    (1.4563640910227558 (0.177 -0.00957810947175261 0.0))
    (1.4573643410852715 (0.177 -0.009647878310423828 0.0))
    (1.4583645911477872 (0.177 -0.009717612638440709 0.0))
    (1.4593648412103026 (0.177 -0.009787304804823337 0.0))
    (1.4603650912728183 (0.177 -0.00985694716321768 0.0))
    (1.461365341335334 (0.177 -0.00992653207273441 0.0))
    (1.4623655913978497 (0.177 -0.009996051898787247 0.0))
    (1.4633658414603652 (0.177 -0.01006549901393063 0.0))
    (1.4643660915228809 (0.177 -0.010134865798696602 0.0))
    (1.4653663415853966 (0.177 -0.010204144642430666 0.0))
    (1.466366591647912 (0.177 -0.010273327944126914 0.0))
    (1.4673668417104277 (0.177 -0.010342408113261974 0.0))
    (1.4683670917729434 (0.177 -0.0104113775706277 0.0))
    (1.469367341835459 (0.177 -0.010480228749162861 0.0))
    (1.4703675918979746 (0.177 -0.010548954094783345 0.0))
    (1.4713678419604903 (0.177 -0.010617546067210873 0.0))
    (1.472368092023006 (0.177 -0.01068599714080041 0.0))
    (1.4733683420855215 (0.177 -0.010754299805365741 0.0))
    (1.4743685921480372 (0.177 -0.010822446567003582 0.0))
    (1.4753688422105529 (0.177 -0.010890429948915677 0.0))
    (1.4763690922730683 (0.177 -0.010958242492229124 0.0))
    (1.477369342335584 (0.177 -0.01102587675681484 0.0))
    (1.4783695923980997 (0.177 -0.01109332532210376 0.0))
    (1.4793698424606152 (0.177 -0.011160580787900986 0.0))
    (1.480370092523131 (0.177 -0.011227635775197817 0.0))
    (1.4813703425856466 (0.177 -0.011294482926981243 0.0))
    (1.4823705926481623 (0.177 -0.011361114909041138 0.0))
    (1.4833708427106778 (0.177 -0.011427524410774981 0.0))
    (1.4843710927731935 (0.177 -0.01149370414598997 0.0))
    (1.4853713428357092 (0.177 -0.011559646853702317 0.0))
    (1.4863715928982246 (0.177 -0.011625345298934015 0.0))
    (1.4873718429607403 (0.177 -0.011690792273506615 0.0))
    (1.488372093023256 (0.177 -0.011755980596831991 0.0))
    (1.4893723430857715 (0.177 -0.011820903116700258 0.0))
    (1.4903725931482872 (0.177 -0.01188555271006449 0.0))
    (1.4913728432108029 (0.177 -0.01194992228382213 0.0))
    (1.4923730932733186 (0.177 -0.012014004775593346 0.0))
    (1.493373343335834 (0.177 -0.012077793154495767 0.0))
    (1.4943735933983497 (0.177 -0.012141280421916008 0.0))
    (1.4953738434608654 (0.177 -0.012204459612277445 0.0))
    (1.496374093523381 (0.177 -0.01226732379380443 0.0))
    (1.4973743435858966 (0.177 -0.012329866069282935 0.0))
    (1.4983745936484123 (0.177 -0.012392079576817176 0.0))
    (1.499374843710928 (0.177 -0.012453957490582493 0.0))
    (1.5003750937734435 (0.177 -0.012515493021574299 0.0))
    (1.5013753438359592 (0.177 -0.012576679418352936 0.0))
    (1.5023755938984749 (0.177 -0.012637509967784347 0.0))
    (1.5033758439609903 (0.177 -0.012697977995776686 0.0))
    (1.504376094023506 (0.177 -0.012758076868012592 0.0))
    (1.5053763440860217 (0.177 -0.012817799990676974 0.0))
    (1.5063765941485372 (0.177 -0.012877140811180555 0.0))
    (1.507376844211053 (0.177 -0.012936092818878808 0.0))
    (1.5083770942735686 (0.177 -0.012994649545786165 0.0))
    (1.5093773443360843 (0.177 -0.013052804567285792 0.0))
    (1.5103775943985998 (0.177 -0.013110551502834359 0.0))
    (1.5113778444611154 (0.177 -0.013167884016662204 0.0))
    (1.5123780945236311 (0.177 -0.01322479581846838 0.0))
    (1.5133783445861466 (0.177 -0.013281280664110797 0.0))
    (1.5143785946486623 (0.177 -0.013337332356291403 0.0))
    (1.515378844711178 (0.177 -0.013392944745236026 0.0))
    (1.5163790947736935 (0.177 -0.013448111729369123 0.0))
    (1.5173793448362092 (0.177 -0.013502827255983285 0.0))
    (1.5183795948987249 (0.177 -0.013557085321903244 0.0))
    (1.5193798449612406 (0.177 -0.013610879974144532 0.0))
    (1.520380095023756 (0.177 -0.01366420531056664 0.0))
    (1.5213803450862717 (0.177 -0.01371705548052061 0.0))
    (1.5223805951487874 (0.177 -0.013769424685490837 0.0))
    (1.523380845211303 (0.177 -0.013821307179731374 0.0))
    (1.5243810952738186 (0.177 -0.01387269727089627 0.0))
    (1.5253813453363343 (0.177 -0.013923589320664134 0.0))
    (1.5263815953988498 (0.177 -0.013973977745356747 0.0))
    (1.5273818454613655 (0.177 -0.014023857016551669 0.0))
    (1.5283820955238812 (0.177 -0.014073221661688815 0.0))
    (1.5293823455863969 (0.177 -0.014122066264670882 0.0))
    (1.5303825956489123 (0.177 -0.014170385466457533 0.0))
    (1.531382845711428 (0.177 -0.014218173965653473 0.0))
    (1.5323830957739437 (0.177 -0.014265426519090001 0.0))
    (1.5333833458364592 (0.177 -0.014312137942400285 0.0))
    (1.5343835958989749 (0.177 -0.01435830311058825 0.0))
    (1.5353838459614906 (0.177 -0.014403916958590751 0.0))
    (1.536384096024006 (0.177 -0.014448974481833384 0.0))
    (1.5373843460865217 (0.177 -0.014493470736779559 0.0))
    (1.5383845961490374 (0.177 -0.014537400841472817 0.0))
    (1.5393848462115531 (0.177 -0.014580759976072546 0.0))
    (1.5403850962740686 (0.177 -0.014623543383382745 0.0))
    (1.5413853463365843 (0.177 -0.014665746369373974 0.0))
    (1.5423855963991 (0.177 -0.014707364303698381 0.0))
    (1.5433858464616155 (0.177 -0.01474839262019768 0.0))
    (1.5443860965241312 (0.177 -0.014788826817404212 0.0))
    (1.5453863465866469 (0.177 -0.014828662459034754 0.0))
    (1.5463865966491626 (0.177 -0.01486789517447727 0.0))
    (1.547386846711678 (0.177 -0.014906520659270457 0.0))
    (1.5483870967741937 (0.177 -0.01494453467557602 0.0))
    (1.5493873468367094 (0.177 -0.01498193305264358 0.0))
    (1.550387596899225 (0.177 -0.015018711687268321 0.0))
    (1.5513878469617406 (0.177 -0.015054866544241187 0.0))
    (1.5523880970242563 (0.177 -0.015090393656791538 0.0))
    (1.5533883470867718 (0.177 -0.015125289127022452 0.0))
    (1.5543885971492875 (0.177 -0.01515954912633835 0.0))
    (1.5553888472118031 (0.177 -0.015193169895865034 0.0))
    (1.5563890972743188 (0.177 -0.01522614774686214 0.0))
    (1.5573893473368343 (0.177 -0.015258479061127806 0.0))
    (1.55838959739935 (0.177 -0.015290160291395702 0.0))
    (1.5593898474618657 (0.177 -0.015321187961724176 0.0))
    (1.5603900975243812 (0.177 -0.015351558667877623 0.0))
    (1.5613903475868969 (0.177 -0.015381269077700028 0.0))
    (1.5623905976494126 (0.177 -0.01541031593148051 0.0))
    (1.563390847711928 (0.177 -0.015438696042310967 0.0))
    (1.5643910977744437 (0.177 -0.01546640629643578 0.0))
    (1.5653913478369594 (0.177 -0.01549344365359339 0.0))
    (1.5663915978994751 (0.177 -0.015519805147349873 0.0))
    (1.5673918479619906 (0.177 -0.015545487885424425 0.0))
    (1.5683920980245063 (0.177 -0.0155704890500067 0.0))
    (1.569392348087022 (0.177 -0.015594805898065913 0.0))
    (1.5703925981495375 (0.177 -0.015618435761651854 0.0))
    (1.5713928482120532 (0.177 -0.015641376048187598 0.0))
    (1.5723930982745689 (0.177 -0.015663624240753904 0.0))
    (1.5733933483370843 (0.177 -0.01568517789836542 0.0))
    (1.5743935983996 (0.177 -0.015706034656238474 0.0))
    (1.5753938484621157 (0.177 -0.015726192226050515 0.0))
    (1.5763940985246314 (0.177 -0.01574564839619121 0.0))
    (1.5773943485871469 (0.177 -0.015764401032005052 0.0))
    (1.5783945986496626 (0.177 -0.015782448076025617 0.0))
    (1.5793948487121783 (0.177 -0.01579978754820127 0.0))
    (1.5803950987746938 (0.177 -0.015816417546112387 0.0))
    (1.5813953488372094 (0.177 -0.015832336245180142 0.0))
    (1.5823955988997251 (0.177 -0.015847541898866647 0.0))
    (1.5833958489622408 (0.177 -0.015862032838866565 0.0))
    (1.5843960990247563 (0.177 -0.015875807475290202 0.0))
    (1.585396349087272 (0.177 -0.015888864296837897 0.0))
    (1.5863965991497877 (0.177 -0.015901201870965852 0.0))
    (1.5873968492123032 (0.177 -0.01591281884404331 0.0))
    (1.5883970992748189 (0.177 -0.01592371394150106 0.0))
    (1.5893973493373346 (0.177 -0.015933885967971288 0.0))
    (1.59039759939985 (0.177 -0.01594333380741872 0.0))
    (1.5913978494623657 (0.177 -0.01595205642326307 0.0))
    (1.5923980995248814 (0.177 -0.01596005285849278 0.0))
    (1.5933983495873971 (0.177 -0.015967322235769996 0.0))
    (1.5943985996499126 (0.177 -0.01597386375752686 0.0))
    (1.5953988497124283 (0.177 -0.01597967670605298 0.0))
    (1.596399099774944 (0.177 -0.015984760443574206 0.0))
    (1.5973993498374595 (0.177 -0.015989114412322585 0.0))
    (1.5983995998999752 (0.177 -0.01599273813459755 0.0))
    (1.5993998499624908 (0.177 -0.015995631212818367 0.0))
    (1.6004001000250063 (0.177 -0.015997793329567713 0.0))
    (1.601400350087522 (0.177 -0.01599922424762653 0.0))
    (1.6024006001500377 (0.177 -0.01599992381000004 0.0))
    (1.6034008502125534 (0.177 -0.015999891939934972 0.0))
    (1.6044011002750689 (0.177 -0.01599912864092799 0.0))
    (1.6054013503375846 (0.177 -0.015997633996725297 0.0))
    (1.6064016004001003 (0.177 -0.015995408171313452 0.0))
    (1.6074018504626157 (0.177 -0.01599245140890139 0.0))
    (1.6084021005251314 (0.177 -0.015988764033893606 0.0))
    (1.6094023505876471 (0.177 -0.015984346450854572 0.0))
    (1.6104026006501626 (0.177 -0.015979199144464367 0.0))
    (1.6114028507126783 (0.177 -0.015973322679465468 0.0))
    (1.612403100775194 (0.177 -0.015966717700600815 0.0))
    (1.6134033508377097 (0.177 -0.015959384932543057 0.0))
    (1.6144036009002252 (0.177 -0.015951325179815058 0.0))
    (1.6154038509627409 (0.177 -0.015942539326701605 0.0))
    (1.6164041010252566 (0.177 -0.015933028337152412 0.0))
    (1.617404351087772 (0.177 -0.015922793254676354 0.0))
    (1.6184046011502877 (0.177 -0.015911835202226957 0.0))
    (1.6194048512128034 (0.177 -0.01590015538207921 0.0))
    (1.620405101275319 (0.177 -0.015887755075697674 0.0))
    (1.6214053513378346 (0.177 -0.015874635643595834 0.0))
    (1.6224056014003503 (0.177 -0.015860798525186875 0.0))
    (1.623405851462866 (0.177 -0.015846245238625743 0.0))
    (1.6244061015253815 (0.177 -0.015830977380642562 0.0))
    (1.6254063515878971 (0.177 -0.01581499662636747 0.0))
    (1.6264066016504128 (0.177 -0.01579830472914681 0.0))
    (1.6274068517129283 (0.177 -0.01578090352035078 0.0))
    (1.628407101775444 (0.177 -0.015762794909172484 0.0))
    (1.6294073518379597 (0.177 -0.015743980882418476 0.0))
    (1.6304076019004754 (0.177 -0.01572446350429076 0.0))
    (1.6314078519629909 (0.177 -0.01570424491616034 0.0))
    (1.6324081020255066 (0.177 -0.015683327336332244 0.0))
    (1.6334083520880223 (0.177 -0.01566171305980217 0.0))
    (1.6344086021505377 (0.177 -0.015639404458004665 0.0))
    (1.6354088522130534 (0.177 -0.015616403978552951 0.0))
    (1.6364091022755691 (0.177 -0.015592714144970387 0.0))
    (1.6374093523380846 (0.177 -0.015568337556413594 0.0))
    (1.6384096024006003 (0.177 -0.015543276887387266 0.0))
    (1.639409852463116 (0.177 -0.015517534887450777 0.0))
    (1.6404101025256317 (0.177 -0.01549111438091647 0.0))
    (1.6414103525881472 (0.177 -0.015464018266539804 0.0))
    (1.6424106026506629 (0.177 -0.015436249517201298 0.0))
    (1.6434108527131785 (0.177 -0.015407811179580384 0.0))
    (1.644411102775694 (0.177 -0.015378706373821124 0.0))
    (1.6454113528382097 (0.177 -0.015348938293189857 0.0))
    (1.6464116029007254 (0.177 -0.015318510203724878 0.0))
    (1.6474118529632409 (0.177 -0.01528742544387811 0.0))
    (1.6484121030257566 (0.177 -0.015255687424148769 0.0))
    (1.6494123530882723 (0.177 -0.015223299626709222 0.0))
    (1.650412603150788 (0.177 -0.015190265605022943 0.0))
    (1.6514128532133034 (0.177 -0.015156588983454612 0.0))
    (1.6524131032758191 (0.177 -0.015122273456872448 0.0))
    (1.6534133533383348 (0.177 -0.015087322790242892 0.0))
    (1.6544136034008503 (0.177 -0.015051740818217467 0.0))
    (1.655413853463366 (0.177 -0.015015531444712057 0.0))
    (1.6564141035258817 (0.177 -0.014978698642478637 0.0))
    (1.6574143535883972 (0.177 -0.014941246452669345 0.0))
    (1.6584146036509129 (0.177 -0.014903178984393098 0.0))
    (1.6594148537134286 (0.177 -0.014864500414264823 0.0))
    (1.6604151037759443 (0.177 -0.01482521498594714 0.0))
    (1.6614153538384597 (0.177 -0.014785327009684816 0.0))
    (1.6624156039009754 (0.177 -0.014744840861831813 0.0))
    (1.6634158539634911 (0.177 -0.014703760984371175 0.0))
    (1.6644161040260066 (0.177 -0.01466209188442767 0.0))
    (1.6654163540885223 (0.177 -0.014619838133773239 0.0))
    (1.666416604151038 (0.177 -0.01457700436832544 0.0))
    (1.6674168542135535 (0.177 -0.014533595287638833 0.0))
    (1.6684171042760692 (0.177 -0.01448961565438929 0.0))
    (1.6694173543385848 (0.177 -0.014445070293851513 0.0))
    (1.6704176044011005 (0.177 -0.014399964093369626 0.0))
    (1.671417854463616 (0.177 -0.014354302001820918 0.0))
    (1.6724181045261317 (0.177 -0.014308089029072869 0.0))
    (1.6734183545886474 (0.177 -0.014261330245433548 0.0))
    (1.6744186046511629 (0.177 -0.014214030781095262 0.0))
    (1.6754188547136786 (0.177 -0.014166195825571673 0.0))
    (1.6764191047761943 (0.177 -0.014117830627128508 0.0))
    (1.67741935483871 (0.177 -0.014068940492207657 0.0))
    (1.6784196049012254 (0.177 -0.014019530784845035 0.0))
    (1.6794198549637411 (0.177 -0.013969606926081984 0.0))
    (1.6804201050262568 (0.177 -0.013919174393370568 0.0))
    (1.6814203550887723 (0.177 -0.013868238719972606 0.0))
    (1.682420605151288 (0.177 -0.01381680549435251 0.0))
    (1.6834208552138037 (0.177 -0.013764880359564219 0.0))
    (1.6844211052763192 (0.177 -0.01371246901263206 0.0))
    (1.6854213553388349 (0.177 -0.01365957720392562 0.0))
    (1.6864216054013506 (0.177 -0.013606210736528915 0.0))
    (1.6874218554638662 (0.177 -0.013552375465603683 0.0))
    (1.6884221055263817 (0.177 -0.013498077297746953 0.0))
    (1.6894223555888974 (0.177 -0.013443322190342982 0.0))
    (1.6904226056514131 (0.177 -0.013388116150909712 0.0))
    (1.6914228557139286 (0.177 -0.013332465236439574 0.0))
    (1.6924231057764443 (0.177 -0.013276375552734932 0.0))
    (1.69342335583896 (0.177 -0.013219853253738263 0.0))
    (1.6944236059014754 (0.177 -0.013162904540856892 0.0))
    (1.6954238559639911 (0.177 -0.013105535662282583 0.0))
    (1.6964241060265068 (0.177 -0.013047752912306115 0.0))
    (1.6974243560890225 (0.177 -0.012989562630626578 0.0))
    (1.698424606151538 (0.177 -0.012930971201655915 0.0))
    (1.6994248562140537 (0.177 -0.012871985053818326 0.0))
    (1.7004251062765694 (0.177 -0.012812610658845066 0.0))
    (1.7014253563390849 (0.177 -0.012752854531064391 0.0))
    (1.7024256064016006 (0.177 -0.012692723226686737 0.0))
    (1.7034258564641163 (0.177 -0.012632223343085492 0.0))
    (1.7044261065266317 (0.177 -0.012571361518073155 0.0))
    (1.7054263565891474 (0.177 -0.012510144429172976 0.0))
    (1.7064266066516631 (0.177 -0.0124485787928864 0.0))
    (1.7074268567141788 (0.177 -0.012386671363956174 0.0))
    (1.7084271067766943 (0.177 -0.012324428934625164 0.0))
    (1.70942735683921 (0.177 -0.012261858333891198 0.0))
    (1.7104276069017257 (0.177 -0.012198966426757793 0.0))
    (1.7114278569642412 (0.177 -0.01213576011348096 0.0))
    (1.7124281070267569 (0.177 -0.012072246328812129 0.0))
    (1.7134283570892725 (0.177 -0.012008432041237301 0.0))
    (1.714428607151788 (0.177 -0.01194432425221249 0.0))
    (1.7154288572143037 (0.177 -0.011879929995395548 0.0))
    (1.7164291072768194 (0.177 -0.01181525633587446 0.0))
    (1.717429357339335 (0.177 -0.011750310369392187 0.0))
    (1.7184296074018506 (0.177 -0.011685099221568188 0.0))
    (1.7194298574643663 (0.177 -0.011619630047116525 0.0))
    (1.720430107526882 (0.177 -0.011553910029061004 0.0))
    (1.7214303575893974 (0.177 -0.011487946377946992 0.0))
    (1.7224306076519131 (0.177 -0.0114217463310503 0.0))
    (1.7234308577144288 (0.177 -0.011355317151583225 0.0))
    (1.7244311077769445 (0.177 -0.011288666127897563 0.0))
    (1.72543135783946 (0.177 -0.011221800572685004 0.0))
    (1.7264316079019757 (0.177 -0.011154727822174805 0.0))
    (1.7274318579644914 (0.177 -0.01108745523532889 0.0))
    (1.7284321080270069 (0.177 -0.011019990193034446 0.0))
    (1.7294323580895226 (0.177 -0.01095234009729413 0.0))
    (1.7304326081520383 (0.177 -0.010884512370413931 0.0))
    (1.7314328582145537 (0.177 -0.01081651445418888 0.0))
    (1.7324331082770694 (0.177 -0.01074835380908646 0.0))
    (1.7334333583395851 (0.177 -0.010680037913428166 0.0))
    (1.7344336084021008 (0.177 -0.010611574262569003 0.0))
    (1.7354338584646163 (0.177 -0.010542970368075085 0.0))
    (1.736434108527132 (0.177 -0.010474233756899473 0.0))
    (1.7374343585896477 (0.177 -0.01040537197055646 0.0))
    (1.7384346086521631 (0.177 -0.01033639256429404 0.0))
    (1.7394348587146788 (0.177 -0.01026730310626497 0.0))
    (1.7404351087771945 (0.177 -0.010198111176696528 0.0))
    (1.74143535883971 (0.177 -0.010128824367058743 0.0))
    (1.7424356089022257 (0.177 -0.010059450279231476 0.0))
    (1.7434358589647414 (0.177 -0.009989996524670485 0.0))
    (1.744436109027257 (0.177 -0.009920470723572192 0.0))
    (1.7454363590897726 (0.177 -0.009850880504037752 0.0))
    (1.7464366091522883 (0.177 -0.009781233501235978 0.0))
    (1.747436859214804 (0.177 -0.009711537356565767 0.0))
    (1.7484371092773194 (0.177 -0.009641799716817705 0.0))
    (1.7494373593398351 (0.177 -0.009572028233334985 0.0))
    (1.7504376094023508 (0.177 -0.009502230561174038 0.0))
    (1.7514378594648663 (0.177 -0.009432414358264652 0.0))
    (1.752438109527382 (0.177 -0.009362587284569665 0.0))
    (1.7534383595898977 (0.177 -0.009333333333333334 0.0))
    (1.7544386096524134 (0.177 -0.009333333333333334 0.0))
    (1.7554388597149289 (0.177 -0.009333333333333334 0.0))
    (1.7564391097774446 (0.177 -0.009333333333333334 0.0))
    (1.7574393598399602 (0.177 -0.009333333333333334 0.0))
    (1.7584396099024757 (0.177 -0.009333333333333334 0.0))
    (1.7594398599649914 (0.177 -0.009333333333333334 0.0))
    (1.760440110027507 (0.177 -0.009333333333333334 0.0))
    (1.7614403600900226 (0.177 -0.009333333333333334 0.0))
    (1.7624406101525383 (0.177 -0.009333333333333334 0.0))
    (1.763440860215054 (0.177 -0.009333333333333334 0.0))
    (1.7644411102775697 (0.177 -0.009333333333333334 0.0))
    (1.7654413603400851 (0.177 -0.009333333333333334 0.0))
    (1.7664416104026008 (0.177 -0.009333333333333334 0.0))
    (1.7674418604651165 (0.177 -0.009333333333333334 0.0))
    (1.768442110527632 (0.177 -0.009333333333333334 0.0))
    (1.7694423605901477 (0.177 -0.009333333333333334 0.0))
    (1.7704426106526634 (0.177 -0.009333333333333334 0.0))
    (1.771442860715179 (0.177 -0.009333333333333334 0.0))
    (1.7724431107776946 (0.177 -0.009333333333333334 0.0))
    (1.7734433608402103 (0.177 -0.009333333333333334 0.0))
    (1.774443610902726 (0.177 -0.009333333333333334 0.0))
    (1.7754438609652414 (0.177 -0.009333333333333334 0.0))
    (1.7764441110277571 (0.177 -0.009333333333333334 0.0))
    (1.7774443610902728 (0.177 -0.009333333333333334 0.0))
    (1.7784446111527883 (0.177 -0.009333333333333334 0.0))
    (1.779444861215304 (0.177 -0.009333333333333334 0.0))
    (1.7804451112778197 (0.177 -0.009333333333333334 0.0))
    (1.7814453613403354 (0.177 -0.009333333333333334 0.0))
    (1.7824456114028508 (0.177 -0.009333333333333334 0.0))
    (1.7834458614653665 (0.177 -0.009333333333333334 0.0))
    (1.7844461115278822 (0.177 -0.009333333333333334 0.0))
    (1.7854463615903977 (0.177 -0.009333333333333334 0.0))
    (1.7864466116529134 (0.177 -0.009333333333333334 0.0))
    (1.787446861715429 (0.177 -0.009333333333333334 0.0))
    (1.7884471117779446 (0.177 -0.009333333333333334 0.0))
    (1.7894473618404603 (0.177 -0.009333333333333334 0.0))
    (1.790447611902976 (0.177 -0.009333333333333334 0.0))
    (1.7914478619654917 (0.177 -0.009333333333333334 0.0))
    (1.7924481120280071 (0.177 -0.009333333333333334 0.0))
    (1.7934483620905228 (0.177 -0.009333333333333334 0.0))
    (1.7944486121530385 (0.177 -0.009333333333333334 0.0))
    (1.795448862215554 (0.177 -0.009333333333333334 0.0))
    (1.7964491122780697 (0.177 -0.009333333333333334 0.0))
    (1.7974493623405854 (0.177 -0.009333333333333334 0.0))
    (1.7984496124031009 (0.177 -0.009333333333333334 0.0))
    (1.7994498624656166 (0.177 -0.009333333333333334 0.0))
    (1.8004501125281323 (0.177 -0.009333333333333334 0.0))
    (1.801450362590648 (0.177 -0.009333333333333334 0.0))
    (1.8024506126531634 (0.177 -0.009333333333333334 0.0))
    (1.8034508627156791 (0.177 -0.009333333333333334 0.0))
    (1.8044511127781948 (0.177 -0.009333333333333334 0.0))
    (1.8054513628407103 (0.177 -0.009333333333333334 0.0))
    (1.806451612903226 (0.177 -0.009333333333333334 0.0))
    (1.8074518629657417 (0.177 -0.009333333333333334 0.0))
    (1.8084521130282571 (0.177 -0.009333333333333334 0.0))
    (1.8094523630907728 (0.177 -0.009333333333333334 0.0))
    (1.8104526131532885 (0.177 -0.009333333333333334 0.0))
    (1.8114528632158042 (0.177 -0.009333333333333334 0.0))
    (1.8124531132783197 (0.177 -0.009333333333333334 0.0))
    (1.8134533633408354 (0.177 -0.009333333333333334 0.0))
    (1.814453613403351 (0.177 -0.009333333333333334 0.0))
    (1.8154538634658666 (0.177 -0.009333333333333334 0.0))
    (1.8164541135283823 (0.177 -0.009333333333333334 0.0))
    (1.817454363590898 (0.177 -0.009333333333333334 0.0))
    (1.8184546136534137 (0.177 -0.009333333333333334 0.0))
    (1.8194548637159291 (0.177 -0.009333333333333334 0.0))
    (1.8204551137784448 (0.177 -0.009333333333333334 0.0))
    (1.8214553638409605 (0.177 -0.009333333333333334 0.0))
    (1.822455613903476 (0.177 -0.009333333333333334 0.0))
    (1.8234558639659917 (0.177 -0.009333333333333334 0.0))
    (1.8244561140285074 (0.177 -0.009333333333333334 0.0))
    (1.8254563640910229 (0.177 -0.009333333333333334 0.0))
    (1.8264566141535385 (0.177 -0.009333333333333334 0.0))
    (1.8274568642160542 (0.177 -0.009333333333333334 0.0))
    (1.82845711427857 (0.177 -0.009333333333333334 0.0))
    (1.8294573643410854 (0.177 -0.009333333333333334 0.0))
    (1.830457614403601 (0.177 -0.009333333333333334 0.0))
    (1.8314578644661168 (0.177 -0.009333333333333334 0.0))
    (1.8324581145286323 (0.177 -0.009333333333333334 0.0))
    (1.833458364591148 (0.177 -0.009333333333333334 0.0))
    (1.8344586146536637 (0.177 -0.009333333333333334 0.0))
    (1.8354588647161791 (0.177 -0.009333333333333334 0.0))
    (1.8364591147786948 (0.177 -0.009333333333333334 0.0))
    (1.8374593648412105 (0.177 -0.009333333333333334 0.0))
    (1.8384596149037262 (0.177 -0.009333333333333334 0.0))
    (1.8394598649662417 (0.177 -0.009333333333333334 0.0))
    (1.8404601150287574 (0.177 -0.009333333333333334 0.0))
    (1.841460365091273 (0.177 -0.009333333333333334 0.0))
    (1.8424606151537886 (0.177 -0.009333333333333334 0.0))
    (1.8434608652163043 (0.177 -0.009333333333333334 0.0))
    (1.84446111527882 (0.177 -0.009333333333333334 0.0))
    (1.8454613653413354 (0.177 -0.009333333333333334 0.0))
    (1.8464616154038511 (0.177 -0.009333333333333334 0.0))
    (1.8474618654663668 (0.177 -0.009333333333333334 0.0))
    (1.8484621155288825 (0.177 -0.009333333333333334 0.0))
    (1.849462365591398 (0.177 -0.009333333333333334 0.0))
    (1.8504626156539137 (0.177 -0.009333333333333334 0.0))
    (1.8514628657164294 (0.177 -0.009333333333333334 0.0))
    (1.8524631157789448 (0.177 -0.009333333333333334 0.0))
    (1.8534633658414605 (0.177 -0.009333333333333334 0.0))
    (1.8544636159039762 (0.177 -0.009333333333333334 0.0))
    (1.8554638659664917 (0.177 -0.009333333333333334 0.0))
    (1.8564641160290074 (0.177 -0.009333333333333334 0.0))
    (1.857464366091523 (0.177 -0.009333333333333334 0.0))
    (1.8584646161540388 (0.177 -0.009333333333333334 0.0))
    (1.8594648662165543 (0.177 -0.009333333333333334 0.0))
    (1.86046511627907 (0.177 -0.009333333333333334 0.0))
    (1.8614653663415857 (0.177 -0.009333333333333334 0.0))
    (1.8624656164041011 (0.177 -0.009333333333333334 0.0))
    (1.8634658664666168 (0.177 -0.009333333333333334 0.0))
    (1.8644661165291325 (0.177 -0.009333333333333334 0.0))
    (1.8654663665916482 (0.177 -0.009333333333333334 0.0))
    (1.8664666166541637 (0.177 -0.009333333333333334 0.0))
    (1.8674668667166794 (0.177 -0.009333333333333334 0.0))
    (1.868467116779195 (0.177 -0.009333333333333334 0.0))
    (1.8694673668417106 (0.177 -0.009333333333333334 0.0))
    (1.8704676169042262 (0.177 -0.009333333333333334 0.0))
    (1.871467866966742 (0.177 -0.009333333333333334 0.0))
    (1.8724681170292574 (0.177 -0.009333333333333334 0.0))
    (1.8734683670917731 (0.177 -0.009333333333333334 0.0))
    (1.8744686171542888 (0.177 -0.009333333333333334 0.0))
    (1.8754688672168045 (0.177 -0.009333333333333334 0.0))
    (1.87646911727932 (0.177 -0.009333333333333334 0.0))
    (1.8774693673418357 (0.177 -0.009333333333333334 0.0))
    (1.8784696174043514 (0.177 -0.009333333333333334 0.0))
    (1.8794698674668668 (0.177 -0.009333333333333334 0.0))
    (1.8804701175293825 (0.177 -0.009333333333333334 0.0))
    (1.8814703675918982 (0.177 -0.009333333333333334 0.0))
    (1.8824706176544137 (0.177 -0.009333333333333334 0.0))
    (1.8834708677169294 (0.177 -0.009333333333333334 0.0))
    (1.884471117779445 (0.177 -0.009333333333333334 0.0))
    (1.8854713678419608 (0.177 -0.009333333333333334 0.0))
    (1.8864716179044763 (0.177 -0.009333333333333334 0.0))
    (1.887471867966992 (0.177 -0.009333333333333334 0.0))
    (1.8884721180295077 (0.177 -0.009333333333333334 0.0))
    (1.8894723680920231 (0.177 -0.009333333333333334 0.0))
    (1.8904726181545388 (0.177 -0.009333333333333334 0.0))
    (1.8914728682170545 (0.177 -0.009333333333333334 0.0))
    (1.89247311827957 (0.177 -0.009333333333333334 0.0))
    (1.8934733683420857 (0.177 -0.009333333333333334 0.0))
    (1.8944736184046014 (0.177 -0.009333333333333334 0.0))
    (1.895473868467117 (0.177 -0.009333333333333334 0.0))
    (1.8964741185296325 (0.177 -0.009333333333333334 0.0))
    (1.8974743685921482 (0.177 -0.009333333333333334 0.0))
    (1.898474618654664 (0.177 -0.009333333333333334 0.0))
    (1.8994748687171794 (0.177 -0.009333333333333334 0.0))
    (1.900475118779695 (0.177 -0.009333333333333334 0.0))
    (1.9014753688422108 (0.177 -0.009333333333333334 0.0))
    (1.9024756189047263 (0.177 -0.009333333333333334 0.0))
    (1.903475868967242 (0.177 -0.009333333333333334 0.0))
    (1.9044761190297577 (0.177 -0.009333333333333334 0.0))
    (1.9054763690922734 (0.177 -0.009333333333333334 0.0))
    (1.9064766191547888 (0.177 -0.009333333333333334 0.0))
    (1.9074768692173045 (0.177 -0.009333333333333334 0.0))
    (1.9084771192798202 (0.177 -0.009333333333333334 0.0))
    (1.9094773693423357 (0.177 -0.009333333333333334 0.0))
    (1.9104776194048514 (0.177 -0.009333333333333334 0.0))
    (1.911477869467367 (0.177 -0.009333333333333334 0.0))
    (1.9124781195298828 (0.177 -0.009333333333333334 0.0))
    (1.9134783695923983 (0.177 -0.009333333333333334 0.0))
    (1.914478619654914 (0.177 -0.009333333333333334 0.0))
    (1.9154788697174296 (0.177 -0.009333333333333334 0.0))
    (1.9164791197799451 (0.177 -0.009333333333333334 0.0))
    (1.9174793698424608 (0.177 -0.009333333333333334 0.0))
    (1.9184796199049765 (0.177 -0.009333333333333334 0.0))
    (1.919479869967492 (0.177 -0.009333333333333334 0.0))
    (1.9204801200300077 (0.177 -0.009333333333333334 0.0))
    (1.9214803700925234 (0.177 -0.009333333333333334 0.0))
    (1.922480620155039 (0.177 -0.009333333333333334 0.0))
    (1.9234808702175545 (0.177 -0.009333333333333334 0.0))
    (1.9244811202800702 (0.177 -0.009333333333333334 0.0))
    (1.925481370342586 (0.177 -0.009333333333333334 0.0))
    (1.9264816204051014 (0.177 -0.009333333333333334 0.0))
    (1.927481870467617 (0.177 -0.009333333333333334 0.0))
    (1.9284821205301328 (0.177 -0.009333333333333334 0.0))
    (1.9294823705926483 (0.177 -0.009333333333333334 0.0))
    (1.930482620655164 (0.177 -0.009333333333333334 0.0))
    (1.9314828707176797 (0.177 -0.009333333333333334 0.0))
    (1.9324831207801954 (0.177 -0.009333333333333334 0.0))
    (1.9334833708427108 (0.177 -0.009333333333333334 0.0))
    (1.9344836209052265 (0.177 -0.009333333333333334 0.0))
    (1.9354838709677422 (0.177 -0.009333333333333334 0.0))
    (1.9364841210302577 (0.177 -0.009333333333333334 0.0))
    (1.9374843710927734 (0.177 -0.009333333333333334 0.0))
    (1.938484621155289 (0.177 -0.009333333333333334 0.0))
    (1.9394848712178046 (0.177 -0.009333333333333334 0.0))
    (1.9404851212803202 (0.177 -0.009333333333333334 0.0))
    (1.941485371342836 (0.177 -0.009333333333333334 0.0))
    (1.9424856214053516 (0.177 -0.009333333333333334 0.0))
    (1.943485871467867 (0.177 -0.009333333333333334 0.0))
    (1.9444861215303828 (0.177 -0.009333333333333334 0.0))
    (1.9454863715928985 (0.177 -0.009333333333333334 0.0))
    (1.946486621655414 (0.177 -0.009333333333333334 0.0))
    (1.9474868717179297 (0.177 -0.009333333333333334 0.0))
    (1.9484871217804454 (0.177 -0.009333333333333334 0.0))
    (1.9494873718429608 (0.177 -0.009333333333333334 0.0))
    (1.9504876219054765 (0.177 -0.009333333333333334 0.0))
    (1.9514878719679922 (0.177 -0.009333333333333334 0.0))
    (1.952488122030508 (0.177 -0.009333333333333334 0.0))
    (1.9534883720930234 (0.177 -0.009333333333333334 0.0))
    (1.954488622155539 (0.177 -0.009333333333333334 0.0))
    (1.9554888722180548 (0.177 -0.009333333333333334 0.0))
    (1.9564891222805703 (0.177 -0.009333333333333334 0.0))
    (1.957489372343086 (0.177 -0.009333333333333334 0.0))
    (1.9584896224056016 (0.177 -0.009333333333333334 0.0))
    (1.9594898724681173 (0.177 -0.009333333333333334 0.0))
    (1.9604901225306328 (0.177 -0.009333333333333334 0.0))
    (1.9614903725931485 (0.177 -0.009333333333333334 0.0))
    (1.9624906226556642 (0.177 -0.009333333333333334 0.0))
    (1.9634908727181797 (0.177 -0.009333333333333334 0.0))
    (1.9644911227806954 (0.177 -0.009333333333333334 0.0))
    (1.965491372843211 (0.177 -0.009333333333333334 0.0))
    (1.9664916229057265 (0.177 -0.009333333333333334 0.0))
    (1.9674918729682422 (0.177 -0.009333333333333334 0.0))
    (1.968492123030758 (0.177 -0.009333333333333334 0.0))
    (1.9694923730932736 (0.177 -0.009333333333333334 0.0))
    (1.970492623155789 (0.177 -0.009333333333333334 0.0))
    (1.9714928732183048 (0.177 -0.009333333333333334 0.0))
    (1.9724931232808205 (0.177 -0.009333333333333334 0.0))
    (1.973493373343336 (0.177 -0.009333333333333334 0.0))
    (1.9744936234058517 (0.177 -0.009333333333333334 0.0))
    (1.9754938734683674 (0.177 -0.009333333333333334 0.0))
    (1.9764941235308828 (0.177 -0.009333333333333334 0.0))
    (1.9774943735933985 (0.177 -0.009333333333333334 0.0))
    (1.9784946236559142 (0.177 -0.009333333333333334 0.0))
    (1.97949487371843 (0.177 -0.009333333333333334 0.0))
    (1.9804951237809454 (0.177 -0.009333333333333334 0.0))
    (1.981495373843461 (0.177 -0.009333333333333334 0.0))
    (1.9824956239059768 (0.177 -0.009333333333333334 0.0))
    (1.9834958739684923 (0.177 -0.009333333333333334 0.0))
    (1.984496124031008 (0.177 -0.009333333333333334 0.0))
    (1.9854963740935236 (0.177 -0.009333333333333334 0.0))
    (1.9864966241560391 (0.177 -0.009333333333333334 0.0))
    (1.9874968742185548 (0.177 -0.009333333333333334 0.0))
    (1.9884971242810705 (0.177 -0.009333333333333334 0.0))
    (1.9894973743435862 (0.177 -0.009333333333333334 0.0))
    (1.9904976244061017 (0.177 -0.009333333333333334 0.0))
    (1.9914978744686174 (0.177 -0.009333333333333334 0.0))
    (1.992498124531133 (0.177 -0.009333333333333334 0.0))
    (1.9934983745936485 (0.177 -0.009333333333333334 0.0))
    (1.9944986246561642 (0.177 -0.009333333333333334 0.0))
    (1.99549887471868 (0.177 -0.009333333333333334 0.0))
    (1.9964991247811954 (0.177 -0.009333333333333334 0.0))
    (1.997499374843711 (0.177 -0.009333333333333334 0.0))
    (1.9984996249062268 (0.177 -0.009333333333333334 0.0))
    (1.9994998749687425 (0.177 -0.009333333333333334 0.0))
    (2.000500125031258 (0.177 -0.009333333333333334 0.0))
    (2.0015003750937734 (0.177 -0.009333333333333334 0.0))
    (2.0025006251562893 (0.177 -0.009333333333333334 0.0))
    (2.003500875218805 (0.177 -0.009333333333333334 0.0))
    (2.0045011252813207 (0.177 -0.009333333333333334 0.0))
    (2.005501375343836 (0.177 -0.009333333333333334 0.0))
    (2.0065016254063517 (0.177 -0.009333333333333334 0.0))
    (2.0075018754688676 (0.177 -0.009333333333333334 0.0))
    (2.008502125531383 (0.177 -0.009333333333333334 0.0))
    (2.0095023755938985 (0.177 -0.009333333333333334 0.0))
    (2.0105026256564145 (0.177 -0.009333333333333334 0.0))
    (2.01150287571893 (0.177 -0.009333333333333334 0.0))
    (2.0125031257814454 (0.177 -0.009333333333333334 0.0))
    (2.0135033758439613 (0.177 -0.009333333333333334 0.0))
    (2.014503625906477 (0.177 -0.009333333333333334 0.0))
    (2.0155038759689923 (0.177 -0.009333333333333334 0.0))
    (2.016504126031508 (0.177 -0.009333333333333334 0.0))
    (2.0175043760940237 (0.177 -0.009333333333333334 0.0))
    (2.018504626156539 (0.177 -0.009333333333333334 0.0))
    (2.019504876219055 (0.177 -0.009333333333333334 0.0))
    (2.0205051262815705 (0.177 -0.009333333333333334 0.0))
    (2.0215053763440864 (0.177 -0.009333333333333334 0.0))
    (2.022505626406602 (0.177 -0.009333333333333334 0.0))
    (2.0235058764691174 (0.177 -0.009333333333333334 0.0))
    (2.0245061265316333 (0.177 -0.009333333333333334 0.0))
    (2.025506376594149 (0.177 -0.009333333333333334 0.0))
    (2.0265066266566643 (0.177 -0.009333333333333334 0.0))
    (2.02750687671918 (0.177 -0.009333333333333334 0.0))
    (2.0285071267816956 (0.177 -0.009333333333333334 0.0))
    (2.029507376844211 (0.177 -0.009333333333333334 0.0))
    (2.030507626906727 (0.177 -0.009333333333333334 0.0))
    (2.0315078769692425 (0.177 -0.009333333333333334 0.0))
    (2.032508127031758 (0.177 -0.009333333333333334 0.0))
    (2.033508377094274 (0.177 -0.009333333333333334 0.0))
    (2.0345086271567894 (0.177 -0.009333333333333334 0.0))
    (2.035508877219305 (0.177 -0.009333333333333334 0.0))
    (2.0365091272818208 (0.177 -0.009333333333333334 0.0))
    (2.0375093773443362 (0.177 -0.009333333333333334 0.0))
    (2.0385096274068517 (0.177 -0.009333333333333334 0.0))
    (2.0395098774693676 (0.177 -0.009333333333333334 0.0))
    (2.040510127531883 (0.177 -0.009333333333333334 0.0))
    (2.041510377594399 (0.177 -0.009333333333333334 0.0))
    (2.0425106276569145 (0.177 -0.009333333333333334 0.0))
    (2.04351087771943 (0.177 -0.009333333333333334 0.0))
    (2.044511127781946 (0.177 -0.009333333333333334 0.0))
    (2.0455113778444614 (0.177 -0.009333333333333334 0.0))
    (2.046511627906977 (0.177 -0.009333333333333334 0.0))
    (2.0475118779694927 (0.177 -0.009333333333333334 0.0))
    (2.048512128032008 (0.177 -0.009333333333333334 0.0))
    (2.0495123780945237 (0.177 -0.009333333333333334 0.0))
    (2.0505126281570396 (0.177 -0.009333333333333334 0.0))
    (2.051512878219555 (0.177 -0.009333333333333334 0.0))
    (2.0525131282820706 (0.177 -0.009333333333333334 0.0))
    (2.0535133783445865 (0.177 -0.009379146852434165 0.0))
    (2.054513628407102 (0.177 -0.009448972041144275 0.0))
    (2.0555138784696174 (0.177 -0.009518784542424106 0.0))
    (2.0565141285321333 (0.177 -0.00958857669671691 0.0))
    (2.057514378594649 (0.177 -0.009658340846698261 0.0))
    (2.0585146286571647 (0.177 -0.009728069338116428 0.0))
    (2.05951487871968 (0.177 -0.00979775452063183 0.0))
    (2.0605151287821957 (0.177 -0.009867388748656641 0.0))
    (2.0615153788447116 (0.177 -0.009936964382193639 0.0))
    (2.062515628907227 (0.177 -0.010006473787674214 0.0))
    (2.0635158789697425 (0.177 -0.010075909338796119 0.0))
    (2.0645161290322585 (0.177 -0.010145263417360186 0.0))
    (2.065516379094774 (0.177 -0.010214528414105962 0.0))
    (2.0665166291572894 (0.177 -0.010283696729546796 0.0))
    (2.0675168792198053 (0.177 -0.010352760774803514 0.0))
    (2.068517129282321 (0.177 -0.010421712972437063 0.0))
    (2.0695173793448363 (0.177 -0.010490545757279873 0.0))
    (2.070517629407352 (0.177 -0.010559251577265885 0.0))
    (2.0715178794698677 (0.177 -0.010627822894259132 0.0))
    (2.072518129532383 (0.177 -0.010696252184880791 0.0))
    (2.073518379594899 (0.177 -0.010764531941334626 0.0))
    (2.0745186296574145 (0.177 -0.010832654672230702 0.0))
    (2.07551887971993 (0.177 -0.010900612903407325 0.0))
    (2.076519129782446 (0.177 -0.01096839917875107 0.0))
    (2.0775193798449614 (0.177 -0.01103600606101484 0.0))
    (2.0785196299074773 (0.177 -0.011103426132633872 0.0))
    (2.0795198799699928 (0.177 -0.01117065199653945 0.0))
    (2.0805201300325082 (0.177 -0.011237676276970716 0.0))
    (2.081520380095024 (0.177 -0.011304491620283692 0.0))
    (2.0825206301575396 (0.177 -0.01137109069575811 0.0))
    (2.083520880220055 (0.177 -0.0114374661964019 0.0))
    (2.084521130282571 (0.177 -0.011503610839752694 0.0))
    (2.0855213803450865 (0.177 -0.011569517368676816 0.0))
    (2.086521630407602 (0.177 -0.011635178552165719 0.0))
    (2.087521880470118 (0.177 -0.011700587186129135 0.0))
    (2.0885221305326334 (0.177 -0.01176573609418551 0.0))
    (2.089522380595149 (0.177 -0.011830618128449452 0.0))
    (2.0905226306576647 (0.177 -0.011895226170315989 0.0))
    (2.09152288072018 (0.177 -0.011959553131241401 0.0))
    (2.0925231307826957 (0.177 -0.012023591953521146 0.0))
    (2.0935233808452116 (0.177 -0.0120873356110642 0.0))
    (2.094523630907727 (0.177 -0.012150777110163737 0.0))
    (2.095523880970243 (0.177 -0.012213909490264673 0.0))
    (2.0965241310327585 (0.177 -0.012276725824727237 0.0))
    (2.097524381095274 (0.177 -0.012339219221586957 0.0))
    (2.09852463115779 (0.177 -0.012401382824310827 0.0))
    (2.0995248812203053 (0.177 -0.012463209812549569 0.0))
    (2.100525131282821 (0.177 -0.012524693402885942 0.0))
    (2.1015253813453367 (0.177 -0.012585826849578992 0.0))
    (2.102525631407852 (0.177 -0.012646603445304164 0.0))
    (2.1035258814703677 (0.177 -0.01270701652188921 0.0))
    (2.1045261315328836 (0.177 -0.012767059451045788 0.0))
    (2.105526381595399 (0.177 -0.012826725645096697 0.0))
    (2.1065266316579145 (0.177 -0.01288600855769865 0.0))
    (2.1075268817204305 (0.177 -0.012944901684560532 0.0))
    (2.108527131782946 (0.177 -0.013003398564156929 0.0))
    (2.1095273818454614 (0.177 -0.013061492778437258 0.0))
    (2.1105276319079773 (0.177 -0.013119177953529753 0.0))
    (2.111527881970493 (0.177 -0.01317644776044078 0.0))
    (2.1125281320330083 (0.177 -0.01323329591574941 0.0))
    (2.113528382095524 (0.177 -0.01328971618229663 0.0))
    (2.1145286321580397 (0.177 -0.013345702369869667 0.0))
    (2.1155288822205556 (0.177 -0.013401248335881341 0.0))
    (2.116529132283071 (0.177 -0.01345634798604374 0.0))
    (2.1175293823455865 (0.177 -0.013510995275037053 0.0))
    (2.1185296324081024 (0.177 -0.013565184207172839 0.0))
    (2.119529882470618 (0.177 -0.013618908837051675 0.0))
    (2.1205301325331334 (0.177 -0.013672163270215643 0.0))
    (2.1215303825956493 (0.177 -0.013724941663795032 0.0))
    (2.1225306326581648 (0.177 -0.013777238227149245 0.0))
    (2.1235308827206802 (0.177 -0.013829047222502276 0.0))
    (2.124531132783196 (0.177 -0.013880362965572244 0.0))
    (2.1255313828457116 (0.177 -0.01393117982619489 0.0))
    (2.126531632908227 (0.177 -0.01398149222894145 0.0))
    (2.127531882970743 (0.177 -0.014031294653730377 0.0))
    (2.1285321330332585 (0.177 -0.01408058163643282 0.0))
    (2.129532383095774 (0.177 -0.014129347769472285 0.0))
    (2.13053263315829 (0.177 -0.014177587702417936 0.0))
    (2.1315328832208054 (0.177 -0.014225296142571467 0.0))
    (2.132533133283321 (0.177 -0.014272467855547945 0.0))
    (2.1335333833458368 (0.177 -0.014319097665850117 0.0))
    (2.1345336334083522 (0.177 -0.014365180457436086 0.0))
    (2.135533883470868 (0.177 -0.014410711174280803 0.0))
    (2.1365341335333836 (0.177 -0.014455684820930648 0.0))
    (2.137534383595899 (0.177 -0.014500096463051667 0.0))
    (2.138534633658415 (0.177 -0.014543941227970817 0.0))
    (2.1395348837209305 (0.177 -0.014587214305210578 0.0))
    (2.140535133783446 (0.177 -0.014629910947016878 0.0))
    (2.141535383845962 (0.177 -0.014672026468879846 0.0))
    (2.1425356339084773 (0.177 -0.01471355625004781 0.0))
    (2.143535883970993 (0.177 -0.014754495734034367 0.0))
    (2.1445361340335087 (0.177 -0.014794840429118196 0.0))
    (2.145536384096024 (0.177 -0.014834585908835858 0.0))
    (2.1465366341585397 (0.177 -0.014873727812467586 0.0))
    (2.1475368842210556 (0.177 -0.014912261845515595 0.0))
    (2.148537134283571 (0.177 -0.014950183780175267 0.0))
    (2.1495373843460865 (0.177 -0.014987489455799117 0.0))
    (2.1505376344086025 (0.177 -0.015024174779353177 0.0))
    (2.151537884471118 (0.177 -0.015060235725866056 0.0))
    (2.152538134533634 (0.177 -0.015095668338870681 0.0))
    (2.1535383845961493 (0.177 -0.015130468730838207 0.0))
    (2.154538634658665 (0.177 -0.015164633083604665 0.0))
    (2.1555388847211807 (0.177 -0.015198157648789873 0.0))
    (2.156539134783696 (0.177 -0.015231038748208588 0.0))
    (2.1575393848462117 (0.177 -0.015263272774274174 0.0))
    (2.1585396349087276 (0.177 -0.015294856190394404 0.0))
    (2.159539884971243 (0.177 -0.015325785531359378 0.0))
    (2.1605401350337585 (0.177 -0.015356057403721826 0.0))
    (2.1615403850962744 (0.177 -0.015385668486169405 0.0))
    (2.16254063515879 (0.177 -0.015414615529889021 0.0))
    (2.1635408852213054 (0.177 -0.015442895358923358 0.0))
    (2.1645411352838213 (0.177 -0.01547050487051934 0.0))
    (2.1655413853463368 (0.177 -0.015497441035468462 0.0))
    (2.1665416354088523 (0.177 -0.015523700898439224 0.0))
    (2.167541885471368 (0.177 -0.015549281578301386 0.0))
    (2.1685421355338836 (0.177 -0.015574180268441987 0.0))
    (2.169542385596399 (0.177 -0.015598394237073362 0.0))
    (2.170542635658915 (0.177 -0.015621920827532856 0.0))
    (2.1715428857214305 (0.177 -0.015644757458574226 0.0))
    (2.1725431357839464 (0.177 -0.015666901624650946 0.0))
    (2.173543385846462 (0.177 -0.01568835089619102 0.0))
    (2.1745436359089774 (0.177 -0.015709102919863625 0.0))
    (2.1755438859714933 (0.177 -0.015729155418837244 0.0))
    (2.1765441360340088 (0.177 -0.01574850619302949 0.0))
    (2.1775443860965242 (0.177 -0.015767153119348516 0.0))
    (2.17854463615904 (0.177 -0.015785094151925923 0.0))
    (2.1795448862215556 (0.177 -0.015802327322341218 0.0))
    (2.180545136284071 (0.177 -0.015818850739837832 0.0))
    (2.181545386346587 (0.177 -0.01583466259153051 0.0))
    (2.1825456364091025 (0.177 -0.015849761142604227 0.0))
    (2.183545886471618 (0.177 -0.015864144736504562 0.0))
    (2.184546136534134 (0.177 -0.0158778117951194 0.0))
    (2.1855463865966493 (0.177 -0.015890760818952094 0.0))
    (2.186546636659165 (0.177 -0.015902990387286004 0.0))
    (2.1875468867216807 (0.177 -0.015914499158340353 0.0))
    (2.188547136784196 (0.177 -0.015925285869417417 0.0))
    (2.189547386846712 (0.177 -0.01593534933704114 0.0))
    (2.1905476369092276 (0.177 -0.015944688457086884 0.0))
    (2.191547886971743 (0.177 -0.01595330220490264 0.0))
    (2.192548137034259 (0.177 -0.01596118963542143 0.0))
    (2.1935483870967745 (0.177 -0.015968349883264975 0.0))
    (2.19454863715929 (0.177 -0.01597478216283867 0.0))
    (2.195548887221806 (0.177 -0.015980485768417756 0.0))
    (2.1965491372843213 (0.177 -0.015985460074224765 0.0))
    (2.197549387346837 (0.177 -0.01598970453449816 0.0))
    (2.1985496374093527 (0.177 -0.015993218683552236 0.0))
    (2.199549887471868 (0.177 -0.01599600213582819 0.0))
    (2.2005501375343837 (0.177 -0.015998054585936443 0.0))
    (2.2015503875968996 (0.177 -0.015999375808690132 0.0))
    (2.202550637659415 (0.177 -0.015999965659129818 0.0))
    (2.2035508877219305 (0.177 -0.015999824072539408 0.0))
    (2.2045511377844464 (0.177 -0.01599895106445323 0.0))
    (2.205551387846962 (0.177 -0.015997346730654338 0.0))
    (2.2065516379094774 (0.177 -0.01599501124716402 0.0))
    (2.2075518879719933 (0.177 -0.015991944870222454 0.0))
    (2.208552138034509 (0.177 -0.015988147936260626 0.0))
    (2.2095523880970247 (0.177 -0.015983620861863397 0.0))
    (2.21055263815954 (0.177 -0.0159783641437238 0.0))
    (2.2115528882220556 (0.177 -0.01597237835858855 0.0))
    (2.2125531382845716 (0.177 -0.015965664163194768 0.0))
    (2.213553388347087 (0.177 -0.015958222294197924 0.0))
    (2.2145536384096025 (0.177 -0.015950053568090997 0.0))
    (2.2155538884721184 (0.177 -0.01594115888111492 0.0))
    (2.216554138534634 (0.177 -0.01593153920916025 0.0))
    (2.2175543885971494 (0.177 -0.015921195607660046 0.0))
    (2.2185546386596653 (0.177 -0.015910129211474135 0.0))
    (2.2195548887221808 (0.177 -0.015898341234764572 0.0))
    (2.2205551387846962 (0.177 -0.01588583297086241 0.0))
    (2.221555388847212 (0.177 -0.015872605792125828 0.0))
    (2.2225556389097276 (0.177 -0.01585866114978957 0.0))
    (2.223555888972243 (0.177 -0.01584400057380566 0.0))
    (2.224556139034759 (0.177 -0.015828625672675616 0.0))
    (2.2255563890972745 (0.177 -0.015812538133273938 0.0))
    (2.22655663915979 (0.177 -0.015795739720663015 0.0))
    (2.227556889222306 (0.177 -0.01577823227789949 0.0))
    (2.2285571392848214 (0.177 -0.01576001772583207 0.0))
    (2.2295573893473373 (0.177 -0.0157410980628907 0.0))
    (2.2305576394098527 (0.177 -0.015721475364867413 0.0))
    (2.231557889472368 (0.177 -0.01570115178468848 0.0))
    (2.232558139534884 (0.177 -0.015680129552178245 0.0))
    (2.2335583895973996 (0.177 -0.015658410973814506 0.0))
    (2.234558639659915 (0.177 -0.0156359984324754 0.0))
    (2.235558889722431 (0.177 -0.015612894387177983 0.0))
    (2.2365591397849465 (0.177 -0.015589101372808467 0.0))
    (2.237559389847462 (0.177 -0.01556462199984407 0.0))
    (2.238559639909978 (0.177 -0.015539458954066578 0.0))
    (2.2395598899724933 (0.177 -0.015513614996267758 0.0))
    (2.240560140035009 (0.177 -0.015487092961946381 0.0))
    (2.2415603900975247 (0.177 -0.015459895760997109 0.0))
    (2.24256064016004 (0.177 -0.015432026377391321 0.0))
    (2.2435608902225557 (0.177 -0.015403487868849642 0.0))
    (2.2445611402850716 (0.177 -0.015374283366506482 0.0))
    (2.245561390347587 (0.177 -0.015344416074566521 0.0))
    (2.246561640410103 (0.177 -0.015313889269953123 0.0))
    (2.2475618904726185 (0.177 -0.015282706301948869 0.0))
    (2.248562140535134 (0.177 -0.015250870591827975 0.0))
    (2.24956239059765 (0.177 -0.015218385632481027 0.0))
    (2.2505626406601653 (0.177 -0.015185254988031738 0.0))
    (2.251562890722681 (0.177 -0.015151482293445833 0.0))
    (2.2525631407851967 (0.177 -0.015117071254132308 0.0))
    (2.253563390847712 (0.177 -0.015082025645536897 0.0))
    (2.2545636409102277 (0.177 -0.015046349312727773 0.0))
    (2.2555638909727436 (0.177 -0.015010046169973725 0.0))
    (2.256564141035259 (0.177 -0.014973120200314743 0.0))
    (2.2575643910977745 (0.177 -0.014935575455124899 0.0))
    (2.2585646411602904 (0.177 -0.014897416053667949 0.0))
    (2.259564891222806 (0.177 -0.014858646182645385 0.0))
    (2.2605651412853214 (0.177 -0.01481927009573698 0.0))
    (2.2615653913478373 (0.177 -0.0147792921131342 0.0))
    (2.2625656414103528 (0.177 -0.014738716621066203 0.0))
    (2.2635658914728682 (0.177 -0.014697548071318496 0.0))
    (2.264566141535384 (0.177 -0.014655790980744609 0.0))
    (2.2655663915978996 (0.177 -0.01461344993077053 0.0))
    (2.2665666416604155 (0.177 -0.01457052956689191 0.0))
    (2.267566891722931 (0.177 -0.014527034598164571 0.0))
    (2.2685671417854465 (0.177 -0.014482969796687707 0.0))
    (2.2695673918479624 (0.177 -0.014438339997080307 0.0))
    (2.270567641910478 (0.177 -0.01439315009595085 0.0))
    (2.2715678919729934 (0.177 -0.014347405051359938 0.0))
    (2.2725681420355093 (0.177 -0.01430110988227631 0.0))
    (2.2735683920980247 (0.177 -0.014254269668026325 0.0))
    (2.27456864216054 (0.177 -0.014206889547736534 0.0))
    (2.275568892223056 (0.177 -0.01415897471976984 0.0))
    (2.2765691422855716 (0.177 -0.014110530441155289 0.0))
    (2.277569392348087 (0.177 -0.014061562027011153 0.0))
    (2.278569642410603 (0.177 -0.014012074849961767 0.0))
    (2.2795698924731185 (0.177 -0.01396207433954822 0.0))
    (2.280570142535634 (0.177 -0.013911565981632502 0.0))
    (2.28157039259815 (0.177 -0.013860555317795595 0.0))
    (2.2825706426606653 (0.177 -0.013809047944729657 0.0))
    (2.2835708927231813 (0.177 -0.013757049513623755 0.0))
    (2.2845711427856967 (0.177 -0.013704565729544033 0.0))
    (2.285571392848212 (0.177 -0.013651602350807576 0.0))
    (2.286571642910728 (0.177 -0.013598165188350782 0.0))
    (2.2875718929732436 (0.177 -0.013544260105091816 0.0))
    (2.288572143035759 (0.177 -0.013489893015287191 0.0))
    (2.289572393098275 (0.177 -0.013435069883883037 0.0))
    (2.2905726431607905 (0.177 -0.013379796725860656 0.0))
    (2.291572893223306 (0.177 -0.013324079605576414 0.0))
    (2.292573143285822 (0.177 -0.013267924636096547 0.0))
    (2.2935733933483373 (0.177 -0.013211337978526463 0.0))
    (2.294573643410853 (0.177 -0.013154325841334599 0.0))
    (2.2955738934733687 (0.177 -0.013096894479671424 0.0))
    (2.296574143535884 (0.177 -0.013039050194683145 0.0))
    (2.2975743935983997 (0.177 -0.012980799332820194 0.0))
    (2.2985746436609156 (0.177 -0.012922148285141108 0.0))
    (2.299574893723431 (0.177 -0.012863103486611311 0.0))
    (2.3005751437859465 (0.177 -0.012803671415396924 0.0))
    (2.3015753938484624 (0.177 -0.012743858592154184 0.0))
    (2.302575643910978 (0.177 -0.012683671579314028 0.0))
    (2.303575893973494 (0.177 -0.012623116980361873 0.0))
    (2.3045761440360093 (0.177 -0.012562201439113413 0.0))
    (2.3055763940985248 (0.177 -0.012500931638985458 0.0))
    (2.3065766441610407 (0.177 -0.01243931430226267 0.0))
    (2.307576894223556 (0.177 -0.0123773561893602 0.0))
    (2.3085771442860716 (0.177 -0.01231506409808178 0.0))
    (2.3095773943485876 (0.177 -0.012252444862873886 0.0))
    (2.310577644411103 (0.177 -0.01218950535407609 0.0))
    (2.3115778944736185 (0.177 -0.012126252477167069 0.0))
    (2.3125781445361344 (0.177 -0.01206269317200697 0.0))
    (2.31357839459865 (0.177 -0.011998834412076193 0.0))
    (2.3145786446611654 (0.177 -0.011934683203710082 0.0))
    (2.3155788947236813 (0.177 -0.011870246585330226 0.0))
    (2.3165791447861968 (0.177 -0.011805531626672429 0.0))
    (2.3175793948487122 (0.177 -0.011740545428010833 0.0))
    (2.318579644911228 (0.177 -0.011675295119378927 0.0))
    (2.3195798949737436 (0.177 -0.011609787859787446 0.0))
    (2.320580145036259 (0.177 -0.011544030836438724 0.0))
    (2.321580395098775 (0.177 -0.011478031263938137 0.0))
    (2.3225806451612905 (0.177 -0.011411796383502745 0.0))
    (2.3235808952238064 (0.177 -0.011345333462166575 0.0))
    (2.324581145286322 (0.177 -0.011278649791983526 0.0))
    (2.3255813953488373 (0.177 -0.011211752689227066 0.0))
    (2.3265816454113533 (0.177 -0.01114464949358773 0.0))
    (2.3275818954738687 (0.177 -0.011077347567367824 0.0))
    (2.328582145536384 (0.177 -0.01100985429467348 0.0))
    (2.3295823955989 (0.177 -0.010942177080604675 0.0))
    (2.3305826456614156 (0.177 -0.010874323350442798 0.0))
    (2.331582895723931 (0.177 -0.010806300548835761 0.0))
    (2.332583145786447 (0.177 -0.010738116138981405 0.0))
    (2.3335833958489625 (0.177 -0.01066977760180867 0.0))
    (2.334583645911478 (0.177 -0.01060129243515661 0.0))
    (2.335583895973994 (0.177 -0.010532668152951966 0.0))
    (2.3365841460365093 (0.177 -0.010463912284384765 0.0))
    (2.337584396099025 (0.177 -0.010395032373082043 0.0))
    (2.3385846461615407 (0.177 -0.010326035976280392 0.0))
    (2.339584896224056 (0.177 -0.010256930663996812 0.0))
    (2.340585146286572 (0.177 -0.01018772401819792 0.0))
    (2.3415853963490876 (0.177 -0.010118423631968418 0.0))
    (2.342585646411603 (0.177 -0.010049037108677779 0.0))
    (2.343585896474119 (0.177 -0.009979572061146023 0.0))
    (2.3445861465366344 (0.177 -0.00991003611080869 0.0))
    (2.34558639659915 (0.177 -0.00984043688688043 0.0))
    (2.346586646661666 (0.177 -0.009770782025517951 0.0))
    (2.3475868967241813 (0.177 -0.009701079168982434 0.0))
    (2.3485871467866968 (0.177 -0.009631335964800824 0.0))
    (2.3495873968492127 (0.177 -0.009561560064926788 0.0))
    (2.350587646911728 (0.177 -0.00949175912490138 0.0))
    (2.3515878969742436 (0.177 -0.009421940803012889 0.0))
    (2.3525881470367596 (0.177 -0.009352112759456601 0.0))
    (2.353588397099275 (0.177 -0.009333333333333334 0.0))
    (2.3545886471617905 (0.177 -0.009333333333333334 0.0))
    (2.3555888972243064 (0.177 -0.009333333333333334 0.0))
    (2.356589147286822 (0.177 -0.009333333333333334 0.0))
    (2.3575893973493374 (0.177 -0.009333333333333334 0.0))
    (2.3585896474118533 (0.177 -0.009333333333333334 0.0))
    (2.3595898974743688 (0.177 -0.009333333333333334 0.0))
    (2.3605901475368847 (0.177 -0.009333333333333334 0.0))
    (2.3615903975994 (0.177 -0.009333333333333334 0.0))
    (2.3625906476619156 (0.177 -0.009333333333333334 0.0))
    (2.3635908977244315 (0.177 -0.009333333333333334 0.0))
    (2.364591147786947 (0.177 -0.009333333333333334 0.0))
    (2.3655913978494625 (0.177 -0.009333333333333334 0.0))
    (2.3665916479119784 (0.177 -0.009333333333333334 0.0))
    (2.367591897974494 (0.177 -0.009333333333333334 0.0))
    (2.3685921480370093 (0.177 -0.009333333333333334 0.0))
    (2.3695923980995253 (0.177 -0.009333333333333334 0.0))
    (2.3705926481620407 (0.177 -0.009333333333333334 0.0))
    (2.371592898224556 (0.177 -0.009333333333333334 0.0))
    (2.372593148287072 (0.177 -0.009333333333333334 0.0))
    (2.3735933983495876 (0.177 -0.009333333333333334 0.0))
    (2.374593648412103 (0.177 -0.009333333333333334 0.0))
    (2.375593898474619 (0.177 -0.009333333333333334 0.0))
    (2.3765941485371345 (0.177 -0.009333333333333334 0.0))
    (2.3775943985996504 (0.177 -0.009333333333333334 0.0))
    (2.378594648662166 (0.177 -0.009333333333333334 0.0))
    (2.3795948987246813 (0.177 -0.009333333333333334 0.0))
    (2.3805951487871972 (0.177 -0.009333333333333334 0.0))
    (2.3815953988497127 (0.177 -0.009333333333333334 0.0))
    (2.382595648912228 (0.177 -0.009333333333333334 0.0))
    (2.383595898974744 (0.177 -0.009333333333333334 0.0))
    (2.3845961490372596 (0.177 -0.009333333333333334 0.0))
    (2.385596399099775 (0.177 -0.009333333333333334 0.0))
    (2.386596649162291 (0.177 -0.009333333333333334 0.0))
    (2.3875968992248064 (0.177 -0.009333333333333334 0.0))
    (2.388597149287322 (0.177 -0.009333333333333334 0.0))
    (2.389597399349838 (0.177 -0.009333333333333334 0.0))
    (2.3905976494123533 (0.177 -0.009333333333333334 0.0))
    (2.391597899474869 (0.177 -0.009333333333333334 0.0))
    (2.3925981495373847 (0.177 -0.009333333333333334 0.0))
    (2.3935983995999 (0.177 -0.009333333333333334 0.0))
    (2.3945986496624156 (0.177 -0.009333333333333334 0.0))
    (2.3955988997249316 (0.177 -0.009333333333333334 0.0))
    (2.396599149787447 (0.177 -0.009333333333333334 0.0))
    (2.397599399849963 (0.177 -0.009333333333333334 0.0))
    (2.3985996499124784 (0.177 -0.009333333333333334 0.0))
    (2.399599899974994 (0.177 -0.009333333333333334 0.0))
    (2.40060015003751 (0.177 -0.009333333333333334 0.0))
    (2.4016004001000253 (0.177 -0.009333333333333334 0.0))
    (2.4026006501625408 (0.177 -0.009333333333333334 0.0))
    (2.4036009002250567 (0.177 -0.009333333333333334 0.0))
    (2.404601150287572 (0.177 -0.009333333333333334 0.0))
    (2.4056014003500876 (0.177 -0.009333333333333334 0.0))
    (2.4066016504126035 (0.177 -0.009333333333333334 0.0))
    (2.407601900475119 (0.177 -0.009333333333333334 0.0))
    (2.4086021505376345 (0.177 -0.009333333333333334 0.0))
    (2.4096024006001504 (0.177 -0.009333333333333334 0.0))
    (2.410602650662666 (0.177 -0.009333333333333334 0.0))
    (2.4116029007251814 (0.177 -0.009333333333333334 0.0))
    (2.4126031507876973 (0.177 -0.009333333333333334 0.0))
    (2.4136034008502127 (0.177 -0.009333333333333334 0.0))
    (2.414603650912728 (0.177 -0.009333333333333334 0.0))
    (2.415603900975244 (0.177 -0.009333333333333334 0.0))
    (2.4166041510377596 (0.177 -0.009333333333333334 0.0))
    (2.4176044011002755 (0.177 -0.009333333333333334 0.0))
    (2.418604651162791 (0.177 -0.009333333333333334 0.0))
    (2.4196049012253065 (0.177 -0.009333333333333334 0.0))
    (2.4206051512878224 (0.177 -0.009333333333333334 0.0))
    (2.421605401350338 (0.177 -0.009333333333333334 0.0))
    (2.4226056514128533 (0.177 -0.009333333333333334 0.0))
    (2.4236059014753693 (0.177 -0.009333333333333334 0.0))
    (2.4246061515378847 (0.177 -0.009333333333333334 0.0))
    (2.4256064016004 (0.177 -0.009333333333333334 0.0))
    (2.426606651662916 (0.177 -0.009333333333333334 0.0))
    (2.4276069017254316 (0.177 -0.009333333333333334 0.0))
    (2.428607151787947 (0.177 -0.009333333333333334 0.0))
    (2.429607401850463 (0.177 -0.009333333333333334 0.0))
    (2.4306076519129785 (0.177 -0.009333333333333334 0.0))
    (2.431607901975494 (0.177 -0.009333333333333334 0.0))
    (2.43260815203801 (0.177 -0.009333333333333334 0.0))
    (2.4336084021005253 (0.177 -0.009333333333333334 0.0))
    (2.4346086521630412 (0.177 -0.009333333333333334 0.0))
    (2.4356089022255567 (0.177 -0.009333333333333334 0.0))
    (2.436609152288072 (0.177 -0.009333333333333334 0.0))
    (2.437609402350588 (0.177 -0.009333333333333334 0.0))
    (2.4386096524131036 (0.177 -0.009333333333333334 0.0))
    (2.439609902475619 (0.177 -0.009333333333333334 0.0))
    (2.440610152538135 (0.177 -0.009333333333333334 0.0))
    (2.4416104026006504 (0.177 -0.009333333333333334 0.0))
    (2.442610652663166 (0.177 -0.009333333333333334 0.0))
    (2.443610902725682 (0.177 -0.009333333333333334 0.0))
    (2.4446111527881973 (0.177 -0.009333333333333334 0.0))
    (2.4456114028507128 (0.177 -0.009333333333333334 0.0))
    (2.4466116529132287 (0.177 -0.009333333333333334 0.0))
    (2.447611902975744 (0.177 -0.009333333333333334 0.0))
    (2.4486121530382596 (0.177 -0.009333333333333334 0.0))
    (2.4496124031007755 (0.177 -0.009333333333333334 0.0))
    (2.450612653163291 (0.177 -0.009333333333333334 0.0))
    (2.4516129032258065 (0.177 -0.009333333333333334 0.0))
    (2.4526131532883224 (0.177 -0.009333333333333334 0.0))
    (2.453613403350838 (0.177 -0.009333333333333334 0.0))
    (2.454613653413354 (0.177 -0.009333333333333334 0.0))
    (2.4556139034758693 (0.177 -0.009333333333333334 0.0))
    (2.4566141535383847 (0.177 -0.009333333333333334 0.0))
    (2.4576144036009007 (0.177 -0.009333333333333334 0.0))
    (2.458614653663416 (0.177 -0.009333333333333334 0.0))
    (2.4596149037259316 (0.177 -0.009333333333333334 0.0))
    (2.4606151537884475 (0.177 -0.009333333333333334 0.0))
    (2.461615403850963 (0.177 -0.009333333333333334 0.0))
    (2.4626156539134785 (0.177 -0.009333333333333334 0.0))
    (2.4636159039759944 (0.177 -0.009333333333333334 0.0))
    (2.46461615403851 (0.177 -0.009333333333333334 0.0))
    (2.4656164041010253 (0.177 -0.009333333333333334 0.0))
    (2.4666166541635413 (0.177 -0.009333333333333334 0.0))
    (2.4676169042260567 (0.177 -0.009333333333333334 0.0))
    (2.468617154288572 (0.177 -0.009333333333333334 0.0))
    (2.469617404351088 (0.177 -0.009333333333333334 0.0))
    (2.4706176544136036 (0.177 -0.009333333333333334 0.0))
    (2.4716179044761195 (0.177 -0.009333333333333334 0.0))
    (2.472618154538635 (0.177 -0.009333333333333334 0.0))
    (2.4736184046011505 (0.177 -0.009333333333333334 0.0))
    (2.4746186546636664 (0.177 -0.009333333333333334 0.0))
    (2.475618904726182 (0.177 -0.009333333333333334 0.0))
    (2.4766191547886973 (0.177 -0.009333333333333334 0.0))
    (2.4776194048512132 (0.177 -0.009333333333333334 0.0))
    (2.4786196549137287 (0.177 -0.009333333333333334 0.0))
    (2.479619904976244 (0.177 -0.009333333333333334 0.0))
    (2.48062015503876 (0.177 -0.009333333333333334 0.0))
    (2.4816204051012756 (0.177 -0.009333333333333334 0.0))
    (2.482620655163791 (0.177 -0.009333333333333334 0.0))
    (2.483620905226307 (0.177 -0.009333333333333334 0.0))
    (2.4846211552888224 (0.177 -0.009333333333333334 0.0))
    (2.485621405351338 (0.177 -0.009333333333333334 0.0))
    (2.486621655413854 (0.177 -0.009333333333333334 0.0))
    (2.4876219054763693 (0.177 -0.009333333333333334 0.0))
    (2.4886221555388848 (0.177 -0.009333333333333334 0.0))
    (2.4896224056014007 (0.177 -0.009333333333333334 0.0))
    (2.490622655663916 (0.177 -0.009333333333333334 0.0))
    (2.491622905726432 (0.177 -0.009333333333333334 0.0))
    (2.4926231557889476 (0.177 -0.009333333333333334 0.0))
    (2.493623405851463 (0.177 -0.009333333333333334 0.0))
    (2.494623655913979 (0.177 -0.009333333333333334 0.0))
    (2.4956239059764944 (0.177 -0.009333333333333334 0.0))
    (2.49662415603901 (0.177 -0.009333333333333334 0.0))
    (2.497624406101526 (0.177 -0.009333333333333334 0.0))
    (2.4986246561640413 (0.177 -0.009333333333333334 0.0))
    (2.4996249062265568 (0.177 -0.009333333333333334 0.0))
    (2.5006251562890727 (0.177 -0.009333333333333334 0.0))
    (2.501625406351588 (0.177 -0.009333333333333334 0.0))
    (2.5026256564141036 (0.177 -0.009333333333333334 0.0))
    (2.5036259064766195 (0.177 -0.009333333333333334 0.0))
    (2.504626156539135 (0.177 -0.009333333333333334 0.0))
    (2.5056264066016505 (0.177 -0.009333333333333334 0.0))
    (2.5066266566641664 (0.177 -0.009333333333333334 0.0))
    (2.507626906726682 (0.177 -0.009333333333333334 0.0))
    (2.5086271567891973 (0.177 -0.009333333333333334 0.0))
    (2.5096274068517133 (0.177 -0.009333333333333334 0.0))
    (2.5106276569142287 (0.177 -0.009333333333333334 0.0))
    (2.5116279069767447 (0.177 -0.009333333333333334 0.0))
    (2.51262815703926 (0.177 -0.009333333333333334 0.0))
    (2.5136284071017756 (0.177 -0.009333333333333334 0.0))
    (2.5146286571642915 (0.177 -0.009333333333333334 0.0))
    (2.515628907226807 (0.177 -0.009333333333333334 0.0))
    (2.5166291572893225 (0.177 -0.009333333333333334 0.0))
    (2.5176294073518384 (0.177 -0.009333333333333334 0.0))
    (2.518629657414354 (0.177 -0.009333333333333334 0.0))
    (2.5196299074768693 (0.177 -0.009333333333333334 0.0))
    (2.5206301575393852 (0.177 -0.009333333333333334 0.0))
    (2.5216304076019007 (0.177 -0.009333333333333334 0.0))
    (2.522630657664416 (0.177 -0.009333333333333334 0.0))
    (2.523630907726932 (0.177 -0.009333333333333334 0.0))
    (2.5246311577894476 (0.177 -0.009333333333333334 0.0))
    (2.525631407851963 (0.177 -0.009333333333333334 0.0))
    (2.526631657914479 (0.177 -0.009333333333333334 0.0))
    (2.5276319079769944 (0.177 -0.009333333333333334 0.0))
    (2.5286321580395104 (0.177 -0.009333333333333334 0.0))
    (2.529632408102026 (0.177 -0.009333333333333334 0.0))
    (2.5306326581645413 (0.177 -0.009333333333333334 0.0))
    (2.531632908227057 (0.177 -0.009333333333333334 0.0))
    (2.5326331582895727 (0.177 -0.009333333333333334 0.0))
    (2.533633408352088 (0.177 -0.009333333333333334 0.0))
    (2.534633658414604 (0.177 -0.009333333333333334 0.0))
    (2.5356339084771196 (0.177 -0.009333333333333334 0.0))
    (2.536634158539635 (0.177 -0.009333333333333334 0.0))
    (2.537634408602151 (0.177 -0.009333333333333334 0.0))
    (2.5386346586646664 (0.177 -0.009333333333333334 0.0))
    (2.539634908727182 (0.177 -0.009333333333333334 0.0))
    (2.540635158789698 (0.177 -0.009333333333333334 0.0))
    (2.5416354088522133 (0.177 -0.009333333333333334 0.0))
    (2.5426356589147288 (0.177 -0.009333333333333334 0.0))
    (2.5436359089772447 (0.177 -0.009333333333333334 0.0))
    (2.54463615903976 (0.177 -0.009333333333333334 0.0))
    (2.5456364091022756 (0.177 -0.009333333333333334 0.0))
    (2.5466366591647915 (0.177 -0.009333333333333334 0.0))
    (2.547636909227307 (0.177 -0.009333333333333334 0.0))
    (2.548637159289823 (0.177 -0.009333333333333334 0.0))
    (2.5496374093523384 (0.177 -0.009333333333333334 0.0))
    (2.550637659414854 (0.177 -0.009333333333333334 0.0))
    (2.55163790947737 (0.177 -0.009333333333333334 0.0))
    (2.5526381595398853 (0.177 -0.009333333333333334 0.0))
    (2.5536384096024007 (0.177 -0.009333333333333334 0.0))
    (2.5546386596649167 (0.177 -0.009333333333333334 0.0))
    (2.555638909727432 (0.177 -0.009333333333333334 0.0))
    (2.5566391597899476 (0.177 -0.009333333333333334 0.0))
    (2.5576394098524635 (0.177 -0.009333333333333334 0.0))
    (2.558639659914979 (0.177 -0.009333333333333334 0.0))
    (2.5596399099774945 (0.177 -0.009333333333333334 0.0))
    (2.5606401600400104 (0.177 -0.009333333333333334 0.0))
    (2.561640410102526 (0.177 -0.009333333333333334 0.0))
    (2.5626406601650413 (0.177 -0.009333333333333334 0.0))
    (2.5636409102275572 (0.177 -0.009333333333333334 0.0))
    (2.5646411602900727 (0.177 -0.009333333333333334 0.0))
    (2.5656414103525886 (0.177 -0.009333333333333334 0.0))
    (2.566641660415104 (0.177 -0.009333333333333334 0.0))
    (2.5676419104776196 (0.177 -0.009333333333333334 0.0))
    (2.5686421605401355 (0.177 -0.009333333333333334 0.0))
    (2.569642410602651 (0.177 -0.009333333333333334 0.0))
    (2.5706426606651664 (0.177 -0.009333333333333334 0.0))
    (2.5716429107276824 (0.177 -0.009333333333333334 0.0))
    (2.572643160790198 (0.177 -0.009333333333333334 0.0))
    (2.5736434108527133 (0.177 -0.009333333333333334 0.0))
    (2.5746436609152292 (0.177 -0.009333333333333334 0.0))
    (2.5756439109777447 (0.177 -0.009333333333333334 0.0))
    (2.57664416104026 (0.177 -0.009333333333333334 0.0))
    (2.577644411102776 (0.177 -0.009333333333333334 0.0))
    (2.5786446611652916 (0.177 -0.009333333333333334 0.0))
    (2.579644911227807 (0.177 -0.009333333333333334 0.0))
    (2.580645161290323 (0.177 -0.009333333333333334 0.0))
    (2.5816454113528384 (0.177 -0.009333333333333334 0.0))
    (2.582645661415354 (0.177 -0.009333333333333334 0.0))
    (2.58364591147787 (0.177 -0.009333333333333334 0.0))
    (2.5846461615403853 (0.177 -0.009333333333333334 0.0))
    (2.585646411602901 (0.177 -0.009333333333333334 0.0))
    (2.5866466616654167 (0.177 -0.009333333333333334 0.0))
    (2.587646911727932 (0.177 -0.009333333333333334 0.0))
    (2.588647161790448 (0.177 -0.009333333333333334 0.0))
    (2.5896474118529635 (0.177 -0.009333333333333334 0.0))
    (2.590647661915479 (0.177 -0.009333333333333334 0.0))
    (2.591647911977995 (0.177 -0.009333333333333334 0.0))
    (2.5926481620405104 (0.177 -0.009333333333333334 0.0))
    (2.593648412103026 (0.177 -0.009333333333333334 0.0))
    (2.594648662165542 (0.177 -0.009333333333333334 0.0))
    (2.5956489122280573 (0.177 -0.009333333333333334 0.0))
    (2.5966491622905727 (0.177 -0.009333333333333334 0.0))
    (2.5976494123530887 (0.177 -0.009333333333333334 0.0))
    (2.598649662415604 (0.177 -0.009333333333333334 0.0))
    (2.5996499124781196 (0.177 -0.009333333333333334 0.0))
    (2.6006501625406355 (0.177 -0.009333333333333334 0.0))
    (2.601650412603151 (0.177 -0.009333333333333334 0.0))
    (2.6026506626656665 (0.177 -0.009333333333333334 0.0))
    (2.6036509127281824 (0.177 -0.009333333333333334 0.0))
    (2.604651162790698 (0.177 -0.009333333333333334 0.0))
    (2.6056514128532138 (0.177 -0.009333333333333334 0.0))
    (2.6066516629157293 (0.177 -0.009333333333333334 0.0))
    (2.6076519129782447 (0.177 -0.009333333333333334 0.0))
    (2.6086521630407606 (0.177 -0.009333333333333334 0.0))
    (2.609652413103276 (0.177 -0.009333333333333334 0.0))
    (2.6106526631657916 (0.177 -0.009333333333333334 0.0))
    (2.6116529132283075 (0.177 -0.009333333333333334 0.0))
    (2.612653163290823 (0.177 -0.009333333333333334 0.0))
    (2.6136534133533385 (0.177 -0.009333333333333334 0.0))
    (2.6146536634158544 (0.177 -0.009333333333333334 0.0))
    (2.61565391347837 (0.177 -0.009333333333333334 0.0))
    (2.6166541635408853 (0.177 -0.009333333333333334 0.0))
    (2.6176544136034012 (0.177 -0.009333333333333334 0.0))
    (2.6186546636659167 (0.177 -0.009333333333333334 0.0))
    (2.619654913728432 (0.177 -0.009333333333333334 0.0))
    (2.620655163790948 (0.177 -0.009333333333333334 0.0))
    (2.6216554138534636 (0.177 -0.009333333333333334 0.0))
    (2.6226556639159795 (0.177 -0.009333333333333334 0.0))
    (2.623655913978495 (0.177 -0.009333333333333334 0.0))
    (2.6246561640410104 (0.177 -0.009333333333333334 0.0))
    (2.6256564141035263 (0.177 -0.009333333333333334 0.0))
    (2.626656664166042 (0.177 -0.009333333333333334 0.0))
    (2.6276569142285573 (0.177 -0.009333333333333334 0.0))
    (2.628657164291073 (0.177 -0.009333333333333334 0.0))
    (2.6296574143535887 (0.177 -0.009333333333333334 0.0))
    (2.630657664416104 (0.177 -0.009333333333333334 0.0))
    (2.63165791447862 (0.177 -0.009333333333333334 0.0))
    (2.6326581645411355 (0.177 -0.009333333333333334 0.0))
    (2.633658414603651 (0.177 -0.009333333333333334 0.0))
    (2.634658664666167 (0.177 -0.009333333333333334 0.0))
    (2.6356589147286824 (0.177 -0.009333333333333334 0.0))
    (2.636659164791198 (0.177 -0.009333333333333334 0.0))
    (2.637659414853714 (0.177 -0.009333333333333334 0.0))
    (2.6386596649162293 (0.177 -0.009333333333333334 0.0))
    (2.6396599149787447 (0.177 -0.009333333333333334 0.0))
    (2.6406601650412607 (0.177 -0.009333333333333334 0.0))
    (2.641660415103776 (0.177 -0.009333333333333334 0.0))
    (2.642660665166292 (0.177 -0.009333333333333334 0.0))
    (2.6436609152288075 (0.177 -0.009333333333333334 0.0))
    (2.644661165291323 (0.177 -0.009333333333333334 0.0))
    (2.645661415353839 (0.177 -0.009333333333333334 0.0))
    (2.6466616654163544 (0.177 -0.009333333333333334 0.0))
    (2.64766191547887 (0.177 -0.009333333333333334 0.0))
    (2.648662165541386 (0.177 -0.009333333333333334 0.0))
    (2.6496624156039013 (0.177 -0.009333333333333334 0.0))
    (2.6506626656664167 (0.177 -0.009333333333333334 0.0))
    (2.6516629157289326 (0.177 -0.009333333333333334 0.0))
    (2.652663165791448 (0.177 -0.009333333333333334 0.0))
    (2.6536634158539636 (0.177 -0.009389621138403628 0.0))
    (2.6546636659164795 (0.177 -0.009459444912360207 0.0))
    (2.655663915978995 (0.177 -0.009529254849843665 0.0))
    (2.6566641660415105 (0.177 -0.009599043291578548 0.0))
    (2.6576644161040264 (0.177 -0.009668802580647898 0.0))
    (2.658664666166542 (0.177 -0.009738525063333139 0.0))
    (2.6596649162290578 (0.177 -0.009808203089954063 0.0))
    (2.6606651662915732 (0.177 -0.009877829015707891 0.0))
    (2.6616654163540887 (0.177 -0.00994739520150829 0.0))
    (2.6626656664166046 (0.177 -0.010016894014823297 0.0))
    (2.66366591647912 (0.177 -0.01008631783051272 0.0))
    (2.6646661665416356 (0.177 -0.010155659031664958 0.0))
    (2.6656664166041515 (0.177 -0.010224910010432488 0.0))
    (2.666666666666667 (0.177 -0.010294063168866566 0.0))
    (2.6676669167291824 (0.177 -0.010363110919751055 0.0))
    (2.6686671667916984 (0.177 -0.010432045687434654 0.0))
    (2.669667416854214 (0.177 -0.010500859908662074 0.0))
    (2.6706676669167293 (0.177 -0.010569546033404051 0.0))
    (2.671667916979245 (0.177 -0.010638096525685505 0.0))
    (2.6726681670417607 (0.177 -0.01070650386441235 0.0))
    (2.673668417104276 (0.177 -0.010774760544196894 0.0))
    (2.674668667166792 (0.177 -0.010842859076181087 0.0))
    (2.6756689172293076 (0.177 -0.010910791988858177 0.0))
    (2.676669167291823 (0.177 -0.010978551828892655 0.0))
    (2.677669417354339 (0.177 -0.0110461311619378 0.0))
    (2.6786696674168544 (0.177 -0.011113522573451357 0.0))
    (2.6796699174793703 (0.177 -0.01118071866950924 0.0))
    (2.680670167541886 (0.177 -0.011247712077616469 0.0))
    (2.6816704176044013 (0.177 -0.01131449544751626 0.0))
    (2.682670667666917 (0.177 -0.011381061451996476 0.0))
    (2.6836709177294327 (0.177 -0.011447402787693337 0.0))
    (2.684671167791948 (0.177 -0.011513512175892915 0.0))
    (2.685671417854464 (0.177 -0.011579382363329728 0.0))
    (2.6866716679169795 (0.177 -0.011645006122982346 0.0))
    (2.687671917979495 (0.177 -0.011710376254866497 0.0))
    (2.688672168042011 (0.177 -0.011775485586825037 0.0))
    (2.6896724181045264 (0.177 -0.01184032697531464 0.0))
    (2.690672668167042 (0.177 -0.011904893306189768 0.0))
    (2.691672918229558 (0.177 -0.011969177495483202 0.0))
    (2.6926731682920733 (0.177 -0.01203317249018307 0.0))
    (2.6936734183545887 (0.177 -0.012096871269006873 0.0))
    (2.6946736684171047 (0.177 -0.012160266843171837 0.0))
    (2.69567391847962 (0.177 -0.012223352257161495 0.0))
    (2.6966741685421356 (0.177 -0.012286120589489016 0.0))
    (2.6976744186046515 (0.177 -0.012348564953456603 0.0))
    (2.698674668667167 (0.177 -0.01241067849791088 0.0))
    (2.699674918729683 (0.177 -0.012472454407994816 0.0))
    (2.7006751687921984 (0.177 -0.0125338859058952 0.0))
    (2.701675418854714 (0.177 -0.012594966251586522 0.0))
    (2.7026756689172298 (0.177 -0.012655688743570261 0.0))
    (2.7036759189797452 (0.177 -0.012716046719610161 0.0))
    (2.7046761690422607 (0.177 -0.01277603355746336 0.0))
    (2.7056764191047766 (0.177 -0.012835642675606777 0.0))
    (2.706676669167292 (0.177 -0.012894867533959208 0.0))
    (2.7076769192298076 (0.177 -0.012953701634599071 0.0))
    (2.7086771692923235 (0.177 -0.013012138522477137 0.0))
    (2.709677419354839 (0.177 -0.013070171786124763 0.0))
    (2.7106776694173544 (0.177 -0.013127795058357507 0.0))
    (2.7116779194798704 (0.177 -0.01318500201697354 0.0))
    (2.712678169542386 (0.177 -0.013241786385447282 0.0))
    (2.7136784196049013 (0.177 -0.013298141933618226 0.0))
    (2.714678669667417 (0.177 -0.013354062478374304 0.0))
    (2.7156789197299327 (0.177 -0.013409541884330276 0.0))
    (2.7166791697924486 (0.177 -0.013464574064501078 0.0))
    (2.717679419854964 (0.177 -0.013519152980969385 0.0))
    (2.7186796699174796 (0.177 -0.013573272645548265 0.0))
    (2.7196799199799955 (0.177 -0.01362692712043818 0.0))
    (2.720680170042511 (0.177 -0.013680110518878288 0.0))
    (2.7216804201050264 (0.177 -0.013732817005792479 0.0))
    (2.7226806701675423 (0.177 -0.013785040798429581 0.0))
    (2.723680920230058 (0.177 -0.013836776166997656 0.0))
    (2.7246811702925733 (0.177 -0.013888017435292816 0.0))
    (2.725681420355089 (0.177 -0.013938758981321991 0.0))
    (2.7266816704176047 (0.177 -0.01398899523791959 0.0))
    (2.72768192048012 (0.177 -0.01403872069335847 0.0))
    (2.728682170542636 (0.177 -0.014087929891954667 0.0))
    (2.7296824206051515 (0.177 -0.014136617434665806 0.0))
    (2.730682670667667 (0.177 -0.014184777979683622 0.0))
    (2.731682920730183 (0.177 -0.014232406243020045 0.0))
    (2.7326831707926984 (0.177 -0.014279496999086786 0.0))
    (2.733683420855214 (0.177 -0.014326045081268819 0.0))
    (2.73468367091773 (0.177 -0.014372045382491233 0.0))
    (2.7356839209802453 (0.177 -0.014417492855779427 0.0))
    (2.736684171042761 (0.177 -0.014462382514813014 0.0))
    (2.7376844211052767 (0.177 -0.014506709434472746 0.0))
    (2.738684671167792 (0.177 -0.014550468751381046 0.0))
    (2.739684921230308 (0.177 -0.014593655664435464 0.0))
    (2.7406851712928235 (0.177 -0.014636265435335433 0.0))
    (2.741685421355339 (0.177 -0.014678293389102273 0.0))
    (2.742685671417855 (0.177 -0.01471973491459198 0.0))
    (2.7436859214803704 (0.177 -0.014760585465001141 0.0))
    (2.744686171542886 (0.177 -0.014800840558365922 0.0))
    (2.7456864216054018 (0.177 -0.014840495778053677 0.0))
    (2.7466866716679172 (0.177 -0.014879546773247541 0.0))
    (2.7476869217304327 (0.177 -0.01491798925942389 0.0))
    (2.7486871717929486 (0.177 -0.014955819018822309 0.0))
    (2.749687421855464 (0.177 -0.014993031900908352 0.0))
    (2.7506876719179796 (0.177 -0.01502962382282903 0.0))
    (2.7516879219804955 (0.177 -0.01506559076986066 0.0))
    (2.752688172043011 (0.177 -0.01510092879584934 0.0))
    (2.753688422105527 (0.177 -0.01513563402364403 0.0))
    (2.7546886721680424 (0.177 -0.015169702645521768 0.0))
    (2.755688922230558 (0.177 -0.01520313092360557 0.0))
    (2.7566891722930738 (0.177 -0.015235915190274476 0.0))
    (2.7576894223555892 (0.177 -0.015268051848565964 0.0))
    (2.7586896724181047 (0.177 -0.015299537372570584 0.0))
    (2.7596899224806206 (0.177 -0.01533036830781882 0.0))
    (2.760690172543136 (0.177 -0.015360541271660085 0.0))
    (2.7616904226056516 (0.177 -0.015390052953633871 0.0))
    (2.7626906726681675 (0.177 -0.015418900115832947 0.0))
    (2.763690922730683 (0.177 -0.015447079593258608 0.0))
    (2.7646911727931984 (0.177 -0.015474588294167943 0.0))
    (2.7656914228557143 (0.177 -0.015501423200413027 0.0))
    (2.76669167291823 (0.177 -0.015527581367772075 0.0))
    (2.7676919229807453 (0.177 -0.015553059926272468 0.0))
    (2.768692173043261 (0.177 -0.015577856080505631 0.0))
    (2.7696924231057767 (0.177 -0.01560196710993374 0.0))
    (2.770692673168292 (0.177 -0.015625390369188204 0.0))
    (2.771692923230808 (0.177 -0.015648123288359905 0.0))
    (2.7726931732933235 (0.177 -0.015670163373281167 0.0))
    (2.7736934233558395 (0.177 -0.015691508205799398 0.0))
    (2.774693673418355 (0.177 -0.015712155444042385 0.0))
    (2.7756939234808704 (0.177 -0.015732102822675276 0.0))
    (2.7766941735433863 (0.177 -0.015751348153149096 0.0))
    (2.777694423605902 (0.177 -0.015769889323940852 0.0))
    (2.7786946736684173 (0.177 -0.015787724300785226 0.0))
    (2.779694923730933 (0.177 -0.015804851126897786 0.0))
    (2.7806951737934487 (0.177 -0.015821267923189608 0.0))
    (2.781695423855964 (0.177 -0.015836972888473508 0.0))
    (2.78269567391848 (0.177 -0.01585196429966165 0.0))
    (2.7836959239809955 (0.177 -0.015866240511954552 0.0))
    (2.784696174043511 (0.177 -0.015879799959021605 0.0))
    (2.785696424106027 (0.177 -0.015892641153172897 0.0))
    (2.7866966741685424 (0.177 -0.015904762685522426 0.0))
    (2.787696924231058 (0.177 -0.0159161632261427 0.0))
    (2.7886971742935738 (0.177 -0.015926841524210644 0.0))
    (2.7896974243560893 (0.177 -0.015936796408144827 0.0))
    (2.7906976744186047 (0.177 -0.015946026785734004 0.0))
    (2.7916979244811206 (0.177 -0.01595453164425698 0.0))
    (2.792698174543636 (0.177 -0.01596231005059366 0.0))
    (2.793698424606152 (0.177 -0.015969361151327497 0.0))
    (2.7946986746686675 (0.177 -0.015975684172839073 0.0))
    (2.795698924731183 (0.177 -0.015981278421391007 0.0))
    (2.796699174793699 (0.177 -0.015986143283204052 0.0))
    (2.7976994248562144 (0.177 -0.015990278224524448 0.0))
    (2.79869967491873 (0.177 -0.01599368279168248 0.0))
    (2.7996999249812458 (0.177 -0.015996356611142244 0.0))
    (2.8007001750437612 (0.177 -0.015998299389542652 0.0))
    (2.8017004251062767 (0.177 -0.015999510913729593 0.0))
    (2.8027006751687926 (0.177 -0.015999991050779337 0.0))
    (2.803700925231308 (0.177 -0.015999739748013105 0.0))
    (2.8047011752938236 (0.177 -0.015998757033002867 0.0))
    (2.8057014253563395 (0.177 -0.015997043013568295 0.0))
    (2.806701675418855 (0.177 -0.015994597877764954 0.0))
    (2.8077019254813704 (0.177 -0.015991421893863655 0.0))
    (2.8087021755438863 (0.177 -0.015987515410321028 0.0))
    (2.809702425606402 (0.177 -0.01598287885574129 0.0))
    (2.8107026756689177 (0.177 -0.015977512738829216 0.0))
    (2.811702925731433 (0.177 -0.015971417648334336 0.0))
    (2.8127031757939487 (0.177 -0.015964594252986325 0.0))
    (2.8137034258564646 (0.177 -0.01595704330142164 0.0))
    (2.81470367591898 (0.177 -0.01594876562210139 0.0))
    (2.8157039259814955 (0.177 -0.015939762123220437 0.0))
    (2.8167041760440115 (0.177 -0.015930033792607726 0.0))
    (2.817704426106527 (0.177 -0.01591958169761796 0.0))
    (2.8187046761690424 (0.177 -0.01590840698501443 0.0))
    (2.8197049262315583 (0.177 -0.015896510880843245 0.0))
    (2.820705176294074 (0.177 -0.0158838946902988 0.0))
    (2.8217054263565893 (0.177 -0.015870559797580563 0.0))
    (2.822705676419105 (0.177 -0.01585650766574121 0.0))
    (2.8237059264816207 (0.177 -0.015841739836526137 0.0))
    (2.824706176544136 (0.177 -0.015826257930204254 0.0))
    (2.825706426606652 (0.177 -0.015810063645390237 0.0))
    (2.8267066766691675 (0.177 -0.015793158758858193 0.0))
    (2.827706926731683 (0.177 -0.015775545125346672 0.0))
    (2.828707176794199 (0.177 -0.015757224677355186 0.0))
    (2.8297074268567144 (0.177 -0.015738199424932212 0.0))
    (2.8307076769192303 (0.177 -0.01571847145545461 0.0))
    (2.831707926981746 (0.177 -0.01569804293339866 0.0))
    (2.8327081770442613 (0.177 -0.01567691610010251 0.0))
    (2.833708427106777 (0.177 -0.015655093273520333 0.0))
    (2.8347086771692926 (0.177 -0.015632576847968004 0.0))
    (2.835708927231808 (0.177 -0.015609369293860344 0.0))
    (2.836709177294324 (0.177 -0.01558547315744013 0.0))
    (2.8377094273568395 (0.177 -0.015560891060498752 0.0))
    (2.838709677419355 (0.177 -0.01553562570008848 0.0))
    (2.839709927481871 (0.177 -0.015509679848226614 0.0))
    (2.8407101775443864 (0.177 -0.01548305635159137 0.0))
    (2.841710427606902 (0.177 -0.015455758131209467 0.0))
    (2.8427106776694178 (0.177 -0.015427788182135718 0.0))
    (2.8437109277319332 (0.177 -0.015399149573124427 0.0))
    (2.8447111777944487 (0.177 -0.015369845446292626 0.0))
    (2.8457114278569646 (0.177 -0.015339879016775394 0.0))
    (2.84671167791948 (0.177 -0.015309253572373135 0.0))
    (2.847711927981996 (0.177 -0.015277972473190727 0.0))
    (2.8487121780445115 (0.177 -0.015246039151269025 0.0))
    (2.849712428107027 (0.177 -0.015213457110208196 0.0))
    (2.850712678169543 (0.177 -0.015180229924783326 0.0))
    (2.8517129282320584 (0.177 -0.0151463612405523 0.0))
    (2.852713178294574 (0.177 -0.015111854773455734 0.0))
    (2.8537134283570897 (0.177 -0.01507671430940926 0.0))
    (2.854713678419605 (0.177 -0.015040943703888279 0.0))
    (2.8557139284821207 (0.177 -0.015004546881504821 0.0))
    (2.8567141785446366 (0.177 -0.014967527835576975 0.0))
    (2.857714428607152 (0.177 -0.014929890627690848 0.0))
    (2.8587146786696676 (0.177 -0.01489163938725485 0.0))
    (2.8597149287321835 (0.177 -0.014852778311046609 0.0))
    (2.860715178794699 (0.177 -0.014813311662752657 0.0))
    (2.8617154288572144 (0.177 -0.0147732437725005 0.0))
    (2.8627156789197303 (0.177 -0.01473257903638354 0.0))
    (2.863715928982246 (0.177 -0.01469132191597887 0.0))
    (2.8647161790447613 (0.177 -0.014649476937857654 0.0))
    (2.865716429107277 (0.177 -0.014607048693088476 0.0))
    (2.8667166791697927 (0.177 -0.014564041836733757 0.0))
    (2.8677169292323086 (0.177 -0.014520461087338867 0.0))
    (2.868717179294824 (0.177 -0.014476311226414572 0.0))
    (2.8697174293573395 (0.177 -0.014431597097912245 0.0))
    (2.8707176794198555 (0.177 -0.014386323607692566 0.0))
    (2.871717929482371 (0.177 -0.014340495722987245 0.0))
    (2.8727181795448864 (0.177 -0.014294118471853925 0.0))
    (2.8737184296074023 (0.177 -0.014247196942624642 0.0))
    (2.874718679669918 (0.177 -0.014199736283347553 0.0))
    (2.8757189297324333 (0.177 -0.014151741701221989 0.0))
    (2.876719179794949 (0.177 -0.014103218462027264 0.0))
    (2.8777194298574647 (0.177 -0.014054171889544945 0.0))
    (2.87871967991998 (0.177 -0.014004607364974603 0.0))
    (2.879719929982496 (0.177 -0.013954530326343542 0.0))
    (2.8807201800450115 (0.177 -0.01390394626791018 0.0))
    (2.881720430107527 (0.177 -0.013852860739561074 0.0))
    (2.882720680170043 (0.177 -0.013801279346202164 0.0))
    (2.8837209302325584 (0.177 -0.013749207747143829 0.0))
    (2.884721180295074 (0.177 -0.013696651655479813 0.0))
    (2.8857214303575898 (0.177 -0.01364361683746056 0.0))
    (2.8867216804201052 (0.177 -0.013590109111860559 0.0))
    (2.887721930482621 (0.177 -0.013536134349339767 0.0))
    (2.8887221805451366 (0.177 -0.013481698471799742 0.0))
    (2.889722430607652 (0.177 -0.013426807451733741 0.0))
    (2.890722680670168 (0.177 -0.013371467311571433 0.0))
    (2.8917229307326835 (0.177 -0.013315684123018314 0.0))
    (2.892723180795199 (0.177 -0.013259464006389377 0.0))
    (2.893723430857715 (0.177 -0.01320281312993761 0.0))
    (2.8947236809202304 (0.177 -0.01314573770917741 0.0))
    (2.895723930982746 (0.177 -0.013088244006202471 0.0))
    (2.8967241810452617 (0.177 -0.013030338328998733 0.0))
    (2.897724431107777 (0.177 -0.012972027030752464 0.0))
    (2.8987246811702927 (0.177 -0.01291331650915304 0.0))
    (2.8997249312328086 (0.177 -0.012854213205691016 0.0))
    (2.900725181295324 (0.177 -0.012794723604951567 0.0))
    (2.9017254313578396 (0.177 -0.012734854233902849 0.0))
    (2.9027256814203555 (0.177 -0.01267461166117988 0.0))
    (2.903725931482871 (0.177 -0.012614002496364038 0.0))
    (2.904726181545387 (0.177 -0.012553033389257664 0.0))
    (2.9057264316079023 (0.177 -0.01249171102915467 0.0))
    (2.906726681670418 (0.177 -0.012430042144106397 0.0))
    (2.9077269317329337 (0.177 -0.012368033500183614 0.0))
    (2.908727181795449 (0.177 -0.012305691900734184 0.0))
    (2.9097274318579647 (0.177 -0.012243024185636428 0.0))
    (2.9107276819204806 (0.177 -0.012180037230548878 0.0))
    (2.911727931982996 (0.177 -0.012116737946155897 0.0))
    (2.9127281820455115 (0.177 -0.012053133277409285 0.0))
    (2.9137284321080275 (0.177 -0.01198923020276649 0.0))
    (2.914728682170543 (0.177 -0.01192503573342496 0.0))
    (2.9157289322330584 (0.177 -0.011860556912552713 0.0))
    (2.9167291822955743 (0.177 -0.011795800814515776 0.0))
    (2.91772943235809 (0.177 -0.011730774544102018 0.0))
    (2.9187296824206053 (0.177 -0.011665485235741437 0.0))
    (2.919729932483121 (0.177 -0.011599940052723605 0.0))
    (2.9207301825456367 (0.177 -0.011534146186411732 0.0))
    (2.921730432608152 (0.177 -0.011468110855453462 0.0))
    (2.922730682670668 (0.177 -0.011401841304989068 0.0))
    (2.9237309327331835 (0.177 -0.011335344805856547 0.0))
    (2.9247311827956994 (0.177 -0.011268628653793668 0.0))
    (2.925731432858215 (0.177 -0.011201700168637821 0.0))
    (2.9267316829207304 (0.177 -0.011134566693522693 0.0))
    (2.9277319329832463 (0.177 -0.011067235594072607 0.0))
    (2.9287321830457618 (0.177 -0.010999714257594597 0.0))
    (2.9297324331082772 (0.177 -0.010932010092267696 0.0))
    (2.930732683170793 (0.177 -0.01086413052633014 0.0))
    (2.9317329332333086 (0.177 -0.010796083007264581 0.0))
    (2.932733183295824 (0.177 -0.010727875000980738 0.0))
    (2.93373343335834 (0.177 -0.010659513990996392 0.0))
    (2.9347336834208555 (0.177 -0.010591007477616297 0.0))
    (2.935733933483371 (0.177 -0.010522362977109274 0.0))
    (2.936734183545887 (0.177 -0.010453588020883553 0.0))
    (2.9377344336084024 (0.177 -0.010384690154660465 0.0))
    (2.938734683670918 (0.177 -0.010315676937646547 0.0))
    (2.9397349337334338 (0.177 -0.01024655594170417 0.0))
    (2.9407351837959492 (0.177 -0.010177334750520805 0.0))
    (2.941735433858465 (0.177 -0.01010802095877692 0.0))
    (2.9427356839209806 (0.177 -0.010038622171312855 0.0))
    (2.943735933983496 (0.177 -0.009969146002294212 0.0))
    (2.944736184046012 (0.177 -0.009899600074376666 0.0))
    (2.9457364341085275 (0.177 -0.009829992017869639 0.0))
    (2.946736684171043 (0.177 -0.009760329469898915 0.0))
    (2.947736934233559 (0.177 -0.009690620073568948 0.0))
    (2.9487371842960743 (0.177 -0.009620871477124277 0.0))
    (2.94973743435859 (0.177 -0.009551091333110186 0.0))
    (2.9507376844211057 (0.177 -0.009481287297533307 0.0))
    (2.951737934483621 (0.177 -0.009411467029021634 0.0))
    (2.9527381845461367 (0.177 -0.009341638187984029 0.0))
    (2.9537384346086526 (0.177 -0.009333333333333334 0.0))
    (2.954738684671168 (0.177 -0.009333333333333334 0.0))
    (2.9557389347336835 (0.177 -0.009333333333333334 0.0))
    (2.9567391847961995 (0.177 -0.009333333333333334 0.0))
    (2.957739434858715 (0.177 -0.009333333333333334 0.0))
    (2.9587396849212304 (0.177 -0.009333333333333334 0.0))
    (2.9597399349837463 (0.177 -0.009333333333333334 0.0))
    (2.960740185046262 (0.177 -0.009333333333333334 0.0))
    (2.9617404351087777 (0.177 -0.009333333333333334 0.0))
    (2.962740685171293 (0.177 -0.009333333333333334 0.0))
    (2.9637409352338087 (0.177 -0.009333333333333334 0.0))
    (2.9647411852963246 (0.177 -0.009333333333333334 0.0))
    (2.96574143535884 (0.177 -0.009333333333333334 0.0))
    (2.9667416854213555 (0.177 -0.009333333333333334 0.0))
    (2.9677419354838714 (0.177 -0.009333333333333334 0.0))
    (2.968742185546387 (0.177 -0.009333333333333334 0.0))
    (2.9697424356089024 (0.177 -0.009333333333333334 0.0))
    (2.9707426856714183 (0.177 -0.009333333333333334 0.0))
    (2.9717429357339338 (0.177 -0.009333333333333334 0.0))
    (2.9727431857964493 (0.177 -0.009333333333333334 0.0))
    (2.973743435858965 (0.177 -0.009333333333333334 0.0))
    (2.9747436859214806 (0.177 -0.009333333333333334 0.0))
    (2.975743935983996 (0.177 -0.009333333333333334 0.0))
    (2.976744186046512 (0.177 -0.009333333333333334 0.0))
    (2.9777444361090275 (0.177 -0.009333333333333334 0.0))
    (2.978744686171543 (0.177 -0.009333333333333334 0.0))
    (2.979744936234059 (0.177 -0.009333333333333334 0.0))
    (2.9807451862965744 (0.177 -0.009333333333333334 0.0))
    (2.9817454363590903 (0.177 -0.009333333333333334 0.0))
    (2.9827456864216058 (0.177 -0.009333333333333334 0.0))
    (2.9837459364841212 (0.177 -0.009333333333333334 0.0))
    (2.984746186546637 (0.177 -0.009333333333333334 0.0))
    (2.9857464366091526 (0.177 -0.009333333333333334 0.0))
    (2.986746686671668 (0.177 -0.009333333333333334 0.0))
    (2.987746936734184 (0.177 -0.009333333333333334 0.0))
    (2.9887471867966995 (0.177 -0.009333333333333334 0.0))
    (2.989747436859215 (0.177 -0.009333333333333334 0.0))
    (2.990747686921731 (0.177 -0.009333333333333334 0.0))
    (2.9917479369842463 (0.177 -0.009333333333333334 0.0))
    (2.992748187046762 (0.177 -0.009333333333333334 0.0))
    (2.9937484371092777 (0.177 -0.009333333333333334 0.0))
    (2.994748687171793 (0.177 -0.009333333333333334 0.0))
    (2.9957489372343087 (0.177 -0.009333333333333334 0.0))
    (2.9967491872968246 (0.177 -0.009333333333333334 0.0))
    (2.99774943735934 (0.177 -0.009333333333333334 0.0))
    (2.998749687421856 (0.177 -0.009333333333333334 0.0))
    (2.9997499374843715 (0.177 -0.009333333333333334 0.0))
    (3.000750187546887 (0.177 -0.009333333333333334 0.0))
    (3.001750437609403 (0.177 -0.009333333333333334 0.0))
    (3.0027506876719183 (0.177 -0.009333333333333334 0.0))
    (3.003750937734434 (0.177 -0.009333333333333334 0.0))
    (3.0047511877969497 (0.177 -0.009333333333333334 0.0))
    (3.005751437859465 (0.177 -0.009333333333333334 0.0))
    (3.0067516879219807 (0.177 -0.009333333333333334 0.0))
    (3.0077519379844966 (0.177 -0.009333333333333334 0.0))
    (3.008752188047012 (0.177 -0.009333333333333334 0.0))
    (3.0097524381095275 (0.177 -0.009333333333333334 0.0))
    (3.0107526881720434 (0.177 -0.009333333333333334 0.0))
    (3.011752938234559 (0.177 -0.009333333333333334 0.0))
    (3.0127531882970744 (0.177 -0.009333333333333334 0.0))
    (3.0137534383595903 (0.177 -0.009333333333333334 0.0))
    (3.014753688422106 (0.177 -0.009333333333333334 0.0))
    (3.0157539384846213 (0.177 -0.009333333333333334 0.0))
    (3.016754188547137 (0.177 -0.009333333333333334 0.0))
    (3.0177544386096526 (0.177 -0.009333333333333334 0.0))
    (3.0187546886721686 (0.177 -0.009333333333333334 0.0))
    (3.019754938734684 (0.177 -0.009333333333333334 0.0))
    (3.0207551887971995 (0.177 -0.009333333333333334 0.0))
    (3.0217554388597154 (0.177 -0.009333333333333334 0.0))
    (3.022755688922231 (0.177 -0.009333333333333334 0.0))
    (3.0237559389847464 (0.177 -0.009333333333333334 0.0))
    (3.0247561890472623 (0.177 -0.009333333333333334 0.0))
    (3.0257564391097778 (0.177 -0.009333333333333334 0.0))
    (3.0267566891722932 (0.177 -0.009333333333333334 0.0))
    (3.027756939234809 (0.177 -0.009333333333333334 0.0))
    (3.0287571892973246 (0.177 -0.009333333333333334 0.0))
    (3.02975743935984 (0.177 -0.009333333333333334 0.0))
    (3.030757689422356 (0.177 -0.009333333333333334 0.0))
    (3.0317579394848715 (0.177 -0.009333333333333334 0.0))
    (3.032758189547387 (0.177 -0.009333333333333334 0.0))
    (3.033758439609903 (0.177 -0.009333333333333334 0.0))
    (3.0347586896724184 (0.177 -0.009333333333333334 0.0))
    (3.0357589397349343 (0.177 -0.009333333333333334 0.0))
    (3.0367591897974497 (0.177 -0.009333333333333334 0.0))
    (3.037759439859965 (0.177 -0.009333333333333334 0.0))
    (3.038759689922481 (0.177 -0.009333333333333334 0.0))
    (3.0397599399849966 (0.177 -0.009333333333333334 0.0))
    (3.040760190047512 (0.177 -0.009333333333333334 0.0))
    (3.041760440110028 (0.177 -0.009333333333333334 0.0))
    (3.0427606901725435 (0.177 -0.009333333333333334 0.0))
    (3.043760940235059 (0.177 -0.009333333333333334 0.0))
    (3.044761190297575 (0.177 -0.009333333333333334 0.0))
    (3.0457614403600903 (0.177 -0.009333333333333334 0.0))
    (3.046761690422606 (0.177 -0.009333333333333334 0.0))
    (3.0477619404851217 (0.177 -0.009333333333333334 0.0))
    (3.048762190547637 (0.177 -0.009333333333333334 0.0))
    (3.0497624406101527 (0.177 -0.009333333333333334 0.0))
    (3.0507626906726686 (0.177 -0.009333333333333334 0.0))
    (3.051762940735184 (0.177 -0.009333333333333334 0.0))
    (3.0527631907976995 (0.177 -0.009333333333333334 0.0))
    (3.0537634408602155 (0.177 -0.009333333333333334 0.0))
    (3.054763690922731 (0.177 -0.009333333333333334 0.0))
    (3.055763940985247 (0.177 -0.009333333333333334 0.0))
    (3.0567641910477623 (0.177 -0.009333333333333334 0.0))
    (3.057764441110278 (0.177 -0.009333333333333334 0.0))
    (3.0587646911727937 (0.177 -0.009333333333333334 0.0))
    (3.059764941235309 (0.177 -0.009333333333333334 0.0))
    (3.0607651912978247 (0.177 -0.009333333333333334 0.0))
    (3.0617654413603406 (0.177 -0.009333333333333334 0.0))
    (3.062765691422856 (0.177 -0.009333333333333334 0.0))
    (3.0637659414853715 (0.177 -0.009333333333333334 0.0))
    (3.0647661915478874 (0.177 -0.009333333333333334 0.0))
    (3.065766441610403 (0.177 -0.009333333333333334 0.0))
    (3.0667666916729184 (0.177 -0.009333333333333334 0.0))
    (3.0677669417354343 (0.177 -0.009333333333333334 0.0))
    (3.0687671917979498 (0.177 -0.009333333333333334 0.0))
    (3.0697674418604652 (0.177 -0.009333333333333334 0.0))
    (3.070767691922981 (0.177 -0.009333333333333334 0.0))
    (3.0717679419854966 (0.177 -0.009333333333333334 0.0))
    (3.072768192048012 (0.177 -0.009333333333333334 0.0))
    (3.073768442110528 (0.177 -0.009333333333333334 0.0))
    (3.0747686921730435 (0.177 -0.009333333333333334 0.0))
    (3.0757689422355594 (0.177 -0.009333333333333334 0.0))
    (3.076769192298075 (0.177 -0.009333333333333334 0.0))
    (3.0777694423605904 (0.177 -0.009333333333333334 0.0))
    (3.0787696924231063 (0.177 -0.009333333333333334 0.0))
    (3.0797699424856217 (0.177 -0.009333333333333334 0.0))
    (3.080770192548137 (0.177 -0.009333333333333334 0.0))
    (3.081770442610653 (0.177 -0.009333333333333334 0.0))
    (3.0827706926731686 (0.177 -0.009333333333333334 0.0))
    (3.083770942735684 (0.177 -0.009333333333333334 0.0))
    (3.0847711927982 (0.177 -0.009333333333333334 0.0))
    (3.0857714428607155 (0.177 -0.009333333333333334 0.0))
    (3.086771692923231 (0.177 -0.009333333333333334 0.0))
    (3.087771942985747 (0.177 -0.009333333333333334 0.0))
    (3.0887721930482623 (0.177 -0.009333333333333334 0.0))
    (3.089772443110778 (0.177 -0.009333333333333334 0.0))
    (3.0907726931732937 (0.177 -0.009333333333333334 0.0))
    (3.091772943235809 (0.177 -0.009333333333333334 0.0))
    (3.092773193298325 (0.177 -0.009333333333333334 0.0))
    (3.0937734433608406 (0.177 -0.009333333333333334 0.0))
    (3.094773693423356 (0.177 -0.009333333333333334 0.0))
    (3.095773943485872 (0.177 -0.009333333333333334 0.0))
    (3.0967741935483875 (0.177 -0.009333333333333334 0.0))
    (3.097774443610903 (0.177 -0.009333333333333334 0.0))
    (3.098774693673419 (0.177 -0.009333333333333334 0.0))
    (3.0997749437359343 (0.177 -0.009333333333333334 0.0))
    (3.10077519379845 (0.177 -0.009333333333333334 0.0))
    (3.1017754438609657 (0.177 -0.009333333333333334 0.0))
    (3.102775693923481 (0.177 -0.009333333333333334 0.0))
    (3.1037759439859967 (0.177 -0.009333333333333334 0.0))
    (3.1047761940485126 (0.177 -0.009333333333333334 0.0))
    (3.105776444111028 (0.177 -0.009333333333333334 0.0))
    (3.1067766941735435 (0.177 -0.009333333333333334 0.0))
    (3.1077769442360594 (0.177 -0.009333333333333334 0.0))
    (3.108777194298575 (0.177 -0.009333333333333334 0.0))
    (3.1097774443610904 (0.177 -0.009333333333333334 0.0))
    (3.1107776944236063 (0.177 -0.009333333333333334 0.0))
    (3.1117779444861218 (0.177 -0.009333333333333334 0.0))
    (3.1127781945486377 (0.177 -0.009333333333333334 0.0))
    (3.113778444611153 (0.177 -0.009333333333333334 0.0))
    (3.1147786946736686 (0.177 -0.009333333333333334 0.0))
    (3.1157789447361846 (0.177 -0.009333333333333334 0.0))
    (3.1167791947987 (0.177 -0.009333333333333334 0.0))
    (3.1177794448612155 (0.177 -0.009333333333333334 0.0))
    (3.1187796949237314 (0.177 -0.009333333333333334 0.0))
    (3.119779944986247 (0.177 -0.009333333333333334 0.0))
    (3.1207801950487624 (0.177 -0.009333333333333334 0.0))
    (3.1217804451112783 (0.177 -0.009333333333333334 0.0))
    (3.1227806951737938 (0.177 -0.009333333333333334 0.0))
    (3.1237809452363092 (0.177 -0.009333333333333334 0.0))
    (3.124781195298825 (0.177 -0.009333333333333334 0.0))
    (3.1257814453613406 (0.177 -0.009333333333333334 0.0))
    (3.126781695423856 (0.177 -0.009333333333333334 0.0))
    (3.127781945486372 (0.177 -0.009333333333333334 0.0))
    (3.1287821955488875 (0.177 -0.009333333333333334 0.0))
    (3.1297824456114034 (0.177 -0.009333333333333334 0.0))
    (3.130782695673919 (0.177 -0.009333333333333334 0.0))
    (3.1317829457364343 (0.177 -0.009333333333333334 0.0))
    (3.1327831957989503 (0.177 -0.009333333333333334 0.0))
    (3.1337834458614657 (0.177 -0.009333333333333334 0.0))
    (3.134783695923981 (0.177 -0.009333333333333334 0.0))
    (3.135783945986497 (0.177 -0.009333333333333334 0.0))
    (3.1367841960490126 (0.177 -0.009333333333333334 0.0))
    (3.137784446111528 (0.177 -0.009333333333333334 0.0))
    (3.138784696174044 (0.177 -0.009333333333333334 0.0))
    (3.1397849462365595 (0.177 -0.009333333333333334 0.0))
    (3.140785196299075 (0.177 -0.009333333333333334 0.0))
    (3.141785446361591 (0.177 -0.009333333333333334 0.0))
    (3.1427856964241063 (0.177 -0.009333333333333334 0.0))
    (3.143785946486622 (0.177 -0.009333333333333334 0.0))
    (3.1447861965491377 (0.177 -0.009333333333333334 0.0))
    (3.145786446611653 (0.177 -0.009333333333333334 0.0))
    (3.1467866966741687 (0.177 -0.009333333333333334 0.0))
    (3.1477869467366846 (0.177 -0.009333333333333334 0.0))
    (3.1487871967992 (0.177 -0.009333333333333334 0.0))
    (3.149787446861716 (0.177 -0.009333333333333334 0.0))
    (3.1507876969242314 (0.177 -0.009333333333333334 0.0))
    (3.151787946986747 (0.177 -0.009333333333333334 0.0))
    (3.152788197049263 (0.177 -0.009333333333333334 0.0))
    (3.1537884471117783 (0.177 -0.009333333333333334 0.0))
    (3.1547886971742938 (0.177 -0.009333333333333334 0.0))
    (3.1557889472368097 (0.177 -0.009333333333333334 0.0))
    (3.156789197299325 (0.177 -0.009333333333333334 0.0))
    (3.1577894473618406 (0.177 -0.009333333333333334 0.0))
    (3.1587896974243566 (0.177 -0.009333333333333334 0.0))
    (3.159789947486872 (0.177 -0.009333333333333334 0.0))
    (3.1607901975493875 (0.177 -0.009333333333333334 0.0))
    (3.1617904476119034 (0.177 -0.009333333333333334 0.0))
    (3.162790697674419 (0.177 -0.009333333333333334 0.0))
    (3.1637909477369344 (0.177 -0.009333333333333334 0.0))
    (3.1647911977994503 (0.177 -0.009333333333333334 0.0))
    (3.1657914478619658 (0.177 -0.009333333333333334 0.0))
    (3.1667916979244817 (0.177 -0.009333333333333334 0.0))
    (3.167791947986997 (0.177 -0.009333333333333334 0.0))
    (3.1687921980495126 (0.177 -0.009333333333333334 0.0))
    (3.1697924481120285 (0.177 -0.009333333333333334 0.0))
    (3.170792698174544 (0.177 -0.009333333333333334 0.0))
    (3.1717929482370595 (0.177 -0.009333333333333334 0.0))
    (3.1727931982995754 (0.177 -0.009333333333333334 0.0))
    (3.173793448362091 (0.177 -0.009333333333333334 0.0))
    (3.1747936984246063 (0.177 -0.009333333333333334 0.0))
    (3.1757939484871223 (0.177 -0.009333333333333334 0.0))
    (3.1767941985496377 (0.177 -0.009333333333333334 0.0))
    (3.177794448612153 (0.177 -0.009333333333333334 0.0))
    (3.178794698674669 (0.177 -0.009333333333333334 0.0))
    (3.1797949487371846 (0.177 -0.009333333333333334 0.0))
    (3.1807951987997 (0.177 -0.009333333333333334 0.0))
    (3.181795448862216 (0.177 -0.009333333333333334 0.0))
    (3.1827956989247315 (0.177 -0.009333333333333334 0.0))
    (3.183795948987247 (0.177 -0.009333333333333334 0.0))
    (3.184796199049763 (0.177 -0.009333333333333334 0.0))
    (3.1857964491122783 (0.177 -0.009333333333333334 0.0))
    (3.1867966991747942 (0.177 -0.009333333333333334 0.0))
    (3.1877969492373097 (0.177 -0.009333333333333334 0.0))
    (3.188797199299825 (0.177 -0.009333333333333334 0.0))
    (3.189797449362341 (0.177 -0.009333333333333334 0.0))
    (3.1907976994248566 (0.177 -0.009333333333333334 0.0))
    (3.191797949487372 (0.177 -0.009333333333333334 0.0))
    (3.192798199549888 (0.177 -0.009333333333333334 0.0))
    (3.1937984496124034 (0.177 -0.009333333333333334 0.0))
    (3.194798699674919 (0.177 -0.009333333333333334 0.0))
    (3.195798949737435 (0.177 -0.009333333333333334 0.0))
    (3.1967991997999503 (0.177 -0.009333333333333334 0.0))
    (3.197799449862466 (0.177 -0.009333333333333334 0.0))
    (3.1987996999249817 (0.177 -0.009333333333333334 0.0))
    (3.199799949987497 (0.177 -0.009333333333333334 0.0))
    (3.2008002000500126 (0.177 -0.009333333333333334 0.0))
    (3.2018004501125286 (0.177 -0.009333333333333334 0.0))
    (3.202800700175044 (0.177 -0.009333333333333334 0.0))
    (3.2038009502375595 (0.177 -0.009333333333333334 0.0))
    (3.2048012003000754 (0.177 -0.009333333333333334 0.0))
    (3.205801450362591 (0.177 -0.009333333333333334 0.0))
    (3.206801700425107 (0.177 -0.009333333333333334 0.0))
    (3.2078019504876223 (0.177 -0.009333333333333334 0.0))
    (3.2088022005501378 (0.177 -0.009333333333333334 0.0))
    (3.2098024506126537 (0.177 -0.009333333333333334 0.0))
    (3.210802700675169 (0.177 -0.009333333333333334 0.0))
    (3.2118029507376846 (0.177 -0.009333333333333334 0.0))
    (3.2128032008002005 (0.177 -0.009333333333333334 0.0))
    (3.213803450862716 (0.177 -0.009333333333333334 0.0))
    (3.2148037009252315 (0.177 -0.009333333333333334 0.0))
    (3.2158039509877474 (0.177 -0.009333333333333334 0.0))
    (3.216804201050263 (0.177 -0.009333333333333334 0.0))
    (3.2178044511127784 (0.177 -0.009333333333333334 0.0))
    (3.2188047011752943 (0.177 -0.009333333333333334 0.0))
    (3.2198049512378097 (0.177 -0.009333333333333334 0.0))
    (3.220805201300325 (0.177 -0.009333333333333334 0.0))
    (3.221805451362841 (0.177 -0.009333333333333334 0.0))
    (3.2228057014253566 (0.177 -0.009333333333333334 0.0))
    (3.2238059514878725 (0.177 -0.009333333333333334 0.0))
    (3.224806201550388 (0.177 -0.009333333333333334 0.0))
    (3.2258064516129035 (0.177 -0.009333333333333334 0.0))
    (3.2268067016754194 (0.177 -0.009333333333333334 0.0))
    (3.227806951737935 (0.177 -0.009333333333333334 0.0))
    (3.2288072018004503 (0.177 -0.009333333333333334 0.0))
    (3.2298074518629662 (0.177 -0.009333333333333334 0.0))
    (3.2308077019254817 (0.177 -0.009333333333333334 0.0))
    (3.231807951987997 (0.177 -0.009333333333333334 0.0))
    (3.232808202050513 (0.177 -0.009333333333333334 0.0))
    (3.2338084521130286 (0.177 -0.009333333333333334 0.0))
    (3.234808702175544 (0.177 -0.009333333333333334 0.0))
    (3.23580895223806 (0.177 -0.009333333333333334 0.0))
    (3.2368092023005754 (0.177 -0.009333333333333334 0.0))
    (3.237809452363091 (0.177 -0.009333333333333334 0.0))
    (3.238809702425607 (0.177 -0.009333333333333334 0.0))
    (3.2398099524881223 (0.177 -0.009333333333333334 0.0))
    (3.240810202550638 (0.177 -0.009333333333333334 0.0))
    (3.2418104526131537 (0.177 -0.009333333333333334 0.0))
    (3.242810702675669 (0.177 -0.009333333333333334 0.0))
    (3.243810952738185 (0.177 -0.009333333333333334 0.0))
    (3.2448112028007006 (0.177 -0.009333333333333334 0.0))
    (3.245811452863216 (0.177 -0.009333333333333334 0.0))
    (3.246811702925732 (0.177 -0.009333333333333334 0.0))
    (3.2478119529882474 (0.177 -0.009333333333333334 0.0))
    (3.248812203050763 (0.177 -0.009333333333333334 0.0))
    (3.249812453113279 (0.177 -0.009333333333333334 0.0))
    (3.2508127031757943 (0.177 -0.009333333333333334 0.0))
    (3.2518129532383098 (0.177 -0.009333333333333334 0.0))
    (3.2528132033008257 (0.177 -0.009333333333333334 0.0))
    (3.253813453363341 (0.177 -0.009400095285419083 0.0))
    (3.2548137034258566 (0.177 -0.009469917472252664 0.0))
    (3.2558139534883725 (0.177 -0.009539724673604534 0.0))
    (3.256814203550888 (0.177 -0.00960950923049937 0.0))
    (3.2578144536134035 (0.177 -0.009679263486446444 0.0))
    (3.2588147036759194 (0.177 -0.009748979788279462 0.0))
    (3.259814953738435 (0.177 -0.009818650486996238 0.0))
    (3.260815203800951 (0.177 -0.00988826793859815 0.0))
    (3.2618154538634663 (0.177 -0.009957824504928473 0.0))
    (3.2628157039259817 (0.177 -0.010027312554510653 0.0))
    (3.2638159539884977 (0.177 -0.010096724463385597 0.0))
    (3.264816204051013 (0.177 -0.010166052615947932 0.0))
    (3.2658164541135286 (0.177 -0.010235289405781773 0.0))
    (3.2668167041760445 (0.177 -0.010304427236495274 0.0))
    (3.26781695423856 (0.177 -0.010373458522553855 0.0))
    (3.2688172043010755 (0.177 -0.010442375690112672 0.0))
    (3.2698174543635914 (0.177 -0.010511171177847592 0.0))
    (3.270817704426107 (0.177 -0.010579837437784581 0.0))
    (3.2718179544886223 (0.177 -0.010648366936128044 0.0))
    (3.2728182045511383 (0.177 -0.01071675215408741 0.0))
    (3.2738184546136537 (0.177 -0.010784985588701852 0.0))
    (3.274818704676169 (0.177 -0.01085305975366369 0.0))
    (3.275818954738685 (0.177 -0.010920967180139768 0.0))
    (3.2768192048012006 (0.177 -0.010988700417590681 0.0))
    (3.277819454863716 (0.177 -0.011056252034588446 0.0))
    (3.278819704926232 (0.177 -0.011123614619631834 0.0))
    (3.2798199549887475 (0.177 -0.011190780781959338 0.0))
    (3.2808202050512634 (0.177 -0.011257743152360297 0.0))
    (3.281820455113779 (0.177 -0.011324494383983199 0.0))
    (3.2828207051762943 (0.177 -0.011391027153141994 0.0))
    (3.2838209552388102 (0.177 -0.011457334160119417 0.0))
    (3.2848212053013257 (0.177 -0.011523408129967891 0.0))
    (3.285821455363841 (0.177 -0.011589241813307899 0.0))
    (3.286821705426357 (0.177 -0.011654827987123159 0.0))
    (3.2878219554888726 (0.177 -0.011720159455553108 0.0))
    (3.288822205551388 (0.177 -0.011785229050682609 0.0))
    (3.289822455613904 (0.177 -0.01185002963332817 0.0))
    (3.2908227056764194 (0.177 -0.011914554093821243 0.0))
    (3.291822955738935 (0.177 -0.01197879535278847 0.0))
    (3.292823205801451 (0.177 -0.012042746361928192 0.0))
    (3.2938234558639663 (0.177 -0.012106400104783768 0.0))
    (3.2948237059264818 (0.177 -0.0121697495975136 0.0))
    (3.2958239559889977 (0.177 -0.012232787889657157 0.0))
    (3.296824206051513 (0.177 -0.012295508064897572 0.0))
    (3.2978244561140286 (0.177 -0.012357903241820654 0.0))
    (3.2988247061765446 (0.177 -0.012419966574669709 0.0))
    (3.29982495623906 (0.177 -0.012481691254096613 0.0))
    (3.300825206301576 (0.177 -0.01254307050790914 0.0))
    (3.3018254563640914 (0.177 -0.012604097601813668 0.0))
    (3.302825706426607 (0.177 -0.01266476584015426 0.0))
    (3.303825956489123 (0.177 -0.012725068566647277 0.0))
    (3.3048262065516383 (0.177 -0.012784999165111504 0.0))
    (3.3058264566141538 (0.177 -0.012844551060194245 0.0))
    (3.3068267066766697 (0.177 -0.012903717718092655 0.0))
    (3.307826956739185 (0.177 -0.012962492647270613 0.0))
    (3.3088272068017006 (0.177 -0.013020869399170956 0.0))
    (3.3098274568642165 (0.177 -0.013078841568922986 0.0))
    (3.310827706926732 (0.177 -0.013136402796045188 0.0))
    (3.3118279569892475 (0.177 -0.01319354676514308 0.0))
    (3.3128282070517634 (0.177 -0.013250267206602108 0.0))
    (3.313828457114279 (0.177 -0.01330655789727553 0.0))
    (3.3148287071767943 (0.177 -0.013362412661167191 0.0))
    (3.3158289572393103 (0.177 -0.013417825370109129 0.0))
    (3.3168292073018257 (0.177 -0.013472789944433943 0.0))
    (3.3178294573643416 (0.177 -0.013527300353641813 0.0))
    (3.318829707426857 (0.177 -0.013581350617062162 0.0))
    (3.3198299574893726 (0.177 -0.01363493480450982 0.0))
    (3.3208302075518885 (0.177 -0.013688047036935663 0.0))
    (3.321830457614404 (0.177 -0.013740681487071641 0.0))
    (3.3228307076769195 (0.177 -0.013792832380070126 0.0))
    (3.3238309577394354 (0.177 -0.013844493994137501 0.0))
    (3.324831207801951 (0.177 -0.013895660661161931 0.0))
    (3.3258314578644663 (0.177 -0.013946326767335255 0.0))
    (3.3268317079269822 (0.177 -0.013996486753768906 0.0))
    (3.3278319579894977 (0.177 -0.014046135117103807 0.0))
    (3.328832208052013 (0.177 -0.014095266410114184 0.0))
    (3.329832458114529 (0.177 -0.014143875242305218 0.0))
    (3.3308327081770446 (0.177 -0.014191956280504453 0.0))
    (3.33183295823956 (0.177 -0.014239504249446953 0.0))
    (3.332833208302076 (0.177 -0.014286513932354063 0.0))
    (3.3338334583645914 (0.177 -0.014332980171505787 0.0))
    (3.334833708427107 (0.177 -0.014378897868806674 0.0))
    (3.335833958489623 (0.177 -0.01442426198634518 0.0))
    (3.3368342085521383 (0.177 -0.014469067546946261 0.0))
    (3.337834458614654 (0.177 -0.014513309634717792 0.0))
    (3.3388347086771697 (0.177 -0.014556983395589487 0.0))
    (3.339834958739685 (0.177 -0.014600084037845771 0.0))
    (3.340835208802201 (0.177 -0.01464260683265151 0.0))
    (3.3418354588647166 (0.177 -0.014684547114570567 0.0))
    (3.342835708927232 (0.177 -0.014725900282077958 0.0))
    (3.343835958989748 (0.177 -0.01476666179806469 0.0))
    (3.3448362090522634 (0.177 -0.014806827190335312 0.0))
    (3.345836459114779 (0.177 -0.01484639205209884 0.0))
    (3.346836709177295 (0.177 -0.01488535204245225 0.0))
    (3.3478369592398103 (0.177 -0.014923702886856492 0.0))
    (3.3488372093023258 (0.177 -0.014961440377605734 0.0))
    (3.3498374593648417 (0.177 -0.014998560374289005 0.0))
    (3.350837709427357 (0.177 -0.015035058804244227 0.0))
    (3.3518379594898726 (0.177 -0.01507093166300529 0.0))
    (3.3528382095523885 (0.177 -0.015106175014741407 0.0))
    (3.353838459614904 (0.177 -0.015140784992688706 0.0))
    (3.35483870967742 (0.177 -0.015174757799574726 0.0))
    (3.3558389597399354 (0.177 -0.015208089708034925 0.0))
    (3.356839209802451 (0.177 -0.015240777061021643 0.0))
    (3.357839459864967 (0.177 -0.01527281627220535 0.0))
    (3.3588397099274823 (0.177 -0.015304203826368115 0.0))
    (3.3598399599899977 (0.177 -0.01533493627978929 0.0))
    (3.3608402100525137 (0.177 -0.015365010260623336 0.0))
    (3.361840460115029 (0.177 -0.015394422469269775 0.0))
    (3.3628407101775446 (0.177 -0.015423169678735202 0.0))
    (3.3638409602400605 (0.177 -0.015451248734987344 0.0))
    (3.364841210302576 (0.177 -0.015478656557301105 0.0))
    (3.3658414603650915 (0.177 -0.015505390138596569 0.0))
    (3.3668417104276074 (0.177 -0.015531446545768934 0.0))
    (3.367841960490123 (0.177 -0.015556822920010312 0.0))
    (3.3688422105526383 (0.177 -0.015581516477123388 0.0))
    (3.3698424606151542 (0.177 -0.015605524507826898 0.0))
    (3.3708427106776697 (0.177 -0.015628844378052866 0.0))
    (3.371842960740185 (0.177 -0.015651473529235627 0.0))
    (3.372843210802701 (0.177 -0.015673409478592516 0.0))
    (3.3738434608652166 (0.177 -0.015694649819396292 0.0))
    (3.3748437109277325 (0.177 -0.015715192221239176 0.0))
    (3.375843960990248 (0.177 -0.015735034430288557 0.0))
    (3.3768442110527634 (0.177 -0.015754174269534245 0.0))
    (3.3778444611152794 (0.177 -0.01577260963902735 0.0))
    (3.378844711177795 (0.177 -0.015790338516110666 0.0))
    (3.3798449612403103 (0.177 -0.01580735895564059 0.0))
    (3.3808452113028262 (0.177 -0.015823669090200547 0.0))
    (3.3818454613653417 (0.177 -0.01583926713030586 0.0))
    (3.382845711427857 (0.177 -0.015854151364600094 0.0))
    (3.383845961490373 (0.177 -0.015868320160042818 0.0))
    (3.3848462115528886 (0.177 -0.015881771962088773 0.0))
    (3.385846461615404 (0.177 -0.015894505294858436 0.0))
    (3.38684671167792 (0.177 -0.015906518761299948 0.0))
    (3.3878469617404354 (0.177 -0.01591781104334239 0.0))
    (3.388847211802951 (0.177 -0.015928380902040382 0.0))
    (3.389847461865467 (0.177 -0.015938227177710054 0.0))
    (3.3908477119279823 (0.177 -0.015947348790056243 0.0))
    (3.3918479619904978 (0.177 -0.015955744738291033 0.0))
    (3.3928482120530137 (0.177 -0.015963414101243568 0.0))
    (3.393848462115529 (0.177 -0.0159703560374611 0.0))
    (3.394848712178045 (0.177 -0.015976569785301337 0.0))
    (3.3958489622405605 (0.177 -0.015982054663015954 0.0))
    (3.396849212303076 (0.177 -0.01598681006882547 0.0))
    (3.397849462365592 (0.177 -0.015990835480985205 0.0))
    (3.3988497124281074 (0.177 -0.015994130457842558 0.0))
    (3.399849962490623 (0.177 -0.01599669463788545 0.0))
    (3.400850212553139 (0.177 -0.01599852773978201 0.0))
    (3.4018504626156543 (0.177 -0.015999629562411393 0.0))
    (3.4028507126781697 (0.177 -0.015999999984885906 0.0))
    (3.4038509627406857 (0.177 -0.01599963896656423 0.0))
    (3.404851212803201 (0.177 -0.015998546547055896 0.0))
    (3.4058514628657166 (0.177 -0.01599672284621693 0.0))
    (3.4068517129282325 (0.177 -0.015994168064136716 0.0))
    (3.407851962990748 (0.177 -0.015990882481116027 0.0))
    (3.4088522130532635 (0.177 -0.015986866457636285 0.0))
    (3.4098524631157794 (0.177 -0.015982120434319996 0.0))
    (3.410852713178295 (0.177 -0.015976644931882437 0.0))
    (3.4118529632408108 (0.177 -0.015970440551074473 0.0))
    (3.4128532133033262 (0.177 -0.015963507972616697 0.0))
    (3.4138534633658417 (0.177 -0.015955847957124725 0.0))
    (3.4148537134283576 (0.177 -0.015947461345025716 0.0))
    (3.415853963490873 (0.177 -0.01593834905646622 0.0))
    (3.4168542135533886 (0.177 -0.01592851209121119 0.0))
    (3.4178544636159045 (0.177 -0.015917951528534247 0.0))
    (3.41885471367842 (0.177 -0.015906668527099384 0.0))
    (3.4198549637409354 (0.177 -0.01589466432483373 0.0))
    (3.4208552138034514 (0.177 -0.015881940238791754 0.0))
    (3.421855463865967 (0.177 -0.015868497665010833 0.0))
    (3.4228557139284823 (0.177 -0.015854338078357993 0.0))
    (3.4238559639909982 (0.177 -0.015839463032368117 0.0))
    (3.4248562140535137 (0.177 -0.015823874159073558 0.0))
    (3.425856464116029 (0.177 -0.015807573168825 0.0))
    (3.426856714178545 (0.177 -0.015790561850103815 0.0))
    (3.4278569642410606 (0.177 -0.015772842069325912 0.0))
    (3.428857214303576 (0.177 -0.01575441577063688 0.0))
    (3.429857464366092 (0.177 -0.01573528497569868 0.0))
    (3.4308577144286074 (0.177 -0.015715451783467928 0.0))
    (3.4318579644911233 (0.177 -0.015694918369965512 0.0))
    (3.432858214553639 (0.177 -0.015673686988037876 0.0))
    (3.4338584646161543 (0.177 -0.01565175996710987 0.0))
    (3.43485871467867 (0.177 -0.01562913971292914 0.0))
    (3.4358589647411857 (0.177 -0.015605828707302202 0.0))
    (3.436859214803701 (0.177 -0.01558182950782214 0.0))
    (3.437859464866217 (0.177 -0.015557144747587997 0.0))
    (3.4388597149287325 (0.177 -0.01553177713491588 0.0))
    (3.439859964991248 (0.177 -0.015505729453041817 0.0))
    (3.440860215053764 (0.177 -0.015479004559816389 0.0))
    (3.4418604651162794 (0.177 -0.015451605387391182 0.0))
    (3.442860715178795 (0.177 -0.015423534941897073 0.0))
    (3.443860965241311 (0.177 -0.015394796303114425 0.0))
    (3.4448612153038263 (0.177 -0.015365392624135162 0.0))
    (3.4458614653663417 (0.177 -0.015335327131016853 0.0))
    (3.4468617154288577 (0.177 -0.015304603122428737 0.0))
    (3.447861965491373 (0.177 -0.015273223969289816 0.0))
    (3.448862215553889 (0.177 -0.015241193114399011 0.0))
    (3.4498624656164045 (0.177 -0.015208514072057432 0.0))
    (3.45086271567892 (0.177 -0.015175190427682797 0.0))
    (3.451862965741436 (0.177 -0.015141225837416065 0.0))
    (3.4528632158039514 (0.177 -0.015106624027720282 0.0))
    (3.453863465866467 (0.177 -0.015071388794971743 0.0))
    (3.454863715928983 (0.177 -0.015035524005043462 0.0))
    (3.4558639659914983 (0.177 -0.01499903359288102 0.0))
    (3.4568642160540137 (0.177 -0.014961921562070851 0.0))
    (3.4578644661165296 (0.177 -0.014924191984400963 0.0))
    (3.458864716179045 (0.177 -0.014885848999414216 0.0))
    (3.4598649662415606 (0.177 -0.014846896813954142 0.0))
    (3.4608652163040765 (0.177 -0.014807339701703382 0.0))
    (3.461865466366592 (0.177 -0.014767182002714794 0.0))
    (3.4628657164291075 (0.177 -0.014726428122935292 0.0))
    (3.4638659664916234 (0.177 -0.014685082533722423 0.0))
    (3.464866216554139 (0.177 -0.014643149771353803 0.0))
    (3.4658664666166543 (0.177 -0.014600634436529404 0.0))
    (3.4668667166791702 (0.177 -0.014557541193866794 0.0))
    (3.4678669667416857 (0.177 -0.01451387477138934 0.0))
    (3.4688672168042016 (0.177 -0.014469639960007444 0.0))
    (3.469867466866717 (0.177 -0.014424841612993062 0.0))
    (3.4708677169292326 (0.177 -0.014379484645446899 0.0))
    (3.4718679669917485 (0.177 -0.014333574033759434 0.0))
    (3.472868217054264 (0.177 -0.014287114815064934 0.0))
    (3.4738684671167794 (0.177 -0.014240112086688498 0.0))
    (3.4748687171792954 (0.177 -0.014192571005587098 0.0))
    (3.475868967241811 (0.177 -0.014144496787783772 0.0))
    (3.4768692173043263 (0.177 -0.014095894707795062 0.0))
    (3.477869467366842 (0.177 -0.014046770098052587 0.0))
    (3.4788697174293577 (0.177 -0.013997128348318011 0.0))
    (3.479869967491873 (0.177 -0.013946974905091388 0.0))
    (3.480870217554389 (0.177 -0.013896315271013898 0.0))
    (3.4818704676169046 (0.177 -0.013845155004264118 0.0))
    (3.48287071767942 (0.177 -0.013793499717947893 0.0))
    (3.483870967741936 (0.177 -0.013741355079482799 0.0))
    (3.4848712178044514 (0.177 -0.013688726809976334 0.0))
    (3.485871467866967 (0.177 -0.013635620683597912 0.0))
    (3.486871717929483 (0.177 -0.013582042526945648 0.0))
    (3.4878719679919983 (0.177 -0.013527998218407096 0.0))
    (3.488872218054514 (0.177 -0.013473493687513934 0.0))
    (3.4898724681170297 (0.177 -0.013418534914291909 0.0))
    (3.490872718179545 (0.177 -0.01336312792860432 0.0))
    (3.491872968242061 (0.177 -0.013307278809490645 0.0))
    (3.4928732183045765 (0.177 -0.013250993684499517 0.0))
    (3.493873468367092 (0.177 -0.013194278729016446 0.0))
    (3.494873718429608 (0.177 -0.013137140165586276 0.0))
    (3.4958739684921234 (0.177 -0.01307958426323047 0.0))
    (3.496874218554639 (0.177 -0.013021617336759298 0.0))
    (3.497874468617155 (0.177 -0.012963245746079006 0.0))
    (3.4988747186796703 (0.177 -0.012904475895494018 0.0))
    (3.4998749687421857 (0.177 -0.012845314233004296 0.0))
    (3.5008752188047016 (0.177 -0.012785767249597882 0.0))
    (3.501875468867217 (0.177 -0.012725841478538735 0.0))
    (3.5028757189297326 (0.177 -0.012665543494649923 0.0))
    (3.5038759689922485 (0.177 -0.012604879913592262 0.0))
    (3.504876219054764 (0.177 -0.012543857391138474 0.0))
    (3.50587646911728 (0.177 -0.012482482622442932 0.0))
    (3.5068767191797954 (0.177 -0.012420762341307106 0.0))
    (3.507876969242311 (0.177 -0.012358703319440747 0.0))
    (3.5088772193048268 (0.177 -0.012296312365718924 0.0))
    (3.5098774693673422 (0.177 -0.012233596325434984 0.0))
    (3.5108777194298577 (0.177 -0.012170562079549507 0.0))
    (3.5118779694923736 (0.177 -0.012107216543935359 0.0))
    (3.512878219554889 (0.177 -0.012043566668618907 0.0))
    (3.5138784696174046 (0.177 -0.011979619437017489 0.0))
    (3.5148787196799205 (0.177 -0.011915381865173217 0.0))
    (3.515878969742436 (0.177 -0.011850861000983214 0.0))
    (3.5168792198049514 (0.177 -0.011786063923426338 0.0))
    (3.5178794698674674 (0.177 -0.011720997741786504 0.0))
    (3.518879719929983 (0.177 -0.011655669594872683 0.0))
    (3.5198799699924983 (0.177 -0.01159008665023566 0.0))
    (3.520880220055014 (0.177 -0.01152425610338164 0.0))
    (3.5218804701175297 (0.177 -0.011458185176982777 0.0))
    (3.522880720180045 (0.177 -0.01139188112008474 0.0))
    (3.523880970242561 (0.177 -0.01132535120731137 0.0))
    (3.5248812203050766 (0.177 -0.011258602738066541 0.0))
    (3.5258814703675925 (0.177 -0.011191643035733292 0.0))
    (3.526881720430108 (0.177 -0.011124479446870337 0.0))
    (3.5278819704926234 (0.177 -0.01105711934040603 0.0))
    (3.5288822205551393 (0.177 -0.010989570106829872 0.0))
    (3.529882470617655 (0.177 -0.010921839157381662 0.0))
    (3.5308827206801703 (0.177 -0.010853933923238352 0.0))
    (3.531882970742686 (0.177 -0.010785861854698738 0.0))
    (3.5328832208052017 (0.177 -0.010717630420366041 0.0))
    (3.533883470867717 (0.177 -0.010649247106328474 0.0))
    (3.534883720930233 (0.177 -0.010580719415337857 0.0))
    (3.5358839709927485 (0.177 -0.010512054865986678 0.0))
    (3.536884221055264 (0.177 -0.010443260991882709 0.0))
    (3.53788447111778 (0.177 -0.010374345340822875 0.0))
    (3.5388847211802954 (0.177 -0.010305315473965135 0.0))
    (3.539884971242811 (0.177 -0.010236178964998484 0.0))
    (3.540885221305327 (0.177 -0.01016694339931241 0.0))
    (3.5418854713678423 (0.177 -0.01009761637316467 0.0))
    (3.542885721430358 (0.177 -0.010028205492847369 0.0))
    (3.5438859714928737 (0.177 -0.009958718373853101 0.0))
    (3.544886221555389 (0.177 -0.009889162640038932 0.0))
    (3.545886471617905 (0.177 -0.009819545922789934 0.0))
    (3.5468867216804205 (0.177 -0.009749875860182328 0.0))
    (3.547886971742936 (0.177 -0.009680160096145045 0.0))
    (3.548887221805452 (0.177 -0.00961040627962105 0.0))
    (3.5498874718679674 (0.177 -0.00954062206372857 0.0))
    (3.550887721930483 (0.177 -0.009470815104920984 0.0))
    (3.5518879719929988 (0.177 -0.009400993062146798 0.0))
    (3.5528882220555142 (0.177 -0.009333333333333334 0.0))
    (3.5538884721180297 (0.177 -0.009333333333333334 0.0))
    (3.5548887221805456 (0.177 -0.009333333333333334 0.0))
    (3.555888972243061 (0.177 -0.009333333333333334 0.0))
    (3.5568892223055766 (0.177 -0.009333333333333334 0.0))
    (3.5578894723680925 (0.177 -0.009333333333333334 0.0))
    (3.558889722430608 (0.177 -0.009333333333333334 0.0))
    (3.5598899724931234 (0.177 -0.009333333333333334 0.0))
    (3.5608902225556394 (0.177 -0.009333333333333334 0.0))
    (3.561890472618155 (0.177 -0.009333333333333334 0.0))
    (3.5628907226806708 (0.177 -0.009333333333333334 0.0))
    (3.5638909727431862 (0.177 -0.009333333333333334 0.0))
    (3.5648912228057017 (0.177 -0.009333333333333334 0.0))
    (3.5658914728682176 (0.177 -0.009333333333333334 0.0))
    (3.566891722930733 (0.177 -0.009333333333333334 0.0))
    (3.5678919729932486 (0.177 -0.009333333333333334 0.0))
    (3.5688922230557645 (0.177 -0.009333333333333334 0.0))
    (3.56989247311828 (0.177 -0.009333333333333334 0.0))
    (3.5708927231807954 (0.177 -0.009333333333333334 0.0))
    (3.5718929732433113 (0.177 -0.009333333333333334 0.0))
    (3.572893223305827 (0.177 -0.009333333333333334 0.0))
    (3.5738934733683423 (0.177 -0.009333333333333334 0.0))
    (3.574893723430858 (0.177 -0.009333333333333334 0.0))
    (3.5758939734933737 (0.177 -0.009333333333333334 0.0))
    (3.576894223555889 (0.177 -0.009333333333333334 0.0))
    (3.577894473618405 (0.177 -0.009333333333333334 0.0))
    (3.5788947236809205 (0.177 -0.009333333333333334 0.0))
    (3.579894973743436 (0.177 -0.009333333333333334 0.0))
    (3.580895223805952 (0.177 -0.009333333333333334 0.0))
    (3.5818954738684674 (0.177 -0.009333333333333334 0.0))
    (3.5828957239309833 (0.177 -0.009333333333333334 0.0))
    (3.583895973993499 (0.177 -0.009333333333333334 0.0))
    (3.5848962240560143 (0.177 -0.009333333333333334 0.0))
    (3.58589647411853 (0.177 -0.009333333333333334 0.0))
    (3.5868967241810457 (0.177 -0.009333333333333334 0.0))
    (3.587896974243561 (0.177 -0.009333333333333334 0.0))
    (3.588897224306077 (0.177 -0.009333333333333334 0.0))
    (3.5898974743685925 (0.177 -0.009333333333333334 0.0))
    (3.590897724431108 (0.177 -0.009333333333333334 0.0))
    (3.591897974493624 (0.177 -0.009333333333333334 0.0))
    (3.5928982245561394 (0.177 -0.009333333333333334 0.0))
    (3.593898474618655 (0.177 -0.009333333333333334 0.0))
    (3.5948987246811708 (0.177 -0.009333333333333334 0.0))
    (3.5958989747436862 (0.177 -0.009333333333333334 0.0))
    (3.5968992248062017 (0.177 -0.009333333333333334 0.0))
    (3.5978994748687176 (0.177 -0.009333333333333334 0.0))
    (3.598899724931233 (0.177 -0.009333333333333334 0.0))
    (3.599899974993749 (0.177 -0.009333333333333334 0.0))
    (3.6009002250562645 (0.177 -0.009333333333333334 0.0))
    (3.60190047511878 (0.177 -0.009333333333333334 0.0))
    (3.602900725181296 (0.177 -0.009333333333333334 0.0))
    (3.6039009752438114 (0.177 -0.009333333333333334 0.0))
    (3.604901225306327 (0.177 -0.009333333333333334 0.0))
    (3.6059014753688428 (0.177 -0.009333333333333334 0.0))
    (3.6069017254313582 (0.177 -0.009333333333333334 0.0))
    (3.6079019754938737 (0.177 -0.009333333333333334 0.0))
    (3.6089022255563896 (0.177 -0.009333333333333334 0.0))
    (3.609902475618905 (0.177 -0.009333333333333334 0.0))
    (3.6109027256814206 (0.177 -0.009333333333333334 0.0))
    (3.6119029757439365 (0.177 -0.009333333333333334 0.0))
    (3.612903225806452 (0.177 -0.009333333333333334 0.0))
    (3.6139034758689674 (0.177 -0.009333333333333334 0.0))
    (3.6149037259314833 (0.177 -0.009333333333333334 0.0))
    (3.615903975993999 (0.177 -0.009333333333333334 0.0))
    (3.6169042260565143 (0.177 -0.009333333333333334 0.0))
    (3.61790447611903 (0.177 -0.009333333333333334 0.0))
    (3.6189047261815457 (0.177 -0.009333333333333334 0.0))
    (3.6199049762440616 (0.177 -0.009333333333333334 0.0))
    (3.620905226306577 (0.177 -0.009333333333333334 0.0))
    (3.6219054763690925 (0.177 -0.009333333333333334 0.0))
    (3.6229057264316085 (0.177 -0.009333333333333334 0.0))
    (3.623905976494124 (0.177 -0.009333333333333334 0.0))
    (3.6249062265566394 (0.177 -0.009333333333333334 0.0))
    (3.6259064766191553 (0.177 -0.009333333333333334 0.0))
    (3.626906726681671 (0.177 -0.009333333333333334 0.0))
    (3.6279069767441863 (0.177 -0.009333333333333334 0.0))
    (3.628907226806702 (0.177 -0.009333333333333334 0.0))
    (3.6299074768692177 (0.177 -0.009333333333333334 0.0))
    (3.630907726931733 (0.177 -0.009333333333333334 0.0))
    (3.631907976994249 (0.177 -0.009333333333333334 0.0))
    (3.6329082270567645 (0.177 -0.009333333333333334 0.0))
    (3.63390847711928 (0.177 -0.009333333333333334 0.0))
    (3.634908727181796 (0.177 -0.009333333333333334 0.0))
    (3.6359089772443114 (0.177 -0.009333333333333334 0.0))
    (3.6369092273068273 (0.177 -0.009333333333333334 0.0))
    (3.637909477369343 (0.177 -0.009333333333333334 0.0))
    (3.6389097274318583 (0.177 -0.009333333333333334 0.0))
    (3.639909977494374 (0.177 -0.009333333333333334 0.0))
    (3.6409102275568896 (0.177 -0.009333333333333334 0.0))
    (3.641910477619405 (0.177 -0.009333333333333334 0.0))
    (3.642910727681921 (0.177 -0.009333333333333334 0.0))
    (3.6439109777444365 (0.177 -0.009333333333333334 0.0))
    (3.644911227806952 (0.177 -0.009333333333333334 0.0))
    (3.645911477869468 (0.177 -0.009333333333333334 0.0))
    (3.6469117279319834 (0.177 -0.009333333333333334 0.0))
    (3.647911977994499 (0.177 -0.009333333333333334 0.0))
    (3.6489122280570148 (0.177 -0.009333333333333334 0.0))
    (3.6499124781195302 (0.177 -0.009333333333333334 0.0))
    (3.6509127281820457 (0.177 -0.009333333333333334 0.0))
    (3.6519129782445616 (0.177 -0.009333333333333334 0.0))
    (3.652913228307077 (0.177 -0.009333333333333334 0.0))
    (3.6539134783695926 (0.177 -0.009333333333333334 0.0))
    (3.6549137284321085 (0.177 -0.009333333333333334 0.0))
    (3.655913978494624 (0.177 -0.009333333333333334 0.0))
    (3.65691422855714 (0.177 -0.009333333333333334 0.0))
    (3.6579144786196554 (0.177 -0.009333333333333334 0.0))
    (3.658914728682171 (0.177 -0.009333333333333334 0.0))
    (3.6599149787446867 (0.177 -0.009333333333333334 0.0))
    (3.660915228807202 (0.177 -0.009333333333333334 0.0))
    (3.6619154788697177 (0.177 -0.009333333333333334 0.0))
    (3.6629157289322336 (0.177 -0.009333333333333334 0.0))
    (3.663915978994749 (0.177 -0.009333333333333334 0.0))
    (3.6649162290572646 (0.177 -0.009333333333333334 0.0))
    (3.6659164791197805 (0.177 -0.009333333333333334 0.0))
    (3.666916729182296 (0.177 -0.009333333333333334 0.0))
    (3.6679169792448114 (0.177 -0.009333333333333334 0.0))
    (3.6689172293073273 (0.177 -0.009333333333333334 0.0))
    (3.669917479369843 (0.177 -0.009333333333333334 0.0))
    (3.6709177294323583 (0.177 -0.009333333333333334 0.0))
    (3.671917979494874 (0.177 -0.009333333333333334 0.0))
    (3.6729182295573897 (0.177 -0.009333333333333334 0.0))
    (3.673918479619905 (0.177 -0.009333333333333334 0.0))
    (3.674918729682421 (0.177 -0.009333333333333334 0.0))
    (3.6759189797449365 (0.177 -0.009333333333333334 0.0))
    (3.6769192298074524 (0.177 -0.009333333333333334 0.0))
    (3.677919479869968 (0.177 -0.009333333333333334 0.0))
    (3.6789197299324834 (0.177 -0.009333333333333334 0.0))
    (3.6799199799949993 (0.177 -0.009333333333333334 0.0))
    (3.680920230057515 (0.177 -0.009333333333333334 0.0))
    (3.6819204801200303 (0.177 -0.009333333333333334 0.0))
    (3.682920730182546 (0.177 -0.009333333333333334 0.0))
    (3.6839209802450616 (0.177 -0.009333333333333334 0.0))
    (3.684921230307577 (0.177 -0.009333333333333334 0.0))
    (3.685921480370093 (0.177 -0.009333333333333334 0.0))
    (3.6869217304326085 (0.177 -0.009333333333333334 0.0))
    (3.687921980495124 (0.177 -0.009333333333333334 0.0))
    (3.68892223055764 (0.177 -0.009333333333333334 0.0))
    (3.6899224806201554 (0.177 -0.009333333333333334 0.0))
    (3.690922730682671 (0.177 -0.009333333333333334 0.0))
    (3.6919229807451868 (0.177 -0.009333333333333334 0.0))
    (3.6929232308077022 (0.177 -0.009333333333333334 0.0))
    (3.693923480870218 (0.177 -0.009333333333333334 0.0))
    (3.6949237309327336 (0.177 -0.009333333333333334 0.0))
    (3.695923980995249 (0.177 -0.009333333333333334 0.0))
    (3.696924231057765 (0.177 -0.009333333333333334 0.0))
    (3.6979244811202805 (0.177 -0.009333333333333334 0.0))
    (3.698924731182796 (0.177 -0.009333333333333334 0.0))
    (3.699924981245312 (0.177 -0.009333333333333334 0.0))
    (3.7009252313078274 (0.177 -0.009333333333333334 0.0))
    (3.701925481370343 (0.177 -0.009333333333333334 0.0))
    (3.7029257314328587 (0.177 -0.009333333333333334 0.0))
    (3.703925981495374 (0.177 -0.009333333333333334 0.0))
    (3.7049262315578897 (0.177 -0.009333333333333334 0.0))
    (3.7059264816204056 (0.177 -0.009333333333333334 0.0))
    (3.706926731682921 (0.177 -0.009333333333333334 0.0))
    (3.7079269817454366 (0.177 -0.009333333333333334 0.0))
    (3.7089272318079525 (0.177 -0.009333333333333334 0.0))
    (3.709927481870468 (0.177 -0.009333333333333334 0.0))
    (3.7109277319329834 (0.177 -0.009333333333333334 0.0))
    (3.7119279819954993 (0.177 -0.009333333333333334 0.0))
    (3.712928232058015 (0.177 -0.009333333333333334 0.0))
    (3.7139284821205307 (0.177 -0.009333333333333334 0.0))
    (3.714928732183046 (0.177 -0.009333333333333334 0.0))
    (3.7159289822455617 (0.177 -0.009333333333333334 0.0))
    (3.7169292323080776 (0.177 -0.009333333333333334 0.0))
    (3.717929482370593 (0.177 -0.009333333333333334 0.0))
    (3.7189297324331085 (0.177 -0.009333333333333334 0.0))
    (3.7199299824956245 (0.177 -0.009333333333333334 0.0))
    (3.72093023255814 (0.177 -0.009333333333333334 0.0))
    (3.7219304826206554 (0.177 -0.009333333333333334 0.0))
    (3.7229307326831713 (0.177 -0.009333333333333334 0.0))
    (3.723930982745687 (0.177 -0.009333333333333334 0.0))
    (3.7249312328082023 (0.177 -0.009333333333333334 0.0))
    (3.725931482870718 (0.177 -0.009333333333333334 0.0))
    (3.7269317329332337 (0.177 -0.009333333333333334 0.0))
    (3.727931982995749 (0.177 -0.009333333333333334 0.0))
    (3.728932233058265 (0.177 -0.009333333333333334 0.0))
    (3.7299324831207805 (0.177 -0.009333333333333334 0.0))
    (3.7309327331832964 (0.177 -0.009333333333333334 0.0))
    (3.731932983245812 (0.177 -0.009333333333333334 0.0))
    (3.7329332333083274 (0.177 -0.009333333333333334 0.0))
    (3.7339334833708433 (0.177 -0.009333333333333334 0.0))
    (3.7349337334333588 (0.177 -0.009333333333333334 0.0))
    (3.7359339834958742 (0.177 -0.009333333333333334 0.0))
    (3.73693423355839 (0.177 -0.009333333333333334 0.0))
    (3.7379344836209056 (0.177 -0.009333333333333334 0.0))
    (3.738934733683421 (0.177 -0.009333333333333334 0.0))
    (3.739934983745937 (0.177 -0.009333333333333334 0.0))
    (3.7409352338084525 (0.177 -0.009333333333333334 0.0))
    (3.741935483870968 (0.177 -0.009333333333333334 0.0))
    (3.742935733933484 (0.177 -0.009333333333333334 0.0))
    (3.7439359839959994 (0.177 -0.009333333333333334 0.0))
    (3.744936234058515 (0.177 -0.009333333333333334 0.0))
    (3.7459364841210308 (0.177 -0.009333333333333334 0.0))
    (3.7469367341835462 (0.177 -0.009333333333333334 0.0))
    (3.7479369842460617 (0.177 -0.009333333333333334 0.0))
    (3.7489372343085776 (0.177 -0.009333333333333334 0.0))
    (3.749937484371093 (0.177 -0.009333333333333334 0.0))
    (3.750937734433609 (0.177 -0.009333333333333334 0.0))
    (3.7519379844961245 (0.177 -0.009333333333333334 0.0))
    (3.75293823455864 (0.177 -0.009333333333333334 0.0))
    (3.753938484621156 (0.177 -0.009333333333333334 0.0))
    (3.7549387346836713 (0.177 -0.009333333333333334 0.0))
    (3.755938984746187 (0.177 -0.009333333333333334 0.0))
    (3.7569392348087027 (0.177 -0.009333333333333334 0.0))
    (3.757939484871218 (0.177 -0.009333333333333334 0.0))
    (3.7589397349337337 (0.177 -0.009333333333333334 0.0))
    (3.7599399849962496 (0.177 -0.009333333333333334 0.0))
    (3.760940235058765 (0.177 -0.009333333333333334 0.0))
    (3.7619404851212805 (0.177 -0.009333333333333334 0.0))
    (3.7629407351837965 (0.177 -0.009333333333333334 0.0))
    (3.763940985246312 (0.177 -0.009333333333333334 0.0))
    (3.7649412353088274 (0.177 -0.009333333333333334 0.0))
    (3.7659414853713433 (0.177 -0.009333333333333334 0.0))
    (3.766941735433859 (0.177 -0.009333333333333334 0.0))
    (3.7679419854963743 (0.177 -0.009333333333333334 0.0))
    (3.76894223555889 (0.177 -0.009333333333333334 0.0))
    (3.7699424856214057 (0.177 -0.009333333333333334 0.0))
    (3.7709427356839216 (0.177 -0.009333333333333334 0.0))
    (3.771942985746437 (0.177 -0.009333333333333334 0.0))
    (3.7729432358089525 (0.177 -0.009333333333333334 0.0))
    (3.7739434858714684 (0.177 -0.009333333333333334 0.0))
    (3.774943735933984 (0.177 -0.009333333333333334 0.0))
    (3.7759439859964994 (0.177 -0.009333333333333334 0.0))
    (3.7769442360590153 (0.177 -0.009333333333333334 0.0))
    (3.7779444861215308 (0.177 -0.009333333333333334 0.0))
    (3.7789447361840462 (0.177 -0.009333333333333334 0.0))
    (3.779944986246562 (0.177 -0.009333333333333334 0.0))
    (3.7809452363090776 (0.177 -0.009333333333333334 0.0))
    (3.781945486371593 (0.177 -0.009333333333333334 0.0))
    (3.782945736434109 (0.177 -0.009333333333333334 0.0))
    (3.7839459864966245 (0.177 -0.009333333333333334 0.0))
    (3.78494623655914 (0.177 -0.009333333333333334 0.0))
    (3.785946486621656 (0.177 -0.009333333333333334 0.0))
    (3.7869467366841714 (0.177 -0.009333333333333334 0.0))
    (3.7879469867466873 (0.177 -0.009333333333333334 0.0))
    (3.7889472368092028 (0.177 -0.009333333333333334 0.0))
    (3.7899474868717182 (0.177 -0.009333333333333334 0.0))
    (3.790947736934234 (0.177 -0.009333333333333334 0.0))
    (3.7919479869967496 (0.177 -0.009333333333333334 0.0))
    (3.792948237059265 (0.177 -0.009333333333333334 0.0))
    (3.793948487121781 (0.177 -0.009333333333333334 0.0))
    (3.7949487371842965 (0.177 -0.009333333333333334 0.0))
    (3.795948987246812 (0.177 -0.009333333333333334 0.0))
    (3.796949237309328 (0.177 -0.009333333333333334 0.0))
    (3.7979494873718433 (0.177 -0.009333333333333334 0.0))
    (3.798949737434359 (0.177 -0.009333333333333334 0.0))
    (3.7999499874968747 (0.177 -0.009333333333333334 0.0))
    (3.80095023755939 (0.177 -0.009333333333333334 0.0))
    (3.8019504876219057 (0.177 -0.009333333333333334 0.0))
    (3.8029507376844216 (0.177 -0.009333333333333334 0.0))
    (3.803950987746937 (0.177 -0.009333333333333334 0.0))
    (3.8049512378094525 (0.177 -0.009333333333333334 0.0))
    (3.8059514878719685 (0.177 -0.009333333333333334 0.0))
    (3.806951737934484 (0.177 -0.009333333333333334 0.0))
    (3.807951987997 (0.177 -0.009333333333333334 0.0))
    (3.8089522380595153 (0.177 -0.009333333333333334 0.0))
    (3.809952488122031 (0.177 -0.009333333333333334 0.0))
    (3.8109527381845467 (0.177 -0.009333333333333334 0.0))
    (3.811952988247062 (0.177 -0.009333333333333334 0.0))
    (3.8129532383095777 (0.177 -0.009333333333333334 0.0))
    (3.8139534883720936 (0.177 -0.009333333333333334 0.0))
    (3.814953738434609 (0.177 -0.009333333333333334 0.0))
    (3.8159539884971245 (0.177 -0.009333333333333334 0.0))
    (3.8169542385596404 (0.177 -0.009333333333333334 0.0))
    (3.817954488622156 (0.177 -0.009333333333333334 0.0))
    (3.8189547386846714 (0.177 -0.009333333333333334 0.0))
    (3.8199549887471873 (0.177 -0.009333333333333334 0.0))
    (3.820955238809703 (0.177 -0.009333333333333334 0.0))
    (3.8219554888722183 (0.177 -0.009333333333333334 0.0))
    (3.822955738934734 (0.177 -0.009333333333333334 0.0))
    (3.8239559889972496 (0.177 -0.009333333333333334 0.0))
    (3.8249562390597656 (0.177 -0.009333333333333334 0.0))
    (3.825956489122281 (0.177 -0.009333333333333334 0.0))
    (3.8269567391847965 (0.177 -0.009333333333333334 0.0))
    (3.8279569892473124 (0.177 -0.009333333333333334 0.0))
    (3.828957239309828 (0.177 -0.009333333333333334 0.0))
    (3.8299574893723434 (0.177 -0.009333333333333334 0.0))
    (3.8309577394348593 (0.177 -0.009333333333333334 0.0))
    (3.8319579894973748 (0.177 -0.009333333333333334 0.0))
    (3.8329582395598902 (0.177 -0.009333333333333334 0.0))
    (3.833958489622406 (0.177 -0.009333333333333334 0.0))
    (3.8349587396849216 (0.177 -0.009333333333333334 0.0))
    (3.835958989747437 (0.177 -0.009333333333333334 0.0))
    (3.836959239809953 (0.177 -0.009333333333333334 0.0))
    (3.8379594898724685 (0.177 -0.009333333333333334 0.0))
    (3.838959739934984 (0.177 -0.009333333333333334 0.0))
    (3.8399599899975 (0.177 -0.009333333333333334 0.0))
    (3.8409602400600154 (0.177 -0.009333333333333334 0.0))
    (3.841960490122531 (0.177 -0.009333333333333334 0.0))
    (3.8429607401850467 (0.177 -0.009333333333333334 0.0))
    (3.843960990247562 (0.177 -0.009333333333333334 0.0))
    (3.844961240310078 (0.177 -0.009333333333333334 0.0))
    (3.8459614903725936 (0.177 -0.009333333333333334 0.0))
    (3.846961740435109 (0.177 -0.009333333333333334 0.0))
    (3.847961990497625 (0.177 -0.009333333333333334 0.0))
    (3.8489622405601405 (0.177 -0.009333333333333334 0.0))
    (3.849962490622656 (0.177 -0.009333333333333334 0.0))
    (3.850962740685172 (0.177 -0.009333333333333334 0.0))
    (3.8519629907476873 (0.177 -0.009333333333333334 0.0))
    (3.852963240810203 (0.177 -0.009340740366251526 0.0))
    (3.8539634908727187 (0.177 -0.009410569267623663 0.0))
    (3.854963740935234 (0.177 -0.009480389694968791 0.0))
    (3.8559639909977497 (0.177 -0.009550193987860545 0.0))
    (3.8569642410602656 (0.177 -0.009619974487642775 0.0))
    (3.857964491122781 (0.177 -0.009689723538269815 0.0))
    (3.8589647411852965 (0.177 -0.009759433487146477 0.0))
    (3.8599649912478124 (0.177 -0.009829096685967669 0.0))
    (3.860965241310328 (0.177 -0.009898705491557531 0.0))
    (3.8619654913728434 (0.177 -0.00996825226670802 0.0))
    (3.8629657414353593 (0.177 -0.010037729381016831 0.0))
    (3.863965991497875 (0.177 -0.010107129211724573 0.0))
    (3.8649662415603907 (0.177 -0.010176444144551117 0.0))
    (3.865966491622906 (0.177 -0.010245666574530996 0.0))
    (3.8669667416854216 (0.177 -0.010314788906847797 0.0))
    (3.8679669917479376 (0.177 -0.010383803557667437 0.0))
    (3.868967241810453 (0.177 -0.010452702954970229 0.0))
    (3.8699674918729685 (0.177 -0.010521479539381647 0.0))
    (3.8709677419354844 (0.177 -0.010590125765001731 0.0))
    (3.871967991998 (0.177 -0.010658634100232973 0.0))
    (3.8729682420605154 (0.177 -0.010726997028606664 0.0))
    (3.8739684921230313 (0.177 -0.010795207049607576 0.0))
    (3.8749687421855468 (0.177 -0.01086325667949688 0.0))
    (3.8759689922480622 (0.177 -0.01093113845213324 0.0))
    (3.876969242310578 (0.177 -0.010998844919791965 0.0))
    (3.8779694923730936 (0.177 -0.011066368653982146 0.0))
    (3.878969742435609 (0.177 -0.011133702246261683 0.0))
    (3.879969992498125 (0.177 -0.011200838309050106 0.0))
    (3.8809702425606405 (0.177 -0.011267769476439116 0.0))
    (3.8819704926231564 (0.177 -0.011334488405000787 0.0))
    (3.882970742685672 (0.177 -0.01140098777459303 0.0))
    (3.8839709927481874 (0.177 -0.011467260289163193 0.0))
    (3.8849712428107033 (0.177 -0.011533298677548131 0.0))
    (3.8859714928732187 (0.177 -0.011599095694272032 0.0))
    (3.886971742935734 (0.177 -0.011664644120341539 0.0))
    (3.88797199299825 (0.177 -0.01172993676403782 0.0))
    (3.8889722430607656 (0.177 -0.011794966461705237 0.0))
    (3.889972493123281 (0.177 -0.011859726078537696 0.0))
    (3.890972743185797 (0.177 -0.01192420850936146 0.0))
    (3.8919729932483125 (0.177 -0.011988406679414297 0.0))
    (3.892973243310828 (0.177 -0.012052313545122102 0.0))
    (3.893973493373344 (0.177 -0.012115922094871676 0.0))
    (3.8949737434358593 (0.177 -0.012179225349779634 0.0))
    (3.895973993498375 (0.177 -0.012242216364458484 0.0))
    (3.8969742435608907 (0.177 -0.012304888227778652 0.0))
    (3.897974493623406 (0.177 -0.01236723406362635 0.0))
    (3.8989747436859217 (0.177 -0.012429247031658394 0.0))
    (3.8999749937484376 (0.177 -0.012490920328052687 0.0))
    (3.900975243810953 (0.177 -0.012552247186254334 0.0))
    (3.901975493873469 (0.177 -0.012613220877718464 0.0))
    (3.9029757439359845 (0.177 -0.012673834712648244 0.0))
    (3.9039759939985 (0.177 -0.012734082040728914 0.0))
    (3.904976244061016 (0.177 -0.01279395625185741 0.0))
    (3.9059764941235313 (0.177 -0.01285345077686762 0.0))
    (3.906976744186047 (0.177 -0.012912559088251117 0.0))
    (3.9079769942485627 (0.177 -0.012971274700873338 0.0))
    (3.908977244311078 (0.177 -0.013029591172685099 0.0))
    (3.9099774943735937 (0.177 -0.0130875021054294 0.0))
    (3.9109777444361096 (0.177 -0.013145001145343414 0.0))
    (3.911977994498625 (0.177 -0.013202081983855599 0.0))
    (3.9129782445611405 (0.177 -0.01325873835827784 0.0))
    (3.9139784946236564 (0.177 -0.013314964052492584 0.0))
    (3.914978744686172 (0.177 -0.013370752897634834 0.0))
    (3.9159789947486874 (0.177 -0.013426098772768982 0.0))
    (3.9169792448112033 (0.177 -0.013480995605560365 0.0))
    (3.9179794948737188 (0.177 -0.01353543737294151 0.0))
    (3.9189797449362347 (0.177 -0.01358941810177295 0.0))
    (3.91997999499875 (0.177 -0.013642931869498578 0.0))
    (3.9209802450612656 (0.177 -0.013695972804795455 0.0))
    (3.9219804951237816 (0.177 -0.01374853508821797 0.0))
    (3.922980745186297 (0.177 -0.013800612952836352 0.0))
    (3.9239809952488125 (0.177 -0.013852200684869366 0.0))
    (3.9249812453113284 (0.177 -0.013903292624311236 0.0))
    (3.925981495373844 (0.177 -0.013953883165552617 0.0))
    (3.9269817454363594 (0.177 -0.014003966757995633 0.0))
    (3.9279819954988753 (0.177 -0.01405353790666286 0.0))
    (3.9289822455613908 (0.177 -0.01410259117280022 0.0))
    (3.9299824956239062 (0.177 -0.014151121174473695 0.0))
    (3.930982745686422 (0.177 -0.014199122587159812 0.0))
    (3.9319829957489376 (0.177 -0.014246590144329833 0.0))
    (3.932983245811453 (0.177 -0.014293518638027575 0.0))
    (3.933983495873969 (0.177 -0.014339902919440806 0.0))
    (3.9349837459364845 (0.177 -0.014385737899466157 0.0))
    (3.935983995999 (0.177 -0.014431018549267472 0.0))
    (3.936984246061516 (0.177 -0.014475739900827561 0.0))
    (3.9379844961240313 (0.177 -0.014519897047493263 0.0))
    (3.9389847461865473 (0.177 -0.014563485144513819 0.0))
    (3.9399849962490627 (0.177 -0.01460649940957227 0.0))
    (3.940985246311578 (0.177 -0.014648935123310454 0.0))
    (3.941985496374094 (0.177 -0.01469078762984652 0.0))
    (3.9429857464366096 (0.177 -0.014732052337285771 0.0))
    (3.943985996499125 (0.177 -0.014772724718224708 0.0))
    (3.944986246561641 (0.177 -0.014812800310247518 0.0))
    (3.9459864966241565 (0.177 -0.014852274716415668 0.0))
    (3.946986746686672 (0.177 -0.014891143605750569 0.0))
    (3.947986996749188 (0.177 -0.014929402713708503 0.0))
    (3.9489872468117033 (0.177 -0.014967047842648528 0.0))
    (3.949987496874219 (0.177 -0.01500407486229325 0.0))
    (3.9509877469367347 (0.177 -0.015040479710181746 0.0))
    (3.95198799699925 (0.177 -0.015076258392115295 0.0))
    (3.9529882470617657 (0.177 -0.015111406982595825 0.0))
    (3.9539884971242816 (0.177 -0.015145921625256372 0.0))
    (3.954988747186797 (0.177 -0.015179798533284203 0.0))
    (3.9559889972493125 (0.177 -0.015213033989836491 0.0))
    (3.9569892473118284 (0.177 -0.015245624348447905 0.0))
    (3.957989497374344 (0.177 -0.015277566033430699 0.0))
    (3.95898974743686 (0.177 -0.015308855540267223 0.0))
    (3.9599899974993753 (0.177 -0.015339489435994134 0.0))
    (3.9609902475618908 (0.177 -0.015369464359579268 0.0))
    (3.9619904976244067 (0.177 -0.01539877702229038 0.0))
    (3.962990747686922 (0.177 -0.0154274242080558 0.0))
    (3.9639909977494376 (0.177 -0.015455402773817468 0.0))
    (3.9649912478119536 (0.177 -0.015482709649875769 0.0))
    (3.965991497874469 (0.177 -0.015509341840226168 0.0))
    (3.9669917479369845 (0.177 -0.01553529642288808 0.0))
    (3.9679919979995004 (0.177 -0.015560570550225458 0.0))
    (3.968992248062016 (0.177 -0.015585161449259076 0.0))
    (3.9699924981245314 (0.177 -0.01560906642197091 0.0))
    (3.9709927481870473 (0.177 -0.01563228284560016 0.0))
    (3.9719929982495628 (0.177 -0.01565480817293087 0.0))
    (3.9729932483120782 (0.177 -0.015676639932571526 0.0))
    (3.973993498374594 (0.177 -0.015697775729226218 0.0))
    (3.9749937484371096 (0.177 -0.015718213243957314 0.0))
    (3.9759939984996255 (0.177 -0.015737950234440013 0.0))
    (3.976994248562141 (0.177 -0.015756984535208303 0.0))
    (3.9779944986246565 (0.177 -0.015775314057892564 0.0))
    (3.9789947486871724 (0.177 -0.015792936791448692 0.0))
    (3.979994998749688 (0.177 -0.015809850802378744 0.0))
    (3.9809952488122033 (0.177 -0.01582605423494307 0.0))
    (3.9819954988747193 (0.177 -0.015841545311363926 0.0))
    (3.9829957489372347 (0.177 -0.015856322332020518 0.0))
    (3.98399599899975 (0.177 -0.015870383675635476 0.0))
    (3.984996249062266 (0.177 -0.015883727799452744 0.0))
    (3.9859964991247816 (0.177 -0.015896353239406837 0.0))
    (3.986996749187297 (0.177 -0.01590825861028347 0.0))
    (3.987996999249813 (0.177 -0.01591944260587155 0.0))
    (3.9889972493123285 (0.177 -0.01592990399910648 0.0))
    (3.989997499374844 (0.177 -0.015939641642204783 0.0))
    (3.99099774943736 (0.177 -0.015948654466790047 0.0))
    (3.9919979994998753 (0.177 -0.015956941484010133 0.0))
    (3.992998249562391 (0.177 -0.01596450178464566 0.0))
    (3.9939984996249067 (0.177 -0.01597133453920979 0.0))
    (3.994998749687422 (0.177 -0.015977438998039196 0.0))
    (3.995998999749938 (0.177 -0.015982814491376347 0.0))
    (3.9969992498124536 (0.177 -0.015987460429442973 0.0))
    (3.997999499874969 (0.177 -0.015991376302504776 0.0))
    (3.998999749937485 (0.177 -0.015994561680927357 0.0))
    (4.0 (0.177 -0.015997016215223356 0.0))
)
