(
    (0.0 (0.095 -0.009333333333333334 0.0))
    (0.001000250062515629 (0.095 -0.009333333333333334 0.0))
    (0.002000500125031258 (0.095 -0.009333333333333334 0.0))
    (0.003000750187546887 (0.095 -0.009333333333333334 0.0))
    (0.004001000250062516 (0.095 -0.009333333333333334 0.0))
    (0.005001250312578145 (0.095 -0.009333333333333334 0.0))
    (0.006001500375093774 (0.095 -0.009333333333333334 0.0))
    (0.007001750437609403 (0.095 -0.009333333333333334 0.0))
    (0.008002000500125032 (0.095 -0.009333333333333334 0.0))
    (0.009002250562640661 (0.095 -0.009333333333333334 0.0))
    (0.01000250062515629 (0.095 -0.009333333333333334 0.0))
    (0.01100275068767192 (0.095 -0.009333333333333334 0.0))
    (0.012003000750187547 (0.095 -0.009333333333333334 0.0))
    (0.013003250812703177 (0.095 -0.009333333333333334 0.0))
    (0.014003500875218806 (0.095 -0.009333333333333334 0.0))
    (0.015003750937734435 (0.095 -0.009333333333333334 0.0))
    (0.016004001000250064 (0.095 -0.009333333333333334 0.0))
    (0.017004251062765693 (0.095 -0.009333333333333334 0.0))
    (0.018004501125281323 (0.095 -0.009333333333333334 0.0))
    (0.019004751187796952 (0.095 -0.009333333333333334 0.0))
    (0.02000500125031258 (0.095 -0.009333333333333334 0.0))
    (0.02100525131282821 (0.095 -0.009333333333333334 0.0))
    (0.02200550137534384 (0.095 -0.009333333333333334 0.0))
    (0.02300575143785947 (0.095 -0.009333333333333334 0.0))
    (0.024006001500375095 (0.095 -0.009333333333333334 0.0))
    (0.025006251562890724 (0.095 -0.009333333333333334 0.0))
    (0.026006501625406353 (0.095 -0.009333333333333334 0.0))
    (0.027006751687921982 (0.095 -0.009333333333333334 0.0))
    (0.02800700175043761 (0.095 -0.009333333333333334 0.0))
    (0.02900725181295324 (0.095 -0.009333333333333334 0.0))
    (0.03000750187546887 (0.095 -0.009333333333333334 0.0))
    (0.0310077519379845 (0.095 -0.009333333333333334 0.0))
    (0.03200800200050013 (0.095 -0.009333333333333334 0.0))
    (0.033008252063015754 (0.095 -0.009333333333333334 0.0))
    (0.03400850212553139 (0.095 -0.009333333333333334 0.0))
    (0.03500875218804701 (0.095 -0.009333333333333334 0.0))
    (0.036009002250562645 (0.095 -0.009333333333333334 0.0))
    (0.03700925231307827 (0.095 -0.009333333333333334 0.0))
    (0.038009502375593904 (0.095 -0.009333333333333334 0.0))
    (0.03900975243810953 (0.095 -0.009333333333333334 0.0))
    (0.04001000250062516 (0.095 -0.009333333333333334 0.0))
    (0.04101025256314079 (0.095 -0.009333333333333334 0.0))
    (0.04201050262565642 (0.095 -0.009333333333333334 0.0))
    (0.043010752688172046 (0.095 -0.009333333333333334 0.0))
    (0.04401100275068768 (0.095 -0.009333333333333334 0.0))
    (0.045011252813203305 (0.095 -0.009333333333333334 0.0))
    (0.04601150287571894 (0.095 -0.009333333333333334 0.0))
    (0.04701175293823456 (0.095 -0.009333333333333334 0.0))
    (0.04801200300075019 (0.095 -0.009333333333333334 0.0))
    (0.04901225306326582 (0.095 -0.009333333333333334 0.0))
    (0.05001250312578145 (0.095 -0.009333333333333334 0.0))
    (0.05101275318829708 (0.095 -0.009333333333333334 0.0))
    (0.052013003250812706 (0.095 -0.009333333333333334 0.0))
    (0.05301325331332834 (0.095 -0.009333333333333334 0.0))
    (0.054013503375843964 (0.095 -0.009333333333333334 0.0))
    (0.0550137534383596 (0.095 -0.009333333333333334 0.0))
    (0.05601400350087522 (0.095 -0.009333333333333334 0.0))
    (0.057014253563390856 (0.095 -0.009333333333333334 0.0))
    (0.05801450362590648 (0.095 -0.009333333333333334 0.0))
    (0.059014753688422114 (0.095 -0.009333333333333334 0.0))
    (0.06001500375093774 (0.095 -0.009333333333333334 0.0))
    (0.06101525381345337 (0.095 -0.009333333333333334 0.0))
    (0.062015503875969 (0.095 -0.009333333333333334 0.0))
    (0.06301575393848463 (0.095 -0.009333333333333334 0.0))
    (0.06401600400100026 (0.095 -0.009333333333333334 0.0))
    (0.06501625406351588 (0.095 -0.009333333333333334 0.0))
    (0.06601650412603151 (0.095 -0.009333333333333334 0.0))
    (0.06701675418854715 (0.095 -0.009333333333333334 0.0))
    (0.06801700425106277 (0.095 -0.009333333333333334 0.0))
    (0.0690172543135784 (0.095 -0.009333333333333334 0.0))
    (0.07001750437609403 (0.095 -0.009333333333333334 0.0))
    (0.07101775443860966 (0.095 -0.009333333333333334 0.0))
    (0.07201800450112529 (0.095 -0.009333333333333334 0.0))
    (0.07301825456364092 (0.095 -0.009333333333333334 0.0))
    (0.07401850462615654 (0.095 -0.009333333333333334 0.0))
    (0.07501875468867218 (0.095 -0.009333333333333334 0.0))
    (0.07601900475118781 (0.095 -0.009333333333333334 0.0))
    (0.07701925481370343 (0.095 -0.009333333333333334 0.0))
    (0.07801950487621906 (0.095 -0.009333333333333334 0.0))
    (0.0790197549387347 (0.095 -0.009333333333333334 0.0))
    (0.08002000500125032 (0.095 -0.009333333333333334 0.0))
    (0.08102025506376595 (0.095 -0.009333333333333334 0.0))
    (0.08202050512628158 (0.095 -0.009333333333333334 0.0))
    (0.0830207551887972 (0.095 -0.009333333333333334 0.0))
    (0.08402100525131284 (0.095 -0.009333333333333334 0.0))
    (0.08502125531382847 (0.095 -0.009333333333333334 0.0))
    (0.08602150537634409 (0.095 -0.009333333333333334 0.0))
    (0.08702175543885972 (0.095 -0.009333333333333334 0.0))
    (0.08802200550137536 (0.095 -0.009333333333333334 0.0))
    (0.08902225556389098 (0.095 -0.009333333333333334 0.0))
    (0.09002250562640661 (0.095 -0.009333333333333334 0.0))
    (0.09102275568892224 (0.095 -0.009333333333333334 0.0))
    (0.09202300575143788 (0.095 -0.009333333333333334 0.0))
    (0.0930232558139535 (0.095 -0.009333333333333334 0.0))
    (0.09402350587646913 (0.095 -0.009333333333333334 0.0))
    (0.09502375593898475 (0.095 -0.009333333333333334 0.0))
    (0.09602400600150038 (0.095 -0.009333333333333334 0.0))
    (0.09702425606401602 (0.095 -0.009333333333333334 0.0))
    (0.09802450612653164 (0.095 -0.009333333333333334 0.0))
    (0.09902475618904727 (0.095 -0.009333333333333334 0.0))
    (0.1000250062515629 (0.095 -0.009333333333333334 0.0))
    (0.10102525631407853 (0.095 -0.009333333333333334 0.0))
    (0.10202550637659416 (0.095 -0.009333333333333334 0.0))
    (0.10302575643910979 (0.095 -0.009333333333333334 0.0))
    (0.10402600650162541 (0.095 -0.009333333333333334 0.0))
    (0.10502625656414105 (0.095 -0.009333333333333334 0.0))
    (0.10602650662665668 (0.095 -0.009333333333333334 0.0))
    (0.1070267566891723 (0.095 -0.009333333333333334 0.0))
    (0.10802700675168793 (0.095 -0.009333333333333334 0.0))
    (0.10902725681420357 (0.095 -0.009333333333333334 0.0))
    (0.1100275068767192 (0.095 -0.009333333333333334 0.0))
    (0.11102775693923482 (0.095 -0.009333333333333334 0.0))
    (0.11202800700175045 (0.095 -0.009333333333333334 0.0))
    (0.11302825706426607 (0.095 -0.009333333333333334 0.0))
    (0.11402850712678171 (0.095 -0.009333333333333334 0.0))
    (0.11502875718929734 (0.095 -0.009333333333333334 0.0))
    (0.11602900725181296 (0.095 -0.009333333333333334 0.0))
    (0.11702925731432859 (0.095 -0.009333333333333334 0.0))
    (0.11802950737684423 (0.095 -0.009333333333333334 0.0))
    (0.11902975743935985 (0.095 -0.009333333333333334 0.0))
    (0.12003000750187548 (0.095 -0.009333333333333334 0.0))
    (0.1210302575643911 (0.095 -0.009333333333333334 0.0))
    (0.12203050762690675 (0.095 -0.009333333333333334 0.0))
    (0.12303075768942237 (0.095 -0.009333333333333334 0.0))
    (0.124031007751938 (0.095 -0.009333333333333334 0.0))
    (0.12503125781445362 (0.095 -0.009333333333333334 0.0))
    (0.12603150787696926 (0.095 -0.009333333333333334 0.0))
    (0.12703175793948487 (0.095 -0.009333333333333334 0.0))
    (0.1280320080020005 (0.095 -0.009333333333333334 0.0))
    (0.12903225806451615 (0.095 -0.009333333333333334 0.0))
    (0.13003250812703177 (0.095 -0.009333333333333334 0.0))
    (0.1310327581895474 (0.095 -0.009333333333333334 0.0))
    (0.13203300825206302 (0.095 -0.009333333333333334 0.0))
    (0.13303325831457866 (0.095 -0.009333333333333334 0.0))
    (0.1340335083770943 (0.095 -0.009333333333333334 0.0))
    (0.1350337584396099 (0.095 -0.009333333333333334 0.0))
    (0.13603400850212555 (0.095 -0.009355654152996502 0.0))
    (0.1370342585646412 (0.095 -0.00942548188793536 0.0))
    (0.1380345086271568 (0.095 -0.00949529951269237 0.0))
    (0.13903475868967244 (0.095 -0.009565099367148663 0.0))
    (0.14003500875218805 (0.095 -0.009634873793135051 0.0))
    (0.1410352588147037 (0.095 -0.009704615135272265 0.0))
    (0.14203550887721933 (0.095 -0.009774315741810865 0.0))
    (0.14303575893973494 (0.095 -0.00984396796547076 0.0))
    (0.14403600900225058 (0.095 -0.009913564164280244 0.0))
    (0.1450362590647662 (0.095 -0.00998309670241444 0.0))
    (0.14603650912728183 (0.095 -0.010052557951033072 0.0))
    (0.14703675918979747 (0.095 -0.010121940289117474 0.0))
    (0.14803700925231308 (0.095 -0.010191236104306734 0.0))
    (0.14903725931482872 (0.095 -0.010260437793732907 0.0))
    (0.15003750937734436 (0.095 -0.010329537764855148 0.0))
    (0.15103775943985998 (0.095 -0.010398528436292756 0.0))
    (0.15203800950237562 (0.095 -0.01046740223865697 0.0))
    (0.15303825956489123 (0.095 -0.010536151615381444 0.0))
    (0.15403850962740687 (0.095 -0.010604769023551338 0.0))
    (0.1550387596899225 (0.095 -0.01067324693473088 0.0))
    (0.15603900975243812 (0.095 -0.010741577835789374 0.0))
    (0.15703925981495376 (0.095 -0.010809754229725502 0.0))
    (0.1580395098774694 (0.095 -0.01087776863648987 0.0))
    (0.159039759939985 (0.095 -0.01094561359380568 0.0))
    (0.16004001000250065 (0.095 -0.011013281657987482 0.0))
    (0.16104026006501626 (0.095 -0.011080765404757843 0.0))
    (0.1620405101275319 (0.095 -0.011148057430061928 0.0))
    (0.16304076019004754 (0.095 -0.011215150350879837 0.0))
    (0.16404101025256315 (0.095 -0.011282036806036637 0.0))
    (0.1650412603150788 (0.095 -0.011348709457010012 0.0))
    (0.1660415103775944 (0.095 -0.011415160988735407 0.0))
    (0.16704176044011004 (0.095 -0.011481384110408615 0.0))
    (0.16804201050262568 (0.095 -0.011547371556285694 0.0))
    (0.1690422605651413 (0.095 -0.011613116086480132 0.0))
    (0.17004251062765693 (0.095 -0.011678610487757188 0.0))
    (0.17104276069017257 (0.095 -0.011743847574325296 0.0))
    (0.17204301075268819 (0.095 -0.011808820188624452 0.0))
    (0.17304326081520383 (0.095 -0.011873521202111537 0.0))
    (0.17404351087771944 (0.095 -0.011937943516042408 0.0))
    (0.17504376094023508 (0.095 -0.012002080062250762 0.0))
    (0.17604401100275072 (0.095 -0.012065923803923618 0.0))
    (0.17704426106526633 (0.095 -0.012129467736373372 0.0))
    (0.17804451112778197 (0.095 -0.01219270488780633 0.0))
    (0.17904476119029758 (0.095 -0.012255628320087617 0.0))
    (0.18004501125281322 (0.095 -0.012318231129502406 0.0))
    (0.18104526131532886 (0.095 -0.012380506447513366 0.0))
    (0.18204551137784447 (0.095 -0.012442447441514255 0.0))
    (0.1830457614403601 (0.095 -0.01250404731557956 0.0))
    (0.18404601150287575 (0.095 -0.012565299311210127 0.0))
    (0.18504626156539136 (0.095 -0.012626196708074673 0.0))
    (0.186046511627907 (0.095 -0.012686732824747117 0.0))
    (0.1870467616904226 (0.095 -0.012746901019439635 0.0))
    (0.18804701175293825 (0.095 -0.012806694690731379 0.0))
    (0.1890472618154539 (0.095 -0.012866107278292753 0.0))
    (0.1900475118779695 (0.095 -0.012925132263605189 0.0))
    (0.19104776194048514 (0.095 -0.012983763170676337 0.0))
    (0.19204801200300076 (0.095 -0.013041993566750575 0.0))
    (0.1930482620655164 (0.095 -0.013099817063014805 0.0))
    (0.19404851212803204 (0.095 -0.013157227315299388 0.0))
    (0.19504876219054765 (0.095 -0.01321421802477421 0.0))
    (0.1960490122530633 (0.095 -0.013270782938639775 0.0))
    (0.19704926231557893 (0.095 -0.013326915850813224 0.0))
    (0.19804951237809454 (0.095 -0.013382610602609242 0.0))
    (0.19904976244061018 (0.095 -0.01343786108341578 0.0))
    (0.2000500125031258 (0.095 -0.013492661231364469 0.0))
    (0.20105026256564143 (0.095 -0.013547005033995725 0.0))
    (0.20205051262815707 (0.095 -0.013600886528918391 0.0))
    (0.20305076269067268 (0.095 -0.01365429980446392 0.0))
    (0.20405101275318832 (0.095 -0.013707239000334985 0.0))
    (0.20505126281570396 (0.095 -0.013759698308248431 0.0))
    (0.20605151287821957 (0.095 -0.013811671972572555 0.0))
    (0.2070517629407352 (0.095 -0.013863154290958583 0.0))
    (0.20805201300325082 (0.095 -0.013914139614966306 0.0))
    (0.20905226306576646 (0.095 -0.013964622350683818 0.0))
    (0.2100525131282821 (0.095 -0.014014596959341243 0.0))
    (0.21105276319079772 (0.095 -0.014064057957918435 0.0))
    (0.21205301325331335 (0.095 -0.014112999919746561 0.0))
    (0.21305326331582897 (0.095 -0.01416141747510347 0.0))
    (0.2140535133783446 (0.095 -0.014209305311802874 0.0))
    (0.21505376344086025 (0.095 -0.014256658175777146 0.0))
    (0.21605401350337586 (0.095 -0.014303470871653793 0.0))
    (0.2170542635658915 (0.095 -0.014349738263325477 0.0))
    (0.21805451362840714 (0.095 -0.014395455274513514 0.0))
    (0.21905476369092275 (0.095 -0.014440616889324829 0.0))
    (0.2200550137534384 (0.095 -0.014485218152802293 0.0))
    (0.221055263815954 (0.095 -0.01452925417146834 0.0))
    (0.22205551387846964 (0.095 -0.014572720113861879 0.0))
    (0.22305576394098528 (0.095 -0.01461561121106837 0.0))
    (0.2240560140035009 (0.095 -0.01465792275724306 0.0))
    (0.22505626406601653 (0.095 -0.014699650110127286 0.0))
    (0.22605651412853214 (0.095 -0.014740788691557804 0.0))
    (0.22705676419104778 (0.095 -0.01478133398796909 0.0))
    (0.22805701425356342 (0.095 -0.014821281550888552 0.0))
    (0.22905726431607903 (0.095 -0.014860626997424594 0.0))
    (0.23005751437859467 (0.095 -0.014899366010747497 0.0))
    (0.2310577644411103 (0.095 -0.014937494340563042 0.0))
    (0.23205801450362593 (0.095 -0.014975007803578824 0.0))
    (0.23305826456614157 (0.095 -0.015011902283963251 0.0))
    (0.23405851462865718 (0.095 -0.015048173733797094 0.0))
    (0.23505876469117282 (0.095 -0.015083818173517626 0.0))
    (0.23605901475368846 (0.095 -0.015118831692355233 0.0))
    (0.23705926481620407 (0.095 -0.01515321044876249 0.0))
    (0.2380595148787197 (0.095 -0.015186950670835642 0.0))
    (0.23905976494123535 (0.095 -0.015220048656728451 0.0))
    (0.24006001500375096 (0.095 -0.015252500775058332 0.0))
    (0.2410602650662666 (0.095 -0.01528430346530479 0.0))
    (0.2420605151287822 (0.095 -0.015315453238200053 0.0))
    (0.24306076519129785 (0.095 -0.015345946676111912 0.0))
    (0.2440610152538135 (0.095 -0.015375780433418682 0.0))
    (0.2450612653163291 (0.095 -0.015404951236876276 0.0))
    (0.24606151537884474 (0.095 -0.015433455885977334 0.0))
    (0.24706176544136035 (0.095 -0.015461291253302359 0.0))
    (0.248062015503876 (0.095 -0.015488454284862861 0.0))
    (0.24906226556639163 (0.095 -0.015514942000436419 0.0))
    (0.25006251562890724 (0.095 -0.01554075149389366 0.0))
    (0.2510627656914229 (0.095 -0.015565879933517112 0.0))
    (0.2520630157539385 (0.095 -0.015590324562311887 0.0))
    (0.25306326581645416 (0.095 -0.015614082698308163 0.0))
    (0.25406351587896975 (0.095 -0.01563715173485545 0.0))
    (0.2550637659414854 (0.095 -0.01565952914090857 0.0))
    (0.256064016004001 (0.095 -0.01568121246130537 0.0))
    (0.25706426606651667 (0.095 -0.01570219931703607 0.0))
    (0.2580645161290323 (0.095 -0.015722487405504294 0.0))
    (0.2590647661915479 (0.095 -0.015742074500779697 0.0))
    (0.26006501625406353 (0.095 -0.0157609584538422 0.0))
    (0.26106526631657917 (0.095 -0.015779137192817736 0.0))
    (0.2620655163790948 (0.095 -0.01579660872320561 0.0))
    (0.26306576644161045 (0.095 -0.015813371128097307 0.0))
    (0.26406601650412603 (0.095 -0.0158294225683868 0.0))
    (0.2650662665666417 (0.095 -0.015844761282972346 0.0))
    (0.2660665166291573 (0.095 -0.015859385588949705 0.0))
    (0.26706676669167295 (0.095 -0.015873293881796764 0.0))
    (0.2680670167541886 (0.095 -0.015886484635549605 0.0))
    (0.26906726681670423 (0.095 -0.01589895640296991 0.0))
    (0.2700675168792198 (0.095 -0.015910707815703754 0.0))
    (0.27106776694173546 (0.095 -0.015921737584431727 0.0))
    (0.2720680170042511 (0.095 -0.01593204449901041 0.0))
    (0.27306826706676673 (0.095 -0.01594162742860512 0.0))
    (0.2740685171292824 (0.095 -0.015950485321814013 0.0))
    (0.27506876719179796 (0.095 -0.015958617206783418 0.0))
    (0.2760690172543136 (0.095 -0.01596602219131447 0.0))
    (0.27706926731682924 (0.095 -0.015972699462961 0.0))
    (0.2780695173793449 (0.095 -0.015978648289118668 0.0))
    (0.2790697674418605 (0.095 -0.015983868017105357 0.0))
    (0.2800700175043761 (0.095 -0.015988358074232767 0.0))
    (0.28107026756689174 (0.095 -0.015992117967869247 0.0))
    (0.2820705176294074 (0.095 -0.015995147285493862 0.0))
    (0.283070767691923 (0.095 -0.015997445694741638 0.0))
    (0.28407101775443866 (0.095 -0.015999012943440027 0.0))
    (0.28507126781695424 (0.095 -0.01599984885963658 0.0))
    (0.2860715178794699 (0.095 -0.015999953351617826 0.0))
    (0.2870717679419855 (0.095 -0.015999326407919304 0.0))
    (0.28807201800450116 (0.095 -0.015997968097326842 0.0))
    (0.2890722680670168 (0.095 -0.01599587856886901 0.0))
    (0.2900725181295324 (0.095 -0.015993058051800763 0.0))
    (0.291072768192048 (0.095 -0.01598950685557829 0.0))
    (0.29207301825456367 (0.095 -0.015985225369825055 0.0))
    (0.2930732683170793 (0.095 -0.015980214064289067 0.0))
    (0.29407351837959494 (0.095 -0.015974473488791323 0.0))
    (0.2950737684421106 (0.095 -0.01596800427316549 0.0))
    (0.29607401850462617 (0.095 -0.015960807127188805 0.0))
    (0.2970742685671418 (0.095 -0.015952882840504196 0.0))
    (0.29807451862965745 (0.095 -0.015944232282533652 0.0))
    (0.2990747686921731 (0.095 -0.015934856402382826 0.0))
    (0.3000750187546887 (0.095 -0.0159247562287369 0.0))
    (0.3010752688172043 (0.095 -0.015913932869747745 0.0))
    (0.30207551887971995 (0.095 -0.0159023875129123 0.0))
    (0.3030757689422356 (0.095 -0.015890121424942328 0.0))
    (0.30407601900475123 (0.095 -0.015877135951625397 0.0))
    (0.30507626906726687 (0.095 -0.01586343251767726 0.0))
    (0.30607651912978245 (0.095 -0.015849012626585505 0.0))
    (0.3070767691922981 (0.095 -0.015833877860444635 0.0))
    (0.30807701925481373 (0.095 -0.015818029879782463 0.0))
    (0.3090772693173294 (0.095 -0.01580147042337793 0.0))
    (0.310077519379845 (0.095 -0.01578420130807034 0.0))
    (0.3110777694423606 (0.095 -0.015766224428560016 0.0))
    (0.31207801950487624 (0.095 -0.015747541757200414 0.0))
    (0.3130782695673919 (0.095 -0.015728155343781747 0.0))
    (0.3140785196299075 (0.095 -0.015708067315306065 0.0))
    (0.31507876969242316 (0.095 -0.015687279875753912 0.0))
    (0.3160790197549388 (0.095 -0.015665795305842486 0.0))
    (0.3170792698174544 (0.095 -0.01564361596277544 0.0))
    (0.31807951987997 (0.095 -0.015620744279984219 0.0))
    (0.31907976994248566 (0.095 -0.015597182766861117 0.0))
    (0.3200800200050013 (0.095 -0.015572934008483929 0.0))
    (0.32108027006751694 (0.095 -0.015548000665332328 0.0))
    (0.3220805201300325 (0.095 -0.015522385472995979 0.0))
    (0.32308077019254816 (0.095 -0.015496091241874385 0.0))
    (0.3240810202550638 (0.095 -0.015469120856868558 0.0))
    (0.32508127031757944 (0.095 -0.015441477277064483 0.0))
    (0.3260815203800951 (0.095 -0.015413163535408475 0.0))
    (0.32708177044261066 (0.095 -0.015384182738374401 0.0))
    (0.3280820205051263 (0.095 -0.015354538065622854 0.0))
    (0.32908227056764194 (0.095 -0.0153242327696523 0.0))
    (0.3300825206301576 (0.095 -0.015293270175442216 0.0))
    (0.3310827706926732 (0.095 -0.015261653680088296 0.0))
    (0.3320830207551888 (0.095 -0.01522938675242973 0.0))
    (0.33308327081770445 (0.095 -0.01519647293266861 0.0))
    (0.3340835208802201 (0.095 -0.015162915831981526 0.0))
    (0.3350837709427357 (0.095 -0.015128719132123353 0.0))
    (0.33608402100525137 (0.095 -0.015093886585023305 0.0))
    (0.33708427106776695 (0.095 -0.01505842201237329 0.0))
    (0.3380845211302826 (0.095 -0.015022329305208602 0.0))
    (0.33908477119279823 (0.095 -0.014985612423481023 0.0))
    (0.34008502125531387 (0.095 -0.01494827539562434 0.0))
    (0.3410852713178295 (0.095 -0.01491032231811237 0.0))
    (0.34208552138034515 (0.095 -0.014871757355009509 0.0))
    (0.34308577144286073 (0.095 -0.014832584737513865 0.0))
    (0.34408602150537637 (0.095 -0.014792808763493023 0.0))
    (0.345086271567892 (0.095 -0.014752433797012514 0.0))
    (0.34608652163040765 (0.095 -0.01471146426785699 0.0))
    (0.3470867716929233 (0.095 -0.014669904671044214 0.0))
    (0.3480870217554389 (0.095 -0.014627759566331888 0.0))
    (0.3490872718179545 (0.095 -0.014585033577717356 0.0))
    (0.35008752188047015 (0.095 -0.014541731392930305 0.0))
    (0.3510877719429858 (0.095 -0.01449785776291842 0.0))
    (0.35208802200550143 (0.095 -0.014453417501326145 0.0))
    (0.353088272068017 (0.095 -0.014408415483966541 0.0))
    (0.35408852213053266 (0.095 -0.014362856648286322 0.0))
    (0.3550887721930483 (0.095 -0.014316745992824165 0.0))
    (0.35608902225556394 (0.095 -0.014270088576662256 0.0))
    (0.3570892723180796 (0.095 -0.014222889518871254 0.0))
    (0.35808952238059516 (0.095 -0.014175153997948636 0.0))
    (0.3590897724431108 (0.095 -0.01412688725125052 0.0))
    (0.36009002250562644 (0.095 -0.014078094574417069 0.0))
    (0.3610902725681421 (0.095 -0.01402878132079145 0.0))
    (0.3620905226306577 (0.095 -0.013978952900832503 0.0))
    (0.36309077269317336 (0.095 -0.013928614781521114 0.0))
    (0.36409102275568894 (0.095 -0.013877772485760408 0.0))
    (0.3650912728182046 (0.095 -0.013826431591769786 0.0))
    (0.3660915228807202 (0.095 -0.013774597732472922 0.0))
    (0.36709177294323586 (0.095 -0.013722276594879727 0.0))
    (0.3680920230057515 (0.095 -0.013669473919462388 0.0))
    (0.3690922730682671 (0.095 -0.01361619549952557 0.0))
    (0.3700925231307827 (0.095 -0.01356244718057076 0.0))
    (0.37109277319329836 (0.095 -0.013508234859654961 0.0))
    (0.372093023255814 (0.095 -0.01345356448474366 0.0))
    (0.37309327331832964 (0.095 -0.013398442054058253 0.0))
    (0.3740935233808452 (0.095 -0.013342873615417947 0.0))
    (0.37509377344336087 (0.095 -0.013286865265576197 0.0))
    (0.3760940235058765 (0.095 -0.013230423149551824 0.0))
    (0.37709427356839215 (0.095 -0.01317355345995478 0.0))
    (0.3780945236309078 (0.095 -0.01311626243630674 0.0))
    (0.37909477369342337 (0.095 -0.01305855636435651 0.0))
    (0.380095023755939 (0.095 -0.013000441575390381 0.0))
    (0.38109527381845465 (0.095 -0.0129419244455375 0.0))
    (0.3820955238809703 (0.095 -0.012883011395070284 0.0))
    (0.38309577394348593 (0.095 -0.012823708887700033 0.0))
    (0.3840960240060015 (0.095 -0.012764023429867745 0.0))
    (0.38509627406851715 (0.095 -0.012703961570030245 0.0))
    (0.3860965241310328 (0.095 -0.012643529897941744 0.0))
    (0.38709677419354843 (0.095 -0.012582735043930803 0.0))
    (0.38809702425606407 (0.095 -0.012521583678172906 0.0))
    (0.3890972743185797 (0.095 -0.01246008250995861 0.0))
    (0.3900975243810953 (0.095 -0.012398238286957457 0.0))
    (0.39109777444361093 (0.095 -0.01233605779447761 0.0))
    (0.3920980245061266 (0.095 -0.012273547854721428 0.0))
    (0.3930982745686422 (0.095 -0.01221071532603694 0.0))
    (0.39409852463115785 (0.095 -0.012147567102165384 0.0))
    (0.39509877469367344 (0.095 -0.012084110111484851 0.0))
    (0.3960990247561891 (0.095 -0.012020351316250118 0.0))
    (0.3970992748187047 (0.095 -0.011956297711828798 0.0))
    (0.39809952488122036 (0.095 -0.011891956325933817 0.0))
    (0.399099774943736 (0.095 -0.011827334217852372 0.0))
    (0.4001000250062516 (0.095 -0.01176243847767141 0.0))
    (0.4011002750687672 (0.095 -0.011697276225499719 0.0))
    (0.40210052513128286 (0.095 -0.011631854610686762 0.0))
    (0.4031007751937985 (0.095 -0.011566180811038258 0.0))
    (0.40410102525631414 (0.095 -0.011500262032028672 0.0))
    (0.4051012753188297 (0.095 -0.01143410550601065 0.0))
    (0.40610152538134536 (0.095 -0.011367718491421512 0.0))
    (0.407101775443861 (0.095 -0.011301108271986902 0.0))
    (0.40810202550637664 (0.095 -0.011234282155921623 0.0))
    (0.4091022755688923 (0.095 -0.011167247475127828 0.0))
    (0.4101025256314079 (0.095 -0.01110001158439057 0.0))
    (0.4111027756939235 (0.095 -0.011032581860570895 0.0))
    (0.41210302575643915 (0.095 -0.010964965701796439 0.0))
    (0.4131032758189548 (0.095 -0.010897170526649777 0.0))
    (0.4141035258814704 (0.095 -0.01082920377335446 0.0))
    (0.41510377594398606 (0.095 -0.01076107289895892 0.0))
    (0.41610402600650165 (0.095 -0.010692785378518336 0.0))
    (0.4171042760690173 (0.095 -0.01062434870427446 0.0))
    (0.4181045261315329 (0.095 -0.010555770384833647 0.0))
    (0.41910477619404857 (0.095 -0.010487057944342989 0.0))
    (0.4201050262565642 (0.095 -0.010418218921664838 0.0))
    (0.4211052763190798 (0.095 -0.010349260869549647 0.0))
    (0.42210552638159543 (0.095 -0.0102801913538073 0.0))
    (0.42310577644411107 (0.095 -0.010211017952477065 0.0))
    (0.4241060265066267 (0.095 -0.010141748254996117 0.0))
    (0.42510627656914235 (0.095 -0.010072389861366876 0.0))
    (0.42610652663165793 (0.095 -0.01000295038132316 0.0))
    (0.4271067766941736 (0.095 -0.009933437433495264 0.0))
    (0.4281070267566892 (0.095 -0.009863858644574099 0.0))
    (0.42910727681920485 (0.095 -0.00979422164847439 0.0))
    (0.4301075268817205 (0.095 -0.009724534085497142 0.0))
    (0.43110777694423613 (0.095 -0.00965480360149135 0.0))
    (0.4321080270067517 (0.095 -0.00958503784701515 0.0))
    (0.43310827706926736 (0.095 -0.0095152444764964 0.0))
    (0.434108527131783 (0.095 -0.009445431147392895 0.0))
    (0.43510877719429863 (0.095 -0.00937560551935221 0.0))
    (0.4361090272568143 (0.095 -0.009333333333333334 0.0))
    (0.43710927731932986 (0.095 -0.009333333333333334 0.0))
    (0.4381095273818455 (0.095 -0.009333333333333334 0.0))
    (0.43910977744436114 (0.095 -0.009333333333333334 0.0))
    (0.4401100275068768 (0.095 -0.009333333333333334 0.0))
    (0.4411102775693924 (0.095 -0.009333333333333334 0.0))
    (0.442110527631908 (0.095 -0.009333333333333334 0.0))
    (0.44311077769442364 (0.095 -0.009333333333333334 0.0))
    (0.4441110277569393 (0.095 -0.009333333333333334 0.0))
    (0.4451112778194549 (0.095 -0.009333333333333334 0.0))
    (0.44611152788197056 (0.095 -0.009333333333333334 0.0))
    (0.44711177794448614 (0.095 -0.009333333333333334 0.0))
    (0.4481120280070018 (0.095 -0.009333333333333334 0.0))
    (0.4491122780695174 (0.095 -0.009333333333333334 0.0))
    (0.45011252813203306 (0.095 -0.009333333333333334 0.0))
    (0.4511127781945487 (0.095 -0.009333333333333334 0.0))
    (0.4521130282570643 (0.095 -0.009333333333333334 0.0))
    (0.4531132783195799 (0.095 -0.009333333333333334 0.0))
    (0.45411352838209557 (0.095 -0.009333333333333334 0.0))
    (0.4551137784446112 (0.095 -0.009333333333333334 0.0))
    (0.45611402850712685 (0.095 -0.009333333333333334 0.0))
    (0.4571142785696425 (0.095 -0.009333333333333334 0.0))
    (0.45811452863215807 (0.095 -0.009333333333333334 0.0))
    (0.4591147786946737 (0.095 -0.009333333333333334 0.0))
    (0.46011502875718935 (0.095 -0.009333333333333334 0.0))
    (0.461115278819705 (0.095 -0.009333333333333334 0.0))
    (0.4621155288822206 (0.095 -0.009333333333333334 0.0))
    (0.4631157789447362 (0.095 -0.009333333333333334 0.0))
    (0.46411602900725185 (0.095 -0.009333333333333334 0.0))
    (0.4651162790697675 (0.095 -0.009333333333333334 0.0))
    (0.46611652913228313 (0.095 -0.009333333333333334 0.0))
    (0.46711677919479877 (0.095 -0.009333333333333334 0.0))
    (0.46811702925731435 (0.095 -0.009333333333333334 0.0))
    (0.46911727931983 (0.095 -0.009333333333333334 0.0))
    (0.47011752938234563 (0.095 -0.009333333333333334 0.0))
    (0.4711177794448613 (0.095 -0.009333333333333334 0.0))
    (0.4721180295073769 (0.095 -0.009333333333333334 0.0))
    (0.4731182795698925 (0.095 -0.009333333333333334 0.0))
    (0.47411852963240814 (0.095 -0.009333333333333334 0.0))
    (0.4751187796949238 (0.095 -0.009333333333333334 0.0))
    (0.4761190297574394 (0.095 -0.009333333333333334 0.0))
    (0.47711927981995506 (0.095 -0.009333333333333334 0.0))
    (0.4781195298824707 (0.095 -0.009333333333333334 0.0))
    (0.4791197799449863 (0.095 -0.009333333333333334 0.0))
    (0.4801200300075019 (0.095 -0.009333333333333334 0.0))
    (0.48112028007001756 (0.095 -0.009333333333333334 0.0))
    (0.4821205301325332 (0.095 -0.009333333333333334 0.0))
    (0.48312078019504884 (0.095 -0.009333333333333334 0.0))
    (0.4841210302575644 (0.095 -0.009333333333333334 0.0))
    (0.48512128032008006 (0.095 -0.009333333333333334 0.0))
    (0.4861215303825957 (0.095 -0.009333333333333334 0.0))
    (0.48712178044511134 (0.095 -0.009333333333333334 0.0))
    (0.488122030507627 (0.095 -0.009333333333333334 0.0))
    (0.48912228057014256 (0.095 -0.009333333333333334 0.0))
    (0.4901225306326582 (0.095 -0.009333333333333334 0.0))
    (0.49112278069517384 (0.095 -0.009333333333333334 0.0))
    (0.4921230307576895 (0.095 -0.009333333333333334 0.0))
    (0.4931232808202051 (0.095 -0.009333333333333334 0.0))
    (0.4941235308827207 (0.095 -0.009333333333333334 0.0))
    (0.49512378094523635 (0.095 -0.009333333333333334 0.0))
    (0.496124031007752 (0.095 -0.009333333333333334 0.0))
    (0.4971242810702676 (0.095 -0.009333333333333334 0.0))
    (0.49812453113278327 (0.095 -0.009333333333333334 0.0))
    (0.49912478119529885 (0.095 -0.009333333333333334 0.0))
    (0.5001250312578145 (0.095 -0.009333333333333334 0.0))
    (0.5011252813203302 (0.095 -0.009333333333333334 0.0))
    (0.5021255313828458 (0.095 -0.009333333333333334 0.0))
    (0.5031257814453614 (0.095 -0.009333333333333334 0.0))
    (0.504126031507877 (0.095 -0.009333333333333334 0.0))
    (0.5051262815703926 (0.095 -0.009333333333333334 0.0))
    (0.5061265316329083 (0.095 -0.009333333333333334 0.0))
    (0.5071267816954239 (0.095 -0.009333333333333334 0.0))
    (0.5081270317579395 (0.095 -0.009333333333333334 0.0))
    (0.5091272818204552 (0.095 -0.009333333333333334 0.0))
    (0.5101275318829708 (0.095 -0.009333333333333334 0.0))
    (0.5111277819454865 (0.095 -0.009333333333333334 0.0))
    (0.512128032008002 (0.095 -0.009333333333333334 0.0))
    (0.5131282820705176 (0.095 -0.009333333333333334 0.0))
    (0.5141285321330333 (0.095 -0.009333333333333334 0.0))
    (0.5151287821955489 (0.095 -0.009333333333333334 0.0))
    (0.5161290322580646 (0.095 -0.009333333333333334 0.0))
    (0.5171292823205802 (0.095 -0.009333333333333334 0.0))
    (0.5181295323830958 (0.095 -0.009333333333333334 0.0))
    (0.5191297824456115 (0.095 -0.009333333333333334 0.0))
    (0.5201300325081271 (0.095 -0.009333333333333334 0.0))
    (0.5211302825706428 (0.095 -0.009333333333333334 0.0))
    (0.5221305326331583 (0.095 -0.009333333333333334 0.0))
    (0.5231307826956739 (0.095 -0.009333333333333334 0.0))
    (0.5241310327581896 (0.095 -0.009333333333333334 0.0))
    (0.5251312828207052 (0.095 -0.009333333333333334 0.0))
    (0.5261315328832209 (0.095 -0.009333333333333334 0.0))
    (0.5271317829457365 (0.095 -0.009333333333333334 0.0))
    (0.5281320330082521 (0.095 -0.009333333333333334 0.0))
    (0.5291322830707678 (0.095 -0.009333333333333334 0.0))
    (0.5301325331332833 (0.095 -0.009333333333333334 0.0))
    (0.531132783195799 (0.095 -0.009333333333333334 0.0))
    (0.5321330332583146 (0.095 -0.009333333333333334 0.0))
    (0.5331332833208302 (0.095 -0.009333333333333334 0.0))
    (0.5341335333833459 (0.095 -0.009333333333333334 0.0))
    (0.5351337834458615 (0.095 -0.009333333333333334 0.0))
    (0.5361340335083772 (0.095 -0.009333333333333334 0.0))
    (0.5371342835708928 (0.095 -0.009333333333333334 0.0))
    (0.5381345336334085 (0.095 -0.009333333333333334 0.0))
    (0.539134783695924 (0.095 -0.009333333333333334 0.0))
    (0.5401350337584396 (0.095 -0.009333333333333334 0.0))
    (0.5411352838209553 (0.095 -0.009333333333333334 0.0))
    (0.5421355338834709 (0.095 -0.009333333333333334 0.0))
    (0.5431357839459866 (0.095 -0.009333333333333334 0.0))
    (0.5441360340085022 (0.095 -0.009333333333333334 0.0))
    (0.5451362840710178 (0.095 -0.009333333333333334 0.0))
    (0.5461365341335335 (0.095 -0.009333333333333334 0.0))
    (0.547136784196049 (0.095 -0.009333333333333334 0.0))
    (0.5481370342585647 (0.095 -0.009333333333333334 0.0))
    (0.5491372843210803 (0.095 -0.009333333333333334 0.0))
    (0.5501375343835959 (0.095 -0.009333333333333334 0.0))
    (0.5511377844461116 (0.095 -0.009333333333333334 0.0))
    (0.5521380345086272 (0.095 -0.009333333333333334 0.0))
    (0.5531382845711429 (0.095 -0.009333333333333334 0.0))
    (0.5541385346336585 (0.095 -0.009333333333333334 0.0))
    (0.5551387846961741 (0.095 -0.009333333333333334 0.0))
    (0.5561390347586898 (0.095 -0.009333333333333334 0.0))
    (0.5571392848212053 (0.095 -0.009333333333333334 0.0))
    (0.558139534883721 (0.095 -0.009333333333333334 0.0))
    (0.5591397849462366 (0.095 -0.009333333333333334 0.0))
    (0.5601400350087522 (0.095 -0.009333333333333334 0.0))
    (0.5611402850712679 (0.095 -0.009333333333333334 0.0))
    (0.5621405351337835 (0.095 -0.009333333333333334 0.0))
    (0.5631407851962992 (0.095 -0.009333333333333334 0.0))
    (0.5641410352588148 (0.095 -0.009333333333333334 0.0))
    (0.5651412853213303 (0.095 -0.009333333333333334 0.0))
    (0.566141535383846 (0.095 -0.009333333333333334 0.0))
    (0.5671417854463616 (0.095 -0.009333333333333334 0.0))
    (0.5681420355088773 (0.095 -0.009333333333333334 0.0))
    (0.5691422855713929 (0.095 -0.009333333333333334 0.0))
    (0.5701425356339085 (0.095 -0.009333333333333334 0.0))
    (0.5711427856964242 (0.095 -0.009333333333333334 0.0))
    (0.5721430357589398 (0.095 -0.009333333333333334 0.0))
    (0.5731432858214555 (0.095 -0.009333333333333334 0.0))
    (0.574143535883971 (0.095 -0.009333333333333334 0.0))
    (0.5751437859464866 (0.095 -0.009333333333333334 0.0))
    (0.5761440360090023 (0.095 -0.009333333333333334 0.0))
    (0.5771442860715179 (0.095 -0.009333333333333334 0.0))
    (0.5781445361340336 (0.095 -0.009333333333333334 0.0))
    (0.5791447861965492 (0.095 -0.009333333333333334 0.0))
    (0.5801450362590648 (0.095 -0.009333333333333334 0.0))
    (0.5811452863215805 (0.095 -0.009333333333333334 0.0))
    (0.582145536384096 (0.095 -0.009333333333333334 0.0))
    (0.5831457864466117 (0.095 -0.009333333333333334 0.0))
    (0.5841460365091273 (0.095 -0.009333333333333334 0.0))
    (0.585146286571643 (0.095 -0.009333333333333334 0.0))
    (0.5861465366341586 (0.095 -0.009333333333333334 0.0))
    (0.5871467866966742 (0.095 -0.009333333333333334 0.0))
    (0.5881470367591899 (0.095 -0.009333333333333334 0.0))
    (0.5891472868217055 (0.095 -0.009333333333333334 0.0))
    (0.5901475368842212 (0.095 -0.009333333333333334 0.0))
    (0.5911477869467368 (0.095 -0.009333333333333334 0.0))
    (0.5921480370092523 (0.095 -0.009333333333333334 0.0))
    (0.593148287071768 (0.095 -0.009333333333333334 0.0))
    (0.5941485371342836 (0.095 -0.009333333333333334 0.0))
    (0.5951487871967993 (0.095 -0.009333333333333334 0.0))
    (0.5961490372593149 (0.095 -0.009333333333333334 0.0))
    (0.5971492873218305 (0.095 -0.009333333333333334 0.0))
    (0.5981495373843462 (0.095 -0.009333333333333334 0.0))
    (0.5991497874468618 (0.095 -0.009333333333333334 0.0))
    (0.6001500375093775 (0.095 -0.009333333333333334 0.0))
    (0.601150287571893 (0.095 -0.009333333333333334 0.0))
    (0.6021505376344086 (0.095 -0.009333333333333334 0.0))
    (0.6031507876969243 (0.095 -0.009333333333333334 0.0))
    (0.6041510377594399 (0.095 -0.009333333333333334 0.0))
    (0.6051512878219556 (0.095 -0.009333333333333334 0.0))
    (0.6061515378844712 (0.095 -0.009333333333333334 0.0))
    (0.6071517879469868 (0.095 -0.009333333333333334 0.0))
    (0.6081520380095025 (0.095 -0.009333333333333334 0.0))
    (0.609152288072018 (0.095 -0.009333333333333334 0.0))
    (0.6101525381345337 (0.095 -0.009333333333333334 0.0))
    (0.6111527881970493 (0.095 -0.009333333333333334 0.0))
    (0.6121530382595649 (0.095 -0.009333333333333334 0.0))
    (0.6131532883220806 (0.095 -0.009333333333333334 0.0))
    (0.6141535383845962 (0.095 -0.009333333333333334 0.0))
    (0.6151537884471119 (0.095 -0.009333333333333334 0.0))
    (0.6161540385096275 (0.095 -0.009333333333333334 0.0))
    (0.617154288572143 (0.095 -0.009333333333333334 0.0))
    (0.6181545386346587 (0.095 -0.009333333333333334 0.0))
    (0.6191547886971743 (0.095 -0.009333333333333334 0.0))
    (0.62015503875969 (0.095 -0.009333333333333334 0.0))
    (0.6211552888222056 (0.095 -0.009333333333333334 0.0))
    (0.6221555388847212 (0.095 -0.009333333333333334 0.0))
    (0.6231557889472369 (0.095 -0.009333333333333334 0.0))
    (0.6241560390097525 (0.095 -0.009333333333333334 0.0))
    (0.6251562890722682 (0.095 -0.009333333333333334 0.0))
    (0.6261565391347838 (0.095 -0.009333333333333334 0.0))
    (0.6271567891972993 (0.095 -0.009333333333333334 0.0))
    (0.628157039259815 (0.095 -0.009333333333333334 0.0))
    (0.6291572893223306 (0.095 -0.009333333333333334 0.0))
    (0.6301575393848463 (0.095 -0.009333333333333334 0.0))
    (0.6311577894473619 (0.095 -0.009333333333333334 0.0))
    (0.6321580395098776 (0.095 -0.009333333333333334 0.0))
    (0.6331582895723932 (0.095 -0.009333333333333334 0.0))
    (0.6341585396349088 (0.095 -0.009333333333333334 0.0))
    (0.6351587896974245 (0.095 -0.009333333333333334 0.0))
    (0.63615903975994 (0.095 -0.009333333333333334 0.0))
    (0.6371592898224557 (0.095 -0.009333333333333334 0.0))
    (0.6381595398849713 (0.095 -0.009333333333333334 0.0))
    (0.6391597899474869 (0.095 -0.009333333333333334 0.0))
    (0.6401600400100026 (0.095 -0.009333333333333334 0.0))
    (0.6411602900725182 (0.095 -0.009333333333333334 0.0))
    (0.6421605401350339 (0.095 -0.009333333333333334 0.0))
    (0.6431607901975495 (0.095 -0.009333333333333334 0.0))
    (0.644161040260065 (0.095 -0.009333333333333334 0.0))
    (0.6451612903225807 (0.095 -0.009333333333333334 0.0))
    (0.6461615403850963 (0.095 -0.009333333333333334 0.0))
    (0.647161790447612 (0.095 -0.009333333333333334 0.0))
    (0.6481620405101276 (0.095 -0.009333333333333334 0.0))
    (0.6491622905726432 (0.095 -0.009333333333333334 0.0))
    (0.6501625406351589 (0.095 -0.009333333333333334 0.0))
    (0.6511627906976745 (0.095 -0.009333333333333334 0.0))
    (0.6521630407601902 (0.095 -0.009333333333333334 0.0))
    (0.6531632908227057 (0.095 -0.009333333333333334 0.0))
    (0.6541635408852213 (0.095 -0.009333333333333334 0.0))
    (0.655163790947737 (0.095 -0.009333333333333334 0.0))
    (0.6561640410102526 (0.095 -0.009333333333333334 0.0))
    (0.6571642910727683 (0.095 -0.009333333333333334 0.0))
    (0.6581645411352839 (0.095 -0.009333333333333334 0.0))
    (0.6591647911977995 (0.095 -0.009333333333333334 0.0))
    (0.6601650412603152 (0.095 -0.009333333333333334 0.0))
    (0.6611652913228308 (0.095 -0.009333333333333334 0.0))
    (0.6621655413853464 (0.095 -0.009333333333333334 0.0))
    (0.663165791447862 (0.095 -0.009333333333333334 0.0))
    (0.6641660415103776 (0.095 -0.009333333333333334 0.0))
    (0.6651662915728933 (0.095 -0.009333333333333334 0.0))
    (0.6661665416354089 (0.095 -0.009333333333333334 0.0))
    (0.6671667916979246 (0.095 -0.009333333333333334 0.0))
    (0.6681670417604402 (0.095 -0.009333333333333334 0.0))
    (0.6691672918229558 (0.095 -0.009333333333333334 0.0))
    (0.6701675418854715 (0.095 -0.009333333333333334 0.0))
    (0.671167791947987 (0.095 -0.009333333333333334 0.0))
    (0.6721680420105027 (0.095 -0.009333333333333334 0.0))
    (0.6731682920730183 (0.095 -0.009333333333333334 0.0))
    (0.6741685421355339 (0.095 -0.009333333333333334 0.0))
    (0.6751687921980496 (0.095 -0.009333333333333334 0.0))
    (0.6761690422605652 (0.095 -0.009333333333333334 0.0))
    (0.6771692923230809 (0.095 -0.009333333333333334 0.0))
    (0.6781695423855965 (0.095 -0.009333333333333334 0.0))
    (0.6791697924481122 (0.095 -0.009333333333333334 0.0))
    (0.6801700425106277 (0.095 -0.009333333333333334 0.0))
    (0.6811702925731433 (0.095 -0.009333333333333334 0.0))
    (0.682170542635659 (0.095 -0.009333333333333334 0.0))
    (0.6831707926981746 (0.095 -0.009333333333333334 0.0))
    (0.6841710427606903 (0.095 -0.009333333333333334 0.0))
    (0.6851712928232059 (0.095 -0.009333333333333334 0.0))
    (0.6861715428857215 (0.095 -0.009333333333333334 0.0))
    (0.6871717929482372 (0.095 -0.009333333333333334 0.0))
    (0.6881720430107527 (0.095 -0.009333333333333334 0.0))
    (0.6891722930732684 (0.095 -0.009333333333333334 0.0))
    (0.690172543135784 (0.095 -0.009333333333333334 0.0))
    (0.6911727931982996 (0.095 -0.009333333333333334 0.0))
    (0.6921730432608153 (0.095 -0.009333333333333334 0.0))
    (0.6931732933233309 (0.095 -0.009333333333333334 0.0))
    (0.6941735433858466 (0.095 -0.009333333333333334 0.0))
    (0.6951737934483622 (0.095 -0.009333333333333334 0.0))
    (0.6961740435108777 (0.095 -0.009333333333333334 0.0))
    (0.6971742935733934 (0.095 -0.009333333333333334 0.0))
    (0.698174543635909 (0.095 -0.009333333333333334 0.0))
    (0.6991747936984247 (0.095 -0.009333333333333334 0.0))
    (0.7001750437609403 (0.095 -0.009333333333333334 0.0))
    (0.7011752938234559 (0.095 -0.009333333333333334 0.0))
    (0.7021755438859716 (0.095 -0.009333333333333334 0.0))
    (0.7031757939484872 (0.095 -0.009333333333333334 0.0))
    (0.7041760440110029 (0.095 -0.009333333333333334 0.0))
    (0.7051762940735185 (0.095 -0.009333333333333334 0.0))
    (0.706176544136034 (0.095 -0.009333333333333334 0.0))
    (0.7071767941985497 (0.095 -0.009333333333333334 0.0))
    (0.7081770442610653 (0.095 -0.009333333333333334 0.0))
    (0.709177294323581 (0.095 -0.009333333333333334 0.0))
    (0.7101775443860966 (0.095 -0.009333333333333334 0.0))
    (0.7111777944486122 (0.095 -0.009333333333333334 0.0))
    (0.7121780445111279 (0.095 -0.009333333333333334 0.0))
    (0.7131782945736435 (0.095 -0.009333333333333334 0.0))
    (0.7141785446361592 (0.095 -0.009333333333333334 0.0))
    (0.7151787946986747 (0.095 -0.009333333333333334 0.0))
    (0.7161790447611903 (0.095 -0.009333333333333334 0.0))
    (0.717179294823706 (0.095 -0.009333333333333334 0.0))
    (0.7181795448862216 (0.095 -0.009333333333333334 0.0))
    (0.7191797949487373 (0.095 -0.009333333333333334 0.0))
    (0.7201800450112529 (0.095 -0.009333333333333334 0.0))
    (0.7211802950737685 (0.095 -0.009333333333333334 0.0))
    (0.7221805451362842 (0.095 -0.009333333333333334 0.0))
    (0.7231807951987997 (0.095 -0.009333333333333334 0.0))
    (0.7241810452613154 (0.095 -0.009333333333333334 0.0))
    (0.725181295323831 (0.095 -0.009333333333333334 0.0))
    (0.7261815453863467 (0.095 -0.009333333333333334 0.0))
    (0.7271817954488623 (0.095 -0.009333333333333334 0.0))
    (0.7281820455113779 (0.095 -0.009333333333333334 0.0))
    (0.7291822955738936 (0.095 -0.009333333333333334 0.0))
    (0.7301825456364092 (0.095 -0.009333333333333334 0.0))
    (0.7311827956989249 (0.095 -0.009333333333333334 0.0))
    (0.7321830457614404 (0.095 -0.009333333333333334 0.0))
    (0.733183295823956 (0.095 -0.009333333333333334 0.0))
    (0.7341835458864717 (0.095 -0.009333333333333334 0.0))
    (0.7351837959489873 (0.095 -0.009333333333333334 0.0))
    (0.736184046011503 (0.095 -0.00936612865658653 0.0))
    (0.7371842960740186 (0.095 -0.009435955363383782 0.0))
    (0.7381845461365342 (0.095 -0.00950577081089012 0.0))
    (0.7391847961990499 (0.095 -0.009575567339225537 0.0))
    (0.7401850462615654 (0.095 -0.009645337290585752 0.0))
    (0.7411852963240811 (0.095 -0.009715073010082474 0.0))
    (0.7421855463865967 (0.095 -0.009784766846583134 0.0))
    (0.7431857964491123 (0.095 -0.009854411153550412 0.0))
    (0.744186046511628 (0.095 -0.009923998289881223 0.0))
    (0.7451862965741436 (0.095 -0.009993520620744972 0.0))
    (0.7461865466366593 (0.095 -0.010062970518421286 0.0))
    (0.7471867966991749 (0.095 -0.010132340363136864 0.0))
    (0.7481870467616905 (0.095 -0.010201622543901553 0.0))
    (0.7491872968242062 (0.095 -0.010270809459343302 0.0))
    (0.7501875468867217 (0.095 -0.010339893518542198 0.0))
    (0.7511877969492374 (0.095 -0.010408867141863369 0.0))
    (0.752188047011753 (0.095 -0.010477722761788485 0.0))
    (0.7531882970742686 (0.095 -0.010546452823746095 0.0))
    (0.7541885471367843 (0.095 -0.010615049786940532 0.0))
    (0.7551887971992999 (0.095 -0.010683506125179149 0.0))
    (0.7561890472618156 (0.095 -0.010751814327698153 0.0))
    (0.7571892973243312 (0.095 -0.010819966899986603 0.0))
    (0.7581895473868467 (0.095 -0.010887956364608754 0.0))
    (0.7591897974493624 (0.095 -0.010955775262024355 0.0))
    (0.760190047511878 (0.095 -0.011023416151407119 0.0))
    (0.7611902975743937 (0.095 -0.011090871611461169 0.0))
    (0.7621905476369093 (0.095 -0.01115813424123516 0.0))
    (0.7631907976994249 (0.095 -0.011225196660934335 0.0))
    (0.7641910477619406 (0.095 -0.011292051512730262 0.0))
    (0.7651912978244562 (0.095 -0.011358691461568007 0.0))
    (0.7661915478869719 (0.095 -0.011425109195970964 0.0))
    (0.7671917979494874 (0.095 -0.011491297428843023 0.0))
    (0.768192048012003 (0.095 -0.011557248898268136 0.0))
    (0.7691922980745187 (0.095 -0.011622956368306975 0.0))
    (0.7701925481370343 (0.095 -0.011688412629790876 0.0))
    (0.77119279819955 (0.095 -0.011753610501112855 0.0))
    (0.7721930482620656 (0.095 -0.011818542829015444 0.0))
    (0.7731932983245813 (0.095 -0.01188320248937558 0.0))
    (0.7741935483870969 (0.095 -0.011947582387986216 0.0))
    (0.7751937984496124 (0.095 -0.012011675461334722 0.0))
    (0.7761940485121281 (0.095 -0.012075474677377775 0.0))
    (0.7771942985746437 (0.095 -0.012138973036312938 0.0))
    (0.7781945486371594 (0.095 -0.012202163571346694 0.0))
    (0.779194798699675 (0.095 -0.012265039349458724 0.0))
    (0.7801950487621906 (0.095 -0.012327593472162614 0.0))
    (0.7811952988247063 (0.095 -0.012389819076262784 0.0))
    (0.7821955488872219 (0.095 -0.012451709334607392 0.0))
    (0.7831957989497376 (0.095 -0.012513257456837446 0.0))
    (0.7841960490122531 (0.095 -0.012574456690131785 0.0))
    (0.7851962990747687 (0.095 -0.012635300319948037 0.0))
    (0.7861965491372844 (0.095 -0.012695781670759217 0.0))
    (0.7871967991998 (0.095 -0.012755894106786184 0.0))
    (0.7881970492623157 (0.095 -0.012815631032725745 0.0))
    (0.7891972993248313 (0.095 -0.012874985894474167 0.0))
    (0.7901975493873469 (0.095 -0.012933952179846327 0.0))
    (0.7911977994498626 (0.095 -0.012992523419290216 0.0))
    (0.7921980495123782 (0.095 -0.01305069318659672 0.0))
    (0.7931982995748939 (0.095 -0.013108455099604678 0.0))
    (0.7941985496374094 (0.095 -0.013165802820901119 0.0))
    (0.795198799699925 (0.095 -0.013222730058516617 0.0))
    (0.7961990497624407 (0.095 -0.013279230566615544 0.0))
    (0.7971992998249563 (0.095 -0.013335298146181382 0.0))
    (0.798199549887472 (0.095 -0.013390926645696874 0.0))
    (0.7991997999499876 (0.095 -0.01344610996181891 0.0))
    (0.8002000500125032 (0.095 -0.013500842040048162 0.0))
    (0.8012003000750189 (0.095 -0.013555116875393403 0.0))
    (0.8022005501375344 (0.095 -0.013608928513030284 0.0))
    (0.8032008002000501 (0.095 -0.013662271048954747 0.0))
    (0.8042010502625657 (0.095 -0.01371513863063072 0.0))
    (0.8052013003250813 (0.095 -0.013767525457632294 0.0))
    (0.806201550387597 (0.095 -0.013819425782280095 0.0))
    (0.8072018004501126 (0.095 -0.013870833910271874 0.0))
    (0.8082020505126283 (0.095 -0.013921744201307328 0.0))
    (0.8092023005751439 (0.095 -0.01397215106970686 0.0))
    (0.8102025506376594 (0.095 -0.014022048985024464 0.0))
    (0.8112028007001751 (0.095 -0.014071432472654504 0.0))
    (0.8122030507626907 (0.095 -0.014120296114432333 0.0))
    (0.8132033008252064 (0.095 -0.014168634549228776 0.0))
    (0.814203550887722 (0.095 -0.014216442473538336 0.0))
    (0.8152038009502377 (0.095 -0.014263714642061083 0.0))
    (0.8162040510127533 (0.095 -0.014310445868278107 0.0))
    (0.8172043010752689 (0.095 -0.014356631025020591 0.0))
    (0.8182045511377846 (0.095 -0.014402265045032371 0.0))
    (0.8192048012003001 (0.095 -0.014447342921525833 0.0))
    (0.8202050512628158 (0.095 -0.014491859708731288 0.0))
    (0.8212053013253314 (0.095 -0.014535810522439576 0.0))
    (0.822205551387847 (0.095 -0.014579190540537974 0.0))
    (0.8232058014503627 (0.095 -0.014621995003539218 0.0))
    (0.8242060515128783 (0.095 -0.014664219215103712 0.0))
    (0.825206301575394 (0.095 -0.014705858542554826 0.0))
    (0.8262065516379096 (0.095 -0.014746908417387121 0.0))
    (0.8272068017004252 (0.095 -0.014787364335767599 0.0))
    (0.8282070517629408 (0.095 -0.014827221859029904 0.0))
    (0.8292073018254564 (0.095 -0.014866476614161229 0.0))
    (0.8302075518879721 (0.095 -0.014905124294282165 0.0))
    (0.8312078019504877 (0.095 -0.014943160659119204 0.0))
    (0.8322080520130033 (0.095 -0.014980581535470012 0.0))
    (0.833208302075519 (0.095 -0.015017382817661226 0.0))
    (0.8342085521380346 (0.095 -0.015053560467998958 0.0))
    (0.8352088022005503 (0.095 -0.015089110517211811 0.0))
    (0.8362090522630659 (0.095 -0.015124029064886326 0.0))
    (0.8372093023255814 (0.095 -0.015158312279894934 0.0))
    (0.8382095523880971 (0.095 -0.015191956400816333 0.0))
    (0.8392098024506127 (0.095 -0.015224957736348117 0.0))
    (0.8402100525131284 (0.095 -0.015257312665711809 0.0))
    (0.841210302575644 (0.095 -0.015289017639050096 0.0))
    (0.8422105526381596 (0.095 -0.015320069177816347 0.0))
    (0.8432108027006753 (0.095 -0.01535046387515621 0.0))
    (0.8442110527631909 (0.095 -0.015380198396281426 0.0))
    (0.8452113028257066 (0.095 -0.015409269478835731 0.0))
    (0.8462115528882221 (0.095 -0.015437673933252747 0.0))
    (0.8472118029507377 (0.095 -0.015465408643105945 0.0))
    (0.8482120530132534 (0.095 -0.015492470565450594 0.0))
    (0.849212303075769 (0.095 -0.015518856731157576 0.0))
    (0.8502125531382847 (0.095 -0.01554456424523918 0.0))
    (0.8512128032008003 (0.095 -0.015569590287166701 0.0))
    (0.8522130532633159 (0.095 -0.015593932111179949 0.0))
    (0.8532133033258316 (0.095 -0.015617587046588433 0.0))
    (0.8542135533883471 (0.095 -0.01564055249806443 0.0))
    (0.8552138034508628 (0.095 -0.015662825945927723 0.0))
    (0.8562140535133784 (0.095 -0.015684404946422037 0.0))
    (0.857214303575894 (0.095 -0.01570528713198317 0.0))
    (0.8582145536384097 (0.095 -0.015725470211498754 0.0))
    (0.8592148037009253 (0.095 -0.015744951970559626 0.0))
    (0.860215053763441 (0.095 -0.015763730271702768 0.0))
    (0.8612153038259566 (0.095 -0.015781803054645847 0.0))
    (0.8622155538884723 (0.095 -0.015799168336513254 0.0))
    (0.8632158039509878 (0.095 -0.015815824212053638 0.0))
    (0.8642160540135034 (0.095 -0.015831768853848963 0.0))
    (0.8652163040760191 (0.095 -0.01584700051251501 0.0))
    (0.8662165541385347 (0.095 -0.01586151751689329 0.0))
    (0.8672168042010504 (0.095 -0.01587531827423441 0.0))
    (0.868217054263566 (0.095 -0.015888401270372828 0.0))
    (0.8692173043260816 (0.095 -0.015900765069892978 0.0))
    (0.8702175543885973 (0.095 -0.015912408316286746 0.0))
    (0.8712178044511129 (0.095 -0.015923329732102316 0.0))
    (0.8722180545136285 (0.095 -0.015933528119084335 0.0))
    (0.8732183045761441 (0.095 -0.015943002358305345 0.0))
    (0.8742185546386597 (0.095 -0.015951751410288584 0.0))
    (0.8752188047011754 (0.095 -0.01595977431512202 0.0))
    (0.876219054763691 (0.095 -0.015967070192563666 0.0))
    (0.8772193048262067 (0.095 -0.015973638242138162 0.0))
    (0.8782195548887223 (0.095 -0.015979477743224585 0.0))
    (0.8792198049512379 (0.095 -0.015984588055135546 0.0))
    (0.8802200550137536 (0.095 -0.015988968617187446 0.0))
    (0.8812203050762691 (0.095 -0.015992618948762014 0.0))
    (0.8822205551387848 (0.095 -0.015995538649359035 0.0))
    (0.8832208052013004 (0.095 -0.015997727398640294 0.0))
    (0.884221055263816 (0.095 -0.015999184956464706 0.0))
    (0.8852213053263317 (0.095 -0.015999911162914687 0.0))
    (0.8862215553888473 (0.095 -0.01599990593831368 0.0))
    (0.887221805451363 (0.095 -0.01599916928323491 0.0))
    (0.8882220555138786 (0.095 -0.01599770127850131 0.0))
    (0.8892223055763941 (0.095 -0.015995502085176666 0.0))
    (0.8902225556389098 (0.095 -0.01599257194454794 0.0))
    (0.8912228057014254 (0.095 -0.015988911178098787 0.0))
    (0.8922230557639411 (0.095 -0.015984520187474295 0.0))
    (0.8932233058264567 (0.095 -0.01597939945443692 0.0))
    (0.8942235558889723 (0.095 -0.015973549540813623 0.0))
    (0.895223805951488 (0.095 -0.01596697108843422 0.0))
    (0.8962240560140036 (0.095 -0.01595966481906099 0.0))
    (0.8972243060765193 (0.095 -0.01595163153430945 0.0))
    (0.8982245561390348 (0.095 -0.015942872115560433 0.0))
    (0.8992248062015504 (0.095 -0.015933387523863373 0.0))
    (0.9002250562640661 (0.095 -0.01592317879983087 0.0))
    (0.9012253063265817 (0.095 -0.015912247063524516 0.0))
    (0.9022255563890974 (0.095 -0.01590059351433199 0.0))
    (0.903225806451613 (0.095 -0.015888219430835498 0.0))
    (0.9042260565141286 (0.095 -0.015875126170671466 0.0))
    (0.9052263065766443 (0.095 -0.015861315170381585 0.0))
    (0.9062265566391599 (0.095 -0.01584678794525522 0.0))
    (0.9072268067016755 (0.095 -0.015831546089163144 0.0))
    (0.9082270567641911 (0.095 -0.015815591274382666 0.0))
    (0.9092273068267068 (0.095 -0.015798925251414145 0.0))
    (0.9102275568892224 (0.095 -0.015781549848788958 0.0))
    (0.911227806951738 (0.095 -0.015763466972868862 0.0))
    (0.9122280570142537 (0.095 -0.015744678607636824 0.0))
    (0.9132283070767693 (0.095 -0.015725186814479385 0.0))
    (0.914228557139285 (0.095 -0.015704993731960444 0.0))
    (0.9152288072018006 (0.095 -0.015684101575586674 0.0))
    (0.9162290572643161 (0.095 -0.015662512637564394 0.0))
    (0.9172293073268318 (0.095 -0.015640229286548107 0.0))
    (0.9182295573893474 (0.095 -0.015617253967380637 0.0))
    (0.9192298074518631 (0.095 -0.015593589200824834 0.0))
    (0.9202300575143787 (0.095 -0.01556923758328706 0.0))
    (0.9212303075768943 (0.095 -0.015544201786532314 0.0))
    (0.92223055763941 (0.095 -0.015518484557391053 0.0))
    (0.9232308077019256 (0.095 -0.015492088717457869 0.0))
    (0.9242310577644413 (0.095 -0.0154650171627819 0.0))
    (0.9252313078269568 (0.095 -0.015437272863549085 0.0))
    (0.9262315578894724 (0.095 -0.015408858863756262 0.0))
    (0.9272318079519881 (0.095 -0.015379778280877245 0.0))
    (0.9282320580145037 (0.095 -0.01535003430552075 0.0))
    (0.9292323080770194 (0.095 -0.015319630201080316 0.0))
    (0.930232558139535 (0.095 -0.015288569303376326 0.0))
    (0.9312328082020506 (0.095 -0.01525685502028994 0.0))
    (0.9322330582645663 (0.095 -0.015224490831389239 0.0))
    (0.9332333083270818 (0.095 -0.015191480287547444 0.0))
    (0.9342335583895975 (0.095 -0.015157827010553331 0.0))
    (0.9352338084521131 (0.095 -0.01512353469271388 0.0))
    (0.9362340585146287 (0.095 -0.015088607096449123 0.0))
    (0.9372343085771444 (0.095 -0.015053048053879393 0.0))
    (0.93823455863966 (0.095 -0.015016861466404876 0.0))
    (0.9392348087021757 (0.095 -0.014980051304277516 0.0))
    (0.9402350587646913 (0.095 -0.014942621606165468 0.0))
    (0.9412353088272069 (0.095 -0.014904576478709988 0.0))
    (0.9422355588897225 (0.095 -0.014865920096074806 0.0))
    (0.9432358089522381 (0.095 -0.014826656699488246 0.0))
    (0.9442360590147538 (0.095 -0.014786790596777821 0.0))
    (0.9452363090772694 (0.095 -0.014746326161897624 0.0))
    (0.946236559139785 (0.095 -0.01470526783444844 0.0))
    (0.9472368092023007 (0.095 -0.014663620119190634 0.0))
    (0.9482370592648163 (0.095 -0.014621387585549917 0.0))
    (0.949237309327332 (0.095 -0.014578574867116004 0.0))
    (0.9502375593898476 (0.095 -0.014535186661134236 0.0))
    (0.9512378094523631 (0.095 -0.014491227727990214 0.0))
    (0.9522380595148788 (0.095 -0.014446702890687505 0.0))
    (0.9532383095773944 (0.095 -0.01440161703431848 0.0))
    (0.9542385596399101 (0.095 -0.01435597510552837 0.0))
    (0.9552388097024257 (0.095 -0.014309782111972494 0.0))
    (0.9562390597649414 (0.095 -0.01426304312176684 0.0))
    (0.957239309827457 (0.095 -0.01421576326293207 0.0))
    (0.9582395598899726 (0.095 -0.014167947722830837 0.0))
    (0.9592398099524883 (0.095 -0.014119601747598638 0.0))
    (0.9602400600150038 (0.095 -0.014070730641568302 0.0))
    (0.9612403100775195 (0.095 -0.014021339766687931 0.0))
    (0.9622405601400351 (0.095 -0.013971434541932684 0.0))
    (0.9632408102025507 (0.095 -0.013921020442710156 0.0))
    (0.9642410602650664 (0.095 -0.013870103000259683 0.0))
    (0.965241310327582 (0.095 -0.013818687801045506 0.0))
    (0.9662415603900977 (0.095 -0.013766780486143746 0.0))
    (0.9672418104526133 (0.095 -0.013714386750623576 0.0))
    (0.9682420605151288 (0.095 -0.013661512342922382 0.0))
    (0.9692423105776445 (0.095 -0.013608163064214978 0.0))
    (0.9702425606401601 (0.095 -0.013554344767777213 0.0))
    (0.9712428107026758 (0.095 -0.013500063358343759 0.0))
    (0.9722430607651914 (0.095 -0.013445324791460225 0.0))
    (0.973243310827707 (0.095 -0.013390135072829747 0.0))
    (0.9742435608902227 (0.095 -0.013334500257654116 0.0))
    (0.9752438109527383 (0.095 -0.01327842644996938 0.0))
    (0.976244061015254 (0.095 -0.013221919801976104 0.0))
    (0.9772443110777695 (0.095 -0.013164986513364469 0.0))
    (0.9782445611402851 (0.095 -0.013107632830633981 0.0))
    (0.9792448112028008 (0.095 -0.013049865046408132 0.0))
    (0.9802450612653164 (0.095 -0.012991689498744078 0.0))
    (0.9812453113278321 (0.095 -0.012933112570437147 0.0))
    (0.9822455613903477 (0.095 -0.012874140688320648 0.0))
    (0.9832458114528633 (0.095 -0.012814780322560624 0.0))
    (0.984246061515379 (0.095 -0.012755037985946072 0.0))
    (0.9852463115778946 (0.095 -0.012694920233174374 0.0))
    (0.9862465616404102 (0.095 -0.012634433660132059 0.0))
    (0.9872468117029258 (0.095 -0.012573584903171212 0.0))
    (0.9882470617654414 (0.095 -0.012512380638381365 0.0))
    (0.9892473118279571 (0.095 -0.01245082758085693 0.0))
    (0.9902475618904727 (0.095 -0.01238893248396053 0.0))
    (0.9912478119529884 (0.095 -0.012326702138582044 0.0))
    (0.992248062015504 (0.095 -0.012264143372393494 0.0))
    (0.9932483120780196 (0.095 -0.012201263049099928 0.0))
    (0.9942485621405353 (0.095 -0.012138068067686452 0.0))
    (0.9952488122030508 (0.095 -0.01207456536166121 0.0))
    (0.9962490622655665 (0.095 -0.012010761898294663 0.0))
    (0.9972493123280821 (0.095 -0.011946664677855268 0.0))
    (0.9982495623905977 (0.095 -0.011882280732841331 0.0))
    (0.9992498124531134 (0.095 -0.011817617127209438 0.0))
    (1.000250062515629 (0.095 -0.011752680955599516 0.0))
    (1.0012503125781447 (0.095 -0.011687479342556317 0.0))
    (1.0022505626406604 (0.095 -0.011622019441747844 0.0))
    (1.0032508127031758 (0.095 -0.011556308435180409 0.0))
    (1.0042510627656915 (0.095 -0.011490353532410636 0.0))
    (1.0052513128282072 (0.095 -0.011424161969754569 0.0))
    (1.0062515628907227 (0.095 -0.011357741009493615 0.0))
    (1.0072518129532384 (0.095 -0.011291097939077765 0.0))
    (1.008252063015754 (0.095 -0.011224240070326142 0.0))
    (1.0092523130782696 (0.095 -0.011157174738624678 0.0))
    (1.0102525631407853 (0.095 -0.011089909302121295 0.0))
    (1.011252813203301 (0.095 -0.011022451140918712 0.0))
    (1.0122530632658167 (0.095 -0.01095480765626459 0.0))
    (1.0132533133283321 (0.095 -0.010886986269739623 0.0))
    (1.0142535633908478 (0.095 -0.010818994422443138 0.0))
    (1.0152538134533635 (0.095 -0.01075083957417679 0.0))
    (1.016254063515879 (0.095 -0.0106825292026261 0.0))
    (1.0172543135783947 (0.095 -0.010614070802539935 0.0))
    (1.0182545636409104 (0.095 -0.010545471884908314 0.0))
    (1.0192548137034259 (0.095 -0.010476739976138325 0.0))
    (1.0202550637659416 (0.095 -0.010407882617228262 0.0))
    (1.0212553138284572 (0.095 -0.010338907362940358 0.0))
    (1.022255563890973 (0.095 -0.01026982178097189 0.0))
    (1.0232558139534884 (0.095 -0.010200633451124834 0.0))
    (1.024256064016004 (0.095 -0.010131349964474238 0.0))
    (1.0252563140785198 (0.095 -0.010061978922535445 0.0))
    (1.0262565641410353 (0.095 -0.009992527936429997 0.0))
    (1.027256814203551 (0.095 -0.009923004626050563 0.0))
    (1.0282570642660667 (0.095 -0.009853416619225017 0.0))
    (1.0292573143285824 (0.095 -0.009783771550879424 0.0))
    (1.0302575643910978 (0.095 -0.00971407706220047 0.0))
    (1.0312578144536135 (0.095 -0.009644340799796982 0.0))
    (1.0322580645161292 (0.095 -0.00957457041486107 0.0))
    (1.0332583145786447 (0.095 -0.009504773562328676 0.0))
    (1.0342585646411604 (0.095 -0.009434957900039587 0.0))
    (1.035258814703676 (0.095 -0.009365131087897363 0.0))
    (1.0362590647661916 (0.095 -0.009333333333333334 0.0))
    (1.0372593148287073 (0.095 -0.009333333333333334 0.0))
    (1.038259564891223 (0.095 -0.009333333333333334 0.0))
    (1.0392598149537386 (0.095 -0.009333333333333334 0.0))
    (1.0402600650162541 (0.095 -0.009333333333333334 0.0))
    (1.0412603150787698 (0.095 -0.009333333333333334 0.0))
    (1.0422605651412855 (0.095 -0.009333333333333334 0.0))
    (1.043260815203801 (0.095 -0.009333333333333334 0.0))
    (1.0442610652663167 (0.095 -0.009333333333333334 0.0))
    (1.0452613153288324 (0.095 -0.009333333333333334 0.0))
    (1.0462615653913478 (0.095 -0.009333333333333334 0.0))
    (1.0472618154538635 (0.095 -0.009333333333333334 0.0))
    (1.0482620655163792 (0.095 -0.009333333333333334 0.0))
    (1.049262315578895 (0.095 -0.009333333333333334 0.0))
    (1.0502625656414104 (0.095 -0.009333333333333334 0.0))
    (1.051262815703926 (0.095 -0.009333333333333334 0.0))
    (1.0522630657664418 (0.095 -0.009333333333333334 0.0))
    (1.0532633158289573 (0.095 -0.009333333333333334 0.0))
    (1.054263565891473 (0.095 -0.009333333333333334 0.0))
    (1.0552638159539887 (0.095 -0.009333333333333334 0.0))
    (1.0562640660165041 (0.095 -0.009333333333333334 0.0))
    (1.0572643160790198 (0.095 -0.009333333333333334 0.0))
    (1.0582645661415355 (0.095 -0.009333333333333334 0.0))
    (1.0592648162040512 (0.095 -0.009333333333333334 0.0))
    (1.0602650662665667 (0.095 -0.009333333333333334 0.0))
    (1.0612653163290824 (0.095 -0.009333333333333334 0.0))
    (1.062265566391598 (0.095 -0.009333333333333334 0.0))
    (1.0632658164541136 (0.095 -0.009333333333333334 0.0))
    (1.0642660665166292 (0.095 -0.009333333333333334 0.0))
    (1.065266316579145 (0.095 -0.009333333333333334 0.0))
    (1.0662665666416604 (0.095 -0.009333333333333334 0.0))
    (1.0672668167041761 (0.095 -0.009333333333333334 0.0))
    (1.0682670667666918 (0.095 -0.009333333333333334 0.0))
    (1.0692673168292075 (0.095 -0.009333333333333334 0.0))
    (1.070267566891723 (0.095 -0.009333333333333334 0.0))
    (1.0712678169542387 (0.095 -0.009333333333333334 0.0))
    (1.0722680670167544 (0.095 -0.009333333333333334 0.0))
    (1.0732683170792698 (0.095 -0.009333333333333334 0.0))
    (1.0742685671417855 (0.095 -0.009333333333333334 0.0))
    (1.0752688172043012 (0.095 -0.009333333333333334 0.0))
    (1.076269067266817 (0.095 -0.009333333333333334 0.0))
    (1.0772693173293324 (0.095 -0.009333333333333334 0.0))
    (1.078269567391848 (0.095 -0.009333333333333334 0.0))
    (1.0792698174543638 (0.095 -0.009333333333333334 0.0))
    (1.0802700675168793 (0.095 -0.009333333333333334 0.0))
    (1.081270317579395 (0.095 -0.009333333333333334 0.0))
    (1.0822705676419107 (0.095 -0.009333333333333334 0.0))
    (1.0832708177044261 (0.095 -0.009333333333333334 0.0))
    (1.0842710677669418 (0.095 -0.009333333333333334 0.0))
    (1.0852713178294575 (0.095 -0.009333333333333334 0.0))
    (1.0862715678919732 (0.095 -0.009333333333333334 0.0))
    (1.0872718179544887 (0.095 -0.009333333333333334 0.0))
    (1.0882720680170044 (0.095 -0.009333333333333334 0.0))
    (1.08927231807952 (0.095 -0.009333333333333334 0.0))
    (1.0902725681420355 (0.095 -0.009333333333333334 0.0))
    (1.0912728182045512 (0.095 -0.009333333333333334 0.0))
    (1.092273068267067 (0.095 -0.009333333333333334 0.0))
    (1.0932733183295824 (0.095 -0.009333333333333334 0.0))
    (1.094273568392098 (0.095 -0.009333333333333334 0.0))
    (1.0952738184546138 (0.095 -0.009333333333333334 0.0))
    (1.0962740685171295 (0.095 -0.009333333333333334 0.0))
    (1.097274318579645 (0.095 -0.009333333333333334 0.0))
    (1.0982745686421607 (0.095 -0.009333333333333334 0.0))
    (1.0992748187046764 (0.095 -0.009333333333333334 0.0))
    (1.1002750687671918 (0.095 -0.009333333333333334 0.0))
    (1.1012753188297075 (0.095 -0.009333333333333334 0.0))
    (1.1022755688922232 (0.095 -0.009333333333333334 0.0))
    (1.1032758189547387 (0.095 -0.009333333333333334 0.0))
    (1.1042760690172544 (0.095 -0.009333333333333334 0.0))
    (1.10527631907977 (0.095 -0.009333333333333334 0.0))
    (1.1062765691422858 (0.095 -0.009333333333333334 0.0))
    (1.1072768192048013 (0.095 -0.009333333333333334 0.0))
    (1.108277069267317 (0.095 -0.009333333333333334 0.0))
    (1.1092773193298326 (0.095 -0.009333333333333334 0.0))
    (1.1102775693923481 (0.095 -0.009333333333333334 0.0))
    (1.1112778194548638 (0.095 -0.009333333333333334 0.0))
    (1.1122780695173795 (0.095 -0.009333333333333334 0.0))
    (1.113278319579895 (0.095 -0.009333333333333334 0.0))
    (1.1142785696424107 (0.095 -0.009333333333333334 0.0))
    (1.1152788197049264 (0.095 -0.009333333333333334 0.0))
    (1.116279069767442 (0.095 -0.009333333333333334 0.0))
    (1.1172793198299575 (0.095 -0.009333333333333334 0.0))
    (1.1182795698924732 (0.095 -0.009333333333333334 0.0))
    (1.119279819954989 (0.095 -0.009333333333333334 0.0))
    (1.1202800700175044 (0.095 -0.009333333333333334 0.0))
    (1.12128032008002 (0.095 -0.009333333333333334 0.0))
    (1.1222805701425358 (0.095 -0.009333333333333334 0.0))
    (1.1232808202050515 (0.095 -0.009333333333333334 0.0))
    (1.124281070267567 (0.095 -0.009333333333333334 0.0))
    (1.1252813203300827 (0.095 -0.009333333333333334 0.0))
    (1.1262815703925984 (0.095 -0.009333333333333334 0.0))
    (1.1272818204551138 (0.095 -0.009333333333333334 0.0))
    (1.1282820705176295 (0.095 -0.009333333333333334 0.0))
    (1.1292823205801452 (0.095 -0.009333333333333334 0.0))
    (1.1302825706426607 (0.095 -0.009333333333333334 0.0))
    (1.1312828207051764 (0.095 -0.009333333333333334 0.0))
    (1.132283070767692 (0.095 -0.009333333333333334 0.0))
    (1.1332833208302078 (0.095 -0.009333333333333334 0.0))
    (1.1342835708927232 (0.095 -0.009333333333333334 0.0))
    (1.135283820955239 (0.095 -0.009333333333333334 0.0))
    (1.1362840710177546 (0.095 -0.009333333333333334 0.0))
    (1.13728432108027 (0.095 -0.009333333333333334 0.0))
    (1.1382845711427858 (0.095 -0.009333333333333334 0.0))
    (1.1392848212053015 (0.095 -0.009333333333333334 0.0))
    (1.140285071267817 (0.095 -0.009333333333333334 0.0))
    (1.1412853213303327 (0.095 -0.009333333333333334 0.0))
    (1.1422855713928484 (0.095 -0.009333333333333334 0.0))
    (1.143285821455364 (0.095 -0.009333333333333334 0.0))
    (1.1442860715178795 (0.095 -0.009333333333333334 0.0))
    (1.1452863215803952 (0.095 -0.009333333333333334 0.0))
    (1.146286571642911 (0.095 -0.009333333333333334 0.0))
    (1.1472868217054264 (0.095 -0.009333333333333334 0.0))
    (1.148287071767942 (0.095 -0.009333333333333334 0.0))
    (1.1492873218304578 (0.095 -0.009333333333333334 0.0))
    (1.1502875718929733 (0.095 -0.009333333333333334 0.0))
    (1.151287821955489 (0.095 -0.009333333333333334 0.0))
    (1.1522880720180046 (0.095 -0.009333333333333334 0.0))
    (1.1532883220805203 (0.095 -0.009333333333333334 0.0))
    (1.1542885721430358 (0.095 -0.009333333333333334 0.0))
    (1.1552888222055515 (0.095 -0.009333333333333334 0.0))
    (1.1562890722680672 (0.095 -0.009333333333333334 0.0))
    (1.1572893223305827 (0.095 -0.009333333333333334 0.0))
    (1.1582895723930984 (0.095 -0.009333333333333334 0.0))
    (1.159289822455614 (0.095 -0.009333333333333334 0.0))
    (1.1602900725181295 (0.095 -0.009333333333333334 0.0))
    (1.1612903225806452 (0.095 -0.009333333333333334 0.0))
    (1.162290572643161 (0.095 -0.009333333333333334 0.0))
    (1.1632908227056766 (0.095 -0.009333333333333334 0.0))
    (1.164291072768192 (0.095 -0.009333333333333334 0.0))
    (1.1652913228307078 (0.095 -0.009333333333333334 0.0))
    (1.1662915728932235 (0.095 -0.009333333333333334 0.0))
    (1.167291822955739 (0.095 -0.009333333333333334 0.0))
    (1.1682920730182547 (0.095 -0.009333333333333334 0.0))
    (1.1692923230807704 (0.095 -0.009333333333333334 0.0))
    (1.170292573143286 (0.095 -0.009333333333333334 0.0))
    (1.1712928232058015 (0.095 -0.009333333333333334 0.0))
    (1.1722930732683172 (0.095 -0.009333333333333334 0.0))
    (1.173293323330833 (0.095 -0.009333333333333334 0.0))
    (1.1742935733933484 (0.095 -0.009333333333333334 0.0))
    (1.175293823455864 (0.095 -0.009333333333333334 0.0))
    (1.1762940735183798 (0.095 -0.009333333333333334 0.0))
    (1.1772943235808953 (0.095 -0.009333333333333334 0.0))
    (1.178294573643411 (0.095 -0.009333333333333334 0.0))
    (1.1792948237059266 (0.095 -0.009333333333333334 0.0))
    (1.1802950737684423 (0.095 -0.009333333333333334 0.0))
    (1.1812953238309578 (0.095 -0.009333333333333334 0.0))
    (1.1822955738934735 (0.095 -0.009333333333333334 0.0))
    (1.1832958239559892 (0.095 -0.009333333333333334 0.0))
    (1.1842960740185047 (0.095 -0.009333333333333334 0.0))
    (1.1852963240810204 (0.095 -0.009333333333333334 0.0))
    (1.186296574143536 (0.095 -0.009333333333333334 0.0))
    (1.1872968242060515 (0.095 -0.009333333333333334 0.0))
    (1.1882970742685672 (0.095 -0.009333333333333334 0.0))
    (1.189297324331083 (0.095 -0.009333333333333334 0.0))
    (1.1902975743935986 (0.095 -0.009333333333333334 0.0))
    (1.191297824456114 (0.095 -0.009333333333333334 0.0))
    (1.1922980745186298 (0.095 -0.009333333333333334 0.0))
    (1.1932983245811455 (0.095 -0.009333333333333334 0.0))
    (1.194298574643661 (0.095 -0.009333333333333334 0.0))
    (1.1952988247061767 (0.095 -0.009333333333333334 0.0))
    (1.1962990747686923 (0.095 -0.009333333333333334 0.0))
    (1.1972993248312078 (0.095 -0.009333333333333334 0.0))
    (1.1982995748937235 (0.095 -0.009333333333333334 0.0))
    (1.1992998249562392 (0.095 -0.009333333333333334 0.0))
    (1.200300075018755 (0.095 -0.009333333333333334 0.0))
    (1.2013003250812704 (0.095 -0.009333333333333334 0.0))
    (1.202300575143786 (0.095 -0.009333333333333334 0.0))
    (1.2033008252063018 (0.095 -0.009333333333333334 0.0))
    (1.2043010752688172 (0.095 -0.009333333333333334 0.0))
    (1.205301325331333 (0.095 -0.009333333333333334 0.0))
    (1.2063015753938486 (0.095 -0.009333333333333334 0.0))
    (1.207301825456364 (0.095 -0.009333333333333334 0.0))
    (1.2083020755188798 (0.095 -0.009333333333333334 0.0))
    (1.2093023255813955 (0.095 -0.009333333333333334 0.0))
    (1.2103025756439112 (0.095 -0.009333333333333334 0.0))
    (1.2113028257064267 (0.095 -0.009333333333333334 0.0))
    (1.2123030757689424 (0.095 -0.009333333333333334 0.0))
    (1.213303325831458 (0.095 -0.009333333333333334 0.0))
    (1.2143035758939735 (0.095 -0.009333333333333334 0.0))
    (1.2153038259564892 (0.095 -0.009333333333333334 0.0))
    (1.216304076019005 (0.095 -0.009333333333333334 0.0))
    (1.2173043260815206 (0.095 -0.009333333333333334 0.0))
    (1.218304576144036 (0.095 -0.009333333333333334 0.0))
    (1.2193048262065518 (0.095 -0.009333333333333334 0.0))
    (1.2203050762690675 (0.095 -0.009333333333333334 0.0))
    (1.221305326331583 (0.095 -0.009333333333333334 0.0))
    (1.2223055763940986 (0.095 -0.009333333333333334 0.0))
    (1.2233058264566143 (0.095 -0.009333333333333334 0.0))
    (1.2243060765191298 (0.095 -0.009333333333333334 0.0))
    (1.2253063265816455 (0.095 -0.009333333333333334 0.0))
    (1.2263065766441612 (0.095 -0.009333333333333334 0.0))
    (1.227306826706677 (0.095 -0.009333333333333334 0.0))
    (1.2283070767691924 (0.095 -0.009333333333333334 0.0))
    (1.229307326831708 (0.095 -0.009333333333333334 0.0))
    (1.2303075768942238 (0.095 -0.009333333333333334 0.0))
    (1.2313078269567392 (0.095 -0.009333333333333334 0.0))
    (1.232308077019255 (0.095 -0.009333333333333334 0.0))
    (1.2333083270817706 (0.095 -0.009333333333333334 0.0))
    (1.234308577144286 (0.095 -0.009333333333333334 0.0))
    (1.2353088272068018 (0.095 -0.009333333333333334 0.0))
    (1.2363090772693175 (0.095 -0.009333333333333334 0.0))
    (1.2373093273318332 (0.095 -0.009333333333333334 0.0))
    (1.2383095773943487 (0.095 -0.009333333333333334 0.0))
    (1.2393098274568644 (0.095 -0.009333333333333334 0.0))
    (1.24031007751938 (0.095 -0.009333333333333334 0.0))
    (1.2413103275818955 (0.095 -0.009333333333333334 0.0))
    (1.2423105776444112 (0.095 -0.009333333333333334 0.0))
    (1.243310827706927 (0.095 -0.009333333333333334 0.0))
    (1.2443110777694424 (0.095 -0.009333333333333334 0.0))
    (1.245311327831958 (0.095 -0.009333333333333334 0.0))
    (1.2463115778944738 (0.095 -0.009333333333333334 0.0))
    (1.2473118279569895 (0.095 -0.009333333333333334 0.0))
    (1.248312078019505 (0.095 -0.009333333333333334 0.0))
    (1.2493123280820206 (0.095 -0.009333333333333334 0.0))
    (1.2503125781445363 (0.095 -0.009333333333333334 0.0))
    (1.2513128282070518 (0.095 -0.009333333333333334 0.0))
    (1.2523130782695675 (0.095 -0.009333333333333334 0.0))
    (1.2533133283320832 (0.095 -0.009333333333333334 0.0))
    (1.2543135783945987 (0.095 -0.009333333333333334 0.0))
    (1.2553138284571144 (0.095 -0.009333333333333334 0.0))
    (1.25631407851963 (0.095 -0.009333333333333334 0.0))
    (1.2573143285821458 (0.095 -0.009333333333333334 0.0))
    (1.2583145786446612 (0.095 -0.009333333333333334 0.0))
    (1.259314828707177 (0.095 -0.009333333333333334 0.0))
    (1.2603150787696926 (0.095 -0.009333333333333334 0.0))
    (1.261315328832208 (0.095 -0.009333333333333334 0.0))
    (1.2623155788947238 (0.095 -0.009333333333333334 0.0))
    (1.2633158289572395 (0.095 -0.009333333333333334 0.0))
    (1.2643160790197552 (0.095 -0.009333333333333334 0.0))
    (1.2653163290822707 (0.095 -0.009333333333333334 0.0))
    (1.2663165791447863 (0.095 -0.009333333333333334 0.0))
    (1.267316829207302 (0.095 -0.009333333333333334 0.0))
    (1.2683170792698175 (0.095 -0.009333333333333334 0.0))
    (1.2693173293323332 (0.095 -0.009333333333333334 0.0))
    (1.270317579394849 (0.095 -0.009333333333333334 0.0))
    (1.2713178294573644 (0.095 -0.009333333333333334 0.0))
    (1.27231807951988 (0.095 -0.009333333333333334 0.0))
    (1.2733183295823958 (0.095 -0.009333333333333334 0.0))
    (1.2743185796449115 (0.095 -0.009333333333333334 0.0))
    (1.275318829707427 (0.095 -0.009333333333333334 0.0))
    (1.2763190797699426 (0.095 -0.009333333333333334 0.0))
    (1.2773193298324583 (0.095 -0.009333333333333334 0.0))
    (1.2783195798949738 (0.095 -0.009333333333333334 0.0))
    (1.2793198299574895 (0.095 -0.009333333333333334 0.0))
    (1.2803200800200052 (0.095 -0.009333333333333334 0.0))
    (1.2813203300825207 (0.095 -0.009333333333333334 0.0))
    (1.2823205801450364 (0.095 -0.009333333333333334 0.0))
    (1.283320830207552 (0.095 -0.009333333333333334 0.0))
    (1.2843210802700677 (0.095 -0.009333333333333334 0.0))
    (1.2853213303325832 (0.095 -0.009333333333333334 0.0))
    (1.286321580395099 (0.095 -0.009333333333333334 0.0))
    (1.2873218304576146 (0.095 -0.009333333333333334 0.0))
    (1.28832208052013 (0.095 -0.009333333333333334 0.0))
    (1.2893223305826458 (0.095 -0.009333333333333334 0.0))
    (1.2903225806451615 (0.095 -0.009333333333333334 0.0))
    (1.291322830707677 (0.095 -0.009333333333333334 0.0))
    (1.2923230807701926 (0.095 -0.009333333333333334 0.0))
    (1.2933233308327083 (0.095 -0.009333333333333334 0.0))
    (1.294323580895224 (0.095 -0.009333333333333334 0.0))
    (1.2953238309577395 (0.095 -0.009333333333333334 0.0))
    (1.2963240810202552 (0.095 -0.009333333333333334 0.0))
    (1.297324331082771 (0.095 -0.009333333333333334 0.0))
    (1.2983245811452864 (0.095 -0.009333333333333334 0.0))
    (1.299324831207802 (0.095 -0.009333333333333334 0.0))
    (1.3003250812703178 (0.095 -0.009333333333333334 0.0))
    (1.3013253313328332 (0.095 -0.009333333333333334 0.0))
    (1.302325581395349 (0.095 -0.009333333333333334 0.0))
    (1.3033258314578646 (0.095 -0.009333333333333334 0.0))
    (1.3043260815203803 (0.095 -0.009333333333333334 0.0))
    (1.3053263315828958 (0.095 -0.009333333333333334 0.0))
    (1.3063265816454115 (0.095 -0.009333333333333334 0.0))
    (1.3073268317079272 (0.095 -0.009333333333333334 0.0))
    (1.3083270817704427 (0.095 -0.009333333333333334 0.0))
    (1.3093273318329584 (0.095 -0.009333333333333334 0.0))
    (1.310327581895474 (0.095 -0.009333333333333334 0.0))
    (1.3113278319579897 (0.095 -0.009333333333333334 0.0))
    (1.3123280820205052 (0.095 -0.009333333333333334 0.0))
    (1.313328332083021 (0.095 -0.009333333333333334 0.0))
    (1.3143285821455366 (0.095 -0.009333333333333334 0.0))
    (1.315328832208052 (0.095 -0.009333333333333334 0.0))
    (1.3163290822705678 (0.095 -0.009333333333333334 0.0))
    (1.3173293323330835 (0.095 -0.009333333333333334 0.0))
    (1.318329582395599 (0.095 -0.009333333333333334 0.0))
    (1.3193298324581146 (0.095 -0.009333333333333334 0.0))
    (1.3203300825206303 (0.095 -0.009333333333333334 0.0))
    (1.321330332583146 (0.095 -0.009333333333333334 0.0))
    (1.3223305826456615 (0.095 -0.009333333333333334 0.0))
    (1.3233308327081772 (0.095 -0.009333333333333334 0.0))
    (1.324331082770693 (0.095 -0.009333333333333334 0.0))
    (1.3253313328332084 (0.095 -0.009333333333333334 0.0))
    (1.326331582895724 (0.095 -0.009333333333333334 0.0))
    (1.3273318329582398 (0.095 -0.009333333333333334 0.0))
    (1.3283320830207552 (0.095 -0.009333333333333334 0.0))
    (1.329332333083271 (0.095 -0.009333333333333334 0.0))
    (1.3303325831457866 (0.095 -0.009333333333333334 0.0))
    (1.3313328332083023 (0.095 -0.009333333333333334 0.0))
    (1.3323330832708178 (0.095 -0.009333333333333334 0.0))
    (1.3333333333333335 (0.095 -0.009333333333333334 0.0))
    (1.3343335833958492 (0.095 -0.009333333333333334 0.0))
    (1.3353338334583646 (0.095 -0.009333333333333334 0.0))
    (1.3363340835208803 (0.095 -0.009376603079216865 0.0))
    (1.337334333583396 (0.095 -0.009446428585495914 0.0))
    (1.3383345836459115 (0.095 -0.009516241683402718 0.0))
    (1.3393348337084272 (0.095 -0.009586034713315109 0.0))
    (1.340335083770943 (0.095 -0.009655800017812662 0.0))
    (1.3413353338334586 (0.095 -0.009725529942516856 0.0))
    (1.342335583895974 (0.095 -0.00979521683693093 0.0))
    (1.3433358339584898 (0.095 -0.009864853055279269 0.0))
    (1.3443360840210055 (0.095 -0.009934430957346172 0.0))
    (1.345336334083521 (0.095 -0.01000394290931421 0.0))
    (1.3463365841460366 (0.095 -0.010073381284601777 0.0))
    (1.3473368342085523 (0.095 -0.010142738464699744 0.0))
    (1.3483370842710678 (0.095 -0.01021200684000744 0.0))
    (1.3493373343335835 (0.095 -0.010281178810667542 0.0))
    (1.3503375843960992 (0.095 -0.010350246787399806 0.0))
    (1.3513378344586149 (0.095 -0.010419203192333856 0.0))
    (1.3523380845211304 (0.095 -0.010488040459840477 0.0))
    (1.353338334583646 (0.095 -0.010556751037361827 0.0))
    (1.3543385846461617 (0.095 -0.010625327386239957 0.0))
    (1.3553388347086772 (0.095 -0.010693761982543935 0.0))
    (1.356339084771193 (0.095 -0.010762047317895434 0.0))
    (1.3573393348337086 (0.095 -0.01083017590029243 0.0))
    (1.3583395848962243 (0.095 -0.010898140254931202 0.0))
    (1.3593398349587398 (0.095 -0.01096593292502648 0.0))
    (1.3603400850212555 (0.095 -0.011033546472629593 0.0))
    (1.3613403350837712 (0.095 -0.011100973479444429 0.0))
    (1.3623405851462866 (0.095 -0.011168206547641436 0.0))
    (1.3633408352088023 (0.095 -0.011235238300669293 0.0))
    (1.364341085271318 (0.095 -0.011302061384064126 0.0))
    (1.3653413353338335 (0.095 -0.011368668466256525 0.0))
    (1.3663415853963492 (0.095 -0.011435052239375918 0.0))
    (1.367341835458865 (0.095 -0.011501205420052276 0.0))
    (1.3683420855213806 (0.095 -0.011567120750215336 0.0))
    (1.369342335583896 (0.095 -0.011632790997890809 0.0))
    (1.3703425856464118 (0.095 -0.011698208957993977 0.0))
    (1.3713428357089275 (0.095 -0.011763367453120099 0.0))
    (1.372343085771443 (0.095 -0.011828259334331893 0.0))
    (1.3733433358339586 (0.095 -0.011892877481943988 0.0))
    (1.3743435858964743 (0.095 -0.011957214806303965 0.0))
    (1.3753438359589898 (0.095 -0.012021264248570213 0.0))
    (1.3763440860215055 (0.095 -0.012085018781486493 0.0))
    (1.3773443360840212 (0.095 -0.012148471410152841 0.0))
    (1.3783445861465369 (0.095 -0.012211615172793035 0.0))
    (1.3793448362090523 (0.095 -0.012274443141518454 0.0))
    (1.380345086271568 (0.095 -0.012336948423088197 0.0))
    (1.3813453363340837 (0.095 -0.012399124159665278 0.0))
    (1.3823455863965992 (0.095 -0.012460963529569142 0.0))
    (1.383345836459115 (0.095 -0.012522459748024111 0.0))
    (1.3843460865216306 (0.095 -0.01258360606790369 0.0))
    (1.385346336584146 (0.095 -0.01264439578047093 0.0))
    (1.3863465866466618 (0.095 -0.012704822216114482 0.0))
    (1.3873468367091775 (0.095 -0.012764878745080269 0.0))
    (1.3883470867716932 (0.095 -0.012824558778198995 0.0))
    (1.3893473368342086 (0.095 -0.012883855767608973 0.0))
    (1.3903475868967243 (0.095 -0.012942763207474645 0.0))
    (1.39134783695924 (0.095 -0.01300127463470029 0.0))
    (1.3923480870217555 (0.095 -0.013059383629639126 0.0))
    (1.3933483370842712 (0.095 -0.01311708381679774 0.0))
    (1.3943485871467869 (0.095 -0.013174368865535493 0.0))
    (1.3953488372093024 (0.095 -0.013231232490759089 0.0))
    (1.396349087271818 (0.095 -0.013287668453612251 0.0))
    (1.3973493373343338 (0.095 -0.013343670562160122 0.0))
    (1.3983495873968494 (0.095 -0.01339923267206864 0.0))
    (1.399349837459365 (0.095 -0.013454348687278708 0.0))
    (1.4003500875218806 (0.095 -0.013509012560675026 0.0))
    (1.4013503375843963 (0.095 -0.013563218294749498 0.0))
    (1.4023505876469118 (0.095 -0.01361695994225932 0.0))
    (1.4033508377094275 (0.095 -0.013670231606879468 0.0))
    (1.4043510877719432 (0.095 -0.013723027443849607 0.0))
    (1.4053513378344589 (0.095 -0.01377534166061538 0.0))
    (1.4063515878969743 (0.095 -0.013827168517463894 0.0))
    (1.40735183795949 (0.095 -0.013878502328153543 0.0))
    (1.4083520880220057 (0.095 -0.013929337460537816 0.0))
    (1.4093523380845212 (0.095 -0.013979668337183213 0.0))
    (1.410352588147037 (0.095 -0.014029489435981278 0.0))
    (1.4113528382095526 (0.095 -0.014078795290754368 0.0))
    (1.412353088272068 (0.095 -0.0141275804918554 0.0))
    (1.4133533383345838 (0.095 -0.014175839686761444 0.0))
    (1.4143535883970995 (0.095 -0.014223567580660868 0.0))
    (1.4153538384596152 (0.095 -0.014270758937034365 0.0))
    (1.4163540885221306 (0.095 -0.01431740857822943 0.0))
    (1.4173543385846463 (0.095 -0.014363511386028444 0.0))
    (1.418354588647162 (0.095 -0.014409062302210233 0.0))
    (1.4193548387096775 (0.095 -0.014454056329105024 0.0))
    (1.4203550887721932 (0.095 -0.014498488530142779 0.0))
    (1.4213553388347089 (0.095 -0.014542354030394809 0.0))
    (1.4223555888972244 (0.095 -0.01458564801710864 0.0))
    (1.42335583895974 (0.095 -0.014628365740236047 0.0))
    (1.4243560890222557 (0.095 -0.014670502512954209 0.0))
    (1.4253563390847714 (0.095 -0.014712053712179917 0.0))
    (1.426356589147287 (0.095 -0.014753014779076822 0.0))
    (1.4273568392098026 (0.095 -0.014793381219555628 0.0))
    (1.4283570892723183 (0.095 -0.014833148604767102 0.0))
    (1.4293573393348338 (0.095 -0.014872312571588043 0.0))
    (1.4303575893973495 (0.095 -0.014910868823100009 0.0))
    (1.4313578394598652 (0.095 -0.014948813129060667 0.0))
    (1.4323580895223806 (0.095 -0.014986141326368007 0.0))
    (1.4333583395848963 (0.095 -0.015022849319517084 0.0))
    (1.434358589647412 (0.095 -0.015058933081049311 0.0))
    (1.4353588397099277 (0.095 -0.015094388651994401 0.0))
    (1.4363590897724432 (0.095 -0.015129212142304671 0.0))
    (1.437359339834959 (0.095 -0.015163399731281908 0.0))
    (1.4383595898974746 (0.095 -0.015196947667996508 0.0))
    (1.43935983995999 (0.095 -0.015229852271699013 0.0))
    (1.4403600900225058 (0.095 -0.015262109932224004 0.0))
    (1.4413603400850215 (0.095 -0.01529371711038614 0.0))
    (1.442360590147537 (0.095 -0.01532467033836846 0.0))
    (1.4433608402100526 (0.095 -0.015354966220102916 0.0))
    (1.4443610902725683 (0.095 -0.01538460143164292 0.0))
    (1.445361340335084 (0.095 -0.015413572721528046 0.0))
    (1.4463615903975995 (0.095 -0.015441876911140788 0.0))
    (1.4473618404601152 (0.095 -0.015469510895055305 0.0))
    (1.4483620905226309 (0.095 -0.015496471641378094 0.0))
    (1.4493623405851463 (0.095 -0.015522756192080689 0.0))
    (1.450362590647662 (0.095 -0.015548361663324189 0.0))
    (1.4513628407101777 (0.095 -0.015573285245775635 0.0))
    (1.4523630907726934 (0.095 -0.015597524204916282 0.0))
    (1.453363340835209 (0.095 -0.015621075881341574 0.0))
    (1.4543635908977246 (0.095 -0.015643937691052972 0.0))
    (1.4553638409602403 (0.095 -0.01566610712574143 0.0))
    (1.4563640910227558 (0.095 -0.015687581753062584 0.0))
    (1.4573643410852715 (0.095 -0.015708359216903667 0.0))
    (1.4583645911477872 (0.095 -0.015728437237641963 0.0))
    (1.4593648412103026 (0.095 -0.015747813612394943 0.0))
    (1.4603650912728183 (0.095 -0.015766486215261964 0.0))
    (1.461365341335334 (0.095 -0.01578445299755749 0.0))
    (1.4623655913978497 (0.095 -0.015801711988035885 0.0))
    (1.4633658414603652 (0.095 -0.015818261293107677 0.0))
    (1.4643660915228809 (0.095 -0.015834099097047347 0.0))
    (1.4653663415853966 (0.095 -0.01584922366219249 0.0))
    (1.466366591647912 (0.095 -0.015863633329134506 0.0))
    (1.4673668417104277 (0.095 -0.01587732651690066 0.0))
    (1.4683670917729434 (0.095 -0.015890301723127515 0.0))
    (1.469367341835459 (0.095 -0.0159025575242258 0.0))
    (1.4703675918979746 (0.095 -0.01591409257553657 0.0))
    (1.4713678419604903 (0.095 -0.01592490561147876 0.0))
    (1.472368092023006 (0.095 -0.015934995445688018 0.0))
    (1.4733683420855215 (0.095 -0.01594436097114689 0.0))
    (1.4743685921480372 (0.095 -0.015953001160306263 0.0))
    (1.4753688422105529 (0.095 -0.01596091506519811 0.0))
    (1.4763690922730683 (0.095 -0.015968101817539493 0.0))
    (1.477369342335584 (0.095 -0.015974560628827836 0.0))
    (1.4783695923980997 (0.095 -0.015980290790427423 0.0))
    (1.4793698424606152 (0.095 -0.015985291673647158 0.0))
    (1.480370092523131 (0.095 -0.015989562729809538 0.0))
    (1.4813703425856466 (0.095 -0.015993103490310863 0.0))
    (1.4823705926481623 (0.095 -0.01599591356667262 0.0))
    (1.4833708427106778 (0.095 -0.015997992650584134 0.0))
    (1.4843710927731935 (0.095 -0.015999340513936394 0.0))
    (1.4853713428357092 (0.095 -0.015999957008847057 0.0))
    (1.4863715928982246 (0.095 -0.015999842067676698 0.0))
    (1.4873718429607403 (0.095 -0.01599899570303621 0.0))
    (1.488372093023256 (0.095 -0.015997418007785445 0.0))
    (1.4893723430857715 (0.095 -0.015995109155022995 0.0))
    (1.4903725931482872 (0.095 -0.015992069398067237 0.0))
    (1.4913728432108029 (0.095 -0.015988299070428497 0.0))
    (1.4923730932733186 (0.095 -0.0159837985857725 0.0))
    (1.493373343335834 (0.095 -0.01597856843787496 0.0))
    (1.4943735933983497 (0.095 -0.01597260920056741 0.0))
    (1.4953738434608654 (0.095 -0.015965921527674235 0.0))
    (1.496374093523381 (0.095 -0.01595850615294097 0.0))
    (1.4973743435858966 (0.095 -0.01595036388995374 0.0))
    (1.4983745936484123 (0.095 -0.015941495632050055 0.0))
    (1.499374843710928 (0.095 -0.015931902352220757 0.0))
    (1.5003750937734435 (0.095 -0.01592158510300329 0.0))
    (1.5013753438359592 (0.095 -0.015910545016366198 0.0))
    (1.5023755938984749 (0.095 -0.01589878330358495 0.0))
    (1.5033758439609903 (0.095 -0.01588630125510903 0.0))
    (1.504376094023506 (0.095 -0.015873100240420365 0.0))
    (1.5053763440860217 (0.095 -0.01585918170788306 0.0))
    (1.5063765941485372 (0.095 -0.0158445471845845 0.0))
    (1.507376844211053 (0.095 -0.015829198276167793 0.0))
    (1.5083770942735686 (0.095 -0.015813136666655615 0.0))
    (1.5093773443360843 (0.095 -0.01579636411826543 0.0))
    (1.5103775943985998 (0.095 -0.01577888247121617 0.0))
    (1.5113778444611154 (0.095 -0.015760693643526315 0.0))
    (1.5123780945236311 (0.095 -0.01574179963080346 0.0))
    (1.5133783445861466 (0.095 -0.015722202506025365 0.0))
    (1.5143785946486623 (0.095 -0.015701904419312514 0.0))
    (1.515378844711178 (0.095 -0.015680907597692226 0.0))
    (1.5163790947736935 (0.095 -0.015659214344854296 0.0))
    (1.5173793448362092 (0.095 -0.01563682704089823 0.0))
    (1.5183795948987249 (0.095 -0.01561374814207217 0.0))
    (1.5193798449612406 (0.095 -0.01558998018050333 0.0))
    (1.520380095023756 (0.095 -0.01556552576392023 0.0))
    (1.5213803450862717 (0.095 -0.015540387575366566 0.0))
    (1.5223805951487874 (0.095 -0.015514568372906837 0.0))
    (1.523380845211303 (0.095 -0.015488070989323761 0.0))
    (1.5243810952738186 (0.095 -0.015460898331807435 0.0))
    (1.5253813453363343 (0.095 -0.015433053381636403 0.0))
    (1.5263815953988498 (0.095 -0.015404539193850566 0.0))
    (1.5273818454613655 (0.095 -0.015375358896915946 0.0))
    (1.5283820955238812 (0.095 -0.015345515692381496 0.0))
    (1.5293823455863969 (0.095 -0.015315012854527826 0.0))
    (1.5303825956489123 (0.095 -0.015283853730007943 0.0))
    (1.531382845711428 (0.095 -0.015252041737480068 0.0))
    (1.5323830957739437 (0.095 -0.015219580367232593 0.0))
    (1.5333833458364592 (0.095 -0.015186473180801106 0.0))
    (1.5343835958989749 (0.095 -0.015152723810577615 0.0))
    (1.5353838459614906 (0.095 -0.015118335959412081 0.0))
    (1.536384096024006 (0.095 -0.0150833134002061 0.0))
    (1.5373843460865217 (0.095 -0.015047659975498947 0.0))
    (1.5383845961490374 (0.095 -0.015011379597046057 0.0))
    (1.5393848462115531 (0.095 -0.014974476245389758 0.0))
    (1.5403850962740686 (0.095 -0.014936953969422614 0.0))
    (1.5413853463365843 (0.095 -0.014898816885943134 0.0))
    (1.5423855963991 (0.095 -0.014860069179204127 0.0))
    (1.5433858464616155 (0.095 -0.014820715100453644 0.0))
    (1.5443860965241312 (0.095 -0.014780758967468478 0.0))
    (1.5453863465866469 (0.095 -0.014740205164080502 0.0))
    (1.5463865966491626 (0.095 -0.01469905813969567 0.0))
    (1.547386846711678 (0.095 -0.014657322408805835 0.0))
    (1.5483870967741937 (0.095 -0.014615002550493424 0.0))
    (1.5493873468367094 (0.095 -0.014572103207929094 0.0))
    (1.550387596899225 (0.095 -0.01452862908786225 0.0))
    (1.5513878469617406 (0.095 -0.01448458496010463 0.0))
    (1.5523880970242563 (0.095 -0.014439975657007047 0.0))
    (1.5533883470867718 (0.095 -0.014394806072929141 0.0))
    (1.5543885971492875 (0.095 -0.01434908116370238 0.0))
    (1.5553888472118031 (0.095 -0.014302805946086398 0.0))
    (1.5563890972743188 (0.095 -0.014255985497218498 0.0))
    (1.5573893473368343 (0.095 -0.01420862495405667 0.0))
    (1.55838959739935 (0.095 -0.014160729512815915 0.0))
    (1.5593898474618657 (0.095 -0.014112304428398196 0.0))
    (1.5603900975243812 (0.095 -0.014063355013815894 0.0))
    (1.5613903475868969 (0.095 -0.014013886639608814 0.0))
    (1.5623905976494126 (0.095 -0.013963904733255018 0.0))
    (1.563390847711928 (0.095 -0.01391341477857535 0.0))
    (1.5643910977744437 (0.095 -0.0138624223151317 0.0))
    (1.5653913478369594 (0.095 -0.013810932937619286 0.0))
    (1.5663915978994751 (0.095 -0.013758952295252827 0.0))
    (1.5673918479619906 (0.095 -0.01370648609114671 0.0))
    (1.5683920980245063 (0.095 -0.01365354008168923 0.0))
    (1.569392348087022 (0.095 -0.01360012007591113 0.0))
    (1.5703925981495375 (0.095 -0.013546231934848153 0.0))
    (1.5713928482120532 (0.095 -0.013491881570898005 0.0))
    (1.5723930982745689 (0.095 -0.013437074947171751 0.0))
    (1.5733933483370843 (0.095 -0.01338181807683948 0.0))
    (1.5743935983996 (0.095 -0.013326117022470562 0.0))
    (1.5753938484621157 (0.095 -0.013269977895368568 0.0))
    (1.5763940985246314 (0.095 -0.013213406854900672 0.0))
    (1.5773943485871469 (0.095 -0.013156410107821946 0.0))
    (1.5783945986496626 (0.095 -0.013098993907594288 0.0))
    (1.5793948487121783 (0.095 -0.013041164553700392 0.0))
    (1.5803950987746938 (0.095 -0.012982928390952598 0.0))
    (1.5813953488372094 (0.095 -0.012924291808796678 0.0))
    (1.5823955988997251 (0.095 -0.0128652612406109 0.0))
    (1.5833958489622408 (0.095 -0.012805843163000168 0.0))
    (1.5843960990247563 (0.095 -0.012746044095085392 0.0))
    (1.585396349087272 (0.095 -0.012685870597788237 0.0))
    (1.5863965991497877 (0.095 -0.012625329273111364 0.0))
    (1.5873968492123032 (0.095 -0.012564426763413997 0.0))
    (1.5883970992748189 (0.095 -0.012503169750683146 0.0))
    (1.5893973493373346 (0.095 -0.012441564955800583 0.0))
    (1.59039759939985 (0.095 -0.012379619137805345 0.0))
    (1.5913978494623657 (0.095 -0.012317339093152213 0.0))
    (1.5923980995248814 (0.095 -0.01225473165496602 0.0))
    (1.5933983495873971 (0.095 -0.012191803692291937 0.0))
    (1.5943985996499126 (0.095 -0.012128562109341877 0.0))
    (1.5953988497124283 (0.095 -0.012065013844736891 0.0))
    (1.596399099774944 (0.095 -0.012001165870745989 0.0))
    (1.5973993498374595 (0.095 -0.011937025192521154 0.0))
    (1.5983995998999752 (0.095 -0.011872598847328684 0.0))
    (1.5993998499624908 (0.095 -0.011807893903777178 0.0))
    (1.6004001000250063 (0.095 -0.011742917461041997 0.0))
    (1.601400350087522 (0.095 -0.011677676648086267 0.0))
    (1.6024006001500377 (0.095 -0.011612178622878864 0.0))
    (1.6034008502125534 (0.095 -0.011546430571608948 0.0))
    (1.6044011002750689 (0.095 -0.011480439707897578 0.0))
    (1.6054013503375846 (0.095 -0.011414213272006257 0.0))
    (1.6064016004001003 (0.095 -0.011347758530042553 0.0))
    (1.6074018504626157 (0.095 -0.011281082773162886 0.0))
    (1.6084021005251314 (0.095 -0.011214193316772578 0.0))
    (1.6094023505876471 (0.095 -0.011147097499723218 0.0))
    (1.6104026006501626 (0.095 -0.011079802683507537 0.0))
    (1.6114028507126783 (0.095 -0.011012316251451607 0.0))
    (1.612403100775194 (0.095 -0.010944645607904886 0.0))
    (1.6134033508377097 (0.095 -0.010876798177427822 0.0))
    (1.6144036009002252 (0.095 -0.01080878140397722 0.0))
    (1.6154038509627409 (0.095 -0.010740602750089496 0.0))
    (1.6164041010252566 (0.095 -0.01067226969606204 0.0))
    (1.617404351087772 (0.095 -0.01060378973913238 0.0))
    (1.6184046011502877 (0.095 -0.010535170392655634 0.0))
    (1.6194048512128034 (0.095 -0.010466419185280266 0.0))
    (1.620405101275319 (0.095 -0.010397543660121975 0.0))
    (1.6214053513378346 (0.095 -0.010328551373936084 0.0))
    (1.6224056014003503 (0.095 -0.010259449896288558 0.0))
    (1.623405851462866 (0.095 -0.010190246808725363 0.0))
    (1.6244061015253815 (0.095 -0.010120949703940773 0.0))
    (1.6254063515878971 (0.095 -0.010051566184944193 0.0))
    (1.6264066016504128 (0.095 -0.0099821038642261 0.0))
    (1.6274068517129283 (0.095 -0.00991257036292282 0.0))
    (1.628407101775444 (0.095 -0.009842973309980267 0.0))
    (1.6294073518379597 (0.095 -0.009773320341317032 0.0))
    (1.6304076019004754 (0.095 -0.009703619098986585 0.0))
    (1.6314078519629909 (0.095 -0.009633877230338771 0.0))
    (1.6324081020255066 (0.095 -0.009564102387180761 0.0))
    (1.6334083520880223 (0.095 -0.009494302224937634 0.0))
    (1.6344086021505377 (0.095 -0.009424484401812342 0.0))
    (1.6354088522130534 (0.095 -0.00935465657794549 0.0))
    (1.6364091022755691 (0.095 -0.009333333333333334 0.0))
    (1.6374093523380846 (0.095 -0.009333333333333334 0.0))
    (1.6384096024006003 (0.095 -0.009333333333333334 0.0))
    (1.639409852463116 (0.095 -0.009333333333333334 0.0))
    (1.6404101025256317 (0.095 -0.009333333333333334 0.0))
    (1.6414103525881472 (0.095 -0.009333333333333334 0.0))
    (1.6424106026506629 (0.095 -0.009333333333333334 0.0))
    (1.6434108527131785 (0.095 -0.009333333333333334 0.0))
    (1.644411102775694 (0.095 -0.009333333333333334 0.0))
    (1.6454113528382097 (0.095 -0.009333333333333334 0.0))
    (1.6464116029007254 (0.095 -0.009333333333333334 0.0))
    (1.6474118529632409 (0.095 -0.009333333333333334 0.0))
    (1.6484121030257566 (0.095 -0.009333333333333334 0.0))
    (1.6494123530882723 (0.095 -0.009333333333333334 0.0))
    (1.650412603150788 (0.095 -0.009333333333333334 0.0))
    (1.6514128532133034 (0.095 -0.009333333333333334 0.0))
    (1.6524131032758191 (0.095 -0.009333333333333334 0.0))
    (1.6534133533383348 (0.095 -0.009333333333333334 0.0))
    (1.6544136034008503 (0.095 -0.009333333333333334 0.0))
    (1.655413853463366 (0.095 -0.009333333333333334 0.0))
    (1.6564141035258817 (0.095 -0.009333333333333334 0.0))
    (1.6574143535883972 (0.095 -0.009333333333333334 0.0))
    (1.6584146036509129 (0.095 -0.009333333333333334 0.0))
    (1.6594148537134286 (0.095 -0.009333333333333334 0.0))
    (1.6604151037759443 (0.095 -0.009333333333333334 0.0))
    (1.6614153538384597 (0.095 -0.009333333333333334 0.0))
    (1.6624156039009754 (0.095 -0.009333333333333334 0.0))
    (1.6634158539634911 (0.095 -0.009333333333333334 0.0))
    (1.6644161040260066 (0.095 -0.009333333333333334 0.0))
    (1.6654163540885223 (0.095 -0.009333333333333334 0.0))
    (1.666416604151038 (0.095 -0.009333333333333334 0.0))
    (1.6674168542135535 (0.095 -0.009333333333333334 0.0))
    (1.6684171042760692 (0.095 -0.009333333333333334 0.0))
    (1.6694173543385848 (0.095 -0.009333333333333334 0.0))
    (1.6704176044011005 (0.095 -0.009333333333333334 0.0))
    (1.671417854463616 (0.095 -0.009333333333333334 0.0))
    (1.6724181045261317 (0.095 -0.009333333333333334 0.0))
    (1.6734183545886474 (0.095 -0.009333333333333334 0.0))
    (1.6744186046511629 (0.095 -0.009333333333333334 0.0))
    (1.6754188547136786 (0.095 -0.009333333333333334 0.0))
    (1.6764191047761943 (0.095 -0.009333333333333334 0.0))
    (1.67741935483871 (0.095 -0.009333333333333334 0.0))
    (1.6784196049012254 (0.095 -0.009333333333333334 0.0))
    (1.6794198549637411 (0.095 -0.009333333333333334 0.0))
    (1.6804201050262568 (0.095 -0.009333333333333334 0.0))
    (1.6814203550887723 (0.095 -0.009333333333333334 0.0))
    (1.682420605151288 (0.095 -0.009333333333333334 0.0))
    (1.6834208552138037 (0.095 -0.009333333333333334 0.0))
    (1.6844211052763192 (0.095 -0.009333333333333334 0.0))
    (1.6854213553388349 (0.095 -0.009333333333333334 0.0))
    (1.6864216054013506 (0.095 -0.009333333333333334 0.0))
    (1.6874218554638662 (0.095 -0.009333333333333334 0.0))
    (1.6884221055263817 (0.095 -0.009333333333333334 0.0))
    (1.6894223555888974 (0.095 -0.009333333333333334 0.0))
    (1.6904226056514131 (0.095 -0.009333333333333334 0.0))
    (1.6914228557139286 (0.095 -0.009333333333333334 0.0))
    (1.6924231057764443 (0.095 -0.009333333333333334 0.0))
    (1.69342335583896 (0.095 -0.009333333333333334 0.0))
    (1.6944236059014754 (0.095 -0.009333333333333334 0.0))
    (1.6954238559639911 (0.095 -0.009333333333333334 0.0))
    (1.6964241060265068 (0.095 -0.009333333333333334 0.0))
    (1.6974243560890225 (0.095 -0.009333333333333334 0.0))
    (1.698424606151538 (0.095 -0.009333333333333334 0.0))
    (1.6994248562140537 (0.095 -0.009333333333333334 0.0))
    (1.7004251062765694 (0.095 -0.009333333333333334 0.0))
    (1.7014253563390849 (0.095 -0.009333333333333334 0.0))
    (1.7024256064016006 (0.095 -0.009333333333333334 0.0))
    (1.7034258564641163 (0.095 -0.009333333333333334 0.0))
    (1.7044261065266317 (0.095 -0.009333333333333334 0.0))
    (1.7054263565891474 (0.095 -0.009333333333333334 0.0))
    (1.7064266066516631 (0.095 -0.009333333333333334 0.0))
    (1.7074268567141788 (0.095 -0.009333333333333334 0.0))
    (1.7084271067766943 (0.095 -0.009333333333333334 0.0))
    (1.70942735683921 (0.095 -0.009333333333333334 0.0))
    (1.7104276069017257 (0.095 -0.009333333333333334 0.0))
    (1.7114278569642412 (0.095 -0.009333333333333334 0.0))
    (1.7124281070267569 (0.095 -0.009333333333333334 0.0))
    (1.7134283570892725 (0.095 -0.009333333333333334 0.0))
    (1.714428607151788 (0.095 -0.009333333333333334 0.0))
    (1.7154288572143037 (0.095 -0.009333333333333334 0.0))
    (1.7164291072768194 (0.095 -0.009333333333333334 0.0))
    (1.717429357339335 (0.095 -0.009333333333333334 0.0))
    (1.7184296074018506 (0.095 -0.009333333333333334 0.0))
    (1.7194298574643663 (0.095 -0.009333333333333334 0.0))
    (1.720430107526882 (0.095 -0.009333333333333334 0.0))
    (1.7214303575893974 (0.095 -0.009333333333333334 0.0))
    (1.7224306076519131 (0.095 -0.009333333333333334 0.0))
    (1.7234308577144288 (0.095 -0.009333333333333334 0.0))
    (1.7244311077769445 (0.095 -0.009333333333333334 0.0))
    (1.72543135783946 (0.095 -0.009333333333333334 0.0))
    (1.7264316079019757 (0.095 -0.009333333333333334 0.0))
    (1.7274318579644914 (0.095 -0.009333333333333334 0.0))
    (1.7284321080270069 (0.095 -0.009333333333333334 0.0))
    (1.7294323580895226 (0.095 -0.009333333333333334 0.0))
    (1.7304326081520383 (0.095 -0.009333333333333334 0.0))
    (1.7314328582145537 (0.095 -0.009333333333333334 0.0))
    (1.7324331082770694 (0.095 -0.009333333333333334 0.0))
    (1.7334333583395851 (0.095 -0.009333333333333334 0.0))
    (1.7344336084021008 (0.095 -0.009333333333333334 0.0))
    (1.7354338584646163 (0.095 -0.009333333333333334 0.0))
    (1.736434108527132 (0.095 -0.009333333333333334 0.0))
    (1.7374343585896477 (0.095 -0.009333333333333334 0.0))
    (1.7384346086521631 (0.095 -0.009333333333333334 0.0))
    (1.7394348587146788 (0.095 -0.009333333333333334 0.0))
    (1.7404351087771945 (0.095 -0.009333333333333334 0.0))
    (1.74143535883971 (0.095 -0.009333333333333334 0.0))
    (1.7424356089022257 (0.095 -0.009333333333333334 0.0))
    (1.7434358589647414 (0.095 -0.009333333333333334 0.0))
    (1.744436109027257 (0.095 -0.009333333333333334 0.0))
    (1.7454363590897726 (0.095 -0.009333333333333334 0.0))
    (1.7464366091522883 (0.095 -0.009333333333333334 0.0))
    (1.747436859214804 (0.095 -0.009333333333333334 0.0))
    (1.7484371092773194 (0.095 -0.009333333333333334 0.0))
    (1.7494373593398351 (0.095 -0.009333333333333334 0.0))
    (1.7504376094023508 (0.095 -0.009333333333333334 0.0))
    (1.7514378594648663 (0.095 -0.009333333333333334 0.0))
    (1.752438109527382 (0.095 -0.009333333333333334 0.0))
    (1.7534383595898977 (0.095 -0.009333333333333334 0.0))
    (1.7544386096524134 (0.095 -0.009333333333333334 0.0))
    (1.7554388597149289 (0.095 -0.009333333333333334 0.0))
    (1.7564391097774446 (0.095 -0.009333333333333334 0.0))
    (1.7574393598399602 (0.095 -0.009333333333333334 0.0))
    (1.7584396099024757 (0.095 -0.009333333333333334 0.0))
    (1.7594398599649914 (0.095 -0.009333333333333334 0.0))
    (1.760440110027507 (0.095 -0.009333333333333334 0.0))
    (1.7614403600900226 (0.095 -0.009333333333333334 0.0))
    (1.7624406101525383 (0.095 -0.009333333333333334 0.0))
    (1.763440860215054 (0.095 -0.009333333333333334 0.0))
    (1.7644411102775697 (0.095 -0.009333333333333334 0.0))
    (1.7654413603400851 (0.095 -0.009333333333333334 0.0))
    (1.7664416104026008 (0.095 -0.009333333333333334 0.0))
    (1.7674418604651165 (0.095 -0.009333333333333334 0.0))
    (1.768442110527632 (0.095 -0.009333333333333334 0.0))
    (1.7694423605901477 (0.095 -0.009333333333333334 0.0))
    (1.7704426106526634 (0.095 -0.009333333333333334 0.0))
    (1.771442860715179 (0.095 -0.009333333333333334 0.0))
    (1.7724431107776946 (0.095 -0.009333333333333334 0.0))
    (1.7734433608402103 (0.095 -0.009333333333333334 0.0))
    (1.774443610902726 (0.095 -0.009333333333333334 0.0))
    (1.7754438609652414 (0.095 -0.009333333333333334 0.0))
    (1.7764441110277571 (0.095 -0.009333333333333334 0.0))
    (1.7774443610902728 (0.095 -0.009333333333333334 0.0))
    (1.7784446111527883 (0.095 -0.009333333333333334 0.0))
    (1.779444861215304 (0.095 -0.009333333333333334 0.0))
    (1.7804451112778197 (0.095 -0.009333333333333334 0.0))
    (1.7814453613403354 (0.095 -0.009333333333333334 0.0))
    (1.7824456114028508 (0.095 -0.009333333333333334 0.0))
    (1.7834458614653665 (0.095 -0.009333333333333334 0.0))
    (1.7844461115278822 (0.095 -0.009333333333333334 0.0))
    (1.7854463615903977 (0.095 -0.009333333333333334 0.0))
    (1.7864466116529134 (0.095 -0.009333333333333334 0.0))
    (1.787446861715429 (0.095 -0.009333333333333334 0.0))
    (1.7884471117779446 (0.095 -0.009333333333333334 0.0))
    (1.7894473618404603 (0.095 -0.009333333333333334 0.0))
    (1.790447611902976 (0.095 -0.009333333333333334 0.0))
    (1.7914478619654917 (0.095 -0.009333333333333334 0.0))
    (1.7924481120280071 (0.095 -0.009333333333333334 0.0))
    (1.7934483620905228 (0.095 -0.009333333333333334 0.0))
    (1.7944486121530385 (0.095 -0.009333333333333334 0.0))
    (1.795448862215554 (0.095 -0.009333333333333334 0.0))
    (1.7964491122780697 (0.095 -0.009333333333333334 0.0))
    (1.7974493623405854 (0.095 -0.009333333333333334 0.0))
    (1.7984496124031009 (0.095 -0.009333333333333334 0.0))
    (1.7994498624656166 (0.095 -0.009333333333333334 0.0))
    (1.8004501125281323 (0.095 -0.009333333333333334 0.0))
    (1.801450362590648 (0.095 -0.009333333333333334 0.0))
    (1.8024506126531634 (0.095 -0.009333333333333334 0.0))
    (1.8034508627156791 (0.095 -0.009333333333333334 0.0))
    (1.8044511127781948 (0.095 -0.009333333333333334 0.0))
    (1.8054513628407103 (0.095 -0.009333333333333334 0.0))
    (1.806451612903226 (0.095 -0.009333333333333334 0.0))
    (1.8074518629657417 (0.095 -0.009333333333333334 0.0))
    (1.8084521130282571 (0.095 -0.009333333333333334 0.0))
    (1.8094523630907728 (0.095 -0.009333333333333334 0.0))
    (1.8104526131532885 (0.095 -0.009333333333333334 0.0))
    (1.8114528632158042 (0.095 -0.009333333333333334 0.0))
    (1.8124531132783197 (0.095 -0.009333333333333334 0.0))
    (1.8134533633408354 (0.095 -0.009333333333333334 0.0))
    (1.814453613403351 (0.095 -0.009333333333333334 0.0))
    (1.8154538634658666 (0.095 -0.009333333333333334 0.0))
    (1.8164541135283823 (0.095 -0.009333333333333334 0.0))
    (1.817454363590898 (0.095 -0.009333333333333334 0.0))
    (1.8184546136534137 (0.095 -0.009333333333333334 0.0))
    (1.8194548637159291 (0.095 -0.009333333333333334 0.0))
    (1.8204551137784448 (0.095 -0.009333333333333334 0.0))
    (1.8214553638409605 (0.095 -0.009333333333333334 0.0))
    (1.822455613903476 (0.095 -0.009333333333333334 0.0))
    (1.8234558639659917 (0.095 -0.009333333333333334 0.0))
    (1.8244561140285074 (0.095 -0.009333333333333334 0.0))
    (1.8254563640910229 (0.095 -0.009333333333333334 0.0))
    (1.8264566141535385 (0.095 -0.009333333333333334 0.0))
    (1.8274568642160542 (0.095 -0.009333333333333334 0.0))
    (1.82845711427857 (0.095 -0.009333333333333334 0.0))
    (1.8294573643410854 (0.095 -0.009333333333333334 0.0))
    (1.830457614403601 (0.095 -0.009333333333333334 0.0))
    (1.8314578644661168 (0.095 -0.009333333333333334 0.0))
    (1.8324581145286323 (0.095 -0.009333333333333334 0.0))
    (1.833458364591148 (0.095 -0.009333333333333334 0.0))
    (1.8344586146536637 (0.095 -0.009333333333333334 0.0))
    (1.8354588647161791 (0.095 -0.009333333333333334 0.0))
    (1.8364591147786948 (0.095 -0.009333333333333334 0.0))
    (1.8374593648412105 (0.095 -0.009333333333333334 0.0))
    (1.8384596149037262 (0.095 -0.009333333333333334 0.0))
    (1.8394598649662417 (0.095 -0.009333333333333334 0.0))
    (1.8404601150287574 (0.095 -0.009333333333333334 0.0))
    (1.841460365091273 (0.095 -0.009333333333333334 0.0))
    (1.8424606151537886 (0.095 -0.009333333333333334 0.0))
    (1.8434608652163043 (0.095 -0.009333333333333334 0.0))
    (1.84446111527882 (0.095 -0.009333333333333334 0.0))
    (1.8454613653413354 (0.095 -0.009333333333333334 0.0))
    (1.8464616154038511 (0.095 -0.009333333333333334 0.0))
    (1.8474618654663668 (0.095 -0.009333333333333334 0.0))
    (1.8484621155288825 (0.095 -0.009333333333333334 0.0))
    (1.849462365591398 (0.095 -0.009333333333333334 0.0))
    (1.8504626156539137 (0.095 -0.009333333333333334 0.0))
    (1.8514628657164294 (0.095 -0.009333333333333334 0.0))
    (1.8524631157789448 (0.095 -0.009333333333333334 0.0))
    (1.8534633658414605 (0.095 -0.009333333333333334 0.0))
    (1.8544636159039762 (0.095 -0.009333333333333334 0.0))
    (1.8554638659664917 (0.095 -0.009333333333333334 0.0))
    (1.8564641160290074 (0.095 -0.009333333333333334 0.0))
    (1.857464366091523 (0.095 -0.009333333333333334 0.0))
    (1.8584646161540388 (0.095 -0.009333333333333334 0.0))
    (1.8594648662165543 (0.095 -0.009333333333333334 0.0))
    (1.86046511627907 (0.095 -0.009333333333333334 0.0))
    (1.8614653663415857 (0.095 -0.009333333333333334 0.0))
    (1.8624656164041011 (0.095 -0.009333333333333334 0.0))
    (1.8634658664666168 (0.095 -0.009333333333333334 0.0))
    (1.8644661165291325 (0.095 -0.009333333333333334 0.0))
    (1.8654663665916482 (0.095 -0.009333333333333334 0.0))
    (1.8664666166541637 (0.095 -0.009333333333333334 0.0))
    (1.8674668667166794 (0.095 -0.009333333333333334 0.0))
    (1.868467116779195 (0.095 -0.009333333333333334 0.0))
    (1.8694673668417106 (0.095 -0.009333333333333334 0.0))
    (1.8704676169042262 (0.095 -0.009333333333333334 0.0))
    (1.871467866966742 (0.095 -0.009333333333333334 0.0))
    (1.8724681170292574 (0.095 -0.009333333333333334 0.0))
    (1.8734683670917731 (0.095 -0.009333333333333334 0.0))
    (1.8744686171542888 (0.095 -0.009333333333333334 0.0))
    (1.8754688672168045 (0.095 -0.009333333333333334 0.0))
    (1.87646911727932 (0.095 -0.009333333333333334 0.0))
    (1.8774693673418357 (0.095 -0.009333333333333334 0.0))
    (1.8784696174043514 (0.095 -0.009333333333333334 0.0))
    (1.8794698674668668 (0.095 -0.009333333333333334 0.0))
    (1.8804701175293825 (0.095 -0.009333333333333334 0.0))
    (1.8814703675918982 (0.095 -0.009333333333333334 0.0))
    (1.8824706176544137 (0.095 -0.009333333333333334 0.0))
    (1.8834708677169294 (0.095 -0.009333333333333334 0.0))
    (1.884471117779445 (0.095 -0.009333333333333334 0.0))
    (1.8854713678419608 (0.095 -0.009333333333333334 0.0))
    (1.8864716179044763 (0.095 -0.009333333333333334 0.0))
    (1.887471867966992 (0.095 -0.009333333333333334 0.0))
    (1.8884721180295077 (0.095 -0.009333333333333334 0.0))
    (1.8894723680920231 (0.095 -0.009333333333333334 0.0))
    (1.8904726181545388 (0.095 -0.009333333333333334 0.0))
    (1.8914728682170545 (0.095 -0.009333333333333334 0.0))
    (1.89247311827957 (0.095 -0.009333333333333334 0.0))
    (1.8934733683420857 (0.095 -0.009333333333333334 0.0))
    (1.8944736184046014 (0.095 -0.009333333333333334 0.0))
    (1.895473868467117 (0.095 -0.009333333333333334 0.0))
    (1.8964741185296325 (0.095 -0.009333333333333334 0.0))
    (1.8974743685921482 (0.095 -0.009333333333333334 0.0))
    (1.898474618654664 (0.095 -0.009333333333333334 0.0))
    (1.8994748687171794 (0.095 -0.009333333333333334 0.0))
    (1.900475118779695 (0.095 -0.009333333333333334 0.0))
    (1.9014753688422108 (0.095 -0.009333333333333334 0.0))
    (1.9024756189047263 (0.095 -0.009333333333333334 0.0))
    (1.903475868967242 (0.095 -0.009333333333333334 0.0))
    (1.9044761190297577 (0.095 -0.009333333333333334 0.0))
    (1.9054763690922734 (0.095 -0.009333333333333334 0.0))
    (1.9064766191547888 (0.095 -0.009333333333333334 0.0))
    (1.9074768692173045 (0.095 -0.009333333333333334 0.0))
    (1.9084771192798202 (0.095 -0.009333333333333334 0.0))
    (1.9094773693423357 (0.095 -0.009333333333333334 0.0))
    (1.9104776194048514 (0.095 -0.009333333333333334 0.0))
    (1.911477869467367 (0.095 -0.009333333333333334 0.0))
    (1.9124781195298828 (0.095 -0.009333333333333334 0.0))
    (1.9134783695923983 (0.095 -0.009333333333333334 0.0))
    (1.914478619654914 (0.095 -0.009333333333333334 0.0))
    (1.9154788697174296 (0.095 -0.009333333333333334 0.0))
    (1.9164791197799451 (0.095 -0.009333333333333334 0.0))
    (1.9174793698424608 (0.095 -0.009333333333333334 0.0))
    (1.9184796199049765 (0.095 -0.009333333333333334 0.0))
    (1.919479869967492 (0.095 -0.009333333333333334 0.0))
    (1.9204801200300077 (0.095 -0.009333333333333334 0.0))
    (1.9214803700925234 (0.095 -0.009333333333333334 0.0))
    (1.922480620155039 (0.095 -0.009333333333333334 0.0))
    (1.9234808702175545 (0.095 -0.009333333333333334 0.0))
    (1.9244811202800702 (0.095 -0.009333333333333334 0.0))
    (1.925481370342586 (0.095 -0.009333333333333334 0.0))
    (1.9264816204051014 (0.095 -0.009333333333333334 0.0))
    (1.927481870467617 (0.095 -0.009333333333333334 0.0))
    (1.9284821205301328 (0.095 -0.009333333333333334 0.0))
    (1.9294823705926483 (0.095 -0.009333333333333334 0.0))
    (1.930482620655164 (0.095 -0.009333333333333334 0.0))
    (1.9314828707176797 (0.095 -0.009333333333333334 0.0))
    (1.9324831207801954 (0.095 -0.009333333333333334 0.0))
    (1.9334833708427108 (0.095 -0.009333333333333334 0.0))
    (1.9344836209052265 (0.095 -0.009333333333333334 0.0))
    (1.9354838709677422 (0.095 -0.009333333333333334 0.0))
    (1.9364841210302577 (0.095 -0.009387077395029995 0.0))
    (1.9374843710927734 (0.095 -0.009456901528417157 0.0))
    (1.938484621155289 (0.095 -0.009526712104381416 0.0))
    (1.9394848712178046 (0.095 -0.009596501463577265 0.0))
    (1.9404851212803202 (0.095 -0.009666261948987087 0.0))
    (1.941485371342836 (0.095 -0.009735985906761047 0.0))
    (1.9424856214053516 (0.095 -0.009805665687057073 0.0))
    (1.943485871467867 (0.095 -0.009875293644880049 0.0))
    (1.9444861215303828 (0.095 -0.009944862140920623 0.0))
    (1.9454863715928985 (0.095 -0.01001436354239336 0.0))
    (1.946486621655414 (0.095 -0.010083790223874173 0.0))
    (1.9474868717179297 (0.095 -0.010153134568136973 0.0))
    (1.9484871217804454 (0.095 -0.010222388966989383 0.0))
    (1.9494873718429608 (0.095 -0.010291545822107492 0.0))
    (1.9504876219054765 (0.095 -0.010360597545869507 0.0))
    (1.9514878719679922 (0.095 -0.010429536562188238 0.0))
    (1.952488122030508 (0.095 -0.010498355307342323 0.0))
    (1.9534883720930234 (0.095 -0.010567046230806081 0.0))
    (1.954488622155539 (0.095 -0.010635601796077932 0.0))
    (1.9554888722180548 (0.095 -0.010704014481507273 0.0))
    (1.9564891222805703 (0.095 -0.010772276781119722 0.0))
    (1.957489372343086 (0.095 -0.010840381205440645 0.0))
    (1.9584896224056016 (0.095 -0.010908320282316874 0.0))
    (1.9594898724681173 (0.095 -0.01097608655773654 0.0))
    (1.9604901225306328 (0.095 -0.011043672596646792 0.0))
    (1.9614903725931485 (0.095 -0.011111070983769764 0.0))
    (1.9624906226556642 (0.095 -0.011178274324415951 0.0))
    (1.9634908727181797 (0.095 -0.011245275245295517 0.0))
    (1.9644911227806954 (0.095 -0.011312066395327476 0.0))
    (1.965491372843211 (0.095 -0.011378640446446021 0.0))
    (1.9664916229057265 (0.095 -0.011444990094404521 0.0))
    (1.9674918729682422 (0.095 -0.011511108059577151 0.0))
    (1.968492123030758 (0.095 -0.011576987087757267 0.0))
    (1.9694923730932736 (0.095 -0.011642619950953545 0.0))
    (1.970492623155789 (0.095 -0.011707999448182918 0.0))
    (1.9714928732183048 (0.095 -0.01177311840626064 0.0))
    (1.9724931232808205 (0.095 -0.011837969680587316 0.0))
    (1.973493373343336 (0.095 -0.011902546155932767 0.0))
    (1.9744936234058517 (0.095 -0.0119668407472167 0.0))
    (1.9754938734683674 (0.095 -0.012030846400286038 0.0))
    (1.9764941235308828 (0.095 -0.012094556092688894 0.0))
    (1.9774943735933985 (0.095 -0.01215796283444503 0.0))
    (1.9784946236559142 (0.095 -0.012221059668812779 0.0))
    (1.97949487371843 (0.095 -0.012283839673052308 0.0))
    (1.9804951237809454 (0.095 -0.01234629595918516 0.0))
    (1.981495373843461 (0.095 -0.012408421674749974 0.0))
    (1.9824956239059768 (0.095 -0.012470210003554302 0.0))
    (1.9834958739684923 (0.095 -0.01253165416642247 0.0))
    (1.984496124031008 (0.095 -0.012592747421939346 0.0))
    (1.9854963740935236 (0.095 -0.01265348306719 0.0))
    (1.9864966241560391 (0.095 -0.01271385443849511 0.0))
    (1.9874968742185548 (0.095 -0.012773854912142075 0.0))
    (1.9884971242810705 (0.095 -0.012833477905111747 0.0))
    (1.9894973743435862 (0.095 -0.012892716875800715 0.0))
    (1.9904976244061017 (0.095 -0.012951565324738921 0.0))
    (1.9914978744686174 (0.095 -0.01301001679530296 0.0))
    (1.992498124531133 (0.095 -0.01306806487442429 0.0))
    (1.9934983745936485 (0.095 -0.013125703193292856 0.0))
    (1.9944986246561642 (0.095 -0.013182925428056026 0.0))
    (1.99549887471868 (0.095 -0.013239725300512244 0.0))
    (1.9964991247811954 (0.095 -0.013296096578799849 0.0))
    (1.997499374843711 (0.095 -0.013352033078080978 0.0))
    (1.9984996249062268 (0.095 -0.013407528661219987 0.0))
    (1.9994998749687425 (0.095 -0.013462577239456795 0.0))
    (2.000500125031258 (0.095 -0.013517172773075004 0.0))
    (2.0015003750937734 (0.095 -0.01357130927206455 0.0))
    (2.0025006251562893 (0.095 -0.013624980796778832 0.0))
    (2.003500875218805 (0.095 -0.013678181458586368 0.0))
    (2.0045011252813207 (0.095 -0.013730905420517052 0.0))
    (2.005501375343836 (0.095 -0.013783146897902311 0.0))
    (2.0065016254063517 (0.095 -0.013834900159009962 0.0))
    (2.0075018754688676 (0.095 -0.013886159525673066 0.0))
    (2.008502125531383 (0.095 -0.013936919373912768 0.0))
    (2.0095023755938985 (0.095 -0.01398717413455548 0.0))
    (2.0105026256564145 (0.095 -0.014036918293843919 0.0))
    (2.01150287571893 (0.095 -0.014086146394041904 0.0))
    (2.0125031257814454 (0.095 -0.014134853034033302 0.0))
    (2.0135033758439613 (0.095 -0.014183032869914618 0.0))
    (2.014503625906477 (0.095 -0.014230680615581165 0.0))
    (2.0155038759689923 (0.095 -0.014277791043307175 0.0))
    (2.016504126031508 (0.095 -0.014324358984319375 0.0))
    (2.0175043760940237 (0.095 -0.01437037932936392 0.0))
    (2.018504626156539 (0.095 -0.014415847029267133 0.0))
    (2.019504876219055 (0.095 -0.014460757095489453 0.0))
    (2.0205051262815705 (0.095 -0.014505104600672634 0.0))
    (2.0215053763440864 (0.095 -0.014548884679180519 0.0))
    (2.022505626406602 (0.095 -0.014592092527632732 0.0))
    (2.0235058764691174 (0.095 -0.014634723405431845 0.0))
    (2.0245061265316333 (0.095 -0.014676772635283369 0.0))
    (2.025506376594149 (0.095 -0.014718235603708923 0.0))
    (2.0265066266566643 (0.095 -0.014759107761552545 0.0))
    (2.02750687671918 (0.095 -0.014799384624479675 0.0))
    (2.0285071267816956 (0.095 -0.014839061773469156 0.0))
    (2.029507376844211 (0.095 -0.014878134855298203 0.0))
    (2.030507626906727 (0.095 -0.014916599583019895 0.0))
    (2.0315078769692425 (0.095 -0.014954451736433522 0.0))
    (2.032508127031758 (0.095 -0.014991687162547727 0.0))
    (2.033508377094274 (0.095 -0.015028301776036044 0.0))
    (2.0345086271567894 (0.095 -0.015064291559685118 0.0))
    (2.035508877219305 (0.095 -0.01509965256483558 0.0))
    (2.0365091272818208 (0.095 -0.015134380911815154 0.0))
    (2.0375093773443362 (0.095 -0.01516847279036433 0.0))
    (2.0385096274068517 (0.095 -0.015201924460054519 0.0))
    (2.0395098774693676 (0.095 -0.015234732250698324 0.0))
    (2.040510127531883 (0.095 -0.015266892562752227 0.0))
    (2.041510377594399 (0.095 -0.015298401867711624 0.0))
    (2.0425106276569145 (0.095 -0.015329256708497812 0.0))
    (2.04351087771943 (0.095 -0.015359453699837388 0.0))
    (2.044511127781946 (0.095 -0.015388989528633662 0.0))
    (2.0455113778444614 (0.095 -0.015417860954330079 0.0))
    (2.046511627906977 (0.095 -0.015446064809265855 0.0))
    (2.0475118779694927 (0.095 -0.01547359799902346 0.0))
    (2.048512128032008 (0.095 -0.01550045750276816 0.0))
    (2.0495123780945237 (0.095 -0.015526640373579419 0.0))
    (2.0505126281570396 (0.095 -0.015552143738774254 0.0))
    (2.051512878219555 (0.095 -0.015576964800222397 0.0))
    (2.0525131282820706 (0.095 -0.015601100834653301 0.0))
    (2.0535133783445865 (0.095 -0.015624549193954923 0.0))
    (2.054513628407102 (0.095 -0.015647307305464264 0.0))
    (2.0555138784696174 (0.095 -0.015669372672249642 0.0))
    (2.0565141285321333 (0.095 -0.015690742873384636 0.0))
    (2.057514378594649 (0.095 -0.015711415564213693 0.0))
    (2.0585146286571647 (0.095 -0.015731388476609404 0.0))
    (2.05951487871968 (0.095 -0.015750659419221304 0.0))
    (2.0605151287821957 (0.095 -0.01576922627771636 0.0))
    (2.0615153788447116 (0.095 -0.015787087015010914 0.0))
    (2.062515628907227 (0.095 -0.015804239671494146 0.0))
    (2.0635158789697425 (0.095 -0.01582068236524317 0.0))
    (2.0645161290322585 (0.095 -0.015836413292229425 0.0))
    (2.065516379094774 (0.095 -0.015851430726516638 0.0))
    (2.0665166291572894 (0.095 -0.015865733020450187 0.0))
    (2.0675168792198053 (0.095 -0.015879318604837895 0.0))
    (2.068517129282321 (0.095 -0.015892185989122145 0.0))
    (2.0695173793448363 (0.095 -0.015904333761543467 0.0))
    (2.070517629407352 (0.095 -0.015915760589295416 0.0))
    (2.0715178794698677 (0.095 -0.01592646521867078 0.0))
    (2.072518129532383 (0.095 -0.01593644647519916 0.0))
    (2.073518379594899 (0.095 -0.015945703263775837 0.0))
    (2.0745186296574145 (0.095 -0.015954234568781873 0.0))
    (2.07551887971993 (0.095 -0.015962039454195585 0.0))
    (2.076519129782446 (0.095 -0.01596911706369524 0.0))
    (2.0775193798449614 (0.095 -0.015975466620752988 0.0))
    (2.0785196299074773 (0.095 -0.015981087428720057 0.0))
    (2.0795198799699928 (0.095 -0.015985978870903216 0.0))
    (2.0805201300325082 (0.095 -0.015990140410632403 0.0))
    (2.081520380095024 (0.095 -0.015993571591319634 0.0))
    (2.0825206301575396 (0.095 -0.015996272036509072 0.0))
    (2.083520880220055 (0.095 -0.01599824144991835 0.0))
    (2.084521130282571 (0.095 -0.015999479615471074 0.0))
    (2.0855213803450865 (0.095 -0.01599998639732052 0.0))
    (2.086521630407602 (0.095 -0.015999761739864553 0.0))
    (2.087521880470118 (0.095 -0.01599880566775172 0.0))
    (2.0885221305326334 (0.095 -0.015997118285878534 0.0))
    (2.089522380595149 (0.095 -0.015994699779377997 0.0))
    (2.0905226306576647 (0.095 -0.015991550413599252 0.0))
    (2.09152288072018 (0.095 -0.015987670534078492 0.0))
    (2.0925231307826957 (0.095 -0.015983060566501044 0.0))
    (2.0935233808452116 (0.095 -0.015977721016654657 0.0))
    (2.094523630907727 (0.095 -0.015971652470374034 0.0))
    (2.095523880970243 (0.095 -0.01596485559347651 0.0))
    (2.0965241310327585 (0.095 -0.015957331131689057 0.0))
    (2.097524381095274 (0.095 -0.01594907991056642 0.0))
    (2.09852463115779 (0.095 -0.015940102835400555 0.0))
    (2.0995248812203053 (0.095 -0.015930400891121327 0.0))
    (2.100525131282821 (0.095 -0.015919975142188413 0.0))
    (2.1015253813453367 (0.095 -0.015908826732474523 0.0))
    (2.102525631407852 (0.095 -0.01589695688513992 0.0))
    (2.1035258814703677 (0.095 -0.015884366902498198 0.0))
    (2.1045261315328836 (0.095 -0.01587105816587338 0.0))
    (2.105526381595399 (0.095 -0.015857032135448427 0.0))
    (2.1065266316579145 (0.095 -0.015842290350104968 0.0))
    (2.1075268817204305 (0.095 -0.015826834427254476 0.0))
    (2.108527131782946 (0.095 -0.015810666062660843 0.0))
    (2.1095273818454614 (0.095 -0.0157937870302543 0.0))
    (2.1105276319079773 (0.095 -0.015776199181936762 0.0))
    (2.111527881970493 (0.095 -0.015757904447378724 0.0))
    (2.1125281320330083 (0.095 -0.01573890483380747 0.0))
    (2.113528382095524 (0.095 -0.015719202425786855 0.0))
    (2.1145286321580397 (0.095 -0.01569879938498866 0.0))
    (2.1155288822205556 (0.095 -0.01567769794995533 0.0))
    (2.116529132283071 (0.095 -0.015655900435854464 0.0))
    (2.1175293823455865 (0.095 -0.015633409234224706 0.0))
    (2.1185296324081024 (0.095 -0.015610226812713422 0.0))
    (2.119529882470618 (0.095 -0.015586355714805971 0.0))
    (2.1205301325331334 (0.095 -0.01556179855954656 0.0))
    (2.1215303825956493 (0.095 -0.01553655804125098 0.0))
    (2.1225306326581648 (0.095 -0.01551063692921098 0.0))
    (2.1235308827206802 (0.095 -0.015484038067390363 0.0))
    (2.124531132783196 (0.095 -0.015456764374113037 0.0))
    (2.1255313828457116 (0.095 -0.015428818841742825 0.0))
    (2.126531632908227 (0.095 -0.015400204536355074 0.0))
    (2.127531882970743 (0.095 -0.015370924597400335 0.0))
    (2.1285321330332585 (0.095 -0.01534098223735993 0.0))
    (2.129532383095774 (0.095 -0.01531038074139338 0.0))
    (2.13053263315829 (0.095 -0.015279123466978083 0.0))
    (2.1315328832208054 (0.095 -0.015247213843540927 0.0))
    (2.132533133283321 (0.095 -0.015214655372081949 0.0))
    (2.1335333833458368 (0.095 -0.015181451624790298 0.0))
    (2.1345336334083522 (0.095 -0.015147606244652317 0.0))
    (2.135533883470868 (0.095 -0.01511312294505174 0.0))
    (2.1365341335333836 (0.095 -0.015078005509362426 0.0))
    (2.137534383595899 (0.095 -0.015042257790533154 0.0))
    (2.138534633658415 (0.095 -0.015005883710664886 0.0))
    (2.1395348837209305 (0.095 -0.014968887260580554 0.0))
    (2.140535133783446 (0.095 -0.014931272499387107 0.0))
    (2.141535383845962 (0.095 -0.01489304355403015 0.0))
    (2.1425356339084773 (0.095 -0.014854204618841259 0.0))
    (2.143535883970993 (0.095 -0.014814759955077698 0.0))
    (2.1445361340335087 (0.095 -0.014774713890454882 0.0))
    (2.145536384096024 (0.095 -0.014734070818671662 0.0))
    (2.1465366341585397 (0.095 -0.01469283519892817 0.0))
    (2.1475368842210556 (0.095 -0.014651011555436558 0.0))
    (2.148537134283571 (0.095 -0.014608604476924738 0.0))
    (2.1495373843460865 (0.095 -0.014565618616132814 0.0))
    (2.1505376344086025 (0.095 -0.014522058689302588 0.0))
    (2.151537884471118 (0.095 -0.014477929475660251 0.0))
    (2.152538134533634 (0.095 -0.014433235816891855 0.0))
    (2.1535383845961493 (0.095 -0.014387982616612265 0.0))
    (2.154538634658665 (0.095 -0.014342174839826968 0.0))
    (2.1555388847211807 (0.095 -0.014295817512387485 0.0))
    (2.156539134783696 (0.095 -0.01424891572043995 0.0))
    (2.1575393848462117 (0.095 -0.014201474609866933 0.0))
    (2.1585396349087276 (0.095 -0.014153499385722997 0.0))
    (2.159539884971243 (0.095 -0.014104995311663628 0.0))
    (2.1605401350337585 (0.095 -0.01405596770936757 0.0))
    (2.1615403850962744 (0.095 -0.014006421957953102 0.0))
    (2.16254063515879 (0.095 -0.013956363493387868 0.0))
    (2.1635408852213054 (0.095 -0.013905797807892306 0.0))
    (2.1645411352838213 (0.095 -0.013854730449337216 0.0))
    (2.1655413853463368 (0.095 -0.013803167020635075 0.0))
    (2.1665416354088523 (0.095 -0.013751113179125144 0.0))
    (2.167541885471368 (0.095 -0.013698574635952927 0.0))
    (2.1685421355338836 (0.095 -0.013645557155443569 0.0))
    (2.169542385596399 (0.095 -0.013592066554469252 0.0))
    (2.170542635658915 (0.095 -0.013538108701811153 0.0))
    (2.1715428857214305 (0.095 -0.013483689517515548 0.0))
    (2.1725431357839464 (0.095 -0.0134288149722441 0.0))
    (2.173543385846462 (0.095 -0.01337349108661904 0.0))
    (2.1745436359089774 (0.095 -0.013317723930562426 0.0))
    (2.1755438859714933 (0.095 -0.013261519622630169 0.0))
    (2.1765441360340088 (0.095 -0.0132048843293409 0.0))
    (2.1775443860965242 (0.095 -0.013147824264499236 0.0))
    (2.17854463615904 (0.095 -0.013090345688514023 0.0))
    (2.1795448862215556 (0.095 -0.01303245490771164 0.0))
    (2.180545136284071 (0.095 -0.012974158273643923 0.0))
    (2.181545386346587 (0.095 -0.012915462182391292 0.0))
    (2.1825456364091025 (0.095 -0.012856373073861178 0.0))
    (2.183545886471618 (0.095 -0.012796897431081285 0.0))
    (2.184546136534134 (0.095 -0.012737041779488294 0.0))
    (2.1855463865966493 (0.095 -0.0126768126862121 0.0))
    (2.186546636659165 (0.095 -0.01261621675935511 0.0))
    (2.1875468867216807 (0.095 -0.012555260647267221 0.0))
    (2.188547136784196 (0.095 -0.012493951037816586 0.0))
    (2.189547386846712 (0.095 -0.012432294657655614 0.0))
    (2.1905476369092276 (0.095 -0.012370298271483149 0.0))
    (2.191547886971743 (0.095 -0.012307968681302054 0.0))
    (2.192548137034259 (0.095 -0.012245312725673103 0.0))
    (2.1935483870967745 (0.095 -0.01218233727896469 0.0))
    (2.19454863715929 (0.095 -0.012119049250598393 0.0))
    (2.195548887221806 (0.095 -0.012055455584291112 0.0))
    (2.1965491372843213 (0.095 -0.011991563257293211 0.0))
    (2.197549387346837 (0.095 -0.011927379279622823 0.0))
    (2.1985496374093527 (0.095 -0.011862910693296924 0.0))
    (2.199549887471868 (0.095 -0.011798164571558708 0.0))
    (2.2005501375343837 (0.095 -0.011733148018101354 0.0))
    (2.2015503875968996 (0.095 -0.011667868166288821 0.0))
    (2.202550637659415 (0.095 -0.01160233217837321 0.0))
    (2.2035508877219305 (0.095 -0.011536547244708747 0.0))
    (2.2045511377844464 (0.095 -0.011470520582963087 0.0))
    (2.205551387846962 (0.095 -0.011404259437325419 0.0))
    (2.2065516379094774 (0.095 -0.011337771077711462 0.0))
    (2.2075518879719933 (0.095 -0.011271062798966032 0.0))
    (2.208552138034509 (0.095 -0.011204141920062697 0.0))
    (2.2095523880970247 (0.095 -0.011137015783300522 0.0))
    (2.21055263815954 (0.095 -0.011069691753498829 0.0))
    (2.2115528882220556 (0.095 -0.011002177217188928 0.0))
    (2.2125531382845716 (0.095 -0.0109344795818037 0.0))
    (2.213553388347087 (0.095 -0.010866606274865076 0.0))
    (2.2145536384096025 (0.095 -0.010798564743168926 0.0))
    (2.2155538884721184 (0.095 -0.010730362451968012 0.0))
    (2.216554138534634 (0.095 -0.01066200688415315 0.0))
    (2.2175543885971494 (0.095 -0.010593505539431997 0.0))
    (2.2185546386596653 (0.095 -0.01052486593350622 0.0))
    (2.2195548887221808 (0.095 -0.010456095597247105 0.0))
    (2.2205551387846962 (0.095 -0.010387202075869075 0.0))
    (2.221555388847212 (0.095 -0.010318192928101965 0.0))
    (2.2225556389097276 (0.095 -0.01024907572536169 0.0))
    (2.223555888972243 (0.095 -0.010179858050919538 0.0))
    (2.224556139034759 (0.095 -0.010110547499070161 0.0))
    (2.2255563890972745 (0.095 -0.010041151674298362 0.0))
    (2.22655663915979 (0.095 -0.009971678190444757 0.0))
    (2.227556889222306 (0.095 -0.009902134669870413 0.0))
    (2.2285571392848214 (0.095 -0.009832528742620555 0.0))
    (2.2295573893473373 (0.095 -0.00976286804558741 0.0))
    (2.2305576394098527 (0.095 -0.009693160221672414 0.0))
    (2.231557889472368 (0.095 -0.00962341291894745 0.0))
    (2.232558139534884 (0.095 -0.009553633789815934 0.0))
    (2.2335583895973996 (0.095 -0.009483830490173215 0.0))
    (2.234558639659915 (0.095 -0.009414010678566401 0.0))
    (2.235558889722431 (0.095 -0.0093441820153543 0.0))
    (2.2365591397849465 (0.095 -0.009333333333333334 0.0))
    (2.237559389847462 (0.095 -0.009333333333333334 0.0))
    (2.238559639909978 (0.095 -0.009333333333333334 0.0))
    (2.2395598899724933 (0.095 -0.009333333333333334 0.0))
    (2.240560140035009 (0.095 -0.009333333333333334 0.0))
    (2.2415603900975247 (0.095 -0.009333333333333334 0.0))
    (2.24256064016004 (0.095 -0.009333333333333334 0.0))
    (2.2435608902225557 (0.095 -0.009333333333333334 0.0))
    (2.2445611402850716 (0.095 -0.009333333333333334 0.0))
    (2.245561390347587 (0.095 -0.009333333333333334 0.0))
    (2.246561640410103 (0.095 -0.009333333333333334 0.0))
    (2.2475618904726185 (0.095 -0.009333333333333334 0.0))
    (2.248562140535134 (0.095 -0.009333333333333334 0.0))
    (2.24956239059765 (0.095 -0.009333333333333334 0.0))
    (2.2505626406601653 (0.095 -0.009333333333333334 0.0))
    (2.251562890722681 (0.095 -0.009333333333333334 0.0))
    (2.2525631407851967 (0.095 -0.009333333333333334 0.0))
    (2.253563390847712 (0.095 -0.009333333333333334 0.0))
    (2.2545636409102277 (0.095 -0.009333333333333334 0.0))
    (2.2555638909727436 (0.095 -0.009333333333333334 0.0))
    (2.256564141035259 (0.095 -0.009333333333333334 0.0))
    (2.2575643910977745 (0.095 -0.009333333333333334 0.0))
    (2.2585646411602904 (0.095 -0.009333333333333334 0.0))
    (2.259564891222806 (0.095 -0.009333333333333334 0.0))
    (2.2605651412853214 (0.095 -0.009333333333333334 0.0))
    (2.2615653913478373 (0.095 -0.009333333333333334 0.0))
    (2.2625656414103528 (0.095 -0.009333333333333334 0.0))
    (2.2635658914728682 (0.095 -0.009333333333333334 0.0))
    (2.264566141535384 (0.095 -0.009333333333333334 0.0))
    (2.2655663915978996 (0.095 -0.009333333333333334 0.0))
    (2.2665666416604155 (0.095 -0.009333333333333334 0.0))
    (2.267566891722931 (0.095 -0.009333333333333334 0.0))
    (2.2685671417854465 (0.095 -0.009333333333333334 0.0))
    (2.2695673918479624 (0.095 -0.009333333333333334 0.0))
    (2.270567641910478 (0.095 -0.009333333333333334 0.0))
    (2.2715678919729934 (0.095 -0.009333333333333334 0.0))
    (2.2725681420355093 (0.095 -0.009333333333333334 0.0))
    (2.2735683920980247 (0.095 -0.009333333333333334 0.0))
    (2.27456864216054 (0.095 -0.009333333333333334 0.0))
    (2.275568892223056 (0.095 -0.009333333333333334 0.0))
    (2.2765691422855716 (0.095 -0.009333333333333334 0.0))
    (2.277569392348087 (0.095 -0.009333333333333334 0.0))
    (2.278569642410603 (0.095 -0.009333333333333334 0.0))
    (2.2795698924731185 (0.095 -0.009333333333333334 0.0))
    (2.280570142535634 (0.095 -0.009333333333333334 0.0))
    (2.28157039259815 (0.095 -0.009333333333333334 0.0))
    (2.2825706426606653 (0.095 -0.009333333333333334 0.0))
    (2.2835708927231813 (0.095 -0.009333333333333334 0.0))
    (2.2845711427856967 (0.095 -0.009333333333333334 0.0))
    (2.285571392848212 (0.095 -0.009333333333333334 0.0))
    (2.286571642910728 (0.095 -0.009333333333333334 0.0))
    (2.2875718929732436 (0.095 -0.009333333333333334 0.0))
    (2.288572143035759 (0.095 -0.009333333333333334 0.0))
    (2.289572393098275 (0.095 -0.009333333333333334 0.0))
    (2.2905726431607905 (0.095 -0.009333333333333334 0.0))
    (2.291572893223306 (0.095 -0.009333333333333334 0.0))
    (2.292573143285822 (0.095 -0.009333333333333334 0.0))
    (2.2935733933483373 (0.095 -0.009333333333333334 0.0))
    (2.294573643410853 (0.095 -0.009333333333333334 0.0))
    (2.2955738934733687 (0.095 -0.009333333333333334 0.0))
    (2.296574143535884 (0.095 -0.009333333333333334 0.0))
    (2.2975743935983997 (0.095 -0.009333333333333334 0.0))
    (2.2985746436609156 (0.095 -0.009333333333333334 0.0))
    (2.299574893723431 (0.095 -0.009333333333333334 0.0))
    (2.3005751437859465 (0.095 -0.009333333333333334 0.0))
    (2.3015753938484624 (0.095 -0.009333333333333334 0.0))
    (2.302575643910978 (0.095 -0.009333333333333334 0.0))
    (2.303575893973494 (0.095 -0.009333333333333334 0.0))
    (2.3045761440360093 (0.095 -0.009333333333333334 0.0))
    (2.3055763940985248 (0.095 -0.009333333333333334 0.0))
    (2.3065766441610407 (0.095 -0.009333333333333334 0.0))
    (2.307576894223556 (0.095 -0.009333333333333334 0.0))
    (2.3085771442860716 (0.095 -0.009333333333333334 0.0))
    (2.3095773943485876 (0.095 -0.009333333333333334 0.0))
    (2.310577644411103 (0.095 -0.009333333333333334 0.0))
    (2.3115778944736185 (0.095 -0.009333333333333334 0.0))
    (2.3125781445361344 (0.095 -0.009333333333333334 0.0))
    (2.31357839459865 (0.095 -0.009333333333333334 0.0))
    (2.3145786446611654 (0.095 -0.009333333333333334 0.0))
    (2.3155788947236813 (0.095 -0.009333333333333334 0.0))
    (2.3165791447861968 (0.095 -0.009333333333333334 0.0))
    (2.3175793948487122 (0.095 -0.009333333333333334 0.0))
    (2.318579644911228 (0.095 -0.009333333333333334 0.0))
    (2.3195798949737436 (0.095 -0.009333333333333334 0.0))
    (2.320580145036259 (0.095 -0.009333333333333334 0.0))
    (2.321580395098775 (0.095 -0.009333333333333334 0.0))
    (2.3225806451612905 (0.095 -0.009333333333333334 0.0))
    (2.3235808952238064 (0.095 -0.009333333333333334 0.0))
    (2.324581145286322 (0.095 -0.009333333333333334 0.0))
    (2.3255813953488373 (0.095 -0.009333333333333334 0.0))
    (2.3265816454113533 (0.095 -0.009333333333333334 0.0))
    (2.3275818954738687 (0.095 -0.009333333333333334 0.0))
    (2.328582145536384 (0.095 -0.009333333333333334 0.0))
    (2.3295823955989 (0.095 -0.009333333333333334 0.0))
    (2.3305826456614156 (0.095 -0.009333333333333334 0.0))
    (2.331582895723931 (0.095 -0.009333333333333334 0.0))
    (2.332583145786447 (0.095 -0.009333333333333334 0.0))
    (2.3335833958489625 (0.095 -0.009333333333333334 0.0))
    (2.334583645911478 (0.095 -0.009333333333333334 0.0))
    (2.335583895973994 (0.095 -0.009333333333333334 0.0))
    (2.3365841460365093 (0.095 -0.009333333333333334 0.0))
    (2.337584396099025 (0.095 -0.009333333333333334 0.0))
    (2.3385846461615407 (0.095 -0.009333333333333334 0.0))
    (2.339584896224056 (0.095 -0.009333333333333334 0.0))
    (2.340585146286572 (0.095 -0.009333333333333334 0.0))
    (2.3415853963490876 (0.095 -0.009333333333333334 0.0))
    (2.342585646411603 (0.095 -0.009333333333333334 0.0))
    (2.343585896474119 (0.095 -0.009333333333333334 0.0))
    (2.3445861465366344 (0.095 -0.009333333333333334 0.0))
    (2.34558639659915 (0.095 -0.009333333333333334 0.0))
    (2.346586646661666 (0.095 -0.009333333333333334 0.0))
    (2.3475868967241813 (0.095 -0.009333333333333334 0.0))
    (2.3485871467866968 (0.095 -0.009333333333333334 0.0))
    (2.3495873968492127 (0.095 -0.009333333333333334 0.0))
    (2.350587646911728 (0.095 -0.009333333333333334 0.0))
    (2.3515878969742436 (0.095 -0.009333333333333334 0.0))
    (2.3525881470367596 (0.095 -0.009333333333333334 0.0))
    (2.353588397099275 (0.095 -0.009333333333333334 0.0))
    (2.3545886471617905 (0.095 -0.009333333333333334 0.0))
    (2.3555888972243064 (0.095 -0.009333333333333334 0.0))
    (2.356589147286822 (0.095 -0.009333333333333334 0.0))
    (2.3575893973493374 (0.095 -0.009333333333333334 0.0))
    (2.3585896474118533 (0.095 -0.009333333333333334 0.0))
    (2.3595898974743688 (0.095 -0.009333333333333334 0.0))
    (2.3605901475368847 (0.095 -0.009333333333333334 0.0))
    (2.3615903975994 (0.095 -0.009333333333333334 0.0))
    (2.3625906476619156 (0.095 -0.009333333333333334 0.0))
    (2.3635908977244315 (0.095 -0.009333333333333334 0.0))
    (2.364591147786947 (0.095 -0.009333333333333334 0.0))
    (2.3655913978494625 (0.095 -0.009333333333333334 0.0))
    (2.3665916479119784 (0.095 -0.009333333333333334 0.0))
    (2.367591897974494 (0.095 -0.009333333333333334 0.0))
    (2.3685921480370093 (0.095 -0.009333333333333334 0.0))
    (2.3695923980995253 (0.095 -0.009333333333333334 0.0))
    (2.3705926481620407 (0.095 -0.009333333333333334 0.0))
    (2.371592898224556 (0.095 -0.009333333333333334 0.0))
    (2.372593148287072 (0.095 -0.009333333333333334 0.0))
    (2.3735933983495876 (0.095 -0.009333333333333334 0.0))
    (2.374593648412103 (0.095 -0.009333333333333334 0.0))
    (2.375593898474619 (0.095 -0.009333333333333334 0.0))
    (2.3765941485371345 (0.095 -0.009333333333333334 0.0))
    (2.3775943985996504 (0.095 -0.009333333333333334 0.0))
    (2.378594648662166 (0.095 -0.009333333333333334 0.0))
    (2.3795948987246813 (0.095 -0.009333333333333334 0.0))
    (2.3805951487871972 (0.095 -0.009333333333333334 0.0))
    (2.3815953988497127 (0.095 -0.009333333333333334 0.0))
    (2.382595648912228 (0.095 -0.009333333333333334 0.0))
    (2.383595898974744 (0.095 -0.009333333333333334 0.0))
    (2.3845961490372596 (0.095 -0.009333333333333334 0.0))
    (2.385596399099775 (0.095 -0.009333333333333334 0.0))
    (2.386596649162291 (0.095 -0.009333333333333334 0.0))
    (2.3875968992248064 (0.095 -0.009333333333333334 0.0))
    (2.388597149287322 (0.095 -0.009333333333333334 0.0))
    (2.389597399349838 (0.095 -0.009333333333333334 0.0))
    (2.3905976494123533 (0.095 -0.009333333333333334 0.0))
    (2.391597899474869 (0.095 -0.009333333333333334 0.0))
    (2.3925981495373847 (0.095 -0.009333333333333334 0.0))
    (2.3935983995999 (0.095 -0.009333333333333334 0.0))
    (2.3945986496624156 (0.095 -0.009333333333333334 0.0))
    (2.3955988997249316 (0.095 -0.009333333333333334 0.0))
    (2.396599149787447 (0.095 -0.009333333333333334 0.0))
    (2.397599399849963 (0.095 -0.009333333333333334 0.0))
    (2.3985996499124784 (0.095 -0.009333333333333334 0.0))
    (2.399599899974994 (0.095 -0.009333333333333334 0.0))
    (2.40060015003751 (0.095 -0.009333333333333334 0.0))
    (2.4016004001000253 (0.095 -0.009333333333333334 0.0))
    (2.4026006501625408 (0.095 -0.009333333333333334 0.0))
    (2.4036009002250567 (0.095 -0.009333333333333334 0.0))
    (2.404601150287572 (0.095 -0.009333333333333334 0.0))
    (2.4056014003500876 (0.095 -0.009333333333333334 0.0))
    (2.4066016504126035 (0.095 -0.009333333333333334 0.0))
    (2.407601900475119 (0.095 -0.009333333333333334 0.0))
    (2.4086021505376345 (0.095 -0.009333333333333334 0.0))
    (2.4096024006001504 (0.095 -0.009333333333333334 0.0))
    (2.410602650662666 (0.095 -0.009333333333333334 0.0))
    (2.4116029007251814 (0.095 -0.009333333333333334 0.0))
    (2.4126031507876973 (0.095 -0.009333333333333334 0.0))
    (2.4136034008502127 (0.095 -0.009333333333333334 0.0))
    (2.414603650912728 (0.095 -0.009333333333333334 0.0))
    (2.415603900975244 (0.095 -0.009333333333333334 0.0))
    (2.4166041510377596 (0.095 -0.009333333333333334 0.0))
    (2.4176044011002755 (0.095 -0.009333333333333334 0.0))
    (2.418604651162791 (0.095 -0.009333333333333334 0.0))
    (2.4196049012253065 (0.095 -0.009333333333333334 0.0))
    (2.4206051512878224 (0.095 -0.009333333333333334 0.0))
    (2.421605401350338 (0.095 -0.009333333333333334 0.0))
    (2.4226056514128533 (0.095 -0.009333333333333334 0.0))
    (2.4236059014753693 (0.095 -0.009333333333333334 0.0))
    (2.4246061515378847 (0.095 -0.009333333333333334 0.0))
    (2.4256064016004 (0.095 -0.009333333333333334 0.0))
    (2.426606651662916 (0.095 -0.009333333333333334 0.0))
    (2.4276069017254316 (0.095 -0.009333333333333334 0.0))
    (2.428607151787947 (0.095 -0.009333333333333334 0.0))
    (2.429607401850463 (0.095 -0.009333333333333334 0.0))
    (2.4306076519129785 (0.095 -0.009333333333333334 0.0))
    (2.431607901975494 (0.095 -0.009333333333333334 0.0))
    (2.43260815203801 (0.095 -0.009333333333333334 0.0))
    (2.4336084021005253 (0.095 -0.009333333333333334 0.0))
    (2.4346086521630412 (0.095 -0.009333333333333334 0.0))
    (2.4356089022255567 (0.095 -0.009333333333333334 0.0))
    (2.436609152288072 (0.095 -0.009333333333333334 0.0))
    (2.437609402350588 (0.095 -0.009333333333333334 0.0))
    (2.4386096524131036 (0.095 -0.009333333333333334 0.0))
    (2.439609902475619 (0.095 -0.009333333333333334 0.0))
    (2.440610152538135 (0.095 -0.009333333333333334 0.0))
    (2.4416104026006504 (0.095 -0.009333333333333334 0.0))
    (2.442610652663166 (0.095 -0.009333333333333334 0.0))
    (2.443610902725682 (0.095 -0.009333333333333334 0.0))
    (2.4446111527881973 (0.095 -0.009333333333333334 0.0))
    (2.4456114028507128 (0.095 -0.009333333333333334 0.0))
    (2.4466116529132287 (0.095 -0.009333333333333334 0.0))
    (2.447611902975744 (0.095 -0.009333333333333334 0.0))
    (2.4486121530382596 (0.095 -0.009333333333333334 0.0))
    (2.4496124031007755 (0.095 -0.009333333333333334 0.0))
    (2.450612653163291 (0.095 -0.009333333333333334 0.0))
    (2.4516129032258065 (0.095 -0.009333333333333334 0.0))
    (2.4526131532883224 (0.095 -0.009333333333333334 0.0))
    (2.453613403350838 (0.095 -0.009333333333333334 0.0))
    (2.454613653413354 (0.095 -0.009333333333333334 0.0))
    (2.4556139034758693 (0.095 -0.009333333333333334 0.0))
    (2.4566141535383847 (0.095 -0.009333333333333334 0.0))
    (2.4576144036009007 (0.095 -0.009333333333333334 0.0))
    (2.458614653663416 (0.095 -0.009333333333333334 0.0))
    (2.4596149037259316 (0.095 -0.009333333333333334 0.0))
    (2.4606151537884475 (0.095 -0.009333333333333334 0.0))
    (2.461615403850963 (0.095 -0.009333333333333334 0.0))
    (2.4626156539134785 (0.095 -0.009333333333333334 0.0))
    (2.4636159039759944 (0.095 -0.009333333333333334 0.0))
    (2.46461615403851 (0.095 -0.009333333333333334 0.0))
    (2.4656164041010253 (0.095 -0.009333333333333334 0.0))
    (2.4666166541635413 (0.095 -0.009333333333333334 0.0))
    (2.4676169042260567 (0.095 -0.009333333333333334 0.0))
    (2.468617154288572 (0.095 -0.009333333333333334 0.0))
    (2.469617404351088 (0.095 -0.009333333333333334 0.0))
    (2.4706176544136036 (0.095 -0.009333333333333334 0.0))
    (2.4716179044761195 (0.095 -0.009333333333333334 0.0))
    (2.472618154538635 (0.095 -0.009333333333333334 0.0))
    (2.4736184046011505 (0.095 -0.009333333333333334 0.0))
    (2.4746186546636664 (0.095 -0.009333333333333334 0.0))
    (2.475618904726182 (0.095 -0.009333333333333334 0.0))
    (2.4766191547886973 (0.095 -0.009333333333333334 0.0))
    (2.4776194048512132 (0.095 -0.009333333333333334 0.0))
    (2.4786196549137287 (0.095 -0.009333333333333334 0.0))
    (2.479619904976244 (0.095 -0.009333333333333334 0.0))
    (2.48062015503876 (0.095 -0.009333333333333334 0.0))
    (2.4816204051012756 (0.095 -0.009333333333333334 0.0))
    (2.482620655163791 (0.095 -0.009333333333333334 0.0))
    (2.483620905226307 (0.095 -0.009333333333333334 0.0))
    (2.4846211552888224 (0.095 -0.009333333333333334 0.0))
    (2.485621405351338 (0.095 -0.009333333333333334 0.0))
    (2.486621655413854 (0.095 -0.009333333333333334 0.0))
    (2.4876219054763693 (0.095 -0.009333333333333334 0.0))
    (2.4886221555388848 (0.095 -0.009333333333333334 0.0))
    (2.4896224056014007 (0.095 -0.009333333333333334 0.0))
    (2.490622655663916 (0.095 -0.009333333333333334 0.0))
    (2.491622905726432 (0.095 -0.009333333333333334 0.0))
    (2.4926231557889476 (0.095 -0.009333333333333334 0.0))
    (2.493623405851463 (0.095 -0.009333333333333334 0.0))
    (2.494623655913979 (0.095 -0.009333333333333334 0.0))
    (2.4956239059764944 (0.095 -0.009333333333333334 0.0))
    (2.49662415603901 (0.095 -0.009333333333333334 0.0))
    (2.497624406101526 (0.095 -0.009333333333333334 0.0))
    (2.4986246561640413 (0.095 -0.009333333333333334 0.0))
    (2.4996249062265568 (0.095 -0.009333333333333334 0.0))
    (2.5006251562890727 (0.095 -0.009333333333333334 0.0))
    (2.501625406351588 (0.095 -0.009333333333333334 0.0))
    (2.5026256564141036 (0.095 -0.009333333333333334 0.0))
    (2.5036259064766195 (0.095 -0.009333333333333334 0.0))
    (2.504626156539135 (0.095 -0.009333333333333334 0.0))
    (2.5056264066016505 (0.095 -0.009333333333333334 0.0))
    (2.5066266566641664 (0.095 -0.009333333333333334 0.0))
    (2.507626906726682 (0.095 -0.009333333333333334 0.0))
    (2.5086271567891973 (0.095 -0.009333333333333334 0.0))
    (2.5096274068517133 (0.095 -0.009333333333333334 0.0))
    (2.5106276569142287 (0.095 -0.009333333333333334 0.0))
    (2.5116279069767447 (0.095 -0.009333333333333334 0.0))
    (2.51262815703926 (0.095 -0.009333333333333334 0.0))
    (2.5136284071017756 (0.095 -0.009333333333333334 0.0))
    (2.5146286571642915 (0.095 -0.009333333333333334 0.0))
    (2.515628907226807 (0.095 -0.009333333333333334 0.0))
    (2.5166291572893225 (0.095 -0.009333333333333334 0.0))
    (2.5176294073518384 (0.095 -0.009333333333333334 0.0))
    (2.518629657414354 (0.095 -0.009333333333333334 0.0))
    (2.5196299074768693 (0.095 -0.009333333333333334 0.0))
    (2.5206301575393852 (0.095 -0.009333333333333334 0.0))
    (2.5216304076019007 (0.095 -0.009333333333333334 0.0))
    (2.522630657664416 (0.095 -0.009333333333333334 0.0))
    (2.523630907726932 (0.095 -0.009333333333333334 0.0))
    (2.5246311577894476 (0.095 -0.009333333333333334 0.0))
    (2.525631407851963 (0.095 -0.009333333333333334 0.0))
    (2.526631657914479 (0.095 -0.009333333333333334 0.0))
    (2.5276319079769944 (0.095 -0.009333333333333334 0.0))
    (2.5286321580395104 (0.095 -0.009333333333333334 0.0))
    (2.529632408102026 (0.095 -0.009333333333333334 0.0))
    (2.5306326581645413 (0.095 -0.009333333333333334 0.0))
    (2.531632908227057 (0.095 -0.009333333333333334 0.0))
    (2.5326331582895727 (0.095 -0.009333333333333334 0.0))
    (2.533633408352088 (0.095 -0.009333333333333334 0.0))
    (2.534633658414604 (0.095 -0.009333333333333334 0.0))
    (2.5356339084771196 (0.095 -0.009333333333333334 0.0))
    (2.536634158539635 (0.095 -0.00939755157816869 0.0))
    (2.537634408602151 (0.095 -0.009467374166293672 0.0))
    (2.5386346586646664 (0.095 -0.009537182047978536 0.0))
    (2.539634908727182 (0.095 -0.009606967564173452 0.0))
    (2.540635158789698 (0.095 -0.009676723058282374 0.0))
    (2.5416354088522133 (0.095 -0.009746440877003089 0.0))
    (2.5426356589147288 (0.095 -0.009816113371167126 0.0))
    (2.5436359089772447 (0.095 -0.00988573289657878 0.0))
    (2.54463615903976 (0.095 -0.009955291814853795 0.0))
    (2.5456364091022756 (0.095 -0.010024782494257641 0.0))
    (2.5466366591647915 (0.095 -0.01009419731054262 0.0))
    (2.547636909227307 (0.095 -0.01016352864778437 0.0))
    (2.548637159289823 (0.095 -0.010232768899217691 0.0))
    (2.5496374093523384 (0.095 -0.010301910468070802 0.0))
    (2.550637659414854 (0.095 -0.010370945768399057 0.0))
    (2.55163790947737 (0.095 -0.010439867225917256 0.0))
    (2.5526381595398853 (0.095 -0.010508667278830444 0.0))
    (2.5536384096024007 (0.095 -0.010577338378663786 0.0))
    (2.5546386596649167 (0.095 -0.010645872991090741 0.0))
    (2.555638909727432 (0.095 -0.010714263596759501 0.0))
    (2.5566391597899476 (0.095 -0.010782502692118192 0.0))
    (2.5576394098524635 (0.095 -0.010850582790238128 0.0))
    (2.558639659914979 (0.095 -0.010918496421635046 0.0))
    (2.5596399099774945 (0.095 -0.010986236135088838 0.0))
    (2.5606401600400104 (0.095 -0.011053794498461063 0.0))
    (2.561640410102526 (0.095 -0.011121164099510174 0.0))
    (2.5626406601650413 (0.095 -0.011188337546704957 0.0))
    (2.5636409102275572 (0.095 -0.01125530747003551 0.0))
    (2.5646411602900727 (0.095 -0.01132206652182164 0.0))
    (2.5656414103525886 (0.095 -0.011388607377519282 0.0))
    (2.566641660415104 (0.095 -0.011454922736523874 0.0))
    (2.5676419104776196 (0.095 -0.011521005322971626 0.0))
    (2.5686421605401355 (0.095 -0.011586847886537568 0.0))
    (2.569642410602651 (0.095 -0.011652443203231054 0.0))
    (2.5706426606651664 (0.095 -0.011717784076188533 0.0))
    (2.5716429107276824 (0.095 -0.011782863336462964 0.0))
    (2.572643160790198 (0.095 -0.011847673843810377 0.0))
    (2.5736434108527133 (0.095 -0.011912208487473456 0.0))
    (2.5746436609152292 (0.095 -0.011976460186961514 0.0))
    (2.5756439109777447 (0.095 -0.012040421892827332 0.0))
    (2.57664416104026 (0.095 -0.012104086587440801 0.0))
    (2.577644411102776 (0.095 -0.01216744728575867 0.0))
    (2.5786446611652916 (0.095 -0.012230497036090913 0.0))
    (2.579644911227807 (0.095 -0.012293228920863642 0.0))
    (2.580645161290323 (0.095 -0.01235563605737788 0.0))
    (2.5816454113528384 (0.095 -0.012417711598564703 0.0))
    (2.582645661415354 (0.095 -0.01247944873373667 0.0))
    (2.58364591147787 (0.095 -0.012540840689334868 0.0))
    (2.5846461615403853 (0.095 -0.01260188072967209 0.0))
    (2.585646411602901 (0.095 -0.012662562157672044 0.0))
    (2.5866466616654167 (0.095 -0.012722878315603857 0.0))
    (2.587646911727932 (0.095 -0.012782822585812722 0.0))
    (2.588647161790448 (0.095 -0.01284238839144598 0.0))
    (2.5896474118529635 (0.095 -0.012901569197174508 0.0))
    (2.590647661915479 (0.095 -0.012960358509909942 0.0))
    (2.591647911977995 (0.095 -0.01301874987951707 0.0))
    (2.5926481620405104 (0.095 -0.013076736899521338 0.0))
    (2.593648412103026 (0.095 -0.01313431320781194 0.0))
    (2.594648662165542 (0.095 -0.01319147248733974 0.0))
    (2.5956489122280573 (0.095 -0.013248208466810393 0.0))
    (2.5966491622905727 (0.095 -0.013304514921372378 0.0))
    (2.5976494123530887 (0.095 -0.013360385673299991 0.0))
    (2.598649662415604 (0.095 -0.013415814592671126 0.0))
    (2.5996499124781196 (0.095 -0.013470795598039832 0.0))
    (2.6006501625406355 (0.095 -0.013525322657103545 0.0))
    (2.601650412603151 (0.095 -0.013579389787364924 0.0))
    (2.6026506626656665 (0.095 -0.01363299105678824 0.0))
    (2.6036509127281824 (0.095 -0.013686120584450198 0.0))
    (2.604651162790698 (0.095 -0.013738772541185183 0.0))
    (2.6056514128532138 (0.095 -0.013790941150224828 0.0))
    (2.6066516629157293 (0.095 -0.013842620687831726 0.0))
    (2.6076519129782447 (0.095 -0.013893805483927596 0.0))
    (2.6086521630407606 (0.095 -0.013944489922715226 0.0))
    (2.609652413103276 (0.095 -0.013994668443294611 0.0))
    (2.6106526631657916 (0.095 -0.014044335540273234 0.0))
    (2.6116529132283075 (0.095 -0.014093485764369938 0.0))
    (2.612653163290823 (0.095 -0.014142113723012805 0.0))
    (2.6136534133533385 (0.095 -0.014190214080930953 0.0))
    (2.6146536634158544 (0.095 -0.014237781560739758 0.0))
    (2.61565391347837 (0.095 -0.014284810943519875 0.0))
    (2.6166541635408853 (0.095 -0.014331297069389922 0.0))
    (2.6176544136034012 (0.095 -0.014377234838072593 0.0))
    (2.6186546636659167 (0.095 -0.014422619209454115 0.0))
    (2.619654913728432 (0.095 -0.014467445204137366 0.0))
    (2.620655163790948 (0.095 -0.014511707903988195 0.0))
    (2.6216554138534636 (0.095 -0.014555402452674882 0.0))
    (2.6226556639159795 (0.095 -0.014598524056201111 0.0))
    (2.623655913978495 (0.095 -0.014641067983431866 0.0))
    (2.6246561640410104 (0.095 -0.014683029566612537 0.0))
    (2.6256564141035263 (0.095 -0.014724404201881041 0.0))
    (2.626656664166042 (0.095 -0.014765187349772946 0.0))
    (2.6276569142285573 (0.095 -0.014805374535719514 0.0))
    (2.628657164291073 (0.095 -0.01484496135053864 0.0))
    (2.6296574143535887 (0.095 -0.014883943450918619 0.0))
    (2.630657664416104 (0.095 -0.014922316559894655 0.0))
    (2.63165791447862 (0.095 -0.014960076467318131 0.0))
    (2.6326581645411355 (0.095 -0.01499721903031853 0.0))
    (2.633658414603651 (0.095 -0.01503374017375796 0.0))
    (2.634658664666167 (0.095 -0.015069635890678277 0.0))
    (2.6356589147286824 (0.095 -0.01510490224274071 0.0))
    (2.636659164791198 (0.095 -0.015139535360657954 0.0))
    (2.637659414853714 (0.095 -0.015173531444618707 0.0))
    (2.6386596649162293 (0.095 -0.015206886764704525 0.0))
    (2.6396599149787447 (0.095 -0.015239597661299148 0.0))
    (2.6406601650412607 (0.095 -0.01527166054548993 0.0))
    (2.641660415103776 (0.095 -0.0153030718994616 0.0))
    (2.642660665166292 (0.095 -0.01533382827688233 0.0))
    (2.6436609152288075 (0.095 -0.015363926303281702 0.0))
    (2.644661165291323 (0.095 -0.015393362676421047 0.0))
    (2.645661415353839 (0.095 -0.01542213416665576 0.0))
    (2.6466616654163544 (0.095 -0.015450237617289544 0.0))
    (2.64766191547887 (0.095 -0.01547766994492085 0.0))
    (2.648662165541386 (0.095 -0.01550442813978116 0.0))
    (2.6496624156039013 (0.095 -0.015530509266065137 0.0))
    (2.6506626656664167 (0.095 -0.015555910462252812 0.0))
    (2.6516629157289326 (0.095 -0.015580628941423525 0.0))
    (2.652663165791448 (0.095 -0.015604661991561635 0.0))
    (2.6536634158539636 (0.095 -0.01562800697585414 0.0))
    (2.6546636659164795 (0.095 -0.015650661332979966 0.0))
    (2.655663915978995 (0.095 -0.015672622577390938 0.0))
    (2.6566641660415105 (0.095 -0.015693888299584534 0.0))
    (2.6576644161040264 (0.095 -0.015714456166368254 0.0))
    (2.658664666166542 (0.095 -0.015734323921115543 0.0))
    (2.6596649162290578 (0.095 -0.01575348938401346 0.0))
    (2.6606651662915732 (0.095 -0.01577195045230176 0.0))
    (2.6616654163540887 (0.095 -0.015789705100503686 0.0))
    (2.6626656664166046 (0.095 -0.015806751380648135 0.0))
    (2.66366591647912 (0.095 -0.01582308742248337 0.0))
    (2.6646661665416356 (0.095 -0.015838711433682293 0.0))
    (2.6656664166041515 (0.095 -0.015853621700039018 0.0))
    (2.666666666666667 (0.095 -0.015867816585656964 0.0))
    (2.6676669167291824 (0.095 -0.015881294533128372 0.0))
    (2.6686671667916984 (0.095 -0.01589405406370515 0.0))
    (2.669667416854214 (0.095 -0.0159060937774611 0.0))
    (2.6706676669167293 (0.095 -0.015917412353445553 0.0))
    (2.671667916979245 (0.095 -0.01592800854982828 0.0))
    (2.6726681670417607 (0.095 -0.015937881204035713 0.0))
    (2.673668417104276 (0.095 -0.015947029232878555 0.0))
    (2.674668667166792 (0.095 -0.015955451632670578 0.0))
    (2.6756689172293076 (0.095 -0.01596314747933875 0.0))
    (2.676669167291823 (0.095 -0.015970115928524643 0.0))
    (2.677669417354339 (0.095 -0.015976356215677057 0.0))
    (2.6786696674168544 (0.095 -0.015981867656135886 0.0))
    (2.6796699174793703 (0.095 -0.015986649645207282 0.0))
    (2.680670167541886 (0.095 -0.015990701658229956 0.0))
    (2.6816704176044013 (0.095 -0.01599402325063276 0.0))
    (2.682670667666917 (0.095 -0.015996614057983465 0.0))
    (2.6836709177294327 (0.095 -0.015998473796028746 0.0))
    (2.684671167791948 (0.095 -0.015999602260725353 0.0))
    (2.685671417854464 (0.095 -0.015999999328262526 0.0))
    (2.6866716679169795 (0.095 -0.01599966495507555 0.0))
    (2.687671917979495 (0.095 -0.015998599177850556 0.0))
    (2.688672168042011 (0.095 -0.01599680211352049 0.0))
    (2.6896724181045264 (0.095 -0.015994273959252268 0.0))
    (2.690672668167042 (0.095 -0.01599101499242517 0.0))
    (2.691672918229558 (0.095 -0.015987025570600395 0.0))
    (2.6926731682920733 (0.095 -0.01598230613148182 0.0))
    (2.6936734183545887 (0.095 -0.015976857192867996 0.0))
    (2.6946736684171047 (0.095 -0.01597067935259532 0.0))
    (2.69567391847962 (0.095 -0.015963773288472455 0.0))
    (2.6966741685421356 (0.095 -0.015956139758205964 0.0))
    (2.6976744186046515 (0.095 -0.01594777959931716 0.0))
    (2.698674668667167 (0.095 -0.01593869372905024 0.0))
    (2.699674918729683 (0.095 -0.015928883144271634 0.0))
    (2.7006751687921984 (0.095 -0.01591834892136064 0.0))
    (2.701675418854714 (0.095 -0.01590709221609131 0.0))
    (2.7026756689172298 (0.095 -0.015895114263505667 0.0))
    (2.7036759189797452 (0.095 -0.015882416377778204 0.0))
    (2.7046761690422607 (0.095 -0.01586899995207166 0.0))
    (2.7056764191047766 (0.095 -0.015854866458384194 0.0))
    (2.706676669167292 (0.095 -0.015840017447387916 0.0))
    (2.7076769192298076 (0.095 -0.015824454548258676 0.0))
    (2.7086771692923235 (0.095 -0.01580817946849737 0.0))
    (2.709677419354839 (0.095 -0.015791193993742625 0.0))
    (2.7106776694173544 (0.095 -0.015773499987574796 0.0))
    (2.7116779194798704 (0.095 -0.015755099391311585 0.0))
    (2.712678169542386 (0.095 -0.015735994223795034 0.0))
    (2.7136784196049013 (0.095 -0.015716186581169963 0.0))
    (2.714678669667417 (0.095 -0.015695678636654067 0.0))
    (2.7156789197299327 (0.095 -0.015674472640299454 0.0))
    (2.7166791697924486 (0.095 -0.01565257091874574 0.0))
    (2.717679419854964 (0.095 -0.01562997587496484 0.0))
    (2.7186796699174796 (0.095 -0.015606689987997292 0.0))
    (2.7196799199799955 (0.095 -0.015582715812680226 0.0))
    (2.720680170042511 (0.095 -0.015558055979367155 0.0))
    (2.7216804201050264 (0.095 -0.015532713193639304 0.0))
    (2.7226806701675423 (0.095 -0.015506690236008761 0.0))
    (2.723680920230058 (0.095 -0.015479989961613481 0.0))
    (2.7246811702925733 (0.095 -0.015452615299903969 0.0))
    (2.725681420355089 (0.095 -0.015424569254321856 0.0))
    (2.7266816704176047 (0.095 -0.015395854901970464 0.0))
    (2.72768192048012 (0.095 -0.015366475393277113 0.0))
    (2.728682170542636 (0.095 -0.015336433951647466 0.0))
    (2.7296824206051515 (0.095 -0.015305733873111956 0.0))
    (2.730682670667667 (0.095 -0.015274378525964073 0.0))
    (2.731682920730183 (0.095 -0.01524237135039081 0.0))
    (2.7326831707926984 (0.095 -0.0152097158580953 0.0))
    (2.733683420855214 (0.095 -0.015176415631911447 0.0))
    (2.73468367091773 (0.095 -0.015142474325410818 0.0))
    (2.7356839209802453 (0.095 -0.015107895662501892 0.0))
    (2.736684171042761 (0.095 -0.015072683437021363 0.0))
    (2.7376844211052767 (0.095 -0.015036841512318017 0.0))
    (2.738684671167792 (0.095 -0.015000373820828711 0.0))
    (2.739684921230308 (0.095 -0.014963284363647054 0.0))
    (2.7406851712928235 (0.095 -0.014925577210084402 0.0))
    (2.741685421355339 (0.095 -0.014887256497223295 0.0))
    (2.742685671417855 (0.095 -0.014848326429463647 0.0))
    (2.7436859214803704 (0.095 -0.014808791278061471 0.0))
    (2.744686171542886 (0.095 -0.014768655380660134 0.0))
    (2.7456864216054018 (0.095 -0.014727923140814551 0.0))
    (2.7466866716679172 (0.095 -0.014686599027508074 0.0))
    (2.7476869217304327 (0.095 -0.014644687574662016 0.0))
    (2.7486871717929486 (0.095 -0.014602193380638355 0.0))
    (2.749687421855464 (0.095 -0.014559121107735211 0.0))
    (2.7506876719179796 (0.095 -0.014515475481675191 0.0))
    (2.7516879219804955 (0.095 -0.014471261291087023 0.0))
    (2.752688172043011 (0.095 -0.014426483386980181 0.0))
    (2.753688422105527 (0.095 -0.014381146682212489 0.0))
    (2.7546886721680424 (0.095 -0.014335256150951318 0.0))
    (2.755688922230558 (0.095 -0.014288816828127692 0.0))
    (2.7566891722930738 (0.095 -0.014241833808883862 0.0))
    (2.7576894223555892 (0.095 -0.014194312248014436 0.0))
    (2.7586896724181047 (0.095 -0.014146257359400675 0.0))
    (2.7596899224806206 (0.095 -0.014097674415438442 0.0))
    (2.760690172543136 (0.095 -0.014048568746459877 0.0))
    (2.7616904226056516 (0.095 -0.013998945740148438 0.0))
    (2.7626906726681675 (0.095 -0.013948810840947772 0.0))
    (2.763690922730683 (0.095 -0.013898169549464531 0.0))
    (2.7646911727931984 (0.095 -0.013847027421864713 0.0))
    (2.7656914228557143 (0.095 -0.013795390069264057 0.0))
    (2.76669167291823 (0.095 -0.013743263157112572 0.0))
    (2.7676919229807453 (0.095 -0.013690652404572793 0.0))
    (2.768692173043261 (0.095 -0.013637563583892287 0.0))
    (2.7696924231057767 (0.095 -0.01358400251977051 0.0))
    (2.770692673168292 (0.095 -0.013529975088719566 0.0))
    (2.771692923230808 (0.095 -0.013475487218419548 0.0))
    (2.7726931732933235 (0.095 -0.013420544887068151 0.0))
    (2.7736934233558395 (0.095 -0.013365154122724762 0.0))
    (2.774693673418355 (0.095 -0.013309321002649165 0.0))
    (2.7756939234808704 (0.095 -0.013253051652634587 0.0))
    (2.7766941735433863 (0.095 -0.01319635224633577 0.0))
    (2.777694423605902 (0.095 -0.013139229004591618 0.0))
    (2.7786946736684173 (0.095 -0.0130816881947425 0.0))
    (2.779694923730933 (0.095 -0.013023736129942795 0.0))
    (2.7806951737934487 (0.095 -0.012965379168468242 0.0))
    (2.781695423855964 (0.095 -0.012906623713018147 0.0))
    (2.78269567391848 (0.095 -0.012847476210013095 0.0))
    (2.7836959239809955 (0.095 -0.012787943148887662 0.0))
    (2.784696174043511 (0.095 -0.012728031061378249 0.0))
    (2.785696424106027 (0.095 -0.012667746520806617 0.0))
    (2.7866966741685424 (0.095 -0.012607096141358697 0.0))
    (2.787696924231058 (0.095 -0.012546086577358718 0.0))
    (2.7886971742935738 (0.095 -0.012484724522539303 0.0))
    (2.7896974243560893 (0.095 -0.012423016709307065 0.0))
    (2.7906976744186047 (0.095 -0.012360969908003764 0.0))
    (2.7916979244811206 (0.095 -0.012298590926163677 0.0))
    (2.792698174543636 (0.095 -0.012235886607766682 0.0))
    (2.793698424606152 (0.095 -0.01217286383248726 0.0))
    (2.7946986746686675 (0.095 -0.012109529514939767 0.0))
    (2.795698924731183 (0.095 -0.012045890603919765 0.0))
    (2.796699174793699 (0.095 -0.011981954081641634 0.0))
    (2.7976994248562144 (0.095 -0.011917726962972502 0.0))
    (2.79869967491873 (0.095 -0.011853216294662607 0.0))
    (2.7996999249812458 (0.095 -0.011788429154572155 0.0))
    (2.8007001750437612 (0.095 -0.011723372650894761 0.0))
    (2.8017004251062767 (0.095 -0.01165805392137757 0.0))
    (2.8027006751687926 (0.095 -0.011592480132538125 0.0))
    (2.803700925231308 (0.095 -0.011526658478878089 0.0))
    (2.8047011752938236 (0.095 -0.011460596182093895 0.0))
    (2.8057014253563395 (0.095 -0.011394300490284401 0.0))
    (2.806701675418855 (0.095 -0.011327778677155665 0.0))
    (2.8077019254813704 (0.095 -0.011261038041222896 0.0))
    (2.8087021755438863 (0.095 -0.011194085905009695 0.0))
    (2.809702425606402 (0.095 -0.01112692961424465 0.0))
    (2.8107026756689177 (0.095 -0.011059576537055376 0.0))
    (2.811702925731433 (0.095 -0.01099203406316019 0.0))
    (2.8127031757939487 (0.095 -0.010924309603057247 0.0))
    (2.8137034258564646 (0.095 -0.010856410587211445 0.0))
    (2.81470367591898 (0.095 -0.010788344465239401 0.0))
    (2.8157039259814955 (0.095 -0.010720118705091902 0.0))
    (2.8167041760440115 (0.095 -0.010651740792234542 0.0))
    (2.817704426106527 (0.095 -0.010583218228826661 0.0))
    (2.8187046761690424 (0.095 -0.010514558532898026 0.0))
    (2.8197049262315583 (0.095 -0.010445769237523985 0.0))
    (2.820705176294074 (0.095 -0.01037685788999917 0.0))
    (2.8217054263565893 (0.095 -0.010307832051009233 0.0))
    (2.822705676419105 (0.095 -0.010238699293801314 0.0))
    (2.8237059264816207 (0.095 -0.01016946720335335 0.0))
    (2.824706176544136 (0.095 -0.01010014337554166 0.0))
    (2.825706426606652 (0.095 -0.010030735416307562 0.0))
    (2.8267066766691675 (0.095 -0.00996125094082309 0.0))
    (2.827706926731683 (0.095 -0.009891697572655268 0.0))
    (2.828707176794199 (0.095 -0.009822082942929697 0.0))
    (2.8297074268567144 (0.095 -0.009752414689493491 0.0))
    (2.8307076769192303 (0.095 -0.009682700456077057 0.0))
    (2.831707926981746 (0.095 -0.009612947891455573 0.0))
    (2.8327081770442613 (0.095 -0.009543164648609766 0.0))
    (2.833708427106777 (0.095 -0.009473358383886236 0.0))
    (2.8347086771692926 (0.095 -0.009403536756157552 0.0))
    (2.835708927231808 (0.095 -0.009333707425981701 0.0))
    (2.836709177294324 (0.095 -0.009333333333333334 0.0))
    (2.8377094273568395 (0.095 -0.009333333333333334 0.0))
    (2.838709677419355 (0.095 -0.009333333333333334 0.0))
    (2.839709927481871 (0.095 -0.009333333333333334 0.0))
    (2.8407101775443864 (0.095 -0.009333333333333334 0.0))
    (2.841710427606902 (0.095 -0.009333333333333334 0.0))
    (2.8427106776694178 (0.095 -0.009333333333333334 0.0))
    (2.8437109277319332 (0.095 -0.009333333333333334 0.0))
    (2.8447111777944487 (0.095 -0.009333333333333334 0.0))
    (2.8457114278569646 (0.095 -0.009333333333333334 0.0))
    (2.84671167791948 (0.095 -0.009333333333333334 0.0))
    (2.847711927981996 (0.095 -0.009333333333333334 0.0))
    (2.8487121780445115 (0.095 -0.009333333333333334 0.0))
    (2.849712428107027 (0.095 -0.009333333333333334 0.0))
    (2.850712678169543 (0.095 -0.009333333333333334 0.0))
    (2.8517129282320584 (0.095 -0.009333333333333334 0.0))
    (2.852713178294574 (0.095 -0.009333333333333334 0.0))
    (2.8537134283570897 (0.095 -0.009333333333333334 0.0))
    (2.854713678419605 (0.095 -0.009333333333333334 0.0))
    (2.8557139284821207 (0.095 -0.009333333333333334 0.0))
    (2.8567141785446366 (0.095 -0.009333333333333334 0.0))
    (2.857714428607152 (0.095 -0.009333333333333334 0.0))
    (2.8587146786696676 (0.095 -0.009333333333333334 0.0))
    (2.8597149287321835 (0.095 -0.009333333333333334 0.0))
    (2.860715178794699 (0.095 -0.009333333333333334 0.0))
    (2.8617154288572144 (0.095 -0.009333333333333334 0.0))
    (2.8627156789197303 (0.095 -0.009333333333333334 0.0))
    (2.863715928982246 (0.095 -0.009333333333333334 0.0))
    (2.8647161790447613 (0.095 -0.009333333333333334 0.0))
    (2.865716429107277 (0.095 -0.009333333333333334 0.0))
    (2.8667166791697927 (0.095 -0.009333333333333334 0.0))
    (2.8677169292323086 (0.095 -0.009333333333333334 0.0))
    (2.868717179294824 (0.095 -0.009333333333333334 0.0))
    (2.8697174293573395 (0.095 -0.009333333333333334 0.0))
    (2.8707176794198555 (0.095 -0.009333333333333334 0.0))
    (2.871717929482371 (0.095 -0.009333333333333334 0.0))
    (2.8727181795448864 (0.095 -0.009333333333333334 0.0))
    (2.8737184296074023 (0.095 -0.009333333333333334 0.0))
    (2.874718679669918 (0.095 -0.009333333333333334 0.0))
    (2.8757189297324333 (0.095 -0.009333333333333334 0.0))
    (2.876719179794949 (0.095 -0.009333333333333334 0.0))
    (2.8777194298574647 (0.095 -0.009333333333333334 0.0))
    (2.87871967991998 (0.095 -0.009333333333333334 0.0))
    (2.879719929982496 (0.095 -0.009333333333333334 0.0))
    (2.8807201800450115 (0.095 -0.009333333333333334 0.0))
    (2.881720430107527 (0.095 -0.009333333333333334 0.0))
    (2.882720680170043 (0.095 -0.009333333333333334 0.0))
    (2.8837209302325584 (0.095 -0.009333333333333334 0.0))
    (2.884721180295074 (0.095 -0.009333333333333334 0.0))
    (2.8857214303575898 (0.095 -0.009333333333333334 0.0))
    (2.8867216804201052 (0.095 -0.009333333333333334 0.0))
    (2.887721930482621 (0.095 -0.009333333333333334 0.0))
    (2.8887221805451366 (0.095 -0.009333333333333334 0.0))
    (2.889722430607652 (0.095 -0.009333333333333334 0.0))
    (2.890722680670168 (0.095 -0.009333333333333334 0.0))
    (2.8917229307326835 (0.095 -0.009333333333333334 0.0))
    (2.892723180795199 (0.095 -0.009333333333333334 0.0))
    (2.893723430857715 (0.095 -0.009333333333333334 0.0))
    (2.8947236809202304 (0.095 -0.009333333333333334 0.0))
    (2.895723930982746 (0.095 -0.009333333333333334 0.0))
    (2.8967241810452617 (0.095 -0.009333333333333334 0.0))
    (2.897724431107777 (0.095 -0.009333333333333334 0.0))
    (2.8987246811702927 (0.095 -0.009333333333333334 0.0))
    (2.8997249312328086 (0.095 -0.009333333333333334 0.0))
    (2.900725181295324 (0.095 -0.009333333333333334 0.0))
    (2.9017254313578396 (0.095 -0.009333333333333334 0.0))
    (2.9027256814203555 (0.095 -0.009333333333333334 0.0))
    (2.903725931482871 (0.095 -0.009333333333333334 0.0))
    (2.904726181545387 (0.095 -0.009333333333333334 0.0))
    (2.9057264316079023 (0.095 -0.009333333333333334 0.0))
    (2.906726681670418 (0.095 -0.009333333333333334 0.0))
    (2.9077269317329337 (0.095 -0.009333333333333334 0.0))
    (2.908727181795449 (0.095 -0.009333333333333334 0.0))
    (2.9097274318579647 (0.095 -0.009333333333333334 0.0))
    (2.9107276819204806 (0.095 -0.009333333333333334 0.0))
    (2.911727931982996 (0.095 -0.009333333333333334 0.0))
    (2.9127281820455115 (0.095 -0.009333333333333334 0.0))
    (2.9137284321080275 (0.095 -0.009333333333333334 0.0))
    (2.914728682170543 (0.095 -0.009333333333333334 0.0))
    (2.9157289322330584 (0.095 -0.009333333333333334 0.0))
    (2.9167291822955743 (0.095 -0.009333333333333334 0.0))
    (2.91772943235809 (0.095 -0.009333333333333334 0.0))
    (2.9187296824206053 (0.095 -0.009333333333333334 0.0))
    (2.919729932483121 (0.095 -0.009333333333333334 0.0))
    (2.9207301825456367 (0.095 -0.009333333333333334 0.0))
    (2.921730432608152 (0.095 -0.009333333333333334 0.0))
    (2.922730682670668 (0.095 -0.009333333333333334 0.0))
    (2.9237309327331835 (0.095 -0.009333333333333334 0.0))
    (2.9247311827956994 (0.095 -0.009333333333333334 0.0))
    (2.925731432858215 (0.095 -0.009333333333333334 0.0))
    (2.9267316829207304 (0.095 -0.009333333333333334 0.0))
    (2.9277319329832463 (0.095 -0.009333333333333334 0.0))
    (2.9287321830457618 (0.095 -0.009333333333333334 0.0))
    (2.9297324331082772 (0.095 -0.009333333333333334 0.0))
    (2.930732683170793 (0.095 -0.009333333333333334 0.0))
    (2.9317329332333086 (0.095 -0.009333333333333334 0.0))
    (2.932733183295824 (0.095 -0.009333333333333334 0.0))
    (2.93373343335834 (0.095 -0.009333333333333334 0.0))
    (2.9347336834208555 (0.095 -0.009333333333333334 0.0))
    (2.935733933483371 (0.095 -0.009333333333333334 0.0))
    (2.936734183545887 (0.095 -0.009333333333333334 0.0))
    (2.9377344336084024 (0.095 -0.009333333333333334 0.0))
    (2.938734683670918 (0.095 -0.009333333333333334 0.0))
    (2.9397349337334338 (0.095 -0.009333333333333334 0.0))
    (2.9407351837959492 (0.095 -0.009333333333333334 0.0))
    (2.941735433858465 (0.095 -0.009333333333333334 0.0))
    (2.9427356839209806 (0.095 -0.009333333333333334 0.0))
    (2.943735933983496 (0.095 -0.009333333333333334 0.0))
    (2.944736184046012 (0.095 -0.009333333333333334 0.0))
    (2.9457364341085275 (0.095 -0.009333333333333334 0.0))
    (2.946736684171043 (0.095 -0.009333333333333334 0.0))
    (2.947736934233559 (0.095 -0.009333333333333334 0.0))
    (2.9487371842960743 (0.095 -0.009333333333333334 0.0))
    (2.94973743435859 (0.095 -0.009333333333333334 0.0))
    (2.9507376844211057 (0.095 -0.009333333333333334 0.0))
    (2.951737934483621 (0.095 -0.009333333333333334 0.0))
    (2.9527381845461367 (0.095 -0.009333333333333334 0.0))
    (2.9537384346086526 (0.095 -0.009333333333333334 0.0))
    (2.954738684671168 (0.095 -0.009333333333333334 0.0))
    (2.9557389347336835 (0.095 -0.009333333333333334 0.0))
    (2.9567391847961995 (0.095 -0.009333333333333334 0.0))
    (2.957739434858715 (0.095 -0.009333333333333334 0.0))
    (2.9587396849212304 (0.095 -0.009333333333333334 0.0))
    (2.9597399349837463 (0.095 -0.009333333333333334 0.0))
    (2.960740185046262 (0.095 -0.009333333333333334 0.0))
    (2.9617404351087777 (0.095 -0.009333333333333334 0.0))
    (2.962740685171293 (0.095 -0.009333333333333334 0.0))
    (2.9637409352338087 (0.095 -0.009333333333333334 0.0))
    (2.9647411852963246 (0.095 -0.009333333333333334 0.0))
    (2.96574143535884 (0.095 -0.009333333333333334 0.0))
    (2.9667416854213555 (0.095 -0.009333333333333334 0.0))
    (2.9677419354838714 (0.095 -0.009333333333333334 0.0))
    (2.968742185546387 (0.095 -0.009333333333333334 0.0))
    (2.9697424356089024 (0.095 -0.009333333333333334 0.0))
    (2.9707426856714183 (0.095 -0.009333333333333334 0.0))
    (2.9717429357339338 (0.095 -0.009333333333333334 0.0))
    (2.9727431857964493 (0.095 -0.009333333333333334 0.0))
    (2.973743435858965 (0.095 -0.009333333333333334 0.0))
    (2.9747436859214806 (0.095 -0.009333333333333334 0.0))
    (2.975743935983996 (0.095 -0.009333333333333334 0.0))
    (2.976744186046512 (0.095 -0.009333333333333334 0.0))
    (2.9777444361090275 (0.095 -0.009333333333333334 0.0))
    (2.978744686171543 (0.095 -0.009333333333333334 0.0))
    (2.979744936234059 (0.095 -0.009333333333333334 0.0))
    (2.9807451862965744 (0.095 -0.009333333333333334 0.0))
    (2.9817454363590903 (0.095 -0.009333333333333334 0.0))
    (2.9827456864216058 (0.095 -0.009333333333333334 0.0))
    (2.9837459364841212 (0.095 -0.009333333333333334 0.0))
    (2.984746186546637 (0.095 -0.009333333333333334 0.0))
    (2.9857464366091526 (0.095 -0.009333333333333334 0.0))
    (2.986746686671668 (0.095 -0.009333333333333334 0.0))
    (2.987746936734184 (0.095 -0.009333333333333334 0.0))
    (2.9887471867966995 (0.095 -0.009333333333333334 0.0))
    (2.989747436859215 (0.095 -0.009333333333333334 0.0))
    (2.990747686921731 (0.095 -0.009333333333333334 0.0))
    (2.9917479369842463 (0.095 -0.009333333333333334 0.0))
    (2.992748187046762 (0.095 -0.009333333333333334 0.0))
    (2.9937484371092777 (0.095 -0.009333333333333334 0.0))
    (2.994748687171793 (0.095 -0.009333333333333334 0.0))
    (2.9957489372343087 (0.095 -0.009333333333333334 0.0))
    (2.9967491872968246 (0.095 -0.009333333333333334 0.0))
    (2.99774943735934 (0.095 -0.009333333333333334 0.0))
    (2.998749687421856 (0.095 -0.009333333333333334 0.0))
    (2.9997499374843715 (0.095 -0.009333333333333334 0.0))
    (3.000750187546887 (0.095 -0.009333333333333334 0.0))
    (3.001750437609403 (0.095 -0.009333333333333334 0.0))
    (3.0027506876719183 (0.095 -0.009333333333333334 0.0))
    (3.003750937734434 (0.095 -0.009333333333333334 0.0))
    (3.0047511877969497 (0.095 -0.009333333333333334 0.0))
    (3.005751437859465 (0.095 -0.009333333333333334 0.0))
    (3.0067516879219807 (0.095 -0.009333333333333334 0.0))
    (3.0077519379844966 (0.095 -0.009333333333333334 0.0))
    (3.008752188047012 (0.095 -0.009333333333333334 0.0))
    (3.0097524381095275 (0.095 -0.009333333333333334 0.0))
    (3.0107526881720434 (0.095 -0.009333333333333334 0.0))
    (3.011752938234559 (0.095 -0.009333333333333334 0.0))
    (3.0127531882970744 (0.095 -0.009333333333333334 0.0))
    (3.0137534383595903 (0.095 -0.009333333333333334 0.0))
    (3.014753688422106 (0.095 -0.009333333333333334 0.0))
    (3.0157539384846213 (0.095 -0.009333333333333334 0.0))
    (3.016754188547137 (0.095 -0.009333333333333334 0.0))
    (3.0177544386096526 (0.095 -0.009333333333333334 0.0))
    (3.0187546886721686 (0.095 -0.009333333333333334 0.0))
    (3.019754938734684 (0.095 -0.009333333333333334 0.0))
    (3.0207551887971995 (0.095 -0.009333333333333334 0.0))
    (3.0217554388597154 (0.095 -0.009333333333333334 0.0))
    (3.022755688922231 (0.095 -0.009333333333333334 0.0))
    (3.0237559389847464 (0.095 -0.009333333333333334 0.0))
    (3.0247561890472623 (0.095 -0.009333333333333334 0.0))
    (3.0257564391097778 (0.095 -0.009333333333333334 0.0))
    (3.0267566891722932 (0.095 -0.009333333333333334 0.0))
    (3.027756939234809 (0.095 -0.009333333333333334 0.0))
    (3.0287571892973246 (0.095 -0.009333333333333334 0.0))
    (3.02975743935984 (0.095 -0.009333333333333334 0.0))
    (3.030757689422356 (0.095 -0.009333333333333334 0.0))
    (3.0317579394848715 (0.095 -0.009333333333333334 0.0))
    (3.032758189547387 (0.095 -0.009333333333333334 0.0))
    (3.033758439609903 (0.095 -0.009333333333333334 0.0))
    (3.0347586896724184 (0.095 -0.009333333333333334 0.0))
    (3.0357589397349343 (0.095 -0.009333333333333334 0.0))
    (3.0367591897974497 (0.095 -0.009333333333333334 0.0))
    (3.037759439859965 (0.095 -0.009333333333333334 0.0))
    (3.038759689922481 (0.095 -0.009333333333333334 0.0))
    (3.0397599399849966 (0.095 -0.009333333333333334 0.0))
    (3.040760190047512 (0.095 -0.009333333333333334 0.0))
    (3.041760440110028 (0.095 -0.009333333333333334 0.0))
    (3.0427606901725435 (0.095 -0.009333333333333334 0.0))
    (3.043760940235059 (0.095 -0.009333333333333334 0.0))
    (3.044761190297575 (0.095 -0.009333333333333334 0.0))
    (3.0457614403600903 (0.095 -0.009333333333333334 0.0))
    (3.046761690422606 (0.095 -0.009333333333333334 0.0))
    (3.0477619404851217 (0.095 -0.009333333333333334 0.0))
    (3.048762190547637 (0.095 -0.009333333333333334 0.0))
    (3.0497624406101527 (0.095 -0.009333333333333334 0.0))
    (3.0507626906726686 (0.095 -0.009333333333333334 0.0))
    (3.051762940735184 (0.095 -0.009333333333333334 0.0))
    (3.0527631907976995 (0.095 -0.009333333333333334 0.0))
    (3.0537634408602155 (0.095 -0.009333333333333334 0.0))
    (3.054763690922731 (0.095 -0.009333333333333334 0.0))
    (3.055763940985247 (0.095 -0.009333333333333334 0.0))
    (3.0567641910477623 (0.095 -0.009333333333333334 0.0))
    (3.057764441110278 (0.095 -0.009333333333333334 0.0))
    (3.0587646911727937 (0.095 -0.009333333333333334 0.0))
    (3.059764941235309 (0.095 -0.009333333333333334 0.0))
    (3.0607651912978247 (0.095 -0.009333333333333334 0.0))
    (3.0617654413603406 (0.095 -0.009333333333333334 0.0))
    (3.062765691422856 (0.095 -0.009333333333333334 0.0))
    (3.0637659414853715 (0.095 -0.009333333333333334 0.0))
    (3.0647661915478874 (0.095 -0.009333333333333334 0.0))
    (3.065766441610403 (0.095 -0.009333333333333334 0.0))
    (3.0667666916729184 (0.095 -0.009333333333333334 0.0))
    (3.0677669417354343 (0.095 -0.009333333333333334 0.0))
    (3.0687671917979498 (0.095 -0.009333333333333334 0.0))
    (3.0697674418604652 (0.095 -0.009333333333333334 0.0))
    (3.070767691922981 (0.095 -0.009333333333333334 0.0))
    (3.0717679419854966 (0.095 -0.009333333333333334 0.0))
    (3.072768192048012 (0.095 -0.009333333333333334 0.0))
    (3.073768442110528 (0.095 -0.009333333333333334 0.0))
    (3.0747686921730435 (0.095 -0.009333333333333334 0.0))
    (3.0757689422355594 (0.095 -0.009333333333333334 0.0))
    (3.076769192298075 (0.095 -0.009333333333333334 0.0))
    (3.0777694423605904 (0.095 -0.009333333333333334 0.0))
    (3.0787696924231063 (0.095 -0.009333333333333334 0.0))
    (3.0797699424856217 (0.095 -0.009333333333333334 0.0))
    (3.080770192548137 (0.095 -0.009333333333333334 0.0))
    (3.081770442610653 (0.095 -0.009333333333333334 0.0))
    (3.0827706926731686 (0.095 -0.009333333333333334 0.0))
    (3.083770942735684 (0.095 -0.009333333333333334 0.0))
    (3.0847711927982 (0.095 -0.009333333333333334 0.0))
    (3.0857714428607155 (0.095 -0.009333333333333334 0.0))
    (3.086771692923231 (0.095 -0.009333333333333334 0.0))
    (3.087771942985747 (0.095 -0.009333333333333334 0.0))
    (3.0887721930482623 (0.095 -0.009333333333333334 0.0))
    (3.089772443110778 (0.095 -0.009333333333333334 0.0))
    (3.0907726931732937 (0.095 -0.009333333333333334 0.0))
    (3.091772943235809 (0.095 -0.009333333333333334 0.0))
    (3.092773193298325 (0.095 -0.009333333333333334 0.0))
    (3.0937734433608406 (0.095 -0.009333333333333334 0.0))
    (3.094773693423356 (0.095 -0.009333333333333334 0.0))
    (3.095773943485872 (0.095 -0.009333333333333334 0.0))
    (3.0967741935483875 (0.095 -0.009333333333333334 0.0))
    (3.097774443610903 (0.095 -0.009333333333333334 0.0))
    (3.098774693673419 (0.095 -0.009333333333333334 0.0))
    (3.0997749437359343 (0.095 -0.009333333333333334 0.0))
    (3.10077519379845 (0.095 -0.009333333333333334 0.0))
    (3.1017754438609657 (0.095 -0.009333333333333334 0.0))
    (3.102775693923481 (0.095 -0.009333333333333334 0.0))
    (3.1037759439859967 (0.095 -0.009333333333333334 0.0))
    (3.1047761940485126 (0.095 -0.009333333333333334 0.0))
    (3.105776444111028 (0.095 -0.009333333333333334 0.0))
    (3.1067766941735435 (0.095 -0.009333333333333334 0.0))
    (3.1077769442360594 (0.095 -0.009333333333333334 0.0))
    (3.108777194298575 (0.095 -0.009333333333333334 0.0))
    (3.1097774443610904 (0.095 -0.009333333333333334 0.0))
    (3.1107776944236063 (0.095 -0.009333333333333334 0.0))
    (3.1117779444861218 (0.095 -0.009333333333333334 0.0))
    (3.1127781945486377 (0.095 -0.009333333333333334 0.0))
    (3.113778444611153 (0.095 -0.009333333333333334 0.0))
    (3.1147786946736686 (0.095 -0.009333333333333334 0.0))
    (3.1157789447361846 (0.095 -0.009333333333333334 0.0))
    (3.1167791947987 (0.095 -0.009333333333333334 0.0))
    (3.1177794448612155 (0.095 -0.009333333333333334 0.0))
    (3.1187796949237314 (0.095 -0.009333333333333334 0.0))
    (3.119779944986247 (0.095 -0.009333333333333334 0.0))
    (3.1207801950487624 (0.095 -0.009333333333333334 0.0))
    (3.1217804451112783 (0.095 -0.009333333333333334 0.0))
    (3.1227806951737938 (0.095 -0.009333333333333334 0.0))
    (3.1237809452363092 (0.095 -0.009333333333333334 0.0))
    (3.124781195298825 (0.095 -0.009333333333333334 0.0))
    (3.1257814453613406 (0.095 -0.009333333333333334 0.0))
    (3.126781695423856 (0.095 -0.009333333333333334 0.0))
    (3.127781945486372 (0.095 -0.009333333333333334 0.0))
    (3.1287821955488875 (0.095 -0.009333333333333334 0.0))
    (3.1297824456114034 (0.095 -0.009333333333333334 0.0))
    (3.130782695673919 (0.095 -0.009333333333333334 0.0))
    (3.1317829457364343 (0.095 -0.009333333333333334 0.0))
    (3.1327831957989503 (0.095 -0.009333333333333334 0.0))
    (3.1337834458614657 (0.095 -0.009333333333333334 0.0))
    (3.134783695923981 (0.095 -0.009333333333333334 0.0))
    (3.135783945986497 (0.095 -0.009338196537333712 0.0))
    (3.1367841960490126 (0.095 -0.009408025602775994 0.0))
    (3.137784446111528 (0.095 -0.00947784647327228 0.0))
    (3.138784696174044 (0.095 -0.009547651488347658 0.0))
    (3.1397849462365595 (0.095 -0.009617432989266667 0.0))
    (3.140785196299075 (0.095 -0.009687183319873803 0.0))
    (3.141785446361591 (0.095 -0.009756894827433513 0.0))
    (3.1427856964241063 (0.095 -0.009826559863469624 0.0))
    (3.143785946486622 (0.095 -0.009896170784604726 0.0))
    (3.1447861965491377 (0.095 -0.009965719953398665 0.0))
    (3.145786446611653 (0.095 -0.010035199739186516 0.0))
    (3.1467866966741687 (0.095 -0.010104602518915783 0.0))
    (3.1477869467366846 (0.095 -0.010173920677982784 0.0))
    (3.1487871967992 (0.095 -0.010243146611068078 0.0))
    (3.149787446861716 (0.095 -0.010312272722970934 0.0))
    (3.1507876969242314 (0.095 -0.01038129142944251 0.0))
    (3.151787946986747 (0.095 -0.010450195158018222 0.0))
    (3.152788197049263 (0.095 -0.010518976348848338 0.0))
    (3.1537884471117783 (0.095 -0.010587627455527424 0.0))
    (3.1547886971742938 (0.095 -0.01065614094592251 0.0))
    (3.1557889472368097 (0.095 -0.010724509302999287 0.0))
    (3.156789197299325 (0.095 -0.010792725025646838 0.0))
    (3.1577894473618406 (0.095 -0.010860780629500844 0.0))
    (3.1587896974243566 (0.095 -0.010928668647764525 0.0))
    (3.159789947486872 (0.095 -0.010996381632027877 0.0))
    (3.1607901975493875 (0.095 -0.011063912153085083 0.0))
    (3.1617904476119034 (0.095 -0.011131252801749415 0.0))
    (3.162790697674419 (0.095 -0.011198396189666135 0.0))
    (3.1637909477369344 (0.095 -0.011265334950123326 0.0))
    (3.1647911977994503 (0.095 -0.011332061738859936 0.0))
    (3.1657914478619658 (0.095 -0.01139856923487158 0.0))
    (3.1667916979244817 (0.095 -0.01146485014121389 0.0))
    (3.167791947986997 (0.095 -0.011530897185803014 0.0))
    (3.1687921980495126 (0.095 -0.0115967031222135 0.0))
    (3.1697924481120285 (0.095 -0.011662260730473358 0.0))
    (3.170792698174544 (0.095 -0.011727562817856191 0.0))
    (3.1717929482370595 (0.095 -0.011792602219670366 0.0))
    (3.1727931982995754 (0.095 -0.01185737180004509 0.0))
    (3.173793448362091 (0.095 -0.01192186445271333 0.0))
    (3.1747936984246063 (0.095 -0.01198607310179149 0.0))
    (3.1757939484871223 (0.095 -0.01204999070255574 0.0))
    (3.1767941985496377 (0.095 -0.012113610242214946 0.0))
    (3.177794448612153 (0.095 -0.012176924740680085 0.0))
    (3.178794698674669 (0.095 -0.01223992725133006 0.0))
    (3.1797949487371846 (0.095 -0.012302610861773876 0.0))
    (3.1807951987997 (0.095 -0.012364968694609029 0.0))
    (3.181795448862216 (0.095 -0.012426993908176066 0.0))
    (3.1827956989247315 (0.095 -0.012488679697309234 0.0))
    (3.183795948987247 (0.095 -0.012550019294083108 0.0))
    (3.184796199049763 (0.095 -0.01261100596855517 0.0))
    (3.1857964491122783 (0.095 -0.012671633029504083 0.0))
    (3.1867966991747942 (0.095 -0.012731893825164054 0.0))
    (3.1877969492373097 (0.095 -0.012791781743954353 0.0))
    (3.188797199299825 (0.095 -0.012851290215204916 0.0))
    (3.189797449362341 (0.095 -0.012910412709877247 0.0))
    (3.1907976994248566 (0.095 -0.012969142741280588 0.0))
    (3.191797949487372 (0.095 -0.013027473865783784 0.0))
    (3.192798199549888 (0.095 -0.013085399683522238 0.0))
    (3.1937984496124034 (0.095 -0.013142913839099978 0.0))
    (3.194798699674919 (0.095 -0.013200010022287028 0.0))
    (3.195798949737435 (0.095 -0.01325668196871176 0.0))
    (3.1967991997999503 (0.095 -0.013312923460548 0.0))
    (3.197799449862466 (0.095 -0.013368728327197613 0.0))
    (3.1987996999249817 (0.095 -0.013424090445967176 0.0))
    (3.199799949987497 (0.095 -0.013479003742739724 0.0))
    (3.2008002000500126 (0.095 -0.013533462192641527 0.0))
    (3.2018004501125286 (0.095 -0.013587459820702781 0.0))
    (3.202800700175044 (0.095 -0.013640990702513154 0.0))
    (3.2038009502375595 (0.095 -0.013694048964872117 0.0))
    (3.2048012003000754 (0.095 -0.013746628786433008 0.0))
    (3.205801450362591 (0.095 -0.013798724398341726 0.0))
    (3.206801700425107 (0.095 -0.013850330084870022 0.0))
    (3.2078019504876223 (0.095 -0.013901440184042109 0.0))
    (3.2088022005501378 (0.095 -0.013952049088256232 0.0))
    (3.2098024506126537 (0.095 -0.0140021512448999 0.0))
    (3.210802700675169 (0.095 -0.014051741156958801 0.0))
    (3.2118029507376846 (0.095 -0.014100813383620205 0.0))
    (3.2128032008002005 (0.095 -0.014149362540869924 0.0))
    (3.213803450862716 (0.095 -0.014197383302082704 0.0))
    (3.2148037009252315 (0.095 -0.014244870398606967 0.0))
    (3.2158039509877474 (0.095 -0.01429181862034284 0.0))
    (3.216804201050263 (0.095 -0.014338222816313514 0.0))
    (3.2178044511127784 (0.095 -0.014384077895230675 0.0))
    (3.2188047011752943 (0.095 -0.014429378826053085 0.0))
    (3.2198049512378097 (0.095 -0.014474120638538306 0.0))
    (3.220805201300325 (0.095 -0.014518298423788285 0.0))
    (3.221805451362841 (0.095 -0.014561907334787936 0.0))
    (3.2228057014253566 (0.095 -0.014604942586936676 0.0))
    (3.2238059514878725 (0.095 -0.014647399458573653 0.0))
    (3.224806201550388 (0.095 -0.014689273291495665 0.0))
    (3.2258064516129035 (0.095 -0.014730559491468244 0.0))
    (3.2268067016754194 (0.095 -0.014771253528729732 0.0))
    (3.227806951737935 (0.095 -0.014811350938488267 0.0))
    (3.2288072018004503 (0.095 -0.014850847321411642 0.0))
    (3.2298074518629662 (0.095 -0.014889738344109983 0.0))
    (3.2308077019254817 (0.095 -0.014928019739611186 0.0))
    (3.231807951987997 (0.095 -0.01496568730782908 0.0))
    (3.232808202050513 (0.095 -0.015002736916024249 0.0))
    (3.2338084521130286 (0.095 -0.015039164499257438 0.0))
    (3.234808702175544 (0.095 -0.015074966060835571 0.0))
    (3.23580895223806 (0.095 -0.015110137672750233 0.0))
    (3.2368092023005754 (0.095 -0.01514467547610864 0.0))
    (3.237809452363091 (0.095 -0.015178575681557026 0.0))
    (3.238809702425607 (0.095 -0.015211834569696391 0.0))
    (3.2398099524881223 (0.095 -0.015244448491490589 0.0))
    (3.240810202550638 (0.095 -0.015276413868666665 0.0))
    (3.2418104526131537 (0.095 -0.01530772719410748 0.0))
    (3.242810702675669 (0.095 -0.015338385032236466 0.0))
    (3.243810952738185 (0.095 -0.01536838401939459 0.0))
    (3.2448112028007006 (0.095 -0.015397720864209385 0.0))
    (3.245811452863216 (0.095 -0.015426392347956074 0.0))
    (3.246811702925732 (0.095 -0.015454395324910716 0.0))
    (3.2478119529882474 (0.095 -0.015481726722695337 0.0))
    (3.248812203050763 (0.095 -0.01550838354261503 0.0))
    (3.249812453113279 (0.095 -0.015534362859986951 0.0))
    (3.2508127031757943 (0.095 -0.015559661824461203 0.0))
    (3.2518129532383098 (0.095 -0.015584277660333575 0.0))
    (3.2528132033008257 (0.095 -0.01560820766685007 0.0))
    (3.253813453363341 (0.095 -0.01563144921850323 0.0))
    (3.2548137034258566 (0.095 -0.015653999765320198 0.0))
    (3.2558139534883725 (0.095 -0.01567585683314247 0.0))
    (3.256814203550888 (0.095 -0.015697018023897384 0.0))
    (3.2578144536134035 (0.095 -0.0157174810158612 0.0))
    (3.2588147036759194 (0.095 -0.015737243563913844 0.0))
    (3.259814953738435 (0.095 -0.01575630349978523 0.0))
    (3.260815203800951 (0.095 -0.015774658732293164 0.0))
    (3.2618154538634663 (0.095 -0.01579230724757272 0.0))
    (3.2628157039259817 (0.095 -0.015809247109297323 0.0))
    (3.2638159539884977 (0.095 -0.015825476458891076 0.0))
    (3.264816204051013 (0.095 -0.015840993515732683 0.0))
    (3.2658164541135286 (0.095 -0.015855796577350912 0.0))
    (3.2668167041760445 (0.095 -0.01586988401961128 0.0))
    (3.26781695423856 (0.095 -0.01588325429689426 0.0))
    (3.2688172043010755 (0.095 -0.01589590594226493 0.0))
    (3.2698174543635914 (0.095 -0.01590783756763386 0.0))
    (3.270817704426107 (0.095 -0.015919047863909387 0.0))
    (3.2718179544886223 (0.095 -0.015929535601141326 0.0))
    (3.2728182045511383 (0.095 -0.015939299628655847 0.0))
    (3.2738184546136537 (0.095 -0.01594833887518171 0.0))
    (3.274818704676169 (0.095 -0.015956652348967884 0.0))
    (3.275818954738685 (0.095 -0.01596423913789229 0.0))
    (3.2768192048012006 (0.095 -0.01597109840956186 0.0))
    (3.277819454863716 (0.095 -0.015977229411403948 0.0))
    (3.278819704926232 (0.095 -0.015982631470748812 0.0))
    (3.2798199549887475 (0.095 -0.01598730399490346 0.0))
    (3.2808202050512634 (0.095 -0.015991246471216677 0.0))
    (3.281820455113779 (0.095 -0.01599445846713526 0.0))
    (3.2828207051762943 (0.095 -0.015996939630251478 0.0))
    (3.2838209552388102 (0.095 -0.01599868968834174 0.0))
    (3.2848212053013257 (0.095 -0.01599970844939647 0.0))
    (3.285821455363841 (0.095 -0.01599999580164115 0.0))
    (3.286821705426357 (0.095 -0.01599955171354861 0.0))
    (3.2878219554888726 (0.095 -0.015998376233842475 0.0))
    (3.288822205551388 (0.095 -0.01599646949149182 0.0))
    (3.289822455613904 (0.095 -0.015993831695697 0.0))
    (3.2908227056764194 (0.095 -0.015990463135866755 0.0))
    (3.291822955738935 (0.095 -0.01598636418158639 0.0))
    (3.292823205801451 (0.095 -0.01598153528257726 0.0))
    (3.2938234558639663 (0.095 -0.015975976968647426 0.0))
    (3.2948237059264818 (0.095 -0.015969689849633536 0.0))
    (3.2958239559889977 (0.095 -0.015962674615333877 0.0))
    (3.296824206051513 (0.095 -0.015954932035432745 0.0))
    (3.2978244561140286 (0.095 -0.015946462959415965 0.0))
    (3.2988247061765446 (0.095 -0.01593726831647768 0.0))
    (3.29982495623906 (0.095 -0.015927349115418446 0.0))
    (3.300825206301576 (0.095 -0.015916706444534516 0.0))
    (3.3018254563640914 (0.095 -0.015905341471498437 0.0))
    (3.302825706426607 (0.095 -0.015893255443230954 0.0))
    (3.303825956489123 (0.095 -0.01588044968576419 0.0))
    (3.3048262065516383 (0.095 -0.015866925604096162 0.0))
    (3.3058264566141538 (0.095 -0.015852684682036634 0.0))
    (3.3068267066766697 (0.095 -0.015837728482044316 0.0))
    (3.307826956739185 (0.095 -0.015822058645055433 0.0))
    (3.3088272068017006 (0.095 -0.0158056768903037 0.0))
    (3.3098274568642165 (0.095 -0.015788585015131678 0.0))
    (3.310827706926732 (0.095 -0.01577078489479359 0.0))
    (3.3118279569892475 (0.095 -0.01575227848224957 0.0))
    (3.3128282070517634 (0.095 -0.015733067807951393 0.0))
    (3.313828457114279 (0.095 -0.015713154979619694 0.0))
    (3.3148287071767943 (0.095 -0.015692542182012735 0.0))
    (3.3158289572393103 (0.095 -0.015671231676686683 0.0))
    (3.3168292073018257 (0.095 -0.01564922580174749 0.0))
    (3.3178294573643416 (0.095 -0.015626526971594366 0.0))
    (3.318829707426857 (0.095 -0.015603137676654874 0.0))
    (3.3198299574893726 (0.095 -0.015579060483111699 0.0))
    (3.3208302075518885 (0.095 -0.015554298032621088 0.0))
    (3.321830457614404 (0.095 -0.015528853042023024 0.0))
    (3.3228307076769195 (0.095 -0.01550272830304314 0.0))
    (3.3238309577394354 (0.095 -0.015475926681986423 0.0))
    (3.324831207801951 (0.095 -0.015448451119422741 0.0))
    (3.3258314578644663 (0.095 -0.015420304629864198 0.0))
    (3.3268317079269822 (0.095 -0.015391490301434415 0.0))
    (3.3278319579894977 (0.095 -0.015362011295529696 0.0))
    (3.328832208052013 (0.095 -0.015331870846472185 0.0))
    (3.329832458114529 (0.095 -0.015301072261154992 0.0))
    (3.3308327081770446 (0.095 -0.015269618918679395 0.0))
    (3.33183295823956 (0.095 -0.01523751426998408 0.0))
    (3.332833208302076 (0.095 -0.015204761837466522 0.0))
    (3.3338334583645914 (0.095 -0.01517136521459653 0.0))
    (3.334833708427107 (0.095 -0.015137328065521975 0.0))
    (3.335833958489623 (0.095 -0.01510265412466678 0.0))
    (3.3368342085521383 (0.095 -0.015067347196321185 0.0))
    (3.337834458614654 (0.095 -0.015031411154224345 0.0))
    (3.3388347086771697 (0.095 -0.014994849941139428 0.0))
    (3.339834958739685 (0.095 -0.01495766756842079 0.0))
    (3.340835208802201 (0.095 -0.014919868115574088 0.0))
    (3.3418354588647166 (0.095 -0.014881455729808687 0.0))
    (3.342835708927232 (0.095 -0.014842434625582426 0.0))
    (3.343835958989748 (0.095 -0.014802809084139446 0.0))
    (3.3448362090522634 (0.095 -0.01476258345304047 0.0))
    (3.345836459114779 (0.095 -0.014721762145685581 0.0))
    (3.346836709177295 (0.095 -0.014680349640830214 0.0))
    (3.3478369592398103 (0.095 -0.014638350482093795 0.0))
    (3.3488372093023258 (0.095 -0.014595769277460965 0.0))
    (3.3498374593648417 (0.095 -0.01455261069877627 0.0))
    (3.350837709427357 (0.095 -0.014508879481231546 0.0))
    (3.3518379594898726 (0.095 -0.014464580422846297 0.0))
    (3.3528382095523885 (0.095 -0.01441971838394122 0.0))
    (3.353838459614904 (0.095 -0.01437429828660524 0.0))
    (3.35483870967742 (0.095 -0.014328325114155157 0.0))
    (3.3558389597399354 (0.095 -0.014281803910589065 0.0))
    (3.356839209802451 (0.095 -0.014234739780032899 0.0))
    (3.357839459864967 (0.095 -0.01418713788618044 0.0))
    (3.3588397099274823 (0.095 -0.014139003451726775 0.0))
    (3.3598399599899977 (0.095 -0.01409034175779527 0.0))
    (3.3608402100525137 (0.095 -0.014041158143358162 0.0))
    (3.361840460115029 (0.095 -0.013991458004650778 0.0))
    (3.3628407101775446 (0.095 -0.013941246794579486 0.0))
    (3.3638409602400605 (0.095 -0.01389053002212342 0.0))
    (3.364841210302576 (0.095 -0.013839313251730052 0.0))
    (3.3658414603650915 (0.095 -0.013787602102704698 0.0))
    (3.3668417104276074 (0.095 -0.013735402248593966 0.0))
    (3.367841960490123 (0.095 -0.013682719416563304 0.0))
    (3.3688422105526383 (0.095 -0.01362955938676861 0.0))
    (3.3698424606151542 (0.095 -0.01357592799172208 0.0))
    (3.3708427106776697 (0.095 -0.013521831115652267 0.0))
    (3.371842960740185 (0.095 -0.013467274693858503 0.0))
    (3.372843210802701 (0.095 -0.013412264712059689 0.0))
    (3.3738434608652166 (0.095 -0.013356807205737573 0.0))
    (3.3748437109277325 (0.095 -0.013300908259474553 0.0))
    (3.375843960990248 (0.095 -0.013244574006286113 0.0))
    (3.3768442110527634 (0.095 -0.01318781062694791 0.0))
    (3.3778444611152794 (0.095 -0.013130624349317669 0.0))
    (3.378844711177795 (0.095 -0.01307302144765187 0.0))
    (3.3798449612403103 (0.095 -0.013015008241917364 0.0))
    (3.3808452113028262 (0.095 -0.012956591097097977 0.0))
    (3.3818454613653417 (0.095 -0.01289777642249616 0.0))
    (3.382845711427857 (0.095 -0.01283857067102979 0.0))
    (3.383845961490373 (0.095 -0.012778980338524181 0.0))
    (3.3848462115528886 (0.095 -0.012719011962999387 0.0))
    (3.385846461615404 (0.095 -0.012658672123952872 0.0))
    (3.38684671167792 (0.095 -0.012597967441637638 0.0))
    (3.3878469617404354 (0.095 -0.012536904576335875 0.0))
    (3.388847211802951 (0.095 -0.01247549022762822 0.0))
    (3.389847461865467 (0.095 -0.012413731133658708 0.0))
    (3.3908477119279823 (0.095 -0.012351634070395481 0.0))
    (3.3918479619904978 (0.095 -0.012289205850887368 0.0))
    (3.3928482120530137 (0.095 -0.012226453324516367 0.0))
    (3.393848462115529 (0.095 -0.012163383376246173 0.0))
    (3.394848712178045 (0.095 -0.012100002925866736 0.0))
    (3.3958489622405605 (0.095 -0.012036318927235265 0.0))
    (3.396849212303076 (0.095 -0.011972338367512844 0.0))
    (3.397849462365592 (0.095 -0.01190806826639822 0.0))
    (3.3988497124281074 (0.095 -0.011843515675357633 0.0))
    (3.399849962490623 (0.095 -0.011778687676850752 0.0))
    (3.400850212553139 (0.095 -0.01171359138355402 0.0))
    (3.4018504626156543 (0.095 -0.011648233937580278 0.0))
    (3.4028507126781697 (0.095 -0.011582622509694754 0.0))
    (3.4038509627406857 (0.095 -0.011516764298528725 0.0))
    (3.404851212803201 (0.095 -0.0114506665297897 0.0))
    (3.4058514628657166 (0.095 -0.011384336455468252 0.0))
    (3.4068517129282325 (0.095 -0.011317781353042752 0.0))
    (3.407851962990748 (0.095 -0.01125100852468092 0.0))
    (3.4088522130532635 (0.095 -0.011184025296438247 0.0))
    (3.4098524631157794 (0.095 -0.011116839017454617 0.0))
    (3.410852713178295 (0.095 -0.011049457059147998 0.0))
    (3.4118529632408108 (0.095 -0.010981886814405204 0.0))
    (3.4128532133033262 (0.095 -0.010914135696771432 0.0))
    (3.4138534633658417 (0.095 -0.010846211139636413 0.0))
    (3.4148537134283576 (0.095 -0.01077812059541885 0.0))
    (3.415853963490873 (0.095 -0.010709871534749178 0.0))
    (3.4168542135533886 (0.095 -0.010641471445649505 0.0))
    (3.4178544636159045 (0.095 -0.010572927832712055 0.0))
    (3.41885471367842 (0.095 -0.010504248216276206 0.0))
    (3.4198549637409354 (0.095 -0.010435440131602976 0.0))
    (3.4208552138034514 (0.095 -0.010366511128048275 0.0))
    (3.421855463865967 (0.095 -0.010297468768235049 0.0))
    (3.4228557139284823 (0.095 -0.01022832062722311 0.0))
    (3.4238559639909982 (0.095 -0.01015907429167803 0.0))
    (3.4248562140535137 (0.095 -0.01008973735903919 0.0))
    (3.425856464116029 (0.095 -0.010020317436685787 0.0))
    (3.426856714178545 (0.095 -0.009950822141102192 0.0))
    (3.4278569642410606 (0.095 -0.00988125909704271 0.0))
    (3.428857214303576 (0.095 -0.009811635936694612 0.0))
    (3.429857464366092 (0.095 -0.009741960298840746 0.0))
    (3.4308577144286074 (0.095 -0.009672239828021878 0.0))
    (3.4318579644911233 (0.095 -0.009602482173697477 0.0))
    (3.432858214553639 (0.095 -0.009532694989406697 0.0))
    (3.4338584646161543 (0.095 -0.0094628859319286 0.0))
    (3.43485871467867 (0.095 -0.00939306266044209 0.0))
    (3.4358589647411857 (0.095 -0.009333333333333334 0.0))
    (3.436859214803701 (0.095 -0.009333333333333334 0.0))
    (3.437859464866217 (0.095 -0.009333333333333334 0.0))
    (3.4388597149287325 (0.095 -0.009333333333333334 0.0))
    (3.439859964991248 (0.095 -0.009333333333333334 0.0))
    (3.440860215053764 (0.095 -0.009333333333333334 0.0))
    (3.4418604651162794 (0.095 -0.009333333333333334 0.0))
    (3.442860715178795 (0.095 -0.009333333333333334 0.0))
    (3.443860965241311 (0.095 -0.009333333333333334 0.0))
    (3.4448612153038263 (0.095 -0.009333333333333334 0.0))
    (3.4458614653663417 (0.095 -0.009333333333333334 0.0))
    (3.4468617154288577 (0.095 -0.009333333333333334 0.0))
    (3.447861965491373 (0.095 -0.009333333333333334 0.0))
    (3.448862215553889 (0.095 -0.009333333333333334 0.0))
    (3.4498624656164045 (0.095 -0.009333333333333334 0.0))
    (3.45086271567892 (0.095 -0.009333333333333334 0.0))
    (3.451862965741436 (0.095 -0.009333333333333334 0.0))
    (3.4528632158039514 (0.095 -0.009333333333333334 0.0))
    (3.453863465866467 (0.095 -0.009333333333333334 0.0))
    (3.454863715928983 (0.095 -0.009333333333333334 0.0))
    (3.4558639659914983 (0.095 -0.009333333333333334 0.0))
    (3.4568642160540137 (0.095 -0.009333333333333334 0.0))
    (3.4578644661165296 (0.095 -0.009333333333333334 0.0))
    (3.458864716179045 (0.095 -0.009333333333333334 0.0))
    (3.4598649662415606 (0.095 -0.009333333333333334 0.0))
    (3.4608652163040765 (0.095 -0.009333333333333334 0.0))
    (3.461865466366592 (0.095 -0.009333333333333334 0.0))
    (3.4628657164291075 (0.095 -0.009333333333333334 0.0))
    (3.4638659664916234 (0.095 -0.009333333333333334 0.0))
    (3.464866216554139 (0.095 -0.009333333333333334 0.0))
    (3.4658664666166543 (0.095 -0.009333333333333334 0.0))
    (3.4668667166791702 (0.095 -0.009333333333333334 0.0))
    (3.4678669667416857 (0.095 -0.009333333333333334 0.0))
    (3.4688672168042016 (0.095 -0.009333333333333334 0.0))
    (3.469867466866717 (0.095 -0.009333333333333334 0.0))
    (3.4708677169292326 (0.095 -0.009333333333333334 0.0))
    (3.4718679669917485 (0.095 -0.009333333333333334 0.0))
    (3.472868217054264 (0.095 -0.009333333333333334 0.0))
    (3.4738684671167794 (0.095 -0.009333333333333334 0.0))
    (3.4748687171792954 (0.095 -0.009333333333333334 0.0))
    (3.475868967241811 (0.095 -0.009333333333333334 0.0))
    (3.4768692173043263 (0.095 -0.009333333333333334 0.0))
    (3.477869467366842 (0.095 -0.009333333333333334 0.0))
    (3.4788697174293577 (0.095 -0.009333333333333334 0.0))
    (3.479869967491873 (0.095 -0.009333333333333334 0.0))
    (3.480870217554389 (0.095 -0.009333333333333334 0.0))
    (3.4818704676169046 (0.095 -0.009333333333333334 0.0))
    (3.48287071767942 (0.095 -0.009333333333333334 0.0))
    (3.483870967741936 (0.095 -0.009333333333333334 0.0))
    (3.4848712178044514 (0.095 -0.009333333333333334 0.0))
    (3.485871467866967 (0.095 -0.009333333333333334 0.0))
    (3.486871717929483 (0.095 -0.009333333333333334 0.0))
    (3.4878719679919983 (0.095 -0.009333333333333334 0.0))
    (3.488872218054514 (0.095 -0.009333333333333334 0.0))
    (3.4898724681170297 (0.095 -0.009333333333333334 0.0))
    (3.490872718179545 (0.095 -0.009333333333333334 0.0))
    (3.491872968242061 (0.095 -0.009333333333333334 0.0))
    (3.4928732183045765 (0.095 -0.009333333333333334 0.0))
    (3.493873468367092 (0.095 -0.009333333333333334 0.0))
    (3.494873718429608 (0.095 -0.009333333333333334 0.0))
    (3.4958739684921234 (0.095 -0.009333333333333334 0.0))
    (3.496874218554639 (0.095 -0.009333333333333334 0.0))
    (3.497874468617155 (0.095 -0.009333333333333334 0.0))
    (3.4988747186796703 (0.095 -0.009333333333333334 0.0))
    (3.4998749687421857 (0.095 -0.009333333333333334 0.0))
    (3.5008752188047016 (0.095 -0.009333333333333334 0.0))
    (3.501875468867217 (0.095 -0.009333333333333334 0.0))
    (3.5028757189297326 (0.095 -0.009333333333333334 0.0))
    (3.5038759689922485 (0.095 -0.009333333333333334 0.0))
    (3.504876219054764 (0.095 -0.009333333333333334 0.0))
    (3.50587646911728 (0.095 -0.009333333333333334 0.0))
    (3.5068767191797954 (0.095 -0.009333333333333334 0.0))
    (3.507876969242311 (0.095 -0.009333333333333334 0.0))
    (3.5088772193048268 (0.095 -0.009333333333333334 0.0))
    (3.5098774693673422 (0.095 -0.009333333333333334 0.0))
    (3.5108777194298577 (0.095 -0.009333333333333334 0.0))
    (3.5118779694923736 (0.095 -0.009333333333333334 0.0))
    (3.512878219554889 (0.095 -0.009333333333333334 0.0))
    (3.5138784696174046 (0.095 -0.009333333333333334 0.0))
    (3.5148787196799205 (0.095 -0.009333333333333334 0.0))
    (3.515878969742436 (0.095 -0.009333333333333334 0.0))
    (3.5168792198049514 (0.095 -0.009333333333333334 0.0))
    (3.5178794698674674 (0.095 -0.009333333333333334 0.0))
    (3.518879719929983 (0.095 -0.009333333333333334 0.0))
    (3.5198799699924983 (0.095 -0.009333333333333334 0.0))
    (3.520880220055014 (0.095 -0.009333333333333334 0.0))
    (3.5218804701175297 (0.095 -0.009333333333333334 0.0))
    (3.522880720180045 (0.095 -0.009333333333333334 0.0))
    (3.523880970242561 (0.095 -0.009333333333333334 0.0))
    (3.5248812203050766 (0.095 -0.009333333333333334 0.0))
    (3.5258814703675925 (0.095 -0.009333333333333334 0.0))
    (3.526881720430108 (0.095 -0.009333333333333334 0.0))
    (3.5278819704926234 (0.095 -0.009333333333333334 0.0))
    (3.5288822205551393 (0.095 -0.009333333333333334 0.0))
    (3.529882470617655 (0.095 -0.009333333333333334 0.0))
    (3.5308827206801703 (0.095 -0.009333333333333334 0.0))
    (3.531882970742686 (0.095 -0.009333333333333334 0.0))
    (3.5328832208052017 (0.095 -0.009333333333333334 0.0))
    (3.533883470867717 (0.095 -0.009333333333333334 0.0))
    (3.534883720930233 (0.095 -0.009333333333333334 0.0))
    (3.5358839709927485 (0.095 -0.009333333333333334 0.0))
    (3.536884221055264 (0.095 -0.009333333333333334 0.0))
    (3.53788447111778 (0.095 -0.009333333333333334 0.0))
    (3.5388847211802954 (0.095 -0.009333333333333334 0.0))
    (3.539884971242811 (0.095 -0.009333333333333334 0.0))
    (3.540885221305327 (0.095 -0.009333333333333334 0.0))
    (3.5418854713678423 (0.095 -0.009333333333333334 0.0))
    (3.542885721430358 (0.095 -0.009333333333333334 0.0))
    (3.5438859714928737 (0.095 -0.009333333333333334 0.0))
    (3.544886221555389 (0.095 -0.009333333333333334 0.0))
    (3.545886471617905 (0.095 -0.009333333333333334 0.0))
    (3.5468867216804205 (0.095 -0.009333333333333334 0.0))
    (3.547886971742936 (0.095 -0.009333333333333334 0.0))
    (3.548887221805452 (0.095 -0.009333333333333334 0.0))
    (3.5498874718679674 (0.095 -0.009333333333333334 0.0))
    (3.550887721930483 (0.095 -0.009333333333333334 0.0))
    (3.5518879719929988 (0.095 -0.009333333333333334 0.0))
    (3.5528882220555142 (0.095 -0.009333333333333334 0.0))
    (3.5538884721180297 (0.095 -0.009333333333333334 0.0))
    (3.5548887221805456 (0.095 -0.009333333333333334 0.0))
    (3.555888972243061 (0.095 -0.009333333333333334 0.0))
    (3.5568892223055766 (0.095 -0.009333333333333334 0.0))
    (3.5578894723680925 (0.095 -0.009333333333333334 0.0))
    (3.558889722430608 (0.095 -0.009333333333333334 0.0))
    (3.5598899724931234 (0.095 -0.009333333333333334 0.0))
    (3.5608902225556394 (0.095 -0.009333333333333334 0.0))
    (3.561890472618155 (0.095 -0.009333333333333334 0.0))
    (3.5628907226806708 (0.095 -0.009333333333333334 0.0))
    (3.5638909727431862 (0.095 -0.009333333333333334 0.0))
    (3.5648912228057017 (0.095 -0.009333333333333334 0.0))
    (3.5658914728682176 (0.095 -0.009333333333333334 0.0))
    (3.566891722930733 (0.095 -0.009333333333333334 0.0))
    (3.5678919729932486 (0.095 -0.009333333333333334 0.0))
    (3.5688922230557645 (0.095 -0.009333333333333334 0.0))
    (3.56989247311828 (0.095 -0.009333333333333334 0.0))
    (3.5708927231807954 (0.095 -0.009333333333333334 0.0))
    (3.5718929732433113 (0.095 -0.009333333333333334 0.0))
    (3.572893223305827 (0.095 -0.009333333333333334 0.0))
    (3.5738934733683423 (0.095 -0.009333333333333334 0.0))
    (3.574893723430858 (0.095 -0.009333333333333334 0.0))
    (3.5758939734933737 (0.095 -0.009333333333333334 0.0))
    (3.576894223555889 (0.095 -0.009333333333333334 0.0))
    (3.577894473618405 (0.095 -0.009333333333333334 0.0))
    (3.5788947236809205 (0.095 -0.009333333333333334 0.0))
    (3.579894973743436 (0.095 -0.009333333333333334 0.0))
    (3.580895223805952 (0.095 -0.009333333333333334 0.0))
    (3.5818954738684674 (0.095 -0.009333333333333334 0.0))
    (3.5828957239309833 (0.095 -0.009333333333333334 0.0))
    (3.583895973993499 (0.095 -0.009333333333333334 0.0))
    (3.5848962240560143 (0.095 -0.009333333333333334 0.0))
    (3.58589647411853 (0.095 -0.009333333333333334 0.0))
    (3.5868967241810457 (0.095 -0.009333333333333334 0.0))
    (3.587896974243561 (0.095 -0.009333333333333334 0.0))
    (3.588897224306077 (0.095 -0.009333333333333334 0.0))
    (3.5898974743685925 (0.095 -0.009333333333333334 0.0))
    (3.590897724431108 (0.095 -0.009333333333333334 0.0))
    (3.591897974493624 (0.095 -0.009333333333333334 0.0))
    (3.5928982245561394 (0.095 -0.009333333333333334 0.0))
    (3.593898474618655 (0.095 -0.009333333333333334 0.0))
    (3.5948987246811708 (0.095 -0.009333333333333334 0.0))
    (3.5958989747436862 (0.095 -0.009333333333333334 0.0))
    (3.5968992248062017 (0.095 -0.009333333333333334 0.0))
    (3.5978994748687176 (0.095 -0.009333333333333334 0.0))
    (3.598899724931233 (0.095 -0.009333333333333334 0.0))
    (3.599899974993749 (0.095 -0.009333333333333334 0.0))
    (3.6009002250562645 (0.095 -0.009333333333333334 0.0))
    (3.60190047511878 (0.095 -0.009333333333333334 0.0))
    (3.602900725181296 (0.095 -0.009333333333333334 0.0))
    (3.6039009752438114 (0.095 -0.009333333333333334 0.0))
    (3.604901225306327 (0.095 -0.009333333333333334 0.0))
    (3.6059014753688428 (0.095 -0.009333333333333334 0.0))
    (3.6069017254313582 (0.095 -0.009333333333333334 0.0))
    (3.6079019754938737 (0.095 -0.009333333333333334 0.0))
    (3.6089022255563896 (0.095 -0.009333333333333334 0.0))
    (3.609902475618905 (0.095 -0.009333333333333334 0.0))
    (3.6109027256814206 (0.095 -0.009333333333333334 0.0))
    (3.6119029757439365 (0.095 -0.009333333333333334 0.0))
    (3.612903225806452 (0.095 -0.009333333333333334 0.0))
    (3.6139034758689674 (0.095 -0.009333333333333334 0.0))
    (3.6149037259314833 (0.095 -0.009333333333333334 0.0))
    (3.615903975993999 (0.095 -0.009333333333333334 0.0))
    (3.6169042260565143 (0.095 -0.009333333333333334 0.0))
    (3.61790447611903 (0.095 -0.009333333333333334 0.0))
    (3.6189047261815457 (0.095 -0.009333333333333334 0.0))
    (3.6199049762440616 (0.095 -0.009333333333333334 0.0))
    (3.620905226306577 (0.095 -0.009333333333333334 0.0))
    (3.6219054763690925 (0.095 -0.009333333333333334 0.0))
    (3.6229057264316085 (0.095 -0.009333333333333334 0.0))
    (3.623905976494124 (0.095 -0.009333333333333334 0.0))
    (3.6249062265566394 (0.095 -0.009333333333333334 0.0))
    (3.6259064766191553 (0.095 -0.009333333333333334 0.0))
    (3.626906726681671 (0.095 -0.009333333333333334 0.0))
    (3.6279069767441863 (0.095 -0.009333333333333334 0.0))
    (3.628907226806702 (0.095 -0.009333333333333334 0.0))
    (3.6299074768692177 (0.095 -0.009333333333333334 0.0))
    (3.630907726931733 (0.095 -0.009333333333333334 0.0))
    (3.631907976994249 (0.095 -0.009333333333333334 0.0))
    (3.6329082270567645 (0.095 -0.009333333333333334 0.0))
    (3.63390847711928 (0.095 -0.009333333333333334 0.0))
    (3.634908727181796 (0.095 -0.009333333333333334 0.0))
    (3.6359089772443114 (0.095 -0.009333333333333334 0.0))
    (3.6369092273068273 (0.095 -0.009333333333333334 0.0))
    (3.637909477369343 (0.095 -0.009333333333333334 0.0))
    (3.6389097274318583 (0.095 -0.009333333333333334 0.0))
    (3.639909977494374 (0.095 -0.009333333333333334 0.0))
    (3.6409102275568896 (0.095 -0.009333333333333334 0.0))
    (3.641910477619405 (0.095 -0.009333333333333334 0.0))
    (3.642910727681921 (0.095 -0.009333333333333334 0.0))
    (3.6439109777444365 (0.095 -0.009333333333333334 0.0))
    (3.644911227806952 (0.095 -0.009333333333333334 0.0))
    (3.645911477869468 (0.095 -0.009333333333333334 0.0))
    (3.6469117279319834 (0.095 -0.009333333333333334 0.0))
    (3.647911977994499 (0.095 -0.009333333333333334 0.0))
    (3.6489122280570148 (0.095 -0.009333333333333334 0.0))
    (3.6499124781195302 (0.095 -0.009333333333333334 0.0))
    (3.6509127281820457 (0.095 -0.009333333333333334 0.0))
    (3.6519129782445616 (0.095 -0.009333333333333334 0.0))
    (3.652913228307077 (0.095 -0.009333333333333334 0.0))
    (3.6539134783695926 (0.095 -0.009333333333333334 0.0))
    (3.6549137284321085 (0.095 -0.009333333333333334 0.0))
    (3.655913978494624 (0.095 -0.009333333333333334 0.0))
    (3.65691422855714 (0.095 -0.009333333333333334 0.0))
    (3.6579144786196554 (0.095 -0.009333333333333334 0.0))
    (3.658914728682171 (0.095 -0.009333333333333334 0.0))
    (3.6599149787446867 (0.095 -0.009333333333333334 0.0))
    (3.660915228807202 (0.095 -0.009333333333333334 0.0))
    (3.6619154788697177 (0.095 -0.009333333333333334 0.0))
    (3.6629157289322336 (0.095 -0.009333333333333334 0.0))
    (3.663915978994749 (0.095 -0.009333333333333334 0.0))
    (3.6649162290572646 (0.095 -0.009333333333333334 0.0))
    (3.6659164791197805 (0.095 -0.009333333333333334 0.0))
    (3.666916729182296 (0.095 -0.009333333333333334 0.0))
    (3.6679169792448114 (0.095 -0.009333333333333334 0.0))
    (3.6689172293073273 (0.095 -0.009333333333333334 0.0))
    (3.669917479369843 (0.095 -0.009333333333333334 0.0))
    (3.6709177294323583 (0.095 -0.009333333333333334 0.0))
    (3.671917979494874 (0.095 -0.009333333333333334 0.0))
    (3.6729182295573897 (0.095 -0.009333333333333334 0.0))
    (3.673918479619905 (0.095 -0.009333333333333334 0.0))
    (3.674918729682421 (0.095 -0.009333333333333334 0.0))
    (3.6759189797449365 (0.095 -0.009333333333333334 0.0))
    (3.6769192298074524 (0.095 -0.009333333333333334 0.0))
    (3.677919479869968 (0.095 -0.009333333333333334 0.0))
    (3.6789197299324834 (0.095 -0.009333333333333334 0.0))
    (3.6799199799949993 (0.095 -0.009333333333333334 0.0))
    (3.680920230057515 (0.095 -0.009333333333333334 0.0))
    (3.6819204801200303 (0.095 -0.009333333333333334 0.0))
    (3.682920730182546 (0.095 -0.009333333333333334 0.0))
    (3.6839209802450616 (0.095 -0.009333333333333334 0.0))
    (3.684921230307577 (0.095 -0.009333333333333334 0.0))
    (3.685921480370093 (0.095 -0.009333333333333334 0.0))
    (3.6869217304326085 (0.095 -0.009333333333333334 0.0))
    (3.687921980495124 (0.095 -0.009333333333333334 0.0))
    (3.68892223055764 (0.095 -0.009333333333333334 0.0))
    (3.6899224806201554 (0.095 -0.009333333333333334 0.0))
    (3.690922730682671 (0.095 -0.009333333333333334 0.0))
    (3.6919229807451868 (0.095 -0.009333333333333334 0.0))
    (3.6929232308077022 (0.095 -0.009333333333333334 0.0))
    (3.693923480870218 (0.095 -0.009333333333333334 0.0))
    (3.6949237309327336 (0.095 -0.009333333333333334 0.0))
    (3.695923980995249 (0.095 -0.009333333333333334 0.0))
    (3.696924231057765 (0.095 -0.009333333333333334 0.0))
    (3.6979244811202805 (0.095 -0.009333333333333334 0.0))
    (3.698924731182796 (0.095 -0.009333333333333334 0.0))
    (3.699924981245312 (0.095 -0.009333333333333334 0.0))
    (3.7009252313078274 (0.095 -0.009333333333333334 0.0))
    (3.701925481370343 (0.095 -0.009333333333333334 0.0))
    (3.7029257314328587 (0.095 -0.009333333333333334 0.0))
    (3.703925981495374 (0.095 -0.009333333333333334 0.0))
    (3.7049262315578897 (0.095 -0.009333333333333334 0.0))
    (3.7059264816204056 (0.095 -0.009333333333333334 0.0))
    (3.706926731682921 (0.095 -0.009333333333333334 0.0))
    (3.7079269817454366 (0.095 -0.009333333333333334 0.0))
    (3.7089272318079525 (0.095 -0.009333333333333334 0.0))
    (3.709927481870468 (0.095 -0.009333333333333334 0.0))
    (3.7109277319329834 (0.095 -0.009333333333333334 0.0))
    (3.7119279819954993 (0.095 -0.009333333333333334 0.0))
    (3.712928232058015 (0.095 -0.009333333333333334 0.0))
    (3.7139284821205307 (0.095 -0.009333333333333334 0.0))
    (3.714928732183046 (0.095 -0.009333333333333334 0.0))
    (3.7159289822455617 (0.095 -0.009333333333333334 0.0))
    (3.7169292323080776 (0.095 -0.009333333333333334 0.0))
    (3.717929482370593 (0.095 -0.009333333333333334 0.0))
    (3.7189297324331085 (0.095 -0.009333333333333334 0.0))
    (3.7199299824956245 (0.095 -0.009333333333333334 0.0))
    (3.72093023255814 (0.095 -0.009333333333333334 0.0))
    (3.7219304826206554 (0.095 -0.009333333333333334 0.0))
    (3.7229307326831713 (0.095 -0.009333333333333334 0.0))
    (3.723930982745687 (0.095 -0.009333333333333334 0.0))
    (3.7249312328082023 (0.095 -0.009333333333333334 0.0))
    (3.725931482870718 (0.095 -0.009333333333333334 0.0))
    (3.7269317329332337 (0.095 -0.009333333333333334 0.0))
    (3.727931982995749 (0.095 -0.009333333333333334 0.0))
    (3.728932233058265 (0.095 -0.009333333333333334 0.0))
    (3.7299324831207805 (0.095 -0.009333333333333334 0.0))
    (3.7309327331832964 (0.095 -0.009333333333333334 0.0))
    (3.731932983245812 (0.095 -0.009333333333333334 0.0))
    (3.7329332333083274 (0.095 -0.009333333333333334 0.0))
    (3.7339334833708433 (0.095 -0.009333333333333334 0.0))
    (3.7349337334333588 (0.095 -0.009333333333333334 0.0))
    (3.7359339834958742 (0.095 -0.009348671118394828 0.0))
    (3.73693423355839 (0.095 -0.009418499442995344 0.0))
    (3.7379344836209056 (0.095 -0.009488318423500777 0.0))
    (3.738934733683421 (0.095 -0.00955812039964351 0.0))
    (3.739934983745937 (0.095 -0.009627897713021574 0.0))
    (3.7409352338084525 (0.095 -0.009697642707938903 0.0))
    (3.741935483870968 (0.095 -0.00976734773224529 0.0))
    (3.742935733933484 (0.095 -0.009837005138175942 0.0))
    (3.7439359839959994 (0.095 -0.009906607283190578 0.0))
    (3.744936234058515 (0.095 -0.009976146530811922 0.0))
    (3.7459364841210308 (0.095 -0.01004561525146361 0.0))
    (3.7469367341835462 (0.095 -0.01011500582330703 0.0))
    (3.7479369842460617 (0.095 -0.010184310633078038 0.0))
    (3.7489372343085776 (0.095 -0.010253522076921833 0.0))
    (3.749937484371093 (0.095 -0.010322632561227216 0.0))
    (3.750937734433609 (0.095 -0.01039163450346021 0.0))
    (3.7519379844961245 (0.095 -0.01046052033299532 0.0))
    (3.75293823455864 (0.095 -0.01052928249194663 0.0))
    (3.753938484621156 (0.095 -0.01059791343599702 0.0))
    (3.7549387346836713 (0.095 -0.010666405635225477 0.0))
    (3.755938984746187 (0.095 -0.010734751574933676 0.0))
    (3.7569392348087027 (0.095 -0.010802943756470455 0.0))
    (3.757939484871218 (0.095 -0.010870974698054123 0.0))
    (3.7589397349337337 (0.095 -0.010938836935593754 0.0))
    (3.7599399849962496 (0.095 -0.01100652302350811 0.0))
    (3.760940235058765 (0.095 -0.011074025535542127 0.0))
    (3.7619404851212805 (0.095 -0.011141337065582124 0.0))
    (3.7629407351837965 (0.095 -0.011208450228468347 0.0))
    (3.763940985246312 (0.095 -0.011275357660804848 0.0))
    (3.7649412353088274 (0.095 -0.011342052021767775 0.0))
    (3.7659414853713433 (0.095 -0.011408525993910776 0.0))
    (3.766941735433859 (0.095 -0.01147477228396743 0.0))
    (3.7679419854963743 (0.095 -0.011540783623651851 0.0))
    (3.76894223555889 (0.095 -0.011606552770456129 0.0))
    (3.7699424856214057 (0.095 -0.011672072508444545 0.0))
    (3.7709427356839216 (0.095 -0.011737335649045732 0.0))
    (3.771942985746437 (0.095 -0.011802335031841143 0.0))
    (3.7729432358089525 (0.095 -0.011867063525350718 0.0))
    (3.7739434858714684 (0.095 -0.011931514027815317 0.0))
    (3.774943735933984 (0.095 -0.011995679467975898 0.0))
    (3.7759439859964994 (0.095 -0.012059552805849347 0.0))
    (3.7769442360590153 (0.095 -0.012123127033500885 0.0))
    (3.7779444861215308 (0.095 -0.01218639517581294 0.0))
    (3.7789447361840462 (0.095 -0.012249350291250441 0.0))
    (3.779944986246562 (0.095 -0.012311985472622406 0.0))
    (3.7809452363090776 (0.095 -0.01237429384783978 0.0))
    (3.781945486371593 (0.095 -0.012436268580669412 0.0))
    (3.782945736434109 (0.095 -0.012497902871484098 0.0))
    (3.7839459864966245 (0.095 -0.012559189958008608 0.0))
    (3.78494623655914 (0.095 -0.012620123116061624 0.0))
    (3.785946486621656 (0.095 -0.012680695660293487 0.0))
    (3.7869467366841714 (0.095 -0.01274090094491968 0.0))
    (3.7879469867466873 (0.095 -0.012800732364449995 0.0))
    (3.7889472368092028 (0.095 -0.012860183354413243 0.0))
    (3.7899474868717182 (0.095 -0.012919247392077495 0.0))
    (3.790947736934234 (0.095 -0.012977917997165727 0.0))
    (3.7919479869967496 (0.095 -0.013036188732566806 0.0))
    (3.792948237059265 (0.095 -0.01309405320504176 0.0))
    (3.793948487121781 (0.095 -0.013151505065925197 0.0))
    (3.7949487371842965 (0.095 -0.01320853801182187 0.0))
    (3.795948987246812 (0.095 -0.013265145785298266 0.0))
    (3.796949237309328 (0.095 -0.013321322175569137 0.0))
    (3.7979494873718433 (0.095 -0.013377061019178921 0.0))
    (3.798949737434359 (0.095 -0.013432356200677984 0.0))
    (3.7999499874968747 (0.095 -0.013487201653293573 0.0))
    (3.80095023755939 (0.095 -0.013541591359595448 0.0))
    (3.8019504876219057 (0.095 -0.013595519352156079 0.0))
    (3.8029507376844216 (0.095 -0.013648979714205386 0.0))
    (3.803950987746937 (0.095 -0.013701966580279884 0.0))
    (3.8049512378094525 (0.095 -0.013754474136866236 0.0))
    (3.8059514878719685 (0.095 -0.013806496623039077 0.0))
    (3.806951737934484 (0.095 -0.01385802833109309 0.0))
    (3.807951987997 (0.095 -0.013909063607169262 0.0))
    (3.8089522380595153 (0.095 -0.01395959685187503 0.0))
    (3.809952488122031 (0.095 -0.014009622520898974 0.0))
    (3.8109527381845467 (0.095 -0.014059135125618806 0.0))
    (3.811952988247062 (0.095 -0.014108129233703557 0.0))
    (3.8129532383095777 (0.095 -0.014156599469709904 0.0))
    (3.8139534883720936 (0.095 -0.014204540515671629 0.0))
    (3.814953738434609 (0.095 -0.014251947111683101 0.0))
    (3.8159539884971245 (0.095 -0.014298814056476655 0.0))
    (3.8169542385596404 (0.095 -0.014345136207992966 0.0))
    (3.817954488622156 (0.095 -0.01439090848394522 0.0))
    (3.8189547386846714 (0.095 -0.014436125862377004 0.0))
    (3.8199549887471873 (0.095 -0.014480783382213015 0.0))
    (3.820955238809703 (0.095 -0.014524876143803373 0.0))
    (3.8219554888722183 (0.095 -0.014568399309461457 0.0))
    (3.822955738934734 (0.095 -0.014611348103994417 0.0))
    (3.8239559889972496 (0.095 -0.014653717815227084 0.0))
    (3.8249562390597656 (0.095 -0.014695503794519263 0.0))
    (3.825956489122281 (0.095 -0.014736701457275366 0.0))
    (3.8269567391847965 (0.095 -0.014777306283447696 0.0))
    (3.8279569892473124 (0.095 -0.01481731381803237 0.0))
    (3.828957239309828 (0.095 -0.014856719671557847 0.0))
    (3.8299574893723434 (0.095 -0.014895519520566792 0.0))
    (3.8309577394348593 (0.095 -0.014933709108090405 0.0))
    (3.8319579894973748 (0.095 -0.01497128424411525 0.0))
    (3.8329582395598902 (0.095 -0.015008240806043214 0.0))
    (3.833958489622406 (0.095 -0.015044574739143793 0.0))
    (3.8349587396849216 (0.095 -0.015080282056998762 0.0))
    (3.835958989747437 (0.095 -0.015115358841939763 0.0))
    (3.836959239809953 (0.095 -0.015149801245478135 0.0))
    (3.8379594898724685 (0.095 -0.015183605488726937 0.0))
    (3.838959739934984 (0.095 -0.015216767862815773 0.0))
    (3.8399599899975 (0.095 -0.015249284729297702 0.0))
    (3.8409602400600154 (0.095 -0.015281152520548246 0.0))
    (3.841960490122531 (0.095 -0.015312367740157009 0.0))
    (3.8429607401850467 (0.095 -0.015342926963311281 0.0))
    (3.843960990247562 (0.095 -0.015372826837171614 0.0))
    (3.844961240310078 (0.095 -0.01540206408123989 0.0))
    (3.8459614903725936 (0.095 -0.015430635487719144 0.0))
    (3.846961740435109 (0.095 -0.01545853792186552 0.0))
    (3.847961990497625 (0.095 -0.01548576832233221 0.0))
    (3.8489622405601405 (0.095 -0.015512323701505345 0.0))
    (3.849962490622656 (0.095 -0.015538201145831761 0.0))
    (3.850962740685172 (0.095 -0.015563397816138682 0.0))
    (3.8519629907476873 (0.095 -0.015587910947945212 0.0))
    (3.852963240810203 (0.095 -0.015611737851765646 0.0))
    (3.8539634908727187 (0.095 -0.015634875913404556 0.0))
    (3.854963740935234 (0.095 -0.0156573225942436 0.0))
    (3.8559639909977497 (0.095 -0.015679075431520056 0.0))
    (3.8569642410602656 (0.095 -0.015700132038597034 0.0))
    (3.857964491122781 (0.095 -0.0157204901052253 0.0))
    (3.8589647411852965 (0.095 -0.015740147397796785 0.0))
    (3.8599649912478124 (0.095 -0.015759101759589625 0.0))
    (3.860965241310328 (0.095 -0.015777351111004794 0.0))
    (3.8619654913728434 (0.095 -0.01579489344979427 0.0))
    (3.8629657414353593 (0.095 -0.015811726851280704 0.0))
    (3.863965991497875 (0.095 -0.015827849468568606 0.0))
    (3.8649662415603907 (0.095 -0.015843259532746973 0.0))
    (3.865966491622906 (0.095 -0.015857955353083354 0.0))
    (3.8669667416854216 (0.095 -0.015871935317209374 0.0))
    (3.8679669917479376 (0.095 -0.015885197891297605 0.0))
    (3.868967241810453 (0.095 -0.015897741620229888 0.0))
    (3.8699674918729685 (0.095 -0.01590956512775696 0.0))
    (3.8709677419354844 (0.095 -0.015920667116649447 0.0))
    (3.871967991998 (0.095 -0.01593104636884021 0.0))
    (3.8729682420605154 (0.095 -0.015940701745557978 0.0))
    (3.8739684921230313 (0.095 -0.015949632187452278 0.0))
    (3.8749687421855468 (0.095 -0.01595783671470968 0.0))
    (3.8759689922480622 (0.095 -0.01596531442716129 0.0))
    (3.876969242310578 (0.095 -0.015972064504381513 0.0))
    (3.8779694923730936 (0.095 -0.01597808620577807 0.0))
    (3.878969742435609 (0.095 -0.01598337887067325 0.0))
    (3.879969992498125 (0.095 -0.0159879419183764 0.0))
    (3.8809702425606405 (0.095 -0.015991774848247625 0.0))
    (3.8819704926231564 (0.095 -0.015994877239752743 0.0))
    (3.882970742685672 (0.095 -0.015997248752509383 0.0))
    (3.8839709927481874 (0.095 -0.015998889126324377 0.0))
    (3.8849712428107033 (0.095 -0.015999798181222276 0.0))
    (3.8859714928732187 (0.095 -0.0159999758174651 0.0))
    (3.886971742935734 (0.095 -0.01599942201556329 0.0))
    (3.88797199299825 (0.095 -0.01599813683627784 0.0))
    (3.8889722430607656 (0.095 -0.01599612042061364 0.0))
    (3.889972493123281 (0.095 -0.01599337298980399 0.0))
    (3.890972743185797 (0.095 -0.015989894845286335 0.0))
    (3.8919729932483125 (0.095 -0.0159856863686692 0.0))
    (3.892973243310828 (0.095 -0.015980748021690302 0.0))
    (3.893973493373344 (0.095 -0.01597508034616591 0.0))
    (3.8949737434358593 (0.095 -0.015968683963931404 0.0))
    (3.895973993498375 (0.095 -0.015961559576773005 0.0))
    (3.8969742435608907 (0.095 -0.01595370796635083 0.0))
    (3.897974493623406 (0.095 -0.015945129994113124 0.0))
    (3.8989747436859217 (0.095 -0.015935826601201696 0.0))
    (3.8999749937484376 (0.095 -0.015925798808348716 0.0))
    (3.900975243810953 (0.095 -0.01591504771576472 0.0))
    (3.901975493873469 (0.095 -0.015903574503017864 0.0))
    (3.9029757439359845 (0.095 -0.015891380428904523 0.0))
    (3.9039759939985 (0.095 -0.0158784668313112 0.0))
    (3.904976244061016 (0.095 -0.015864835127067708 0.0))
    (3.9059764941235313 (0.095 -0.015850486811791745 0.0))
    (3.906976744186047 (0.095 -0.015835423459724787 0.0))
    (3.9079769942485627 (0.095 -0.01581964672355937 0.0))
    (3.908977244311078 (0.095 -0.015803158334257765 0.0))
    (3.9099774943735937 (0.095 -0.015785960100862074 0.0))
    (3.9109777444361096 (0.095 -0.01576805391029572 0.0))
    (3.911977994498625 (0.095 -0.01574944172715646 0.0))
    (3.9129782445611405 (0.095 -0.0157301255935008 0.0))
    (3.9139784946236564 (0.095 -0.015710107628619976 0.0))
    (3.914978744686172 (0.095 -0.015689390028807416 0.0))
    (3.9159789947486874 (0.095 -0.01566797506711778 0.0))
    (3.9169792448112033 (0.095 -0.01564586509311757 0.0))
    (3.9179794948737188 (0.095 -0.015623062532627338 0.0))
    (3.9189797449362347 (0.095 -0.01559956988745554 0.0))
    (3.91997999499875 (0.095 -0.015575389735124047 0.0))
    (3.9209802450612656 (0.095 -0.015550524728585343 0.0))
    (3.9219804951237816 (0.095 -0.015524977595931461 0.0))
    (3.922980745186297 (0.095 -0.015498751140094667 0.0))
    (3.9239809952488125 (0.095 -0.015471848238539927 0.0))
    (3.9249812453113284 (0.095 -0.01544427184294921 0.0))
    (3.925981495373844 (0.095 -0.01541602497889763 0.0))
    (3.9269817454363594 (0.095 -0.015387110745521508 0.0))
    (3.9279819954988753 (0.095 -0.015357532315178331 0.0))
    (3.9289822455613908 (0.095 -0.015327292933098705 0.0))
    (3.9299824956239062 (0.095 -0.015296395917030291 0.0))
    (3.930982745686422 (0.095 -0.015264844656873802 0.0))
    (3.9319829957489376 (0.095 -0.015232642614311075 0.0))
    (3.932983245811453 (0.095 -0.015199793322425263 0.0))
    (3.933983495873969 (0.095 -0.015166300385313207 0.0))
    (3.9349837459364845 (0.095 -0.015132167477690004 0.0))
    (3.935983995999 (0.095 -0.015097398344485832 0.0))
    (3.936984246061516 (0.095 -0.01506199680043507 0.0))
    (3.9379844961240313 (0.095 -0.01502596672965776 0.0))
    (3.9389847461865473 (0.095 -0.014989312085233464 0.0))
    (3.9399849962490627 (0.095 -0.014952036888767532 0.0))
    (3.940985246311578 (0.095 -0.014914145229949882 0.0))
    (3.941985496374094 (0.095 -0.014875641266106262 0.0))
    (3.9429857464366096 (0.095 -0.014836529221742256 0.0))
    (3.943985996499125 (0.095 -0.014796813388079522 0.0))
    (3.944986246561641 (0.095 -0.014756498122585225 0.0))
    (3.9459864966241565 (0.095 -0.014715587848493934 0.0))
    (3.946986746686672 (0.095 -0.014674087054322098 0.0))
    (3.947986996749188 (0.095 -0.014632000293375816 0.0))
    (3.9489872468117033 (0.095 -0.014589332183251275 0.0))
    (3.949987496874219 (0.095 -0.014546087405327866 0.0))
    (3.9509877469367347 (0.095 -0.014502270704254815 0.0))
    (3.95198799699925 (0.095 -0.014457886887430634 0.0))
    (3.9529882470617657 (0.095 -0.01441294082447539 0.0))
    (3.9539884971242816 (0.095 -0.014367437446696704 0.0))
    (3.954988747186797 (0.095 -0.014321381746548713 0.0))
    (3.9559889972493125 (0.095 -0.014274778777084031 0.0))
    (3.9569892473118284 (0.095 -0.014227633651399632 0.0))
    (3.957989497374344 (0.095 -0.014179951542075863 0.0))
    (3.95898974743686 (0.095 -0.014131737680608613 0.0))
    (3.9599899974993753 (0.095 -0.01408299735683577 0.0))
    (3.9609902475618908 (0.095 -0.014033735918356532 0.0))
    (3.9619904976244067 (0.095 -0.013983958769944677 0.0))
    (3.962990747686922 (0.095 -0.01393367137295588 0.0))
    (3.9639909977494376 (0.095 -0.013882879244728207 0.0))
    (3.9649912478119536 (0.095 -0.013831587957976774 0.0))
    (3.965991497874469 (0.095 -0.013779803140182642 0.0))
    (3.9669917479369845 (0.095 -0.013727530472975076 0.0))
    (3.9679919979995004 (0.095 -0.01367477569150818 0.0))
    (3.968992248062016 (0.095 -0.01362154458383198 0.0))
    (3.9699924981245314 (0.095 -0.013567842990257057 0.0))
    (3.9709927481870473 (0.095 -0.013513676802713767 0.0))
    (3.9719929982495628 (0.095 -0.013459051964106137 0.0))
    (3.9729932483120782 (0.095 -0.013403974467659497 0.0))
    (3.973993498374594 (0.095 -0.013348450356262923 0.0))
    (3.9749937484371096 (0.095 -0.013292485721806585 0.0))
    (3.9759939984996255 (0.095 -0.013236086704512972 0.0))
    (3.976994248562141 (0.095 -0.013179259492263416 0.0))
    (3.9779944986246565 (0.095 -0.013122010319919138 0.0))
    (3.9789947486871724 (0.095 -0.013064345468637183 0.0))
    (3.979994998749688 (0.095 -0.013006271265181274 0.0))
    (3.9809952488122033 (0.095 -0.012947794081227667 0.0))
    (3.9819954988747193 (0.095 -0.012888920332666079 0.0))
    (3.9829957489372347 (0.095 -0.012829656478895748 0.0))
    (3.98399599899975 (0.095 -0.012770009022116748 0.0))
    (3.984996249062266 (0.095 -0.012709984506616586 0.0))
    (3.9859964991247816 (0.095 -0.01264958951805219 0.0))
    (3.986996749187297 (0.095 -0.01258883068272735 0.0))
    (3.987996999249813 (0.095 -0.012527714666865718 0.0))
    (3.9889972493123285 (0.095 -0.0124662481758794 0.0))
    (3.989997499374844 (0.095 -0.012404437953633279 0.0))
    (3.99099774943736 (0.095 -0.012342290781705097 0.0))
    (3.9919979994998753 (0.095 -0.012279813478641407 0.0))
    (3.992998249562391 (0.095 -0.012217012899209468 0.0))
    (3.9939984996249067 (0.095 -0.01215389593364517 0.0))
    (3.994998749687422 (0.095 -0.012090469506897057 0.0))
    (3.995998999749938 (0.095 -0.012026740577866561 0.0))
    (3.9969992498124536 (0.095 -0.011962716138644483 0.0))
    (3.997999499874969 (0.095 -0.011898403213743863 0.0))
    (3.998999749937485 (0.095 -0.011833808859329263 0.0))
    (4.0 (0.095 -0.011768940162442648 0.0))
)
