(
    (0.0 (0.29000000000000004 -0.028 0.0))
    (0.0010005002501250625 (0.29000000000000004 -0.028 0.0))
    (0.002001000500250125 (0.29000000000000004 -0.028 0.0))
    (0.003001500750375187 (0.29000000000000004 -0.028 0.0))
    (0.00400200100050025 (0.29000000000000004 -0.028 0.0))
    (0.0050025012506253125 (0.29000000000000004 -0.028 0.0))
    (0.006003001500750374 (0.29000000000000004 -0.028 0.0))
    (0.007003501750875437 (0.29000000000000004 -0.028 0.0))
    (0.0080040020010005 (0.29000000000000004 -0.028 0.0))
    (0.009004502251125562 (0.29000000000000004 -0.028 0.0))
    (0.010005002501250625 (0.29000000000000004 -0.028 0.0))
    (0.011005502751375688 (0.29000000000000004 -0.028 0.0))
    (0.012006003001500749 (0.29000000000000004 -0.028 0.0))
    (0.013006503251625811 (0.29000000000000004 -0.028 0.0))
    (0.014007003501750874 (0.29000000000000004 -0.028 0.0))
    (0.015007503751875937 (0.29000000000000004 -0.028 0.0))
    (0.016008004002001 (0.29000000000000004 -0.028 0.0))
    (0.01700850425212606 (0.29000000000000004 -0.028 0.0))
    (0.018009004502251125 (0.29000000000000004 -0.028 0.0))
    (0.019009504752376186 (0.29000000000000004 -0.028 0.0))
    (0.02001000500250125 (0.29000000000000004 -0.028 0.0))
    (0.02101050525262631 (0.29000000000000004 -0.028 0.0))
    (0.022011005502751375 (0.29000000000000004 -0.028 0.0))
    (0.023011505752876436 (0.29000000000000004 -0.028 0.0))
    (0.024012006003001497 (0.29000000000000004 -0.028 0.0))
    (0.02501250625312656 (0.29000000000000004 -0.028 0.0))
    (0.026013006503251623 (0.29000000000000004 -0.028 0.0))
    (0.027013506753376687 (0.29000000000000004 -0.028 0.0))
    (0.028014007003501748 (0.29000000000000004 -0.028 0.0))
    (0.029014507253626812 (0.29000000000000004 -0.028 0.0))
    (0.030015007503751873 (0.29000000000000004 -0.028 0.0))
    (0.031015507753876938 (0.29000000000000004 -0.028 0.0))
    (0.032016008004002 (0.29000000000000004 -0.028 0.0))
    (0.03301650825412706 (0.29000000000000004 -0.028 0.0))
    (0.03401700850425212 (0.29000000000000004 -0.028 0.0))
    (0.03501750875437719 (0.29000000000000004 -0.028 0.0))
    (0.03601800900450225 (0.29000000000000004 -0.028 0.0))
    (0.03701850925462731 (0.29000000000000004 -0.028 0.0))
    (0.03801900950475237 (0.29000000000000004 -0.028 0.0))
    (0.03901950975487744 (0.29000000000000004 -0.028 0.0))
    (0.0400200100050025 (0.29000000000000004 -0.028 0.0))
    (0.04102051025512756 (0.29000000000000004 -0.028 0.0))
    (0.04202101050525262 (0.29000000000000004 -0.028 0.0))
    (0.04302151075537768 (0.29000000000000004 -0.028 0.0))
    (0.04402201100550275 (0.29000000000000004 -0.028 0.0))
    (0.04502251125562781 (0.29000000000000004 -0.028 0.0))
    (0.04602301150575287 (0.29000000000000004 -0.028 0.0))
    (0.047023511755877934 (0.29000000000000004 -0.028 0.0))
    (0.048024012006002995 (0.29000000000000004 -0.028 0.0))
    (0.04902451225612806 (0.29000000000000004 -0.028 0.0))
    (0.05002501250625312 (0.29000000000000004 -0.028 0.0))
    (0.051025512756378184 (0.29000000000000004 -0.028 0.0))
    (0.052026013006503245 (0.29000000000000004 -0.028 0.0))
    (0.05302651325662831 (0.29000000000000004 -0.028 0.0))
    (0.054027013506753374 (0.29000000000000004 -0.028 0.0))
    (0.055027513756878435 (0.29000000000000004 -0.028 0.0))
    (0.056028014007003496 (0.29000000000000004 -0.028 0.0))
    (0.05702851425712856 (0.29000000000000004 -0.028 0.0))
    (0.058029014507253625 (0.29000000000000004 -0.028 0.0))
    (0.059029514757378686 (0.29000000000000004 -0.028 0.0))
    (0.06003001500750375 (0.29000000000000004 -0.028 0.0))
    (0.06103051525762881 (0.29000000000000004 -0.028 0.0))
    (0.062031015507753876 (0.29000000000000004 -0.028 0.0))
    (0.06303151575787894 (0.29000000000000004 -0.028 0.0))
    (0.064032016008004 (0.29000000000000004 -0.028 0.0))
    (0.06503251625812906 (0.29000000000000004 -0.028 0.0))
    (0.06603301650825412 (0.29000000000000004 -0.028 0.0))
    (0.06703351675837918 (0.29000000000000004 -0.028 0.0))
    (0.06803401700850424 (0.29000000000000004 -0.028 0.0))
    (0.06903451725862932 (0.29000000000000004 -0.028 0.0))
    (0.07003501750875438 (0.29000000000000004 -0.028 0.0))
    (0.07103551775887944 (0.29000000000000004 -0.028 0.0))
    (0.0720360180090045 (0.29000000000000004 -0.028 0.0))
    (0.07303651825912956 (0.29000000000000004 -0.028 0.0))
    (0.07403701850925462 (0.29000000000000004 -0.028 0.0))
    (0.07503751875937968 (0.29000000000000004 -0.028 0.0))
    (0.07603801900950474 (0.29000000000000004 -0.028 0.0))
    (0.0770385192596298 (0.29000000000000004 -0.028 0.0))
    (0.07803901950975488 (0.29000000000000004 -0.028 0.0))
    (0.07903951975987994 (0.29000000000000004 -0.028 0.0))
    (0.080040020010005 (0.29000000000000004 -0.028 0.0))
    (0.08104052026013006 (0.29000000000000004 -0.028 0.0))
    (0.08204102051025512 (0.29000000000000004 -0.028 0.0))
    (0.08304152076038018 (0.29000000000000004 -0.028 0.0))
    (0.08404202101050524 (0.29000000000000004 -0.028 0.0))
    (0.0850425212606303 (0.29000000000000004 -0.028 0.0))
    (0.08604302151075537 (0.29000000000000004 -0.028 0.0))
    (0.08704352176088044 (0.29000000000000004 -0.028 0.0))
    (0.0880440220110055 (0.29000000000000004 -0.028 0.0))
    (0.08904452226113056 (0.29000000000000004 -0.028 0.0))
    (0.09004502251125562 (0.29000000000000004 -0.028 0.0))
    (0.09104552276138068 (0.29000000000000004 -0.028 0.0))
    (0.09204602301150575 (0.29000000000000004 -0.028 0.0))
    (0.0930465232616308 (0.29000000000000004 -0.028 0.0))
    (0.09404702351175587 (0.29000000000000004 -0.028 0.0))
    (0.09504752376188093 (0.29000000000000004 -0.028 0.0))
    (0.09604802401200599 (0.29000000000000004 -0.028 0.0))
    (0.09704852426213106 (0.29000000000000004 -0.028 0.0))
    (0.09804902451225612 (0.29000000000000004 -0.028 0.0))
    (0.09904952476238119 (0.29000000000000004 -0.028 0.0))
    (0.10005002501250625 (0.29000000000000004 -0.028 0.0))
    (0.10105052526263131 (0.29000000000000004 -0.028 0.0))
    (0.10205102551275637 (0.29000000000000004 -0.028 0.0))
    (0.10305152576288143 (0.29000000000000004 -0.028 0.0))
    (0.10405202601300649 (0.29000000000000004 -0.028 0.0))
    (0.10505252626313155 (0.29000000000000004 -0.028 0.0))
    (0.10605302651325663 (0.29000000000000004 -0.028 0.0))
    (0.10705352676338169 (0.29000000000000004 -0.028 0.0))
    (0.10805402701350675 (0.29000000000000004 -0.028 0.0))
    (0.10905452726363181 (0.29000000000000004 -0.028 0.0))
    (0.11005502751375687 (0.29000000000000004 -0.028 0.0))
    (0.11105552776388193 (0.29000000000000004 -0.028 0.0))
    (0.11205602801400699 (0.29000000000000004 -0.028 0.0))
    (0.11305652826413205 (0.29000000000000004 -0.028 0.0))
    (0.11405702851425711 (0.29000000000000004 -0.028 0.0))
    (0.11505752876438219 (0.29000000000000004 -0.028 0.0))
    (0.11605802901450725 (0.29000000000000004 -0.028 0.0))
    (0.11705852926463231 (0.29000000000000004 -0.028 0.0))
    (0.11805902951475737 (0.29000000000000004 -0.028 0.0))
    (0.11905952976488243 (0.29000000000000004 -0.028 0.0))
    (0.1200600300150075 (0.29000000000000004 -0.028 0.0))
    (0.12106053026513255 (0.29000000000000004 -0.028 0.0))
    (0.12206103051525762 (0.29000000000000004 -0.028 0.0))
    (0.12306153076538268 (0.29000000000000004 -0.028 0.0))
    (0.12406203101550775 (0.29000000000000004 -0.028 0.0))
    (0.1250625312656328 (0.29000000000000004 -0.028 0.0))
    (0.12606303151575787 (0.29000000000000004 -0.028 0.0))
    (0.12706353176588292 (0.29000000000000004 -0.028 0.0))
    (0.128064032016008 (0.29000000000000004 -0.028 0.0))
    (0.12906453226613307 (0.29000000000000004 -0.028 0.0))
    (0.13006503251625812 (0.29000000000000004 -0.028 0.0))
    (0.1310655327663832 (0.29000000000000004 -0.028 0.0))
    (0.13206603301650824 (0.29000000000000004 -0.028 0.0))
    (0.1330665332666333 (0.29000000000000004 -0.028 0.0))
    (0.13406703351675836 (0.29000000000000004 -0.028 0.0))
    (0.13506753376688344 (0.29000000000000004 -0.028 0.0))
    (0.13606803401700848 (0.29000000000000004 -0.028 0.0))
    (0.13706853426713356 (0.29000000000000004 -0.028 0.0))
    (0.13806903451725863 (0.29000000000000004 -0.028 0.0))
    (0.13906953476738368 (0.29000000000000004 -0.028 0.0))
    (0.14007003501750875 (0.29000000000000004 -0.028 0.0))
    (0.1410705352676338 (0.29000000000000004 -0.028 0.0))
    (0.14207103551775888 (0.29000000000000004 -0.028 0.0))
    (0.14307153576788392 (0.29000000000000004 -0.028 0.0))
    (0.144072036018009 (0.29000000000000004 -0.028 0.0))
    (0.14507253626813404 (0.29000000000000004 -0.028 0.0))
    (0.14607303651825912 (0.29000000000000004 -0.028 0.0))
    (0.1470735367683842 (0.29000000000000004 -0.028 0.0))
    (0.14807403701850924 (0.29000000000000004 -0.028 0.0))
    (0.14907453726863432 (0.29000000000000004 -0.028 0.0))
    (0.15007503751875936 (0.29000000000000004 -0.028 0.0))
    (0.15107553776888444 (0.29000000000000004 -0.028 0.0))
    (0.15207603801900949 (0.29000000000000004 -0.028 0.0))
    (0.15307653826913456 (0.29000000000000004 -0.028 0.0))
    (0.1540770385192596 (0.29000000000000004 -0.028 0.0))
    (0.15507753876938468 (0.29000000000000004 -0.028 0.0))
    (0.15607803901950976 (0.29000000000000004 -0.028 0.0))
    (0.1570785392696348 (0.29000000000000004 -0.028 0.0))
    (0.15807903951975988 (0.29000000000000004 -0.028 0.0))
    (0.15907953976988493 (0.29000000000000004 -0.028 0.0))
    (0.16008004002001 (0.29000000000000004 -0.028 0.0))
    (0.16108054027013505 (0.29000000000000004 -0.028 0.0))
    (0.16208104052026012 (0.29000000000000004 -0.028 0.0))
    (0.16308154077038517 (0.29000000000000004 -0.028 0.0))
    (0.16408204102051024 (0.29000000000000004 -0.028 0.0))
    (0.16508254127063532 (0.29000000000000004 -0.028 0.0))
    (0.16608304152076037 (0.29000000000000004 -0.028 0.0))
    (0.16708354177088544 (0.29000000000000004 -0.028 0.0))
    (0.1680840420210105 (0.29000000000000004 -0.028 0.0))
    (0.16908454227113556 (0.29000000000000004 -0.028 0.0))
    (0.1700850425212606 (0.29000000000000004 -0.028 0.0))
    (0.17108554277138568 (0.29000000000000004 -0.028 0.0))
    (0.17208604302151073 (0.29000000000000004 -0.028 0.0))
    (0.1730865432716358 (0.29000000000000004 -0.028 0.0))
    (0.17408704352176088 (0.29000000000000004 -0.028 0.0))
    (0.17508754377188593 (0.29000000000000004 -0.028 0.0))
    (0.176088044022011 (0.29000000000000004 -0.028 0.0))
    (0.17708854427213605 (0.29000000000000004 -0.028 0.0))
    (0.17808904452226113 (0.29000000000000004 -0.028 0.0))
    (0.17908954477238617 (0.29000000000000004 -0.028 0.0))
    (0.18009004502251125 (0.29000000000000004 -0.028 0.0))
    (0.1810905452726363 (0.29000000000000004 -0.028 0.0))
    (0.18209104552276137 (0.29000000000000004 -0.028 0.0))
    (0.18309154577288644 (0.29000000000000004 -0.028 0.0))
    (0.1840920460230115 (0.29000000000000004 -0.028 0.0))
    (0.18509254627313657 (0.29000000000000004 -0.028 0.0))
    (0.1860930465232616 (0.29000000000000004 -0.028 0.0))
    (0.1870935467733867 (0.29000000000000004 -0.028 0.0))
    (0.18809404702351173 (0.29000000000000004 -0.028 0.0))
    (0.1890945472736368 (0.29000000000000004 -0.028 0.0))
    (0.19009504752376186 (0.29000000000000004 -0.028 0.0))
    (0.19109554777388693 (0.29000000000000004 -0.028 0.0))
    (0.19209604802401198 (0.29000000000000004 -0.028 0.0))
    (0.19309654827413705 (0.29000000000000004 -0.028 0.0))
    (0.19409704852426213 (0.29000000000000004 -0.028 0.0))
    (0.19509754877438718 (0.29000000000000004 -0.028 0.0))
    (0.19609804902451225 (0.29000000000000004 -0.028 0.0))
    (0.1970985492746373 (0.29000000000000004 -0.028 0.0))
    (0.19809904952476237 (0.29000000000000004 -0.028 0.0))
    (0.19909954977488742 (0.29000000000000004 -0.028 0.0))
    (0.2001000500250125 (0.29000000000000004 -0.028 0.0))
    (0.20110055027513754 (0.29000000000000004 -0.028 0.0))
    (0.20210105052526262 (0.29000000000000004 -0.028 0.0))
    (0.2031015507753877 (0.29000000000000004 -0.028 0.0))
    (0.20410205102551274 (0.29000000000000004 -0.028 0.0))
    (0.2051025512756378 (0.29000000000000004 -0.028 0.0))
    (0.20610305152576286 (0.29000000000000004 -0.028 0.0))
    (0.20710355177588793 (0.29000000000000004 -0.028 0.0))
    (0.20810405202601298 (0.29000000000000004 -0.028 0.0))
    (0.20910455227613806 (0.29000000000000004 -0.028 0.0))
    (0.2101050525262631 (0.29000000000000004 -0.028 0.0))
    (0.21110555277638818 (0.29000000000000004 -0.028 0.0))
    (0.21210605302651325 (0.29000000000000004 -0.028 0.0))
    (0.2131065532766383 (0.29000000000000004 -0.028 0.0))
    (0.21410705352676337 (0.29000000000000004 -0.028 0.0))
    (0.21510755377688842 (0.29000000000000004 -0.028 0.0))
    (0.2161080540270135 (0.29000000000000004 -0.028 0.0))
    (0.21710855427713854 (0.29000000000000004 -0.028 0.0))
    (0.21810905452726362 (0.29000000000000004 -0.028 0.0))
    (0.21910955477738867 (0.29000000000000004 -0.028 0.0))
    (0.22011005502751374 (0.29000000000000004 -0.028 0.0))
    (0.22111055527763882 (0.29000000000000004 -0.028 0.0))
    (0.22211105552776386 (0.29000000000000004 -0.028 0.0))
    (0.22311155577788894 (0.29000000000000004 -0.028 0.0))
    (0.22411205602801398 (0.29000000000000004 -0.028 0.0))
    (0.22511255627813906 (0.29000000000000004 -0.028 0.0))
    (0.2261130565282641 (0.29000000000000004 -0.028 0.0))
    (0.22711355677838918 (0.29000000000000004 -0.028 0.0))
    (0.22811405702851423 (0.29000000000000004 -0.028 0.0))
    (0.2291145572786393 (0.29000000000000004 -0.028 0.0))
    (0.23011505752876438 (0.29000000000000004 -0.028 0.0))
    (0.23111555777888942 (0.29000000000000004 -0.028 0.0))
    (0.2321160580290145 (0.29000000000000004 -0.028 0.0))
    (0.23311655827913955 (0.29000000000000004 -0.028 0.0))
    (0.23411705852926462 (0.29000000000000004 -0.028 0.0))
    (0.23511755877938967 (0.29000000000000004 -0.028 0.0))
    (0.23611805902951474 (0.29000000000000004 -0.028 0.0))
    (0.2371185592796398 (0.29000000000000004 -0.028 0.0))
    (0.23811905952976486 (0.29000000000000004 -0.028 0.0))
    (0.23911955977988994 (0.29000000000000004 -0.028 0.0))
    (0.240120060030015 (0.29000000000000004 -0.028 0.0))
    (0.24112056028014006 (0.29000000000000004 -0.028 0.0))
    (0.2421210605302651 (0.29000000000000004 -0.028 0.0))
    (0.24312156078039018 (0.29000000000000004 -0.028 0.0))
    (0.24412206103051523 (0.29000000000000004 -0.028 0.0))
    (0.2451225612806403 (0.29000000000000004 -0.028 0.0))
    (0.24612306153076535 (0.29000000000000004 -0.028 0.0))
    (0.24712356178089043 (0.29000000000000004 -0.028 0.0))
    (0.2481240620310155 (0.29000000000000004 -0.028 0.0))
    (0.24912456228114055 (0.29000000000000004 -0.028 0.0))
    (0.2501250625312656 (0.29000000000000004 -0.028 0.0))
    (0.2511255627813907 (0.29000000000000004 -0.028 0.0))
    (0.25212606303151575 (0.29000000000000004 -0.028 0.0))
    (0.2531265632816408 (0.29000000000000004 -0.028 0.0))
    (0.25412706353176584 (0.29000000000000004 -0.028 0.0))
    (0.25512756378189094 (0.29000000000000004 -0.028 0.0))
    (0.256128064032016 (0.29000000000000004 -0.028 0.0))
    (0.25712856428214104 (0.29000000000000004 -0.028 0.0))
    (0.25812906453226614 (0.29000000000000004 -0.028 0.0))
    (0.2591295647823912 (0.29000000000000004 -0.028 0.0))
    (0.26013006503251623 (0.29000000000000004 -0.028 0.0))
    (0.2611305652826413 (0.29000000000000004 -0.028 0.0))
    (0.2621310655327664 (0.29000000000000004 -0.028 0.0))
    (0.26313156578289143 (0.29000000000000004 -0.028 0.0))
    (0.2641320660330165 (0.29000000000000004 -0.028 0.0))
    (0.2651325662831415 (0.29000000000000004 -0.028 0.0))
    (0.2661330665332666 (0.29000000000000004 -0.028 0.0))
    (0.2671335667833917 (0.29000000000000004 -0.028 0.0))
    (0.2681340670335167 (0.29000000000000004 -0.028 0.0))
    (0.2691345672836418 (0.29000000000000004 -0.028 0.0))
    (0.27013506753376687 (0.29000000000000004 -0.028 0.0))
    (0.2711355677838919 (0.29000000000000004 -0.028 0.0))
    (0.27213606803401696 (0.29000000000000004 -0.028 0.0))
    (0.27313656828414207 (0.29000000000000004 -0.028 0.0))
    (0.2741370685342671 (0.29000000000000004 -0.028 0.0))
    (0.27513756878439216 (0.29000000000000004 -0.028 0.0))
    (0.27613806903451726 (0.29000000000000004 -0.028 0.0))
    (0.2771385692846423 (0.29000000000000004 -0.028 0.0))
    (0.27813906953476736 (0.29000000000000004 -0.028 0.0))
    (0.2791395697848924 (0.29000000000000004 -0.028 0.0))
    (0.2801400700350175 (0.29000000000000004 -0.028 0.0))
    (0.28114057028514255 (0.29000000000000004 -0.028 0.0))
    (0.2821410705352676 (0.29000000000000004 -0.028 0.0))
    (0.28314157078539265 (0.29000000000000004 -0.028 0.0))
    (0.28414207103551775 (0.29000000000000004 -0.028 0.0))
    (0.2851425712856428 (0.29000000000000004 -0.028 0.0))
    (0.28614307153576785 (0.29000000000000004 -0.028 0.0))
    (0.28714357178589295 (0.29000000000000004 -0.028 0.0))
    (0.288144072036018 (0.29000000000000004 -0.028 0.0))
    (0.28914457228614304 (0.29000000000000004 -0.028 0.0))
    (0.2901450725362681 (0.29000000000000004 -0.028 0.0))
    (0.2911455727863932 (0.29000000000000004 -0.028 0.0))
    (0.29214607303651824 (0.29000000000000004 -0.028 0.0))
    (0.2931465732866433 (0.29000000000000004 -0.028 0.0))
    (0.2941470735367684 (0.29000000000000004 -0.028 0.0))
    (0.29514757378689344 (0.29000000000000004 -0.028 0.0))
    (0.2961480740370185 (0.29000000000000004 -0.028 0.0))
    (0.29714857428714353 (0.29000000000000004 -0.028 0.0))
    (0.29814907453726863 (0.29000000000000004 -0.028 0.0))
    (0.2991495747873937 (0.29000000000000004 -0.028 0.0))
    (0.3001500750375187 (0.29000000000000004 -0.028 0.0))
    (0.3011505752876438 (0.29000000000000004 -0.028 0.0))
    (0.3021510755377689 (0.29000000000000004 -0.028 0.0))
    (0.3031515757878939 (0.29000000000000004 -0.028 0.0))
    (0.30415207603801897 (0.29000000000000004 -0.028 0.0))
    (0.3051525762881441 (0.29000000000000004 -0.028 0.0))
    (0.3061530765382691 (0.29000000000000004 -0.028 0.0))
    (0.30715357678839417 (0.29000000000000004 -0.028 0.0))
    (0.3081540770385192 (0.29000000000000004 -0.028 0.0))
    (0.3091545772886443 (0.29000000000000004 -0.028 0.0))
    (0.31015507753876936 (0.29000000000000004 -0.028 0.0))
    (0.3111555777888944 (0.29000000000000004 -0.028 0.0))
    (0.3121560780390195 (0.29000000000000004 -0.028 0.0))
    (0.31315657828914456 (0.29000000000000004 -0.028 0.0))
    (0.3141570785392696 (0.29000000000000004 -0.028 0.0))
    (0.31515757878939465 (0.29000000000000004 -0.028 0.0))
    (0.31615807903951976 (0.29000000000000004 -0.028 0.0))
    (0.3171585792896448 (0.29000000000000004 -0.028 0.0))
    (0.31815907953976985 (0.29000000000000004 -0.028 0.0))
    (0.3191595797898949 (0.29000000000000004 -0.028 0.0))
    (0.32016008004002 (0.29000000000000004 -0.028 0.0))
    (0.32116058029014505 (0.29000000000000004 -0.028 0.0))
    (0.3221610805402701 (0.29000000000000004 -0.028 0.0))
    (0.3231615807903952 (0.29000000000000004 -0.028 0.0))
    (0.32416208104052024 (0.29000000000000004 -0.028 0.0))
    (0.3251625812906453 (0.29000000000000004 -0.028 0.0))
    (0.32616308154077034 (0.29000000000000004 -0.028 0.0))
    (0.32716358179089544 (0.29000000000000004 -0.028 0.0))
    (0.3281640820410205 (0.29000000000000004 -0.028 0.0))
    (0.32916458229114554 (0.29000000000000004 -0.028 0.0))
    (0.33016508254127064 (0.29000000000000004 -0.028 0.0))
    (0.3311655827913957 (0.29000000000000004 -0.028 0.0))
    (0.33216608304152073 (0.29000000000000004 -0.028 0.0))
    (0.3331665832916458 (0.29000000000000004 -0.028 0.0))
    (0.3341670835417709 (0.29000000000000004 -0.028 0.0))
    (0.33516758379189593 (0.29000000000000004 -0.028 0.0))
    (0.336168084042021 (0.29000000000000004 -0.028 0.0))
    (0.337168584292146 (0.29000000000000004 -0.028 0.0))
    (0.3381690845422711 (0.29000000000000004 -0.028 0.0))
    (0.3391695847923962 (0.29000000000000004 -0.028 0.0))
    (0.3401700850425212 (0.29000000000000004 -0.028 0.0))
    (0.3411705852926463 (0.29000000000000004 -0.028 0.0))
    (0.34217108554277137 (0.29000000000000004 -0.028 0.0))
    (0.3431715857928964 (0.29000000000000004 -0.028 0.0))
    (0.34417208604302146 (0.29000000000000004 -0.028 0.0))
    (0.34517258629314657 (0.29000000000000004 -0.028 0.0))
    (0.3461730865432716 (0.29000000000000004 -0.028 0.0))
    (0.34717358679339666 (0.29000000000000004 -0.028 0.0))
    (0.34817408704352176 (0.29000000000000004 -0.028 0.0))
    (0.3491745872936468 (0.29000000000000004 -0.028 0.0))
    (0.35017508754377186 (0.29000000000000004 -0.028 0.0))
    (0.3511755877938969 (0.29000000000000004 -0.028 0.0))
    (0.352176088044022 (0.29000000000000004 -0.028 0.0))
    (0.35317658829414705 (0.29000000000000004 -0.028 0.0))
    (0.3541770885442721 (0.29000000000000004 -0.028 0.0))
    (0.35517758879439715 (0.29000000000000004 -0.028 0.0))
    (0.35617808904452225 (0.29000000000000004 -0.028 0.0))
    (0.3571785892946473 (0.29000000000000004 -0.028 0.0))
    (0.35817908954477234 (0.29000000000000004 -0.028 0.0))
    (0.35917958979489745 (0.29000000000000004 -0.028 0.0))
    (0.3601800900450225 (0.29000000000000004 -0.028 0.0))
    (0.36118059029514754 (0.29000000000000004 -0.028 0.0))
    (0.3621810905452726 (0.29000000000000004 -0.028 0.0))
    (0.3631815907953977 (0.29000000000000004 -0.028 0.0))
    (0.36418209104552274 (0.29000000000000004 -0.028 0.0))
    (0.3651825912956478 (0.29000000000000004 -0.028 0.0))
    (0.3661830915457729 (0.29000000000000004 -0.028 0.0))
    (0.36718359179589793 (0.29000000000000004 -0.028 0.0))
    (0.368184092046023 (0.29000000000000004 -0.028 0.0))
    (0.36918459229614803 (0.29000000000000004 -0.028 0.0))
    (0.37018509254627313 (0.29000000000000004 -0.028 0.0))
    (0.3711855927963982 (0.29000000000000004 -0.028 0.0))
    (0.3721860930465232 (0.29000000000000004 -0.028 0.0))
    (0.3731865932966483 (0.29000000000000004 -0.028 0.0))
    (0.3741870935467734 (0.29000000000000004 -0.028 0.0))
    (0.3751875937968984 (0.29000000000000004 -0.028 0.0))
    (0.37618809404702347 (0.29000000000000004 -0.028 0.0))
    (0.37718859429714857 (0.29000000000000004 -0.028 0.0))
    (0.3781890945472736 (0.29000000000000004 -0.028 0.0))
    (0.37918959479739867 (0.29000000000000004 -0.028 0.0))
    (0.3801900950475237 (0.29000000000000004 -0.028 0.0))
    (0.3811905952976488 (0.29000000000000004 -0.028 0.0))
    (0.38219109554777386 (0.29000000000000004 -0.028 0.0))
    (0.3831915957978989 (0.29000000000000004 -0.028 0.0))
    (0.38419209604802396 (0.29000000000000004 -0.028 0.0))
    (0.38519259629814906 (0.29000000000000004 -0.028 0.0))
    (0.3861930965482741 (0.29000000000000004 -0.028 0.0))
    (0.38719359679839915 (0.29000000000000004 -0.028 0.0))
    (0.38819409704852426 (0.29000000000000004 -0.028 0.0))
    (0.3891945972986493 (0.29000000000000004 -0.028 0.0))
    (0.39019509754877435 (0.29000000000000004 -0.028 0.0))
    (0.3911955977988994 (0.29000000000000004 -0.028 0.0))
    (0.3921960980490245 (0.29000000000000004 -0.028 0.0))
    (0.39319659829914955 (0.29000000000000004 -0.028 0.0))
    (0.3941970985492746 (0.29000000000000004 -0.028 0.0))
    (0.3951975987993997 (0.29000000000000004 -0.028 0.0))
    (0.39619809904952474 (0.29000000000000004 -0.028 0.0))
    (0.3971985992996498 (0.29000000000000004 -0.028 0.0))
    (0.39819909954977484 (0.29000000000000004 -0.028 0.0))
    (0.39919959979989994 (0.29000000000000004 -0.028 0.0))
    (0.400200100050025 (0.29000000000000004 -0.028 0.0))
    (0.40120060030015003 (0.29000000000000004 -0.028 0.0))
    (0.4022011005502751 (0.29000000000000004 -0.028 0.0))
    (0.4032016008004002 (0.29000000000000004 -0.028 0.0))
    (0.40420210105052523 (0.29000000000000004 -0.028 0.0))
    (0.4052026013006503 (0.29000000000000004 -0.028 0.0))
    (0.4062031015507754 (0.29000000000000004 -0.028 0.0))
    (0.4072036018009004 (0.29000000000000004 -0.028 0.0))
    (0.4082041020510255 (0.29000000000000004 -0.028 0.0))
    (0.4092046023011505 (0.29000000000000004 -0.028 0.0))
    (0.4102051025512756 (0.29000000000000004 -0.028 0.0))
    (0.41120560280140067 (0.29000000000000004 -0.028 0.0))
    (0.4122061030515257 (0.29000000000000004 -0.028 0.0))
    (0.4132066033016508 (0.29000000000000004 -0.028 0.0))
    (0.41420710355177587 (0.29000000000000004 -0.028 0.0))
    (0.4152076038019009 (0.29000000000000004 -0.028193077089607853 0.0))
    (0.41620810405202596 (0.29000000000000004 -0.028402597176704347 0.0))
    (0.41720860430215106 (0.29000000000000004 -0.028612073070301523 0.0))
    (0.4182091045522761 (0.29000000000000004 -0.02882148177601862 0.0))
    (0.41920960480240116 (0.29000000000000004 -0.029030800306850204 0.0))
    (0.4202101050525262 (0.29000000000000004 -0.029240005685689404 0.0))
    (0.4212106053026513 (0.29000000000000004 -0.029449074947850182 0.0))
    (0.42221110555277636 (0.29000000000000004 -0.029657985143588122 0.0))
    (0.4232116058029014 (0.29000000000000004 -0.029866713340619733 0.0))
    (0.4242121060530265 (0.29000000000000004 -0.030075236626639693 0.0))
    (0.42521260630315155 (0.29000000000000004 -0.03028353211183595 0.0))
    (0.4262131065532766 (0.29000000000000004 -0.030491576931402403 0.0))
    (0.42721360680340165 (0.29000000000000004 -0.03069934824804876 0.0))
    (0.42821410705352675 (0.29000000000000004 -0.03090682325450744 0.0))
    (0.4292146073036518 (0.29000000000000004 -0.031113979176037084 0.0))
    (0.43021510755377684 (0.29000000000000004 -0.031320793272922656 0.0))
    (0.43121560780390195 (0.29000000000000004 -0.03152724284297155 0.0))
    (0.432216108054027 (0.29000000000000004 -0.03173330522400561 0.0))
    (0.43321660830415204 (0.29000000000000004 -0.03193895779634884 0.0))
    (0.4342171085542771 (0.29000000000000004 -0.032144177985310336 0.0))
    (0.4352176088044022 (0.29000000000000004 -0.032348943263662396 0.0))
    (0.43621810905452724 (0.29000000000000004 -0.03255323115411325 0.0))
    (0.4372186093046523 (0.29000000000000004 -0.032757019231774535 0.0))
    (0.43821910955477733 (0.29000000000000004 -0.03296028512662282 0.0))
    (0.43921960980490243 (0.29000000000000004 -0.03316300652595524 0.0))
    (0.4402201100550275 (0.29000000000000004 -0.0333651611768387 0.0))
    (0.4412206103051525 (0.29000000000000004 -0.03356672688855269 0.0))
    (0.44222111055527763 (0.29000000000000004 -0.03376768153502516 0.0))
    (0.4432216108054027 (0.29000000000000004 -0.03396800305726127 0.0))
    (0.4442221110555277 (0.29000000000000004 -0.0341676694657649 0.0))
    (0.44522261130565277 (0.29000000000000004 -0.03436665884295241 0.0))
    (0.4462231115557779 (0.29000000000000004 -0.03456494934555861 0.0))
    (0.4472236118059029 (0.29000000000000004 -0.034762519207034416 0.0))
    (0.44822411205602797 (0.29000000000000004 -0.034959346739936295 0.0))
    (0.44922461230615307 (0.29000000000000004 -0.035155410338306874 0.0))
    (0.4502251125562781 (0.29000000000000004 -0.03535068848004661 0.0))
    (0.45122561280640316 (0.29000000000000004 -0.03554515972927636 0.0))
    (0.4522261130565282 (0.29000000000000004 -0.035738802738690394 0.0))
    (0.4532266133066533 (0.29000000000000004 -0.035931596251899685 0.0))
    (0.45422711355677836 (0.29000000000000004 -0.03612351910576525 0.0))
    (0.4552276138069034 (0.29000000000000004 -0.03631455023272131 0.0))
    (0.45622811405702846 (0.29000000000000004 -0.0365046686630878 0.0))
    (0.45722861430715356 (0.29000000000000004 -0.03669385352737233 0.0))
    (0.4582291145572786 (0.29000000000000004 -0.03688208405856096 0.0))
    (0.45922961480740365 (0.29000000000000004 -0.03706933959439787 0.0))
    (0.46023011505752875 (0.29000000000000004 -0.03725559957965351 0.0))
    (0.4612306153076538 (0.29000000000000004 -0.03744084356838086 0.0))
    (0.46223111555777885 (0.29000000000000004 -0.03762505122615989 0.0))
    (0.4632316158079039 (0.29000000000000004 -0.0378082023323297 0.0))
    (0.464232116058029 (0.29000000000000004 -0.03799027678220808 0.0))
    (0.46523261630815405 (0.29000000000000004 -0.0381712545892985 0.0))
    (0.4662331165582791 (0.29000000000000004 -0.038351115887483994 0.0))
    (0.4672336168084042 (0.29000000000000004 -0.03852984093320795 0.0))
    (0.46823411705852924 (0.29000000000000004 -0.03870741010764128 0.0))
    (0.4692346173086543 (0.29000000000000004 -0.03888380391883611 0.0))
    (0.47023511755877934 (0.29000000000000004 -0.03905900300386535 0.0))
    (0.47123561780890444 (0.29000000000000004 -0.03923298813094822 0.0))
    (0.4722361180590295 (0.29000000000000004 -0.03940574020156131 0.0))
    (0.47323661830915453 (0.29000000000000004 -0.03957724025253509 0.0))
    (0.4742371185592796 (0.29000000000000004 -0.039747469458135495 0.0))
    (0.4752376188094047 (0.29000000000000004 -0.03991640913213043 0.0))
    (0.47623811905952973 (0.29000000000000004 -0.04008404072984098 0.0))
    (0.4772386193096548 (0.29000000000000004 -0.04025034585017711 0.0))
    (0.4782391195597799 (0.29000000000000004 -0.04041530623765754 0.0))
    (0.4792396198099049 (0.29000000000000004 -0.040578903784413645 0.0))
    (0.48024012006003 (0.29000000000000004 -0.04074112053217726 0.0))
    (0.481240620310155 (0.29000000000000004 -0.040901938674251875 0.0))
    (0.4822411205602801 (0.29000000000000004 -0.041061340557467386 0.0))
    (0.48324162081040517 (0.29000000000000004 -0.0412193086841178 0.0))
    (0.4842421210605302 (0.29000000000000004 -0.04137582571388208 0.0))
    (0.4852426213106553 (0.29000000000000004 -0.041530874465727556 0.0))
    (0.48624312156078037 (0.29000000000000004 -0.04168443791979587 0.0))
    (0.4872436218109054 (0.29000000000000004 -0.04183649921927135 0.0))
    (0.48824412206103046 (0.29000000000000004 -0.04198704167223134 0.0))
    (0.48924462231115556 (0.29000000000000004 -0.0421360487534785 0.0))
    (0.4902451225612806 (0.29000000000000004 -0.042283504106354786 0.0))
    (0.49124562281140566 (0.29000000000000004 -0.042429391544536954 0.0))
    (0.4922461230615307 (0.29000000000000004 -0.042573695053813344 0.0))
    (0.4932466233116558 (0.29000000000000004 -0.04271639879384179 0.0))
    (0.49424712356178085 (0.29000000000000004 -0.042857487099888375 0.0))
    (0.4952476238119059 (0.29000000000000004 -0.042996944484547044 0.0))
    (0.496248124062031 (0.29000000000000004 -0.04313475563943961 0.0))
    (0.49724862431215605 (0.29000000000000004 -0.0432709054368962 0.0))
    (0.4982491245622811 (0.29000000000000004 -0.04340537893161582 0.0))
    (0.49924962481240615 (0.29000000000000004 -0.04353816136230694 0.0))
    (0.5002501250625312 (0.29000000000000004 -0.04366923815330782 0.0))
    (0.5012506253126563 (0.29000000000000004 -0.043798594916186526 0.0))
    (0.5022511255627814 (0.29000000000000004 -0.04392621745132035 0.0))
    (0.5032516258129064 (0.29000000000000004 -0.0440520917494545 0.0))
    (0.5042521260630315 (0.29000000000000004 -0.04417620399323996 0.0))
    (0.5052526263131566 (0.29000000000000004 -0.04429854055875019 0.0))
    (0.5062531265632816 (0.29000000000000004 -0.04441908801697661 0.0))
    (0.5072536268134067 (0.29000000000000004 -0.04453783313530284 0.0))
    (0.5082541270635317 (0.29000000000000004 -0.044654762878957074 0.0))
    (0.5092546273136568 (0.29000000000000004 -0.044769864412443114 0.0))
    (0.5102551275637819 (0.29000000000000004 -0.04488312510094919 0.0))
    (0.5112556278139069 (0.29000000000000004 -0.044994532511734936 0.0))
    (0.512256128064032 (0.29000000000000004 -0.0451040744154962 0.0))
    (0.5132566283141571 (0.29000000000000004 -0.0452117387877074 0.0))
    (0.5142571285642821 (0.29000000000000004 -0.045317513809941465 0.0))
    (0.5152576288144072 (0.29000000000000004 -0.04542138787116724 0.0))
    (0.5162581290645323 (0.29000000000000004 -0.045523349569023944 0.0))
    (0.5172586293146573 (0.29000000000000004 -0.04562338771107284 0.0))
    (0.5182591295647824 (0.29000000000000004 -0.04572149131602592 0.0))
    (0.5192596298149074 (0.29000000000000004 -0.04581764961495119 0.0))
    (0.5202601300650325 (0.29000000000000004 -0.045911852052454946 0.0))
    (0.5212606303151576 (0.29000000000000004 -0.04600408828784033 0.0))
    (0.5222611305652826 (0.29000000000000004 -0.04609434819624246 0.0))
    (0.5232616308154077 (0.29000000000000004 -0.046182621869739905 0.0))
    (0.5242621310655328 (0.29000000000000004 -0.04626889961844223 0.0))
    (0.5252626313156578 (0.29000000000000004 -0.04635317197155368 0.0))
    (0.5262631315657829 (0.29000000000000004 -0.046435429678412826 0.0))
    (0.527263631815908 (0.29000000000000004 -0.046515663709507965 0.0))
    (0.528264132066033 (0.29000000000000004 -0.04659386525746834 0.0))
    (0.5292646323161581 (0.29000000000000004 -0.046670025738030946 0.0))
    (0.530265132566283 (0.29000000000000004 -0.04674413679098277 0.0))
    (0.5312656328164082 (0.29000000000000004 -0.04681619028107857 0.0))
    (0.5322661330665333 (0.29000000000000004 -0.04688617829893387 0.0))
    (0.5332666333166582 (0.29000000000000004 -0.046954093161893126 0.0))
    (0.5342671335667833 (0.29000000000000004 -0.04701992741487316 0.0))
    (0.5352676338169085 (0.29000000000000004 -0.04708367383118141 0.0))
    (0.5362681340670334 (0.29000000000000004 -0.04714532541330928 0.0))
    (0.5372686343171585 (0.29000000000000004 -0.04720487539370023 0.0))
    (0.5382691345672836 (0.29000000000000004 -0.04726231723549269 0.0))
    (0.5392696348174086 (0.29000000000000004 -0.04731764463323758 0.0))
    (0.5402701350675337 (0.29000000000000004 -0.04737085151359047 0.0))
    (0.5412706353176588 (0.29000000000000004 -0.04742193203597829 0.0))
    (0.5422711355677838 (0.29000000000000004 -0.04747088059324043 0.0))
    (0.5432716358179089 (0.29000000000000004 -0.047517691812244245 0.0))
    (0.5442721360680339 (0.29000000000000004 -0.04756236055447487 0.0))
    (0.545272636318159 (0.29000000000000004 -0.047604881916599284 0.0))
    (0.5462731365682841 (0.29000000000000004 -0.04764525123100457 0.0))
    (0.5472736368184091 (0.29000000000000004 -0.04768346406631023 0.0))
    (0.5482741370685342 (0.29000000000000004 -0.04771951622785469 0.0))
    (0.5492746373186593 (0.29000000000000004 -0.047753403758155705 0.0))
    (0.5502751375687843 (0.29000000000000004 -0.0477851229373448 0.0))
    (0.5512756378189094 (0.29000000000000004 -0.04781467028357559 0.0))
    (0.5522761380690345 (0.29000000000000004 -0.04784204255340599 0.0))
    (0.5532766383191595 (0.29000000000000004 -0.047867236742154234 0.0))
    (0.5542771385692846 (0.29000000000000004 -0.04789025008422877 0.0))
    (0.5552776388194096 (0.29000000000000004 -0.04791108005343174 0.0))
    (0.5562781390695347 (0.29000000000000004 -0.047929724363236365 0.0))
    (0.5572786393196598 (0.29000000000000004 -0.047946180967037885 0.0))
    (0.5582791395697848 (0.29000000000000004 -0.047960448058378256 0.0))
    (0.5592796398199099 (0.29000000000000004 -0.04797252407114444 0.0))
    (0.560280140070035 (0.29000000000000004 -0.047982407679740297 0.0))
    (0.56128064032016 (0.29000000000000004 -0.047990097799232107 0.0))
    (0.5622811405702851 (0.29000000000000004 -0.047995593585467684 0.0))
    (0.5632816408204102 (0.29000000000000004 -0.047998894435169005 0.0))
    (0.5642821410705352 (0.29000000000000004 -0.047999999985998465 0.0))
    (0.5652826413206603 (0.29000000000000004 -0.047998910116598625 0.0))
    (0.5662831415707853 (0.29000000000000004 -0.047995624946605565 0.0))
    (0.5672836418209104 (0.29000000000000004 -0.047990144836635704 0.0))
    (0.5682841420710355 (0.29000000000000004 -0.04798247038824626 0.0))
    (0.5692846423211605 (0.29000000000000004 -0.0479726024438692 0.0))
    (0.5702851425712856 (0.29000000000000004 -0.04796054208671876 0.0))
    (0.5712856428214107 (0.29000000000000004 -0.04794629064067254 0.0))
    (0.5722861430715357 (0.29000000000000004 -0.04792984967012619 0.0))
    (0.5732866433216608 (0.29000000000000004 -0.04791122097982167 0.0))
    (0.5742871435717859 (0.29000000000000004 -0.047890406614649175 0.0))
    (0.5752876438219109 (0.29000000000000004 -0.04786740885942262 0.0))
    (0.576288144072036 (0.29000000000000004 -0.04784223023862884 0.0))
    (0.5772886443221611 (0.29000000000000004 -0.04781487351615053 0.0))
    (0.5782891445722861 (0.29000000000000004 -0.04778534169496279 0.0))
    (0.5792896448224112 (0.29000000000000004 -0.04775363801680349 0.0))
    (0.5802901450725362 (0.29000000000000004 -0.04771976596181746 0.0))
    (0.5812906453226613 (0.29000000000000004 -0.04768372924817444 0.0))
    (0.5822911455727864 (0.29000000000000004 -0.04764553183166093 0.0))
    (0.5832916458229114 (0.29000000000000004 -0.047605177905245995 0.0))
    (0.5842921460730365 (0.29000000000000004 -0.04756267189862094 0.0))
    (0.5852926463231616 (0.29000000000000004 -0.047518018477713114 0.0))
    (0.5862931465732866 (0.29000000000000004 -0.04747122254417371 0.0))
    (0.5872936468234117 (0.29000000000000004 -0.047422289234839675 0.0))
    (0.5882941470735368 (0.29000000000000004 -0.04737122392116988 0.0))
    (0.5892946473236618 (0.29000000000000004 -0.04731803220865546 0.0))
    (0.5902951475737869 (0.29000000000000004 -0.04726271993620449 0.0))
    (0.5912956478239119 (0.29000000000000004 -0.047205293175501095 0.0))
    (0.592296148074037 (0.29000000000000004 -0.04714575823033886 0.0))
    (0.5932966483241621 (0.29000000000000004 -0.047084121635928955 0.0))
    (0.5942971485742871 (0.29000000000000004 -0.04702039015818269 0.0))
    (0.5952976488244122 (0.29000000000000004 -0.046954570792968844 0.0))
    (0.5962981490745373 (0.29000000000000004 -0.046886670765345716 0.0))
    (0.5972986493246623 (0.29000000000000004 -0.04681669752876803 0.0))
    (0.5982991495747874 (0.29000000000000004 -0.046744658764268726 0.0))
    (0.5992996498249125 (0.29000000000000004 -0.046670562379615865 0.0))
    (0.6003001500750375 (0.29000000000000004 -0.04659441650844456 0.0))
    (0.6013006503251626 (0.29000000000000004 -0.04651622950936408 0.0))
    (0.6023011505752875 (0.29000000000000004 -0.04643600996504044 0.0))
    (0.6033016508254126 (0.29000000000000004 -0.04635376668125412 0.0))
    (0.6043021510755378 (0.29000000000000004 -0.0462695086859336 0.0))
    (0.6053026513256627 (0.29000000000000004 -0.04618324522816428 0.0))
    (0.6063031515757878 (0.29000000000000004 -0.046094985777173136 0.0))
    (0.607303651825913 (0.29000000000000004 -0.0460047400212894 0.0))
    (0.6083041520760379 (0.29000000000000004 -0.045912517866881004 0.0))
    (0.609304652326163 (0.29000000000000004 -0.04581832943726709 0.0))
    (0.6103051525762881 (0.29000000000000004 -0.04572218507160686 0.0))
    (0.6113056528264131 (0.29000000000000004 -0.0456240953237646 0.0))
    (0.6123061530765382 (0.29000000000000004 -0.04552407096115114 0.0))
    (0.6133066533266633 (0.29000000000000004 -0.04542212296354194 0.0))
    (0.6143071535767883 (0.29000000000000004 -0.04531826252187184 0.0))
    (0.6153076538269134 (0.29000000000000004 -0.04521250103700657 0.0))
    (0.6163081540770384 (0.29000000000000004 -0.04510485011849131 0.0))
    (0.6173086543271635 (0.29000000000000004 -0.044995321583276265 0.0))
    (0.6183091545772886 (0.29000000000000004 -0.04488392745441955 0.0))
    (0.6193096548274136 (0.29000000000000004 -0.04477067995976737 0.0))
    (0.6203101550775387 (0.29000000000000004 -0.04465559153061176 0.0))
    (0.6213106553276638 (0.29000000000000004 -0.044538674800326014 0.0))
    (0.6223111555777888 (0.29000000000000004 -0.044419942602977894 0.0))
    (0.6233116558279139 (0.29000000000000004 -0.044299407971920765 0.0))
    (0.624312156078039 (0.29000000000000004 -0.044177084138363035 0.0))
    (0.625312656328164 (0.29000000000000004 -0.04405298452991566 0.0))
    (0.6263131565782891 (0.29000000000000004 -0.04392712276911816 0.0))
    (0.6273136568284141 (0.29000000000000004 -0.043799512671943354 0.0))
    (0.6283141570785392 (0.29000000000000004 -0.04367016824628067 0.0))
    (0.6293146573286643 (0.29000000000000004 -0.04353910369039857 0.0))
    (0.6303151575787893 (0.29000000000000004 -0.043406333391385936 0.0))
    (0.6313156578289144 (0.29000000000000004 -0.04327187192357277 0.0))
    (0.6323161580790395 (0.29000000000000004 -0.04313573404693041 0.0))
    (0.6333166583291645 (0.29000000000000004 -0.042997934705451324 0.0))
    (0.6343171585792896 (0.29000000000000004 -0.04285848902550856 0.0))
    (0.6353176588294147 (0.29000000000000004 -0.042717412314195485 0.0))
    (0.6363181590795397 (0.29000000000000004 -0.04257472005764542 0.0))
    (0.6373186593296648 (0.29000000000000004 -0.04243042791933168 0.0))
    (0.6383191595797898 (0.29000000000000004 -0.042284551738348275 0.0))
    (0.6393196598299149 (0.29000000000000004 -0.04213710752767111 0.0))
    (0.64032016008004 (0.29000000000000004 -0.04198811147240036 0.0))
    (0.641320660330165 (0.29000000000000004 -0.04183757992798375 0.0))
    (0.6423211605802901 (0.29000000000000004 -0.04168552941842114 0.0))
    (0.6433216608304152 (0.29000000000000004 -0.04153197663445078 0.0))
    (0.6443221610805402 (0.29000000000000004 -0.041376938431717115 0.0))
    (0.6453226613306653 (0.29000000000000004 -0.04122043182892046 0.0))
    (0.6463231615807904 (0.29000000000000004 -0.041062474005948923 0.0))
    (0.6473236618309154 (0.29000000000000004 -0.040903082301992535 0.0))
    (0.6483241620810405 (0.29000000000000004 -0.04074227421363984 0.0))
    (0.6493246623311655 (0.29000000000000004 -0.040580067392957386 0.0))
    (0.6503251625812906 (0.29000000000000004 -0.04041647964555192 0.0))
    (0.6513256628314157 (0.29000000000000004 -0.040251528928615984 0.0))
    (0.6523261630815407 (0.29000000000000004 -0.040085233348956646 0.0))
    (0.6533266633316658 (0.29000000000000004 -0.03991761116100785 0.0))
    (0.6543271635817909 (0.29000000000000004 -0.03974868076482676 0.0))
    (0.6553276638319159 (0.29000000000000004 -0.039578460704073844 0.0))
    (0.656328164082041 (0.29000000000000004 -0.03940696966397733 0.0))
    (0.6573286643321661 (0.29000000000000004 -0.03923422646928218 0.0))
    (0.6583291645822911 (0.29000000000000004 -0.03906025008218362 0.0))
    (0.6593296648324162 (0.29000000000000004 -0.03888505960024562 0.0))
    (0.6603301650825413 (0.29000000000000004 -0.03870867425430461 0.0))
    (0.6613306653326663 (0.29000000000000004 -0.038531113406358466 0.0))
    (0.6623311655827914 (0.29000000000000004 -0.03835239654744101 0.0))
    (0.6633316658329164 (0.29000000000000004 -0.0381725432954827 0.0))
    (0.6643321660830415 (0.29000000000000004 -0.037991573393156855 0.0))
    (0.6653326663331666 (0.29000000000000004 -0.03780950670571276 0.0))
    (0.6663331665832916 (0.29000000000000004 -0.03762636321879487 0.0))
    (0.6673336668334167 (0.29000000000000004 -0.03744216303624896 0.0))
    (0.6683341670835418 (0.29000000000000004 -0.03725692637791543 0.0))
    (0.6693346673336668 (0.29000000000000004 -0.03707067357740965 0.0))
    (0.6703351675837919 (0.29000000000000004 -0.0368834250798899 0.0))
    (0.671335667833917 (0.29000000000000004 -0.03669520143981316 0.0))
    (0.672336168084042 (0.29000000000000004 -0.036506023318678846 0.0))
    (0.673336668334167 (0.29000000000000004 -0.03631591148276062 0.0))
    (0.674337168584292 (0.29000000000000004 -0.03612488680082705 0.0))
    (0.6753376688344171 (0.29000000000000004 -0.03593297024185069 0.0))
    (0.6763381690845423 (0.29000000000000004 -0.03574018287270634 0.0))
    (0.6773386693346672 (0.29000000000000004 -0.03554654585585856 0.0))
    (0.6783391695847923 (0.29000000000000004 -0.035352080447038525 0.0))
    (0.6793396698349174 (0.29000000000000004 -0.03515680799291087 0.0))
    (0.6803401700850424 (0.29000000000000004 -0.034960749928730446 0.0))
    (0.6813406703351675 (0.29000000000000004 -0.03476392777598924 0.0))
    (0.6823411705852926 (0.29000000000000004 -0.03456636314005407 0.0))
    (0.6833416708354176 (0.29000000000000004 -0.03436807770779489 0.0))
    (0.6843421710855427 (0.29000000000000004 -0.034169093245204125 0.0))
    (0.6853426713356677 (0.29000000000000004 -0.033969431595007565 0.0))
    (0.6863431715857928 (0.29000000000000004 -0.033769114674266465 0.0))
    (0.6873436718359179 (0.29000000000000004 -0.033568164471971876 0.0))
    (0.6883441720860429 (0.29000000000000004 -0.033366603046630784 0.0))
    (0.689344672336168 (0.29000000000000004 -0.0331644525238447 0.0))
    (0.6903451725862931 (0.29000000000000004 -0.03296173509388102 0.0))
    (0.6913456728364181 (0.29000000000000004 -0.0327584730092371 0.0))
    (0.6923461730865432 (0.29000000000000004 -0.032554688582197545 0.0))
    (0.6933466733366683 (0.29000000000000004 -0.032350404182385065 0.0))
    (0.6943471735867933 (0.29000000000000004 -0.03214564223430489 0.0))
    (0.6953476738369184 (0.29000000000000004 -0.03194042521488315 0.0))
    (0.6963481740870435 (0.29000000000000004 -0.03173477565099966 0.0))
    (0.6973486743371685 (0.29000000000000004 -0.03152871611701509 0.0))
    (0.6983491745872936 (0.29000000000000004 -0.03132226923229291 0.0))
    (0.6993496748374186 (0.29000000000000004 -0.0311154576587165 0.0))
    (0.7003501750875437 (0.29000000000000004 -0.03090830409820146 0.0))
    (0.7013506753376688 (0.29000000000000004 -0.030700831290203685 0.0))
    (0.7023511755877938 (0.29000000000000004 -0.030493062009223207 0.0))
    (0.7033516758379189 (0.29000000000000004 -0.030285019062304117 0.0))
    (0.704352176088044 (0.29000000000000004 -0.030076725286531165 0.0))
    (0.705352676338169 (0.29000000000000004 -0.029868203546522837 0.0))
    (0.7063531765882941 (0.29000000000000004 -0.02965947673192142 0.0))
    (0.7073536768384192 (0.29000000000000004 -0.02945056775488051 0.0))
    (0.7083541770885442 (0.29000000000000004 -0.029241499547549864 0.0))
    (0.7093546773386693 (0.29000000000000004 -0.029032295059558032 0.0))
    (0.7103551775887943 (0.29000000000000004 -0.028822977255493317 0.0))
    (0.7113556778389194 (0.29000000000000004 -0.028613569112382775 0.0))
    (0.7123561780890445 (0.29000000000000004 -0.028404093617170112 0.0))
    (0.7133566783391695 (0.29000000000000004 -0.028194573764192366 0.0))
    (0.7143571785892946 (0.29000000000000004 -0.028 0.0))
    (0.7153576788394197 (0.29000000000000004 -0.028 0.0))
    (0.7163581790895447 (0.29000000000000004 -0.028 0.0))
    (0.7173586793396698 (0.29000000000000004 -0.028 0.0))
    (0.7183591795897949 (0.29000000000000004 -0.028 0.0))
    (0.7193596798399199 (0.29000000000000004 -0.028 0.0))
    (0.720360180090045 (0.29000000000000004 -0.028 0.0))
    (0.72136068034017 (0.29000000000000004 -0.028 0.0))
    (0.7223611805902951 (0.29000000000000004 -0.028 0.0))
    (0.7233616808404202 (0.29000000000000004 -0.028 0.0))
    (0.7243621810905452 (0.29000000000000004 -0.028 0.0))
    (0.7253626813406703 (0.29000000000000004 -0.028 0.0))
    (0.7263631815907954 (0.29000000000000004 -0.028 0.0))
    (0.7273636818409204 (0.29000000000000004 -0.028 0.0))
    (0.7283641820910455 (0.29000000000000004 -0.028 0.0))
    (0.7293646823411706 (0.29000000000000004 -0.028 0.0))
    (0.7303651825912956 (0.29000000000000004 -0.028 0.0))
    (0.7313656828414207 (0.29000000000000004 -0.028 0.0))
    (0.7323661830915458 (0.29000000000000004 -0.028 0.0))
    (0.7333666833416708 (0.29000000000000004 -0.028 0.0))
    (0.7343671835917959 (0.29000000000000004 -0.028 0.0))
    (0.7353676838419209 (0.29000000000000004 -0.028 0.0))
    (0.736368184092046 (0.29000000000000004 -0.028 0.0))
    (0.7373686843421711 (0.29000000000000004 -0.028 0.0))
    (0.7383691845922961 (0.29000000000000004 -0.028 0.0))
    (0.7393696848424212 (0.29000000000000004 -0.028 0.0))
    (0.7403701850925463 (0.29000000000000004 -0.028 0.0))
    (0.7413706853426713 (0.29000000000000004 -0.028 0.0))
    (0.7423711855927964 (0.29000000000000004 -0.028 0.0))
    (0.7433716858429215 (0.29000000000000004 -0.028 0.0))
    (0.7443721860930465 (0.29000000000000004 -0.028 0.0))
    (0.7453726863431716 (0.29000000000000004 -0.028 0.0))
    (0.7463731865932965 (0.29000000000000004 -0.028 0.0))
    (0.7473736868434216 (0.29000000000000004 -0.028 0.0))
    (0.7483741870935467 (0.29000000000000004 -0.028 0.0))
    (0.7493746873436717 (0.29000000000000004 -0.028 0.0))
    (0.7503751875937968 (0.29000000000000004 -0.028 0.0))
    (0.751375687843922 (0.29000000000000004 -0.028 0.0))
    (0.7523761880940469 (0.29000000000000004 -0.028 0.0))
    (0.753376688344172 (0.29000000000000004 -0.028 0.0))
    (0.7543771885942971 (0.29000000000000004 -0.028 0.0))
    (0.7553776888444221 (0.29000000000000004 -0.028 0.0))
    (0.7563781890945472 (0.29000000000000004 -0.028 0.0))
    (0.7573786893446722 (0.29000000000000004 -0.028 0.0))
    (0.7583791895947973 (0.29000000000000004 -0.028 0.0))
    (0.7593796898449224 (0.29000000000000004 -0.028 0.0))
    (0.7603801900950474 (0.29000000000000004 -0.028 0.0))
    (0.7613806903451725 (0.29000000000000004 -0.028 0.0))
    (0.7623811905952976 (0.29000000000000004 -0.028 0.0))
    (0.7633816908454226 (0.29000000000000004 -0.028 0.0))
    (0.7643821910955477 (0.29000000000000004 -0.028 0.0))
    (0.7653826913456728 (0.29000000000000004 -0.028 0.0))
    (0.7663831915957978 (0.29000000000000004 -0.028 0.0))
    (0.7673836918459229 (0.29000000000000004 -0.028 0.0))
    (0.7683841920960479 (0.29000000000000004 -0.028 0.0))
    (0.769384692346173 (0.29000000000000004 -0.028 0.0))
    (0.7703851925962981 (0.29000000000000004 -0.028 0.0))
    (0.7713856928464231 (0.29000000000000004 -0.028 0.0))
    (0.7723861930965482 (0.29000000000000004 -0.028 0.0))
    (0.7733866933466733 (0.29000000000000004 -0.028 0.0))
    (0.7743871935967983 (0.29000000000000004 -0.028 0.0))
    (0.7753876938469234 (0.29000000000000004 -0.028 0.0))
    (0.7763881940970485 (0.29000000000000004 -0.028 0.0))
    (0.7773886943471735 (0.29000000000000004 -0.028 0.0))
    (0.7783891945972986 (0.29000000000000004 -0.028 0.0))
    (0.7793896948474237 (0.29000000000000004 -0.028 0.0))
    (0.7803901950975487 (0.29000000000000004 -0.028 0.0))
    (0.7813906953476738 (0.29000000000000004 -0.028 0.0))
    (0.7823911955977988 (0.29000000000000004 -0.028 0.0))
    (0.7833916958479239 (0.29000000000000004 -0.028 0.0))
    (0.784392196098049 (0.29000000000000004 -0.028 0.0))
    (0.785392696348174 (0.29000000000000004 -0.028 0.0))
    (0.7863931965982991 (0.29000000000000004 -0.028 0.0))
    (0.7873936968484242 (0.29000000000000004 -0.028 0.0))
    (0.7883941970985492 (0.29000000000000004 -0.028 0.0))
    (0.7893946973486743 (0.29000000000000004 -0.028 0.0))
    (0.7903951975987994 (0.29000000000000004 -0.028 0.0))
    (0.7913956978489244 (0.29000000000000004 -0.028 0.0))
    (0.7923961980990495 (0.29000000000000004 -0.028 0.0))
    (0.7933966983491745 (0.29000000000000004 -0.028 0.0))
    (0.7943971985992996 (0.29000000000000004 -0.028 0.0))
    (0.7953976988494247 (0.29000000000000004 -0.028 0.0))
    (0.7963981990995497 (0.29000000000000004 -0.028 0.0))
    (0.7973986993496748 (0.29000000000000004 -0.028 0.0))
    (0.7983991995997999 (0.29000000000000004 -0.028 0.0))
    (0.7993996998499249 (0.29000000000000004 -0.028 0.0))
    (0.80040020010005 (0.29000000000000004 -0.028 0.0))
    (0.8014007003501751 (0.29000000000000004 -0.028 0.0))
    (0.8024012006003001 (0.29000000000000004 -0.028 0.0))
    (0.8034017008504252 (0.29000000000000004 -0.028 0.0))
    (0.8044022011005502 (0.29000000000000004 -0.028 0.0))
    (0.8054027013506753 (0.29000000000000004 -0.028 0.0))
    (0.8064032016008004 (0.29000000000000004 -0.028 0.0))
    (0.8074037018509254 (0.29000000000000004 -0.028 0.0))
    (0.8084042021010505 (0.29000000000000004 -0.028 0.0))
    (0.8094047023511756 (0.29000000000000004 -0.028 0.0))
    (0.8104052026013006 (0.29000000000000004 -0.028 0.0))
    (0.8114057028514257 (0.29000000000000004 -0.028 0.0))
    (0.8124062031015508 (0.29000000000000004 -0.028 0.0))
    (0.8134067033516758 (0.29000000000000004 -0.028 0.0))
    (0.8144072036018009 (0.29000000000000004 -0.028 0.0))
    (0.815407703851926 (0.29000000000000004 -0.028 0.0))
    (0.816408204102051 (0.29000000000000004 -0.028 0.0))
    (0.817408704352176 (0.29000000000000004 -0.028 0.0))
    (0.818409204602301 (0.29000000000000004 -0.028 0.0))
    (0.8194097048524261 (0.29000000000000004 -0.028 0.0))
    (0.8204102051025512 (0.29000000000000004 -0.028 0.0))
    (0.8214107053526762 (0.29000000000000004 -0.028 0.0))
    (0.8224112056028013 (0.29000000000000004 -0.028 0.0))
    (0.8234117058529264 (0.29000000000000004 -0.028 0.0))
    (0.8244122061030514 (0.29000000000000004 -0.028 0.0))
    (0.8254127063531765 (0.29000000000000004 -0.028 0.0))
    (0.8264132066033016 (0.29000000000000004 -0.028 0.0))
    (0.8274137068534266 (0.29000000000000004 -0.028 0.0))
    (0.8284142071035517 (0.29000000000000004 -0.028 0.0))
    (0.8294147073536767 (0.29000000000000004 -0.028 0.0))
    (0.8304152076038018 (0.29000000000000004 -0.028 0.0))
    (0.8314157078539269 (0.29000000000000004 -0.028 0.0))
    (0.8324162081040519 (0.29000000000000004 -0.028 0.0))
    (0.833416708354177 (0.29000000000000004 -0.028 0.0))
    (0.8344172086043021 (0.29000000000000004 -0.028 0.0))
    (0.8354177088544271 (0.29000000000000004 -0.028 0.0))
    (0.8364182091045522 (0.29000000000000004 -0.028 0.0))
    (0.8374187093546773 (0.29000000000000004 -0.028 0.0))
    (0.8384192096048023 (0.29000000000000004 -0.028 0.0))
    (0.8394197098549274 (0.29000000000000004 -0.028 0.0))
    (0.8404202101050524 (0.29000000000000004 -0.028 0.0))
    (0.8414207103551775 (0.29000000000000004 -0.028 0.0))
    (0.8424212106053026 (0.29000000000000004 -0.028 0.0))
    (0.8434217108554276 (0.29000000000000004 -0.028 0.0))
    (0.8444222111055527 (0.29000000000000004 -0.028 0.0))
    (0.8454227113556778 (0.29000000000000004 -0.028 0.0))
    (0.8464232116058028 (0.29000000000000004 -0.028 0.0))
    (0.8474237118559279 (0.29000000000000004 -0.028 0.0))
    (0.848424212106053 (0.29000000000000004 -0.028 0.0))
    (0.849424712356178 (0.29000000000000004 -0.028 0.0))
    (0.8504252126063031 (0.29000000000000004 -0.028 0.0))
    (0.8514257128564282 (0.29000000000000004 -0.028 0.0))
    (0.8524262131065532 (0.29000000000000004 -0.028 0.0))
    (0.8534267133566783 (0.29000000000000004 -0.028 0.0))
    (0.8544272136068033 (0.29000000000000004 -0.028 0.0))
    (0.8554277138569284 (0.29000000000000004 -0.028 0.0))
    (0.8564282141070535 (0.29000000000000004 -0.028 0.0))
    (0.8574287143571785 (0.29000000000000004 -0.028 0.0))
    (0.8584292146073036 (0.29000000000000004 -0.028 0.0))
    (0.8594297148574287 (0.29000000000000004 -0.028 0.0))
    (0.8604302151075537 (0.29000000000000004 -0.028 0.0))
    (0.8614307153576788 (0.29000000000000004 -0.028 0.0))
    (0.8624312156078039 (0.29000000000000004 -0.028 0.0))
    (0.8634317158579289 (0.29000000000000004 -0.028 0.0))
    (0.864432216108054 (0.29000000000000004 -0.028 0.0))
    (0.865432716358179 (0.29000000000000004 -0.028 0.0))
    (0.8664332166083041 (0.29000000000000004 -0.028 0.0))
    (0.8674337168584292 (0.29000000000000004 -0.028 0.0))
    (0.8684342171085542 (0.29000000000000004 -0.028 0.0))
    (0.8694347173586793 (0.29000000000000004 -0.028 0.0))
    (0.8704352176088044 (0.29000000000000004 -0.028 0.0))
    (0.8714357178589294 (0.29000000000000004 -0.028 0.0))
    (0.8724362181090545 (0.29000000000000004 -0.028 0.0))
    (0.8734367183591796 (0.29000000000000004 -0.028 0.0))
    (0.8744372186093046 (0.29000000000000004 -0.028 0.0))
    (0.8754377188594297 (0.29000000000000004 -0.028 0.0))
    (0.8764382191095547 (0.29000000000000004 -0.028 0.0))
    (0.8774387193596798 (0.29000000000000004 -0.028 0.0))
    (0.8784392196098049 (0.29000000000000004 -0.028 0.0))
    (0.8794397198599299 (0.29000000000000004 -0.028 0.0))
    (0.880440220110055 (0.29000000000000004 -0.028 0.0))
    (0.8814407203601801 (0.29000000000000004 -0.028 0.0))
    (0.882441220610305 (0.29000000000000004 -0.028 0.0))
    (0.8834417208604302 (0.29000000000000004 -0.028 0.0))
    (0.8844422211105553 (0.29000000000000004 -0.028 0.0))
    (0.8854427213606803 (0.29000000000000004 -0.028 0.0))
    (0.8864432216108054 (0.29000000000000004 -0.028 0.0))
    (0.8874437218609305 (0.29000000000000004 -0.028 0.0))
    (0.8884442221110554 (0.29000000000000004 -0.028 0.0))
    (0.8894447223611806 (0.29000000000000004 -0.028 0.0))
    (0.8904452226113055 (0.29000000000000004 -0.028 0.0))
    (0.8914457228614306 (0.29000000000000004 -0.028 0.0))
    (0.8924462231115557 (0.29000000000000004 -0.028 0.0))
    (0.8934467233616807 (0.29000000000000004 -0.028 0.0))
    (0.8944472236118058 (0.29000000000000004 -0.028 0.0))
    (0.8954477238619309 (0.29000000000000004 -0.028 0.0))
    (0.8964482241120559 (0.29000000000000004 -0.028 0.0))
    (0.897448724362181 (0.29000000000000004 -0.028 0.0))
    (0.8984492246123061 (0.29000000000000004 -0.028 0.0))
    (0.8994497248624311 (0.29000000000000004 -0.028 0.0))
    (0.9004502251125562 (0.29000000000000004 -0.028 0.0))
    (0.9014507253626812 (0.29000000000000004 -0.028 0.0))
    (0.9024512256128063 (0.29000000000000004 -0.028 0.0))
    (0.9034517258629314 (0.29000000000000004 -0.028 0.0))
    (0.9044522261130564 (0.29000000000000004 -0.028 0.0))
    (0.9054527263631815 (0.29000000000000004 -0.028 0.0))
    (0.9064532266133066 (0.29000000000000004 -0.028 0.0))
    (0.9074537268634316 (0.29000000000000004 -0.028 0.0))
    (0.9084542271135567 (0.29000000000000004 -0.028 0.0))
    (0.9094547273636818 (0.29000000000000004 -0.028 0.0))
    (0.9104552276138068 (0.29000000000000004 -0.028 0.0))
    (0.9114557278639319 (0.29000000000000004 -0.028 0.0))
    (0.9124562281140569 (0.29000000000000004 -0.028 0.0))
    (0.913456728364182 (0.29000000000000004 -0.028 0.0))
    (0.9144572286143071 (0.29000000000000004 -0.028 0.0))
    (0.9154577288644321 (0.29000000000000004 -0.028 0.0))
    (0.9164582291145572 (0.29000000000000004 -0.028 0.0))
    (0.9174587293646823 (0.29000000000000004 -0.028 0.0))
    (0.9184592296148073 (0.29000000000000004 -0.028 0.0))
    (0.9194597298649324 (0.29000000000000004 -0.028 0.0))
    (0.9204602301150575 (0.29000000000000004 -0.028 0.0))
    (0.9214607303651825 (0.29000000000000004 -0.028 0.0))
    (0.9224612306153076 (0.29000000000000004 -0.028 0.0))
    (0.9234617308654326 (0.29000000000000004 -0.028 0.0))
    (0.9244622311155577 (0.29000000000000004 -0.028 0.0))
    (0.9254627313656828 (0.29000000000000004 -0.028 0.0))
    (0.9264632316158078 (0.29000000000000004 -0.028 0.0))
    (0.9274637318659329 (0.29000000000000004 -0.028 0.0))
    (0.928464232116058 (0.29000000000000004 -0.028 0.0))
    (0.929464732366183 (0.29000000000000004 -0.028 0.0))
    (0.9304652326163081 (0.29000000000000004 -0.028 0.0))
    (0.9314657328664332 (0.29000000000000004 -0.028 0.0))
    (0.9324662331165582 (0.29000000000000004 -0.028 0.0))
    (0.9334667333666833 (0.29000000000000004 -0.028 0.0))
    (0.9344672336168084 (0.29000000000000004 -0.028 0.0))
    (0.9354677338669334 (0.29000000000000004 -0.028 0.0))
    (0.9364682341170585 (0.29000000000000004 -0.028 0.0))
    (0.9374687343671835 (0.29000000000000004 -0.028 0.0))
    (0.9384692346173086 (0.29000000000000004 -0.028 0.0))
    (0.9394697348674337 (0.29000000000000004 -0.028 0.0))
    (0.9404702351175587 (0.29000000000000004 -0.028 0.0))
    (0.9414707353676838 (0.29000000000000004 -0.028 0.0))
    (0.9424712356178089 (0.29000000000000004 -0.028 0.0))
    (0.9434717358679339 (0.29000000000000004 -0.028 0.0))
    (0.944472236118059 (0.29000000000000004 -0.028 0.0))
    (0.9454727363681841 (0.29000000000000004 -0.028 0.0))
    (0.9464732366183091 (0.29000000000000004 -0.028 0.0))
    (0.9474737368684342 (0.29000000000000004 -0.028 0.0))
    (0.9484742371185592 (0.29000000000000004 -0.028 0.0))
    (0.9494747373686843 (0.29000000000000004 -0.028 0.0))
    (0.9504752376188094 (0.29000000000000004 -0.028 0.0))
    (0.9514757378689344 (0.29000000000000004 -0.028 0.0))
    (0.9524762381190595 (0.29000000000000004 -0.028 0.0))
    (0.9534767383691846 (0.29000000000000004 -0.028 0.0))
    (0.9544772386193096 (0.29000000000000004 -0.028 0.0))
    (0.9554777388694347 (0.29000000000000004 -0.028 0.0))
    (0.9564782391195598 (0.29000000000000004 -0.028 0.0))
    (0.9574787393696848 (0.29000000000000004 -0.028 0.0))
    (0.9584792396198099 (0.29000000000000004 -0.028 0.0))
    (0.9594797398699348 (0.29000000000000004 -0.028 0.0))
    (0.96048024012006 (0.29000000000000004 -0.028 0.0))
    (0.961480740370185 (0.29000000000000004 -0.028 0.0))
    (0.96248124062031 (0.29000000000000004 -0.028 0.0))
    (0.9634817408704351 (0.29000000000000004 -0.028 0.0))
    (0.9644822411205602 (0.29000000000000004 -0.028 0.0))
    (0.9654827413706852 (0.29000000000000004 -0.028 0.0))
    (0.9664832416208103 (0.29000000000000004 -0.028 0.0))
    (0.9674837418709354 (0.29000000000000004 -0.028 0.0))
    (0.9684842421210604 (0.29000000000000004 -0.028 0.0))
    (0.9694847423711855 (0.29000000000000004 -0.028 0.0))
    (0.9704852426213106 (0.29000000000000004 -0.028 0.0))
    (0.9714857428714356 (0.29000000000000004 -0.028 0.0))
    (0.9724862431215607 (0.29000000000000004 -0.028 0.0))
    (0.9734867433716857 (0.29000000000000004 -0.028 0.0))
    (0.9744872436218108 (0.29000000000000004 -0.028 0.0))
    (0.9754877438719359 (0.29000000000000004 -0.028 0.0))
    (0.9764882441220609 (0.29000000000000004 -0.028 0.0))
    (0.977488744372186 (0.29000000000000004 -0.028 0.0))
    (0.9784892446223111 (0.29000000000000004 -0.028 0.0))
    (0.9794897448724361 (0.29000000000000004 -0.028 0.0))
    (0.9804902451225612 (0.29000000000000004 -0.028 0.0))
    (0.9814907453726863 (0.29000000000000004 -0.028 0.0))
    (0.9824912456228113 (0.29000000000000004 -0.028 0.0))
    (0.9834917458729364 (0.29000000000000004 -0.028 0.0))
    (0.9844922461230614 (0.29000000000000004 -0.028 0.0))
    (0.9854927463731865 (0.29000000000000004 -0.028 0.0))
    (0.9864932466233116 (0.29000000000000004 -0.028 0.0))
    (0.9874937468734366 (0.29000000000000004 -0.028 0.0))
    (0.9884942471235617 (0.29000000000000004 -0.028 0.0))
    (0.9894947473736868 (0.29000000000000004 -0.028 0.0))
    (0.9904952476238118 (0.29000000000000004 -0.028 0.0))
    (0.9914957478739369 (0.29000000000000004 -0.028 0.0))
    (0.992496248124062 (0.29000000000000004 -0.028 0.0))
    (0.993496748374187 (0.29000000000000004 -0.028 0.0))
    (0.9944972486243121 (0.29000000000000004 -0.028 0.0))
    (0.9954977488744371 (0.29000000000000004 -0.028 0.0))
    (0.9964982491245622 (0.29000000000000004 -0.028 0.0))
    (0.9974987493746873 (0.29000000000000004 -0.028 0.0))
    (0.9984992496248123 (0.29000000000000004 -0.028 0.0))
    (0.9994997498749374 (0.29000000000000004 -0.028 0.0))
    (1.0005002501250624 (0.29000000000000004 -0.028 0.0))
    (1.0015007503751876 (0.29000000000000004 -0.028 0.0))
    (1.0025012506253126 (0.29000000000000004 -0.028 0.0))
    (1.0035017508754376 (0.29000000000000004 -0.028 0.0))
    (1.0045022511255628 (0.29000000000000004 -0.028 0.0))
    (1.0055027513756878 (0.29000000000000004 -0.028 0.0))
    (1.0065032516258128 (0.29000000000000004 -0.028 0.0))
    (1.007503751875938 (0.29000000000000004 -0.028 0.0))
    (1.008504252126063 (0.29000000000000004 -0.028 0.0))
    (1.009504752376188 (0.29000000000000004 -0.028 0.0))
    (1.0105052526263132 (0.29000000000000004 -0.028 0.0))
    (1.0115057528764382 (0.29000000000000004 -0.028 0.0))
    (1.0125062531265632 (0.29000000000000004 -0.028 0.0))
    (1.0135067533766882 (0.29000000000000004 -0.028 0.0))
    (1.0145072536268134 (0.29000000000000004 -0.028046399049477092 0.0))
    (1.0155077538769384 (0.29000000000000004 -0.028255936387667373 0.0))
    (1.0165082541270634 (0.29000000000000004 -0.028465445631461493 0.0))
    (1.0175087543771886 (0.29000000000000004 -0.02867490378281788 0.0))
    (1.0185092546273136 (0.29000000000000004 -0.028884287849303282 0.0))
    (1.0195097548774386 (0.29000000000000004 -0.02909357484661697 0.0))
    (1.0205102551275638 (0.29000000000000004 -0.029302741801113603 0.0))
    (1.0215107553776888 (0.29000000000000004 -0.0295117657523249 0.0))
    (1.0225112556278138 (0.29000000000000004 -0.029720623755480347 0.0))
    (1.023511755877939 (0.29000000000000004 -0.029929292884025724 0.0))
    (1.024512256128064 (0.29000000000000004 -0.03013775023213961 0.0))
    (1.025512756378189 (0.29000000000000004 -0.03034597291724811 0.0))
    (1.0265132566283142 (0.29000000000000004 -0.03055393808253645 0.0))
    (1.0275137568784392 (0.29000000000000004 -0.03076162289945802 0.0))
    (1.0285142571285641 (0.29000000000000004 -0.03096900457024044 0.0))
    (1.0295147573786894 (0.29000000000000004 -0.031176060330387927 0.0))
    (1.0305152576288144 (0.29000000000000004 -0.03138276745118022 0.0))
    (1.0315157578789393 (0.29000000000000004 -0.03158910324216756 0.0))
    (1.0325162581290646 (0.29000000000000004 -0.031795045053661534 0.0))
    (1.0335167583791895 (0.29000000000000004 -0.03200057027922107 0.0))
    (1.0345172586293145 (0.29000000000000004 -0.03220565635813431 0.0))
    (1.0355177588794398 (0.29000000000000004 -0.032410280777894984 0.0))
    (1.0365182591295647 (0.29000000000000004 -0.03261442107667342 0.0))
    (1.0375187593796897 (0.29000000000000004 -0.0328180548457826 0.0))
    (1.0385192596298147 (0.29000000000000004 -0.03302115973213769 0.0))
    (1.03951975987994 (0.29000000000000004 -0.03322371344070993 0.0))
    (1.040520260130065 (0.29000000000000004 -0.033425693736973724 0.0))
    (1.04152076038019 (0.29000000000000004 -0.03362707844934771 0.0))
    (1.0425212606303151 (0.29000000000000004 -0.03382784547162831 0.0))
    (1.0435217608804401 (0.29000000000000004 -0.03402797276541636 0.0))
    (1.0445222611305651 (0.29000000000000004 -0.03422743836253639 0.0))
    (1.0455227613806903 (0.29000000000000004 -0.03442622036744809 0.0))
    (1.0465232616308153 (0.29000000000000004 -0.03462429695964963 0.0))
    (1.0475237618809403 (0.29000000000000004 -0.03482164639607315 0.0))
    (1.0485242621310655 (0.29000000000000004 -0.03501824701347145 0.0))
    (1.0495247623811905 (0.29000000000000004 -0.03521407723079578 0.0))
    (1.0505252626313155 (0.29000000000000004 -0.035409115551565146 0.0))
    (1.0515257628814407 (0.29000000000000004 -0.035603340566225834 0.0))
    (1.0525262631315657 (0.29000000000000004 -0.03579673095450142 0.0))
    (1.0535267633816907 (0.29000000000000004 -0.03598926548773342 0.0))
    (1.054527263631816 (0.29000000000000004 -0.036180923031211405 0.0))
    (1.055527763881941 (0.29000000000000004 -0.03637168254649286 0.0))
    (1.056528264132066 (0.29000000000000004 -0.0365615230937129 0.0))
    (1.0575287643821911 (0.29000000000000004 -0.03675042383388261 0.0))
    (1.0585292646323161 (0.29000000000000004 -0.03693836403117664 0.0))
    (1.059529764882441 (0.29000000000000004 -0.03712532305520945 0.0))
    (1.060530265132566 (0.29000000000000004 -0.037311280383299825 0.0))
    (1.0615307653826913 (0.29000000000000004 -0.03749621560272383 0.0))
    (1.0625312656328163 (0.29000000000000004 -0.03768010841295526 0.0))
    (1.0635317658829413 (0.29000000000000004 -0.03786293862789436 0.0))
    (1.0645322661330665 (0.29000000000000004 -0.038044686178083556 0.0))
    (1.0655327663831915 (0.29000000000000004 -0.03822533111291032 0.0))
    (1.0665332666333165 (0.29000000000000004 -0.03840485360279747 0.0))
    (1.0675337668834417 (0.29000000000000004 -0.038583233941379746 0.0))
    (1.0685342671335667 (0.29000000000000004 -0.03876045254766685 0.0))
    (1.0695347673836917 (0.29000000000000004 -0.03893648996819315 0.0))
    (1.070535267633817 (0.29000000000000004 -0.03911132687915297 0.0))
    (1.071535767883942 (0.29000000000000004 -0.03928494408852165 0.0))
    (1.0725362681340669 (0.29000000000000004 -0.03945732253816256 0.0))
    (1.073536768384192 (0.29000000000000004 -0.03962844330591891 0.0))
    (1.074537268634317 (0.29000000000000004 -0.0397982876076909 0.0))
    (1.075537768884442 (0.29000000000000004 -0.039966836799497724 0.0))
    (1.0765382691345673 (0.29000000000000004 -0.04013407237952415 0.0))
    (1.0775387693846923 (0.29000000000000004 -0.04029997599015132 0.0))
    (1.0785392696348173 (0.29000000000000004 -0.040464529419972105 0.0))
    (1.0795397698849425 (0.29000000000000004 -0.04062771460579012 0.0))
    (1.0805402701350675 (0.29000000000000004 -0.04078951363460235 0.0))
    (1.0815407703851925 (0.29000000000000004 -0.04094990874556579 0.0))
    (1.0825412706353177 (0.29000000000000004 -0.04110888233194689 0.0))
    (1.0835417708854427 (0.29000000000000004 -0.041266416943054204 0.0))
    (1.0845422711355677 (0.29000000000000004 -0.04142249528615414 0.0))
    (1.0855427713856927 (0.29000000000000004 -0.041577100228369114 0.0))
    (1.0865432716358179 (0.29000000000000004 -0.041730214798558235 0.0))
    (1.0875437718859429 (0.29000000000000004 -0.0418818221891802 0.0))
    (1.0885442721360679 (0.29000000000000004 -0.042031905758138435 0.0))
    (1.089544772386193 (0.29000000000000004 -0.04218044903060776 0.0))
    (1.090545272636318 (0.29000000000000004 -0.04232743570084286 0.0))
    (1.091545772886443 (0.29000000000000004 -0.042472849633968274 0.0))
    (1.0925462731365683 (0.29000000000000004 -0.04261667486774951 0.0))
    (1.0935467733866933 (0.29000000000000004 -0.04275889561434511 0.0))
    (1.0945472736368183 (0.29000000000000004 -0.04289949626203988 0.0))
    (1.0955477738869435 (0.29000000000000004 -0.04303846137695854 0.0))
    (1.0965482741370685 (0.29000000000000004 -0.043175775704759785 0.0))
    (1.0975487743871934 (0.29000000000000004 -0.04331142417231099 0.0))
    (1.0985492746373187 (0.29000000000000004 -0.0434453918893427 0.0))
    (1.0995497748874437 (0.29000000000000004 -0.04357766415008302 0.0))
    (1.1005502751375686 (0.29000000000000004 -0.04370822643487213 0.0))
    (1.1015507753876939 (0.29000000000000004 -0.043837064411755985 0.0))
    (1.1025512756378189 (0.29000000000000004 -0.04396416393805949 0.0))
    (1.1035517758879438 (0.29000000000000004 -0.044089511061939105 0.0))
    (1.104552276138069 (0.29000000000000004 -0.04421309202391425 0.0))
    (1.105552776388194 (0.29000000000000004 -0.044334893258377694 0.0))
    (1.106553276638319 (0.29000000000000004 -0.04445490139508475 0.0))
    (1.1075537768884443 (0.29000000000000004 -0.04457310326062086 0.0))
    (1.1085542771385692 (0.29000000000000004 -0.044689485879847654 0.0))
    (1.1095547773886942 (0.29000000000000004 -0.044804036477327294 0.0))
    (1.1105552776388192 (0.29000000000000004 -0.04491674247872485 0.0))
    (1.1115557778889444 (0.29000000000000004 -0.04502759151218855 0.0))
    (1.1125562781390694 (0.29000000000000004 -0.0451365714097078 0.0))
    (1.1135567783891944 (0.29000000000000004 -0.04524367020844906 0.0))
    (1.1145572786393196 (0.29000000000000004 -0.04534887615206888 0.0))
    (1.1155577788894446 (0.29000000000000004 -0.045452177692004346 0.0))
    (1.1165582791395696 (0.29000000000000004 -0.04555356348874097 0.0))
    (1.1175587793896948 (0.29000000000000004 -0.04565302241305728 0.0))
    (1.1185592796398198 (0.29000000000000004 -0.04575054354724652 0.0))
    (1.1195597798899448 (0.29000000000000004 -0.04584611618631518 0.0))
    (1.12056028014007 (0.29000000000000004 -0.04593972983915798 0.0))
    (1.121560780390195 (0.29000000000000004 -0.04603137422970954 0.0))
    (1.12256128064032 (0.29000000000000004 -0.04612103929807243 0.0))
    (1.1235617808904452 (0.29000000000000004 -0.04620871520162139 0.0))
    (1.1245622811405702 (0.29000000000000004 -0.04629439231608378 0.0))
    (1.1255627813906952 (0.29000000000000004 -0.04637806123659609 0.0))
    (1.1265632816408204 (0.29000000000000004 -0.04645971277873631 0.0))
    (1.1275637818909454 (0.29000000000000004 -0.046539337979532025 0.0))
    (1.1285642821410704 (0.29000000000000004 -0.04661692809844441 0.0))
    (1.1295647823911956 (0.29000000000000004 -0.046692474618327644 0.0))
    (1.1305652826413206 (0.29000000000000004 -0.046765969246363795 0.0))
    (1.1315657828914456 (0.29000000000000004 -0.04683740391497321 0.0))
    (1.1325662831415706 (0.29000000000000004 -0.04690677078270007 0.0))
    (1.1335667833916958 (0.29000000000000004 -0.04697406223507313 0.0))
    (1.1345672836418208 (0.29000000000000004 -0.04703927088544159 0.0))
    (1.1355677838919458 (0.29000000000000004 -0.04710238957578593 0.0))
    (1.136568284142071 (0.29000000000000004 -0.0471634113775037 0.0))
    (1.137568784392196 (0.29000000000000004 -0.047222329592169945 0.0))
    (1.138569284642321 (0.29000000000000004 -0.047279137752272674 0.0))
    (1.1395697848924462 (0.29000000000000004 -0.0473338296219227 0.0))
    (1.1405702851425712 (0.29000000000000004 -0.04738639919753815 0.0))
    (1.1415707853926962 (0.29000000000000004 -0.04743684070850353 0.0))
    (1.1425712856428214 (0.29000000000000004 -0.047485148617803175 0.0))
    (1.1435717858929464 (0.29000000000000004 -0.04753131762262899 0.0))
    (1.1445722861430714 (0.29000000000000004 -0.04757534265496263 0.0))
    (1.1455727863931966 (0.29000000000000004 -0.04761721888213177 0.0))
    (1.1465732866433216 (0.29000000000000004 -0.04765694170734058 0.0))
    (1.1475737868934466 (0.29000000000000004 -0.04769450677017435 0.0))
    (1.1485742871435718 (0.29000000000000004 -0.04772990994707817 0.0))
    (1.1495747873936968 (0.29000000000000004 -0.04776314735180945 0.0))
    (1.1505752876438218 (0.29000000000000004 -0.047794215335864684 0.0))
    (1.151575787893947 (0.29000000000000004 -0.047823110488879834 0.0))
    (1.152576288144072 (0.29000000000000004 -0.047849829639004714 0.0))
    (1.153576788394197 (0.29000000000000004 -0.04787436985325119 0.0))
    (1.1545772886443222 (0.29000000000000004 -0.047896728437815124 0.0))
    (1.1555777888944472 (0.29000000000000004 -0.04791690293837207 0.0))
    (1.1565782891445722 (0.29000000000000004 -0.047934891140346686 0.0))
    (1.1575787893946972 (0.29000000000000004 -0.047950691069155865 0.0))
    (1.1585792896448224 (0.29000000000000004 -0.047964300990425424 0.0))
    (1.1595797898949474 (0.29000000000000004 -0.04797571941018054 0.0))
    (1.1605802901450724 (0.29000000000000004 -0.04798494507500973 0.0))
    (1.1615807903951976 (0.29000000000000004 -0.047991976972202435 0.0))
    (1.1625812906453226 (0.29000000000000004 -0.04799681432986018 0.0))
    (1.1635817908954476 (0.29000000000000004 -0.04799945661698133 0.0))
    (1.1645822911455728 (0.29000000000000004 -0.04799990354351935 0.0))
    (1.1655827913956978 (0.29000000000000004 -0.04799815506041466 0.0))
    (1.1665832916458228 (0.29000000000000004 -0.047994211359600025 0.0))
    (1.167583791895948 (0.29000000000000004 -0.047988072873979465 0.0))
    (1.168584292146073 (0.29000000000000004 -0.04797974027738077 0.0))
    (1.169584792396198 (0.29000000000000004 -0.047969214484481486 0.0))
    (1.1705852926463232 (0.29000000000000004 -0.047956496650708544 0.0))
    (1.1715857928964482 (0.29000000000000004 -0.04794158817211143 0.0))
    (1.1725862931465731 (0.29000000000000004 -0.04792449068520892 0.0))
    (1.1735867933966984 (0.29000000000000004 -0.047905206066809425 0.0))
    (1.1745872936468233 (0.29000000000000004 -0.047883736433805044 0.0))
    (1.1755877938969483 (0.29000000000000004 -0.0478600841429391 0.0))
    (1.1765882941470736 (0.29000000000000004 -0.04783425179054748 0.0))
    (1.1775887943971985 (0.29000000000000004 -0.04780624221227364 0.0))
    (1.1785892946473235 (0.29000000000000004 -0.04777605848275733 0.0))
    (1.1795897948974485 (0.29000000000000004 -0.04774370391529705 0.0))
    (1.1805902951475737 (0.29000000000000004 -0.04770918206148641 0.0))
    (1.1815907953976987 (0.29000000000000004 -0.04767249671082423 0.0))
    (1.1825912956478237 (0.29000000000000004 -0.047633651890298556 0.0))
    (1.183591795897949 (0.29000000000000004 -0.0475926518639446 0.0))
    (1.184592296148074 (0.29000000000000004 -0.047549501132376784 0.0))
    (1.185592796398199 (0.29000000000000004 -0.04750420443229453 0.0))
    (1.1865932966483241 (0.29000000000000004 -0.04745676673596241 0.0))
    (1.1875937968984491 (0.29000000000000004 -0.047407193250664365 0.0))
    (1.1885942971485741 (0.29000000000000004 -0.04735548941813202 0.0))
    (1.1895947973986993 (0.29000000000000004 -0.04730166091394735 0.0))
    (1.1905952976488243 (0.29000000000000004 -0.047245713646919735 0.0))
    (1.1915957978989493 (0.29000000000000004 -0.047187653758437254 0.0))
    (1.1925962981490745 (0.29000000000000004 -0.047127487621792585 0.0))
    (1.1935967983991995 (0.29000000000000004 -0.047065221841483436 0.0))
    (1.1945972986493245 (0.29000000000000004 -0.04700086325248748 0.0))
    (1.1955977988994497 (0.29000000000000004 -0.046934418919512125 0.0))
    (1.1965982991495747 (0.29000000000000004 -0.04686589613621904 0.0))
    (1.1975987993996997 (0.29000000000000004 -0.04679530242442344 0.0))
    (1.198599299649825 (0.29000000000000004 -0.04672264553326845 0.0))
    (1.19959979989995 (0.29000000000000004 -0.04664793343837456 0.0))
    (1.200600300150075 (0.29000000000000004 -0.04657117434096399 0.0))
    (1.2016008004002001 (0.29000000000000004 -0.04649237666696048 0.0))
    (1.2026013006503251 (0.29000000000000004 -0.04641154906606444 0.0))
    (1.20360180090045 (0.29000000000000004 -0.046328700410803364 0.0))
    (1.204602301150575 (0.29000000000000004 -0.046243839795557955 0.0))
    (1.2056028014007003 (0.29000000000000004 -0.046156976535563776 0.0))
    (1.2066033016508253 (0.29000000000000004 -0.04606812016588876 0.0))
    (1.2076038019009503 (0.29000000000000004 -0.04597728044038648 0.0))
    (1.2086043021510755 (0.29000000000000004 -0.045884467330625456 0.0))
    (1.2096048024012005 (0.29000000000000004 -0.04578969102479471 0.0))
    (1.2106053026513255 (0.29000000000000004 -0.045692961926585146 0.0))
    (1.2116058029014507 (0.29000000000000004 -0.04559429065404773 0.0))
    (1.2126063031515757 (0.29000000000000004 -0.04549368803842786 0.0))
    (1.2136068034017007 (0.29000000000000004 -0.04539116512297643 0.0))
    (1.214607303651826 (0.29000000000000004 -0.045286733161737536 0.0))
    (1.215607803901951 (0.29000000000000004 -0.045180403618313256 0.0))
    (1.2166083041520759 (0.29000000000000004 -0.04507218816460509 0.0))
    (1.217608804402201 (0.29000000000000004 -0.044962098679532866 0.0))
    (1.218609304652326 (0.29000000000000004 -0.04485014724773071 0.0))
    (1.219609804902451 (0.29000000000000004 -0.044736346158220565 0.0))
    (1.2206103051525763 (0.29000000000000004 -0.044620707903063106 0.0))
    (1.2216108054027013 (0.29000000000000004 -0.044503245175986604 0.0))
    (1.2226113056528263 (0.29000000000000004 -0.04438397087099342 0.0))
    (1.2236118059029515 (0.29000000000000004 -0.044262898080944614 0.0))
    (1.2246123061530765 (0.29000000000000004 -0.04414004009612291 0.0))
    (1.2256128064032015 (0.29000000000000004 -0.04401541040277353 0.0))
    (1.2266133066533267 (0.29000000000000004 -0.04388902268162395 0.0))
    (1.2276138069034517 (0.29000000000000004 -0.043760890806382235 0.0))
    (1.2286143071535767 (0.29000000000000004 -0.043631028842213905 0.0))
    (1.2296148074037017 (0.29000000000000004 -0.043499451044198126 0.0))
    (1.2306153076538269 (0.29000000000000004 -0.043366171855762845 0.0))
    (1.2316158079039519 (0.29000000000000004 -0.043231205907099474 0.0))
    (1.2326163081540769 (0.29000000000000004 -0.04309456801355668 0.0))
    (1.233616808404202 (0.29000000000000004 -0.042956273174014244 0.0))
    (1.234617308654327 (0.29000000000000004 -0.04281633656923659 0.0))
    (1.235617808904452 (0.29000000000000004 -0.04267477356020642 0.0))
    (1.2366183091545773 (0.29000000000000004 -0.04253159968643838 0.0))
    (1.2376188094047023 (0.29000000000000004 -0.04238683066427346 0.0))
    (1.2386193096548272 (0.29000000000000004 -0.04224048238515365 0.0))
    (1.2396198099049525 (0.29000000000000004 -0.042092570913877525 0.0))
    (1.2406203101550775 (0.29000000000000004 -0.04194311248683702 0.0))
    (1.2416208104052024 (0.29000000000000004 -0.041792123510234785 0.0))
    (1.2426213106553277 (0.29000000000000004 -0.041639620558283505 0.0))
    (1.2436218109054527 (0.29000000000000004 -0.041485620371386527 0.0))
    (1.2446223111555776 (0.29000000000000004 -0.04133013985430011 0.0))
    (1.2456228114057029 (0.29000000000000004 -0.04117319607427784 0.0))
    (1.2466233116558278 (0.29000000000000004 -0.041014806259197324 0.0))
    (1.2476238119059528 (0.29000000000000004 -0.04085498779566871 0.0))
    (1.248624312156078 (0.29000000000000004 -0.040693758227126384 0.0))
    (1.249624812406203 (0.29000000000000004 -0.0405311352519032 0.0))
    (1.250625312656328 (0.29000000000000004 -0.04036713672128768 0.0))
    (1.251625812906453 (0.29000000000000004 -0.0402017806375644 0.0))
    (1.2526263131565782 (0.29000000000000004 -0.04003508515203788 0.0))
    (1.2536268134067032 (0.29000000000000004 -0.039867068563040266 0.0))
    (1.2546273136568282 (0.29000000000000004 -0.039697749313922455 0.0))
    (1.2556278139069534 (0.29000000000000004 -0.03952714599102964 0.0))
    (1.2566283141570784 (0.29000000000000004 -0.039355277321661254 0.0))
    (1.2576288144072034 (0.29000000000000004 -0.03918216217201494 0.0))
    (1.2586293146573286 (0.29000000000000004 -0.03900781954511574 0.0))
    (1.2596298149074536 (0.29000000000000004 -0.03883226857873025 0.0))
    (1.2606303151575786 (0.29000000000000004 -0.038655528543265566 0.0))
    (1.2616308154077038 (0.29000000000000004 -0.03847761883965413 0.0))
    (1.2626313156578288 (0.29000000000000004 -0.03829855899722417 0.0))
    (1.2636318159079538 (0.29000000000000004 -0.038118368671555665 0.0))
    (1.264632316158079 (0.29000000000000004 -0.03793706764232291 0.0))
    (1.265632816408204 (0.29000000000000004 -0.03775467581112329 0.0))
    (1.266633316658329 (0.29000000000000004 -0.03757121319929265 0.0))
    (1.2676338169084542 (0.29000000000000004 -0.037386699945707424 0.0))
    (1.2686343171585792 (0.29000000000000004 -0.03720115630457414 0.0))
    (1.2696348174087042 (0.29000000000000004 -0.037014602643205954 0.0))
    (1.2706353176588294 (0.29000000000000004 -0.03682705943978692 0.0))
    (1.2716358179089544 (0.29000000000000004 -0.0366385472811243 0.0))
    (1.2726363181590794 (0.29000000000000004 -0.036449086860388384 0.0))
    (1.2736368184092046 (0.29000000000000004 -0.036258698974841165 0.0))
    (1.2746373186593296 (0.29000000000000004 -0.036067404523553497 0.0))
    (1.2756378189094546 (0.29000000000000004 -0.035875224505110756 0.0))
    (1.2766383191595796 (0.29000000000000004 -0.03568218001530794 0.0))
    (1.2776388194097048 (0.29000000000000004 -0.035488292244834005 0.0))
    (1.2786393196598298 (0.29000000000000004 -0.03529358247694567 0.0))
    (1.2796398199099548 (0.29000000000000004 -0.03509807208513107 0.0))
    (1.28064032016008 (0.29000000000000004 -0.03490178253076362 0.0))
    (1.281640820410205 (0.29000000000000004 -0.034704735360746405 0.0))
    (1.28264132066033 (0.29000000000000004 -0.03450695220514652 0.0))
    (1.2836418209104552 (0.29000000000000004 -0.03430845477482099 0.0))
    (1.2846423211605802 (0.29000000000000004 -0.03410926485903359 0.0))
    (1.2856428214107052 (0.29000000000000004 -0.03390940432306284 0.0))
    (1.2866433216608304 (0.29000000000000004 -0.03370889510580187 0.0))
    (1.2876438219109554 (0.29000000000000004 -0.03350775921735043 0.0))
    (1.2886443221610804 (0.29000000000000004 -0.03330601873659836 0.0))
    (1.2896448224112056 (0.29000000000000004 -0.03310369580880229 0.0))
    (1.2906453226613306 (0.29000000000000004 -0.03290081264315472 0.0))
    (1.2916458229114556 (0.29000000000000004 -0.03269739151034593 0.0))
    (1.2926463231615808 (0.29000000000000004 -0.032493454740119374 0.0))
    (1.2936468234117058 (0.29000000000000004 -0.03228902471882075 0.0))
    (1.2946473236618308 (0.29000000000000004 -0.032084123886940215 0.0))
    (1.295647823911956 (0.29000000000000004 -0.03187877473664932 0.0))
    (1.296648324162081 (0.29000000000000004 -0.031672999809332025 0.0))
    (1.297648824412206 (0.29000000000000004 -0.03146682169311031 0.0))
    (1.298649324662331 (0.29000000000000004 -0.03126026302036451 0.0))
    (1.2996498249124562 (0.29000000000000004 -0.03105334646524904 0.0))
    (1.3006503251625812 (0.29000000000000004 -0.030846094741203527 0.0))
    (1.3016508254127062 (0.29000000000000004 -0.030638530598459324 0.0))
    (1.3026513256628314 (0.29000000000000004 -0.03043067682154228 0.0))
    (1.3036518259129564 (0.29000000000000004 -0.03022255622677187 0.0))
    (1.3046523261630814 (0.29000000000000004 -0.030014191659756242 0.0))
    (1.3056528264132066 (0.29000000000000004 -0.02980560599288465 0.0))
    (1.3066533266633316 (0.29000000000000004 -0.029596822122816804 0.0))
    (1.3076538269134566 (0.29000000000000004 -0.02938786296796925 0.0))
    (1.3086543271635818 (0.29000000000000004 -0.02917875146599982 0.0))
    (1.3096548274137068 (0.29000000000000004 -0.02896951057128965 0.0))
    (1.3106553276638317 (0.29000000000000004 -0.02876016325242337 0.0))
    (1.311655827913957 (0.29000000000000004 -0.02855073248966786 0.0))
    (1.312656328164082 (0.29000000000000004 -0.028341241272449944 0.0))
    (1.313656828414207 (0.29000000000000004 -0.028131712596832368 0.0))
    (1.3146573286643322 (0.29000000000000004 -0.028 0.0))
    (1.3156578289144572 (0.29000000000000004 -0.028 0.0))
    (1.3166583291645821 (0.29000000000000004 -0.028 0.0))
    (1.3176588294147074 (0.29000000000000004 -0.028 0.0))
    (1.3186593296648323 (0.29000000000000004 -0.028 0.0))
    (1.3196598299149573 (0.29000000000000004 -0.028 0.0))
    (1.3206603301650826 (0.29000000000000004 -0.028 0.0))
    (1.3216608304152075 (0.29000000000000004 -0.028 0.0))
    (1.3226613306653325 (0.29000000000000004 -0.028 0.0))
    (1.3236618309154575 (0.29000000000000004 -0.028 0.0))
    (1.3246623311655827 (0.29000000000000004 -0.028 0.0))
    (1.3256628314157077 (0.29000000000000004 -0.028 0.0))
    (1.3266633316658327 (0.29000000000000004 -0.028 0.0))
    (1.327663831915958 (0.29000000000000004 -0.028 0.0))
    (1.328664332166083 (0.29000000000000004 -0.028 0.0))
    (1.329664832416208 (0.29000000000000004 -0.028 0.0))
    (1.3306653326663331 (0.29000000000000004 -0.028 0.0))
    (1.3316658329164581 (0.29000000000000004 -0.028 0.0))
    (1.3326663331665831 (0.29000000000000004 -0.028 0.0))
    (1.3336668334167083 (0.29000000000000004 -0.028 0.0))
    (1.3346673336668333 (0.29000000000000004 -0.028 0.0))
    (1.3356678339169583 (0.29000000000000004 -0.028 0.0))
    (1.3366683341670835 (0.29000000000000004 -0.028 0.0))
    (1.3376688344172085 (0.29000000000000004 -0.028 0.0))
    (1.3386693346673335 (0.29000000000000004 -0.028 0.0))
    (1.3396698349174587 (0.29000000000000004 -0.028 0.0))
    (1.3406703351675837 (0.29000000000000004 -0.028 0.0))
    (1.3416708354177087 (0.29000000000000004 -0.028 0.0))
    (1.342671335667834 (0.29000000000000004 -0.028 0.0))
    (1.343671835917959 (0.29000000000000004 -0.028 0.0))
    (1.344672336168084 (0.29000000000000004 -0.028 0.0))
    (1.3456728364182091 (0.29000000000000004 -0.028 0.0))
    (1.346673336668334 (0.29000000000000004 -0.028 0.0))
    (1.347673836918459 (0.29000000000000004 -0.028 0.0))
    (1.348674337168584 (0.29000000000000004 -0.028 0.0))
    (1.3496748374187093 (0.29000000000000004 -0.028 0.0))
    (1.3506753376688343 (0.29000000000000004 -0.028 0.0))
    (1.3516758379189593 (0.29000000000000004 -0.028 0.0))
    (1.3526763381690845 (0.29000000000000004 -0.028 0.0))
    (1.3536768384192095 (0.29000000000000004 -0.028 0.0))
    (1.3546773386693345 (0.29000000000000004 -0.028 0.0))
    (1.3556778389194597 (0.29000000000000004 -0.028 0.0))
    (1.3566783391695847 (0.29000000000000004 -0.028 0.0))
    (1.3576788394197097 (0.29000000000000004 -0.028 0.0))
    (1.358679339669835 (0.29000000000000004 -0.028 0.0))
    (1.3596798399199599 (0.29000000000000004 -0.028 0.0))
    (1.3606803401700849 (0.29000000000000004 -0.028 0.0))
    (1.36168084042021 (0.29000000000000004 -0.028 0.0))
    (1.362681340670335 (0.29000000000000004 -0.028 0.0))
    (1.36368184092046 (0.29000000000000004 -0.028 0.0))
    (1.3646823411705853 (0.29000000000000004 -0.028 0.0))
    (1.3656828414207103 (0.29000000000000004 -0.028 0.0))
    (1.3666833416708353 (0.29000000000000004 -0.028 0.0))
    (1.3676838419209605 (0.29000000000000004 -0.028 0.0))
    (1.3686843421710855 (0.29000000000000004 -0.028 0.0))
    (1.3696848424212105 (0.29000000000000004 -0.028 0.0))
    (1.3706853426713355 (0.29000000000000004 -0.028 0.0))
    (1.3716858429214607 (0.29000000000000004 -0.028 0.0))
    (1.3726863431715857 (0.29000000000000004 -0.028 0.0))
    (1.3736868434217107 (0.29000000000000004 -0.028 0.0))
    (1.3746873436718359 (0.29000000000000004 -0.028 0.0))
    (1.3756878439219609 (0.29000000000000004 -0.028 0.0))
    (1.3766883441720859 (0.29000000000000004 -0.028 0.0))
    (1.377688844422211 (0.29000000000000004 -0.028 0.0))
    (1.378689344672336 (0.29000000000000004 -0.028 0.0))
    (1.379689844922461 (0.29000000000000004 -0.028 0.0))
    (1.3806903451725863 (0.29000000000000004 -0.028 0.0))
    (1.3816908454227113 (0.29000000000000004 -0.028 0.0))
    (1.3826913456728362 (0.29000000000000004 -0.028 0.0))
    (1.3836918459229615 (0.29000000000000004 -0.028 0.0))
    (1.3846923461730865 (0.29000000000000004 -0.028 0.0))
    (1.3856928464232114 (0.29000000000000004 -0.028 0.0))
    (1.3866933466733367 (0.29000000000000004 -0.028 0.0))
    (1.3876938469234616 (0.29000000000000004 -0.028 0.0))
    (1.3886943471735866 (0.29000000000000004 -0.028 0.0))
    (1.3896948474237119 (0.29000000000000004 -0.028 0.0))
    (1.3906953476738368 (0.29000000000000004 -0.028 0.0))
    (1.3916958479239618 (0.29000000000000004 -0.028 0.0))
    (1.392696348174087 (0.29000000000000004 -0.028 0.0))
    (1.393696848424212 (0.29000000000000004 -0.028 0.0))
    (1.394697348674337 (0.29000000000000004 -0.028 0.0))
    (1.395697848924462 (0.29000000000000004 -0.028 0.0))
    (1.3966983491745872 (0.29000000000000004 -0.028 0.0))
    (1.3976988494247122 (0.29000000000000004 -0.028 0.0))
    (1.3986993496748372 (0.29000000000000004 -0.028 0.0))
    (1.3996998499249624 (0.29000000000000004 -0.028 0.0))
    (1.4007003501750874 (0.29000000000000004 -0.028 0.0))
    (1.4017008504252124 (0.29000000000000004 -0.028 0.0))
    (1.4027013506753376 (0.29000000000000004 -0.028 0.0))
    (1.4037018509254626 (0.29000000000000004 -0.028 0.0))
    (1.4047023511755876 (0.29000000000000004 -0.028 0.0))
    (1.4057028514257128 (0.29000000000000004 -0.028 0.0))
    (1.4067033516758378 (0.29000000000000004 -0.028 0.0))
    (1.4077038519259628 (0.29000000000000004 -0.028 0.0))
    (1.408704352176088 (0.29000000000000004 -0.028 0.0))
    (1.409704852426213 (0.29000000000000004 -0.028 0.0))
    (1.410705352676338 (0.29000000000000004 -0.028 0.0))
    (1.4117058529264632 (0.29000000000000004 -0.028 0.0))
    (1.4127063531765882 (0.29000000000000004 -0.028 0.0))
    (1.4137068534267132 (0.29000000000000004 -0.028 0.0))
    (1.4147073536768384 (0.29000000000000004 -0.028 0.0))
    (1.4157078539269634 (0.29000000000000004 -0.028 0.0))
    (1.4167083541770884 (0.29000000000000004 -0.028 0.0))
    (1.4177088544272134 (0.29000000000000004 -0.028 0.0))
    (1.4187093546773386 (0.29000000000000004 -0.028 0.0))
    (1.4197098549274636 (0.29000000000000004 -0.028 0.0))
    (1.4207103551775886 (0.29000000000000004 -0.028 0.0))
    (1.4217108554277138 (0.29000000000000004 -0.028 0.0))
    (1.4227113556778388 (0.29000000000000004 -0.028 0.0))
    (1.4237118559279638 (0.29000000000000004 -0.028 0.0))
    (1.424712356178089 (0.29000000000000004 -0.028 0.0))
    (1.425712856428214 (0.29000000000000004 -0.028 0.0))
    (1.426713356678339 (0.29000000000000004 -0.028 0.0))
    (1.4277138569284642 (0.29000000000000004 -0.028 0.0))
    (1.4287143571785892 (0.29000000000000004 -0.028 0.0))
    (1.4297148574287142 (0.29000000000000004 -0.028 0.0))
    (1.4307153576788394 (0.29000000000000004 -0.028 0.0))
    (1.4317158579289644 (0.29000000000000004 -0.028 0.0))
    (1.4327163581790894 (0.29000000000000004 -0.028 0.0))
    (1.4337168584292146 (0.29000000000000004 -0.028 0.0))
    (1.4347173586793396 (0.29000000000000004 -0.028 0.0))
    (1.4357178589294646 (0.29000000000000004 -0.028 0.0))
    (1.4367183591795898 (0.29000000000000004 -0.028 0.0))
    (1.4377188594297148 (0.29000000000000004 -0.028 0.0))
    (1.4387193596798398 (0.29000000000000004 -0.028 0.0))
    (1.439719859929965 (0.29000000000000004 -0.028 0.0))
    (1.44072036018009 (0.29000000000000004 -0.028 0.0))
    (1.441720860430215 (0.29000000000000004 -0.028 0.0))
    (1.44272136068034 (0.29000000000000004 -0.028 0.0))
    (1.4437218609304652 (0.29000000000000004 -0.028 0.0))
    (1.4447223611805902 (0.29000000000000004 -0.028 0.0))
    (1.4457228614307152 (0.29000000000000004 -0.028 0.0))
    (1.4467233616808404 (0.29000000000000004 -0.028 0.0))
    (1.4477238619309654 (0.29000000000000004 -0.028 0.0))
    (1.4487243621810904 (0.29000000000000004 -0.028 0.0))
    (1.4497248624312156 (0.29000000000000004 -0.028 0.0))
    (1.4507253626813406 (0.29000000000000004 -0.028 0.0))
    (1.4517258629314655 (0.29000000000000004 -0.028 0.0))
    (1.4527263631815908 (0.29000000000000004 -0.028 0.0))
    (1.4537268634317158 (0.29000000000000004 -0.028 0.0))
    (1.4547273636818407 (0.29000000000000004 -0.028 0.0))
    (1.455727863931966 (0.29000000000000004 -0.028 0.0))
    (1.456728364182091 (0.29000000000000004 -0.028 0.0))
    (1.457728864432216 (0.29000000000000004 -0.028 0.0))
    (1.4587293646823412 (0.29000000000000004 -0.028 0.0))
    (1.4597298649324661 (0.29000000000000004 -0.028 0.0))
    (1.4607303651825911 (0.29000000000000004 -0.028 0.0))
    (1.4617308654327164 (0.29000000000000004 -0.028 0.0))
    (1.4627313656828413 (0.29000000000000004 -0.028 0.0))
    (1.4637318659329663 (0.29000000000000004 -0.028 0.0))
    (1.4647323661830915 (0.29000000000000004 -0.028 0.0))
    (1.4657328664332165 (0.29000000000000004 -0.028 0.0))
    (1.4667333666833415 (0.29000000000000004 -0.028 0.0))
    (1.4677338669334665 (0.29000000000000004 -0.028 0.0))
    (1.4687343671835917 (0.29000000000000004 -0.028 0.0))
    (1.4697348674337167 (0.29000000000000004 -0.028 0.0))
    (1.4707353676838417 (0.29000000000000004 -0.028 0.0))
    (1.471735867933967 (0.29000000000000004 -0.028 0.0))
    (1.472736368184092 (0.29000000000000004 -0.028 0.0))
    (1.473736868434217 (0.29000000000000004 -0.028 0.0))
    (1.4747373686843421 (0.29000000000000004 -0.028 0.0))
    (1.4757378689344671 (0.29000000000000004 -0.028 0.0))
    (1.4767383691845921 (0.29000000000000004 -0.028 0.0))
    (1.4777388694347173 (0.29000000000000004 -0.028 0.0))
    (1.4787393696848423 (0.29000000000000004 -0.028 0.0))
    (1.4797398699349673 (0.29000000000000004 -0.028 0.0))
    (1.4807403701850925 (0.29000000000000004 -0.028 0.0))
    (1.4817408704352175 (0.29000000000000004 -0.028 0.0))
    (1.4827413706853425 (0.29000000000000004 -0.028 0.0))
    (1.4837418709354677 (0.29000000000000004 -0.028 0.0))
    (1.4847423711855927 (0.29000000000000004 -0.028 0.0))
    (1.4857428714357177 (0.29000000000000004 -0.028 0.0))
    (1.486743371685843 (0.29000000000000004 -0.028 0.0))
    (1.487743871935968 (0.29000000000000004 -0.028 0.0))
    (1.488744372186093 (0.29000000000000004 -0.028 0.0))
    (1.489744872436218 (0.29000000000000004 -0.028 0.0))
    (1.490745372686343 (0.29000000000000004 -0.028 0.0))
    (1.491745872936468 (0.29000000000000004 -0.028 0.0))
    (1.492746373186593 (0.29000000000000004 -0.028 0.0))
    (1.4937468734367183 (0.29000000000000004 -0.028 0.0))
    (1.4947473736868433 (0.29000000000000004 -0.028 0.0))
    (1.4957478739369683 (0.29000000000000004 -0.028 0.0))
    (1.4967483741870935 (0.29000000000000004 -0.028 0.0))
    (1.4977488744372185 (0.29000000000000004 -0.028 0.0))
    (1.4987493746873435 (0.29000000000000004 -0.028 0.0))
    (1.4997498749374687 (0.29000000000000004 -0.028 0.0))
    (1.5007503751875937 (0.29000000000000004 -0.028 0.0))
    (1.5017508754377187 (0.29000000000000004 -0.028 0.0))
    (1.502751375687844 (0.29000000000000004 -0.028 0.0))
    (1.5037518759379689 (0.29000000000000004 -0.028 0.0))
    (1.5047523761880939 (0.29000000000000004 -0.028 0.0))
    (1.505752876438219 (0.29000000000000004 -0.028 0.0))
    (1.506753376688344 (0.29000000000000004 -0.028 0.0))
    (1.507753876938469 (0.29000000000000004 -0.028 0.0))
    (1.5087543771885943 (0.29000000000000004 -0.028 0.0))
    (1.5097548774387193 (0.29000000000000004 -0.028 0.0))
    (1.5107553776888443 (0.29000000000000004 -0.028 0.0))
    (1.5117558779389695 (0.29000000000000004 -0.028 0.0))
    (1.5127563781890945 (0.29000000000000004 -0.028 0.0))
    (1.5137568784392195 (0.29000000000000004 -0.028 0.0))
    (1.5147573786893445 (0.29000000000000004 -0.028 0.0))
    (1.5157578789394697 (0.29000000000000004 -0.028 0.0))
    (1.5167583791895947 (0.29000000000000004 -0.028 0.0))
    (1.5177588794397197 (0.29000000000000004 -0.028 0.0))
    (1.5187593796898449 (0.29000000000000004 -0.028 0.0))
    (1.5197598799399699 (0.29000000000000004 -0.028 0.0))
    (1.5207603801900949 (0.29000000000000004 -0.028 0.0))
    (1.52176088044022 (0.29000000000000004 -0.028 0.0))
    (1.522761380690345 (0.29000000000000004 -0.028 0.0))
    (1.52376188094047 (0.29000000000000004 -0.028 0.0))
    (1.5247623811905953 (0.29000000000000004 -0.028 0.0))
    (1.5257628814407203 (0.29000000000000004 -0.028 0.0))
    (1.5267633816908452 (0.29000000000000004 -0.028 0.0))
    (1.5277638819409705 (0.29000000000000004 -0.028 0.0))
    (1.5287643821910955 (0.29000000000000004 -0.028 0.0))
    (1.5297648824412204 (0.29000000000000004 -0.028 0.0))
    (1.5307653826913457 (0.29000000000000004 -0.028 0.0))
    (1.5317658829414706 (0.29000000000000004 -0.028 0.0))
    (1.5327663831915956 (0.29000000000000004 -0.028 0.0))
    (1.5337668834417209 (0.29000000000000004 -0.028 0.0))
    (1.5347673836918458 (0.29000000000000004 -0.028 0.0))
    (1.5357678839419708 (0.29000000000000004 -0.028 0.0))
    (1.5367683841920958 (0.29000000000000004 -0.028 0.0))
    (1.537768884442221 (0.29000000000000004 -0.028 0.0))
    (1.538769384692346 (0.29000000000000004 -0.028 0.0))
    (1.539769884942471 (0.29000000000000004 -0.028 0.0))
    (1.5407703851925962 (0.29000000000000004 -0.028 0.0))
    (1.5417708854427212 (0.29000000000000004 -0.028 0.0))
    (1.5427713856928462 (0.29000000000000004 -0.028 0.0))
    (1.5437718859429714 (0.29000000000000004 -0.028 0.0))
    (1.5447723861930964 (0.29000000000000004 -0.028 0.0))
    (1.5457728864432214 (0.29000000000000004 -0.028 0.0))
    (1.5467733866933466 (0.29000000000000004 -0.028 0.0))
    (1.5477738869434716 (0.29000000000000004 -0.028 0.0))
    (1.5487743871935966 (0.29000000000000004 -0.028 0.0))
    (1.5497748874437218 (0.29000000000000004 -0.028 0.0))
    (1.5507753876938468 (0.29000000000000004 -0.028 0.0))
    (1.5517758879439718 (0.29000000000000004 -0.028 0.0))
    (1.552776388194097 (0.29000000000000004 -0.028 0.0))
    (1.553776888444222 (0.29000000000000004 -0.028 0.0))
    (1.554777388694347 (0.29000000000000004 -0.028 0.0))
    (1.5557778889444722 (0.29000000000000004 -0.028 0.0))
    (1.5567783891945972 (0.29000000000000004 -0.028 0.0))
    (1.5577788894447222 (0.29000000000000004 -0.028 0.0))
    (1.5587793896948474 (0.29000000000000004 -0.028 0.0))
    (1.5597798899449724 (0.29000000000000004 -0.028 0.0))
    (1.5607803901950974 (0.29000000000000004 -0.028 0.0))
    (1.5617808904452224 (0.29000000000000004 -0.028 0.0))
    (1.5627813906953476 (0.29000000000000004 -0.028 0.0))
    (1.5637818909454726 (0.29000000000000004 -0.028 0.0))
    (1.5647823911955976 (0.29000000000000004 -0.028 0.0))
    (1.5657828914457228 (0.29000000000000004 -0.028 0.0))
    (1.5667833916958478 (0.29000000000000004 -0.028 0.0))
    (1.5677838919459728 (0.29000000000000004 -0.028 0.0))
    (1.568784392196098 (0.29000000000000004 -0.028 0.0))
    (1.569784892446223 (0.29000000000000004 -0.028 0.0))
    (1.570785392696348 (0.29000000000000004 -0.028 0.0))
    (1.5717858929464732 (0.29000000000000004 -0.028 0.0))
    (1.5727863931965982 (0.29000000000000004 -0.028 0.0))
    (1.5737868934467232 (0.29000000000000004 -0.028 0.0))
    (1.5747873936968484 (0.29000000000000004 -0.028 0.0))
    (1.5757878939469734 (0.29000000000000004 -0.028 0.0))
    (1.5767883941970984 (0.29000000000000004 -0.028 0.0))
    (1.5777888944472236 (0.29000000000000004 -0.028 0.0))
    (1.5787893946973486 (0.29000000000000004 -0.028 0.0))
    (1.5797898949474736 (0.29000000000000004 -0.028 0.0))
    (1.5807903951975988 (0.29000000000000004 -0.028 0.0))
    (1.5817908954477238 (0.29000000000000004 -0.028 0.0))
    (1.5827913956978488 (0.29000000000000004 -0.028 0.0))
    (1.583791895947974 (0.29000000000000004 -0.028 0.0))
    (1.584792396198099 (0.29000000000000004 -0.028 0.0))
    (1.585792896448224 (0.29000000000000004 -0.028 0.0))
    (1.586793396698349 (0.29000000000000004 -0.028 0.0))
    (1.5877938969484742 (0.29000000000000004 -0.028 0.0))
    (1.5887943971985992 (0.29000000000000004 -0.028 0.0))
    (1.5897948974487242 (0.29000000000000004 -0.028 0.0))
    (1.5907953976988494 (0.29000000000000004 -0.028 0.0))
    (1.5917958979489744 (0.29000000000000004 -0.028 0.0))
    (1.5927963981990994 (0.29000000000000004 -0.028 0.0))
    (1.5937968984492246 (0.29000000000000004 -0.028 0.0))
    (1.5947973986993496 (0.29000000000000004 -0.028 0.0))
    (1.5957978989494745 (0.29000000000000004 -0.028 0.0))
    (1.5967983991995998 (0.29000000000000004 -0.028 0.0))
    (1.5977988994497248 (0.29000000000000004 -0.028 0.0))
    (1.5987993996998497 (0.29000000000000004 -0.028 0.0))
    (1.599799899949975 (0.29000000000000004 -0.028 0.0))
    (1.6008004002001 (0.29000000000000004 -0.028 0.0))
    (1.601800900450225 (0.29000000000000004 -0.028 0.0))
    (1.6028014007003502 (0.29000000000000004 -0.028 0.0))
    (1.6038019009504751 (0.29000000000000004 -0.028 0.0))
    (1.6048024012006001 (0.29000000000000004 -0.028 0.0))
    (1.6058029014507254 (0.29000000000000004 -0.028 0.0))
    (1.6068034017008503 (0.29000000000000004 -0.028 0.0))
    (1.6078039019509753 (0.29000000000000004 -0.028 0.0))
    (1.6088044022011003 (0.29000000000000004 -0.028 0.0))
    (1.6098049024512255 (0.29000000000000004 -0.028 0.0))
    (1.6108054027013505 (0.29000000000000004 -0.028 0.0))
    (1.6118059029514755 (0.29000000000000004 -0.028 0.0))
    (1.6128064032016007 (0.29000000000000004 -0.028 0.0))
    (1.6138069034517257 (0.29000000000000004 -0.028 0.0))
    (1.6148074037018507 (0.29000000000000004 -0.028109261832312053 0.0))
    (1.615807903951976 (0.29000000000000004 -0.02831879315721021 0.0))
    (1.616808404202101 (0.29000000000000004 -0.02852828948786099 0.0))
    (1.617808904452226 (0.29000000000000004 -0.0287377278276403 0.0))
    (1.6188094047023511 (0.29000000000000004 -0.0289470851862898 0.0))
    (1.6198099049524761 (0.29000000000000004 -0.029156338582440315 0.0))
    (1.6208104052026011 (0.29000000000000004 -0.02936546504613495 0.0))
    (1.6218109054527263 (0.29000000000000004 -0.02957444162135028 0.0))
    (1.6228114057028513 (0.29000000000000004 -0.02978324536851619 0.0))
    (1.6238119059529763 (0.29000000000000004 -0.029991853367034166 0.0))
    (1.6248124062031015 (0.29000000000000004 -0.03020024271779327 0.0))
    (1.6258129064532265 (0.29000000000000004 -0.03040839054568354 0.0))
    (1.6268134067033515 (0.29000000000000004 -0.03061627400210742 0.0))
    (1.6278139069534767 (0.29000000000000004 -0.030823870267487653 0.0))
    (1.6288144072036017 (0.29000000000000004 -0.03103115655377213 0.0))
    (1.6298149074537267 (0.29000000000000004 -0.03123811010693559 0.0))
    (1.630815407703852 (0.29000000000000004 -0.03144470820947713 0.0))
    (1.631815907953977 (0.29000000000000004 -0.03165092818291401 0.0))
    (1.632816408204102 (0.29000000000000004 -0.031856747390271195 0.0))
    (1.633816908454227 (0.29000000000000004 -0.032062143238566085 0.0))
    (1.634817408704352 (0.29000000000000004 -0.03226709318128872 0.0))
    (1.635817908954477 (0.29000000000000004 -0.03247157472087643 0.0))
    (1.636818409204602 (0.29000000000000004 -0.03267556541118385 0.0))
    (1.6378189094547273 (0.29000000000000004 -0.03287904285994658 0.0))
    (1.6388194097048523 (0.29000000000000004 -0.033081984731239196 0.0))
    (1.6398199099549773 (0.29000000000000004 -0.03328436874792722 0.0))
    (1.6408204102051025 (0.29000000000000004 -0.0334861726941125 0.0))
    (1.6418209104552275 (0.29000000000000004 -0.03368737441757158 0.0))
    (1.6428214107053525 (0.29000000000000004 -0.033887951832187825 0.0))
    (1.6438219109554777 (0.29000000000000004 -0.03408788292037558 0.0))
    (1.6448224112056027 (0.29000000000000004 -0.03428714573549702 0.0))
    (1.6458229114557277 (0.29000000000000004 -0.03448571840427133 0.0))
    (1.646823411705853 (0.29000000000000004 -0.034683579129175864 0.0))
    (1.6478239119559779 (0.29000000000000004 -0.034880706190838634 0.0))
    (1.6488244122061029 (0.29000000000000004 -0.03507707795042271 0.0))
    (1.649824912456228 (0.29000000000000004 -0.03527267285200149 0.0))
    (1.650825412706353 (0.29000000000000004 -0.03546746942492461 0.0))
    (1.651825912956478 (0.29000000000000004 -0.03566144628617531 0.0))
    (1.6528264132066033 (0.29000000000000004 -0.03585458214271734 0.0))
    (1.6538269134567283 (0.29000000000000004 -0.03604685579383229 0.0))
    (1.6548274137068533 (0.29000000000000004 -0.03623824613344702 0.0))
    (1.6558279139569785 (0.29000000000000004 -0.03642873215245042 0.0))
    (1.6568284142071035 (0.29000000000000004 -0.03661829294099937 0.0))
    (1.6578289144572285 (0.29000000000000004 -0.03680690769081442 0.0))
    (1.6588294147073535 (0.29000000000000004 -0.036994555697463696 0.0))
    (1.6598299149574787 (0.29000000000000004 -0.03718121636263573 0.0))
    (1.6608304152076037 (0.29000000000000004 -0.03736686919640045 0.0))
    (1.6618309154577287 (0.29000000000000004 -0.03755149381945848 0.0))
    (1.6628314157078539 (0.29000000000000004 -0.03773506996537823 0.0))
    (1.6638319159579789 (0.29000000000000004 -0.03791757748282043 0.0))
    (1.6648324162081038 (0.29000000000000004 -0.0380989963377503 0.0))
    (1.665832916458229 (0.29000000000000004 -0.03827930661563668 0.0))
    (1.666833416708354 (0.29000000000000004 -0.038458488523637854 0.0))
    (1.667833916958479 (0.29000000000000004 -0.03863652239277459 0.0))
    (1.6688344172086043 (0.29000000000000004 -0.03881338868008902 0.0))
    (1.6698349174587293 (0.29000000000000004 -0.03898906797078981 0.0))
    (1.6708354177088542 (0.29000000000000004 -0.03916354098038355 0.0))
    (1.6718359179589795 (0.29000000000000004 -0.03933678855679154 0.0))
    (1.6728364182091044 (0.29000000000000004 -0.039508791682451964 0.0))
    (1.6738369184592294 (0.29000000000000004 -0.039679531476407785 0.0))
    (1.6748374187093547 (0.29000000000000004 -0.039848989196379137 0.0))
    (1.6758379189594796 (0.29000000000000004 -0.04001714624082065 0.0))
    (1.6768384192096046 (0.29000000000000004 -0.04018398415096344 0.0))
    (1.6778389194597298 (0.29000000000000004 -0.0403494846128414 0.0))
    (1.6788394197098548 (0.29000000000000004 -0.04051362945930136 0.0))
    (1.6798399199599798 (0.29000000000000004 -0.04067640067199752 0.0))
    (1.6808404202101048 (0.29000000000000004 -0.0408377803833692 0.0))
    (1.68184092046023 (0.29000000000000004 -0.040997750878602315 0.0))
    (1.682841420710355 (0.29000000000000004 -0.04115629459757365 0.0))
    (1.68384192096048 (0.29000000000000004 -0.04131339413677888 0.0))
    (1.6848424212106052 (0.29000000000000004 -0.041469032251242696 0.0))
    (1.6858429214607302 (0.29000000000000004 -0.04162319185641177 0.0))
    (1.6868434217108552 (0.29000000000000004 -0.041775856030030346 0.0))
    (1.6878439219609804 (0.29000000000000004 -0.0419270080139977 0.0))
    (1.6888444222111054 (0.29000000000000004 -0.04207663121620756 0.0))
    (1.6898449224612304 (0.29000000000000004 -0.04222470921236972 0.0))
    (1.6908454227113556 (0.29000000000000004 -0.042371225747812775 0.0))
    (1.6918459229614806 (0.29000000000000004 -0.0425161647392684 0.0))
    (1.6928464232116056 (0.29000000000000004 -0.042659510276636864 0.0))
    (1.6938469234617308 (0.29000000000000004 -0.042801246624733585 0.0))
    (1.6948474237118558 (0.29000000000000004 -0.042941358225016206 0.0))
    (1.6958479239619808 (0.29000000000000004 -0.04307982969729267 0.0))
    (1.696848424212106 (0.29000000000000004 -0.04321664584140942 0.0))
    (1.697848924462231 (0.29000000000000004 -0.04335179163891985 0.0))
    (1.698849424712356 (0.29000000000000004 -0.04348525225473309 0.0))
    (1.6998499249624812 (0.29000000000000004 -0.04361701303874238 0.0))
    (1.7008504252126062 (0.29000000000000004 -0.04374705952743313 0.0))
    (1.7018509254627312 (0.29000000000000004 -0.04387537744547074 0.0))
    (1.7028514257128564 (0.29000000000000004 -0.0440019527072676 0.0))
    (1.7038519259629814 (0.29000000000000004 -0.0441267714185291 0.0))
    (1.7048524262131064 (0.29000000000000004 -0.044249819877779095 0.0))
    (1.7058529264632314 (0.29000000000000004 -0.04437108457786373 0.0))
    (1.7068534267133566 (0.29000000000000004 -0.04449055220743425 0.0))
    (1.7078539269634816 (0.29000000000000004 -0.044608209652408054 0.0))
    (1.7088544272136066 (0.29000000000000004 -0.04472404399740842 0.0))
    (1.7098549274637318 (0.29000000000000004 -0.04483804252718213 0.0))
    (1.7108554277138568 (0.29000000000000004 -0.04495019272799525 0.0))
    (1.7118559279639818 (0.29000000000000004 -0.045060482289006776 0.0))
    (1.712856428214107 (0.29000000000000004 -0.04516889910362009 0.0))
    (1.713856928464232 (0.29000000000000004 -0.04527543127081171 0.0))
    (1.714857428714357 (0.29000000000000004 -0.04538006709643791 0.0))
    (1.7158579289644822 (0.29000000000000004 -0.045482795094518295 0.0))
    (1.7168584292146072 (0.29000000000000004 -0.04558360398849656 0.0))
    (1.7178589294647322 (0.29000000000000004 -0.04568248271247846 0.0))
    (1.7188594297148574 (0.29000000000000004 -0.04577942041244648 0.0))
    (1.7198599299649824 (0.29000000000000004 -0.045874406447451166 0.0))
    (1.7208604302151074 (0.29000000000000004 -0.04596743039077941 0.0))
    (1.7218609304652326 (0.29000000000000004 -0.04605848203109887 0.0))
    (1.7228614307153576 (0.29000000000000004 -0.04614755137357887 0.0))
    (1.7238619309654826 (0.29000000000000004 -0.04623462864098758 0.0))
    (1.7248624312156078 (0.29000000000000004 -0.04631970427476529 0.0))
    (1.7258629314657328 (0.29000000000000004 -0.046402768936073605 0.0))
    (1.7268634317158578 (0.29000000000000004 -0.04648381350682064 0.0))
    (1.7278639319659828 (0.29000000000000004 -0.04656282909066188 0.0))
    (1.728864432216108 (0.29000000000000004 -0.0466398070139768 0.0))
    (1.729864932466233 (0.29000000000000004 -0.04671473882682082 0.0))
    (1.730865432716358 (0.29000000000000004 -0.046787616303853086 0.0))
    (1.7318659329664832 (0.29000000000000004 -0.046858431445239226 0.0))
    (1.7328664332166082 (0.29000000000000004 -0.04692717647752953 0.0))
    (1.7338669334667332 (0.29000000000000004 -0.04699384385451228 0.0))
    (1.7348674337168584 (0.29000000000000004 -0.04705842625804206 0.0))
    (1.7358679339669834 (0.29000000000000004 -0.047120916598843085 0.0))
    (1.7368684342171083 (0.29000000000000004 -0.047181308017287454 0.0))
    (1.7378689344672336 (0.29000000000000004 -0.0472395938841481 0.0))
    (1.7388694347173586 (0.29000000000000004 -0.047295767801326404 0.0))
    (1.7398699349674835 (0.29000000000000004 -0.047349823602554686 0.0))
    (1.7408704352176088 (0.29000000000000004 -0.04740175535407298 0.0))
    (1.7418709354677337 (0.29000000000000004 -0.04745155735528036 0.0))
    (1.7428714357178587 (0.29000000000000004 -0.04749922413936079 0.0))
    (1.743871935967984 (0.29000000000000004 -0.04754475047388318 0.0))
    (1.744872436218109 (0.29000000000000004 -0.04758813136137571 0.0))
    (1.745872936468234 (0.29000000000000004 -0.047629362039874494 0.0))
    (1.7468734367183592 (0.29000000000000004 -0.04766843798344625 0.0))
    (1.7478739369684841 (0.29000000000000004 -0.04770535490268511 0.0))
    (1.7488744372186091 (0.29000000000000004 -0.047740108745183515 0.0))
    (1.7498749374687343 (0.29000000000000004 -0.04777269569597704 0.0))
    (1.7508754377188593 (0.29000000000000004 -0.04780311217796309 0.0))
    (1.7518759379689843 (0.29000000000000004 -0.0478313548522937 0.0))
    (1.7528764382191093 (0.29000000000000004 -0.04785742061874193 0.0))
    (1.7538769384692345 (0.29000000000000004 -0.047881306616042243 0.0))
    (1.7548774387193595 (0.29000000000000004 -0.04790301022220453 0.0))
    (1.7558779389694845 (0.29000000000000004 -0.04792252905480201 0.0))
    (1.7568784392196097 (0.29000000000000004 -0.04793986097123268 0.0))
    (1.7578789394697347 (0.29000000000000004 -0.04795500406895453 0.0))
    (1.7588794397198597 (0.29000000000000004 -0.04796795668569442 0.0))
    (1.759879939969985 (0.29000000000000004 -0.0479787173996305 0.0))
    (1.76088044022011 (0.29000000000000004 -0.04798728502954831 0.0))
    (1.761880940470235 (0.29000000000000004 -0.047993658634970474 0.0))
    (1.7628814407203601 (0.29000000000000004 -0.04799783751625984 0.0))
    (1.7638819409704851 (0.29000000000000004 -0.04799982121469641 0.0))
    (1.76488244122061 (0.29000000000000004 -0.047999609512527595 0.0))
    (1.7658829414707353 (0.29000000000000004 -0.047997202432992145 0.0))
    (1.7668834417208603 (0.29000000000000004 -0.04799260024031763 0.0))
    (1.7678839419709853 (0.29000000000000004 -0.04798580343969139 0.0))
    (1.7688844422211105 (0.29000000000000004 -0.047976812777205086 0.0))
    (1.7698849424712355 (0.29000000000000004 -0.047965629239772864 0.0))
    (1.7708854427213605 (0.29000000000000004 -0.04795225405502293 0.0))
    (1.7718859429714857 (0.29000000000000004 -0.047936688691162826 0.0))
    (1.7728864432216107 (0.29000000000000004 -0.047918934856818314 0.0))
    (1.7738869434717357 (0.29000000000000004 -0.04789899450084574 0.0))
    (1.774887443721861 (0.29000000000000004 -0.04787686981211814 0.0))
    (1.775887943971986 (0.29000000000000004 -0.04785256321928498 0.0))
    (1.776888444222111 (0.29000000000000004 -0.04782607739050555 0.0))
    (1.7778889444722359 (0.29000000000000004 -0.04779741523315606 0.0))
    (1.778889444722361 (0.29000000000000004 -0.04776657989351052 0.0))
    (1.779889944972486 (0.29000000000000004 -0.04773357475639535 0.0))
    (1.780890445222611 (0.29000000000000004 -0.047698403444817836 0.0))
    (1.7818909454727363 (0.29000000000000004 -0.04766106981956843 0.0))
    (1.7828914457228613 (0.29000000000000004 -0.04762157797879693 0.0))
    (1.7838919459729863 (0.29000000000000004 -0.04757993225756267 0.0))
    (1.7848924462231115 (0.29000000000000004 -0.04753613722735857 0.0))
    (1.7858929464732365 (0.29000000000000004 -0.047490197695609415 0.0))
    (1.7868934467233615 (0.29000000000000004 -0.04744211870514406 0.0))
    (1.7878939469734867 (0.29000000000000004 -0.047391905533641934 0.0))
    (1.7888944472236117 (0.29000000000000004 -0.04733956369305366 0.0))
    (1.7898949474737367 (0.29000000000000004 -0.04728509892899603 0.0))
    (1.7908954477238619 (0.29000000000000004 -0.04722851722012126 0.0))
    (1.7918959479739869 (0.29000000000000004 -0.04716982477746082 0.0))
    (1.7928964482241119 (0.29000000000000004 -0.04710902804374347 0.0))
    (1.793896948474237 (0.29000000000000004 -0.047046133692688175 0.0))
    (1.794897448724362 (0.29000000000000004 -0.04698114862827149 0.0))
    (1.795897948974487 (0.29000000000000004 -0.04691407998396965 0.0))
    (1.7968984492246123 (0.29000000000000004 -0.04684493512197559 0.0))
    (1.7978989494747373 (0.29000000000000004 -0.046773721632390755 0.0))
    (1.7988994497248623 (0.29000000000000004 -0.04670044733239194 0.0))
    (1.7998999499749873 (0.29000000000000004 -0.04662512026537317 0.0))
    (1.8009004502251125 (0.29000000000000004 -0.04654774870006276 0.0))
    (1.8019009504752375 (0.29000000000000004 -0.046468341129615745 0.0))
    (1.8029014507253625 (0.29000000000000004 -0.046386906270681434 0.0))
    (1.8039019509754877 (0.29000000000000004 -0.04630345306244666 0.0))
    (1.8049024512256127 (0.29000000000000004 -0.04621799066565453 0.0))
    (1.8059029514757377 (0.29000000000000004 -0.04613052846159878 0.0))
    (1.8069034517258629 (0.29000000000000004 -0.046041076051093976 0.0))
    (1.8079039519759879 (0.29000000000000004 -0.04594964325342178 0.0))
    (1.8089044522261128 (0.29000000000000004 -0.04585624010525284 0.0))
    (1.809904952476238 (0.29000000000000004 -0.045760876859545205 0.0))
    (1.810905452726363 (0.29000000000000004 -0.04566356398441885 0.0))
    (1.811905952976488 (0.29000000000000004 -0.04556431216200647 0.0))
    (1.8129064532266133 (0.29000000000000004 -0.04546313228728105 0.0))
    (1.8139069534767382 (0.29000000000000004 -0.04536003546685977 0.0))
    (1.8149074537268632 (0.29000000000000004 -0.045255033017784906 0.0))
    (1.8159079539769885 (0.29000000000000004 -0.04514813646628145 0.0))
    (1.8169084542271134 (0.29000000000000004 -0.045039357546492076 0.0))
    (1.8179089544772384 (0.29000000000000004 -0.04492870819918881 0.0))
    (1.8189094547273637 (0.29000000000000004 -0.0448162005704624 0.0))
    (1.8199099549774886 (0.29000000000000004 -0.04470184701038911 0.0))
    (1.8209104552276136 (0.29000000000000004 -0.044585660071674874 0.0))
    (1.8219109554777388 (0.29000000000000004 -0.04446765250827743 0.0))
    (1.8229114557278638 (0.29000000000000004 -0.0443478372740065 0.0))
    (1.8239119559779888 (0.29000000000000004 -0.04422622752110147 0.0))
    (1.8249124562281138 (0.29000000000000004 -0.04410283659878794 0.0))
    (1.825912956478239 (0.29000000000000004 -0.04397767805181226 0.0))
    (1.826913456728364 (0.29000000000000004 -0.04385076561895475 0.0))
    (1.827913956978489 (0.29000000000000004 -0.04372211323152155 0.0))
    (1.8289144572286142 (0.29000000000000004 -0.04359173501181533 0.0))
    (1.8299149574787392 (0.29000000000000004 -0.043459645271585204 0.0))
    (1.8309154577288642 (0.29000000000000004 -0.04332585851045554 0.0))
    (1.8319159579789894 (0.29000000000000004 -0.043190389414334396 0.0))
    (1.8329164582291144 (0.29000000000000004 -0.04305325285380157 0.0))
    (1.8339169584792394 (0.29000000000000004 -0.042914463882475995 0.0))
    (1.8349174587293646 (0.29000000000000004 -0.04277403773536341 0.0))
    (1.8359179589794896 (0.29000000000000004 -0.04263198982718409 0.0))
    (1.8369184592296146 (0.29000000000000004 -0.04248833575068057 0.0))
    (1.8379189594797398 (0.29000000000000004 -0.0423430912749061 0.0))
    (1.8389194597298648 (0.29000000000000004 -0.04219627234349379 0.0))
    (1.8399199599799898 (0.29000000000000004 -0.04204789507290622 0.0))
    (1.840920460230115 (0.29000000000000004 -0.041897975750666436 0.0))
    (1.84192096048024 (0.29000000000000004 -0.04174653083357015 0.0))
    (1.842921460730365 (0.29000000000000004 -0.04159357694587905 0.0))
    (1.8439219609804902 (0.29000000000000004 -0.04143913087749612 0.0))
    (1.8449224612306152 (0.29000000000000004 -0.04128320958212257 0.0))
    (1.8459229614807402 (0.29000000000000004 -0.041125830175396665 0.0))
    (1.8469234617308652 (0.29000000000000004 -0.04096700993301508 0.0))
    (1.8479239619809904 (0.29000000000000004 -0.04080676628883642 0.0))
    (1.8489244622311154 (0.29000000000000004 -0.040645116832967725 0.0))
    (1.8499249624812404 (0.29000000000000004 -0.040482079309833205 0.0))
    (1.8509254627313656 (0.29000000000000004 -0.04031767161622667 0.0))
    (1.8519259629814906 (0.29000000000000004 -0.04015191179934702 0.0))
    (1.8529264632316156 (0.29000000000000004 -0.03998481805481699 0.0))
    (1.8539269634817408 (0.29000000000000004 -0.03981640872468588 0.0))
    (1.8549274637318658 (0.29000000000000004 -0.03964670229541633 0.0))
    (1.8559279639819908 (0.29000000000000004 -0.03947571739585469 0.0))
    (1.856928464232116 (0.29000000000000004 -0.03930347279518631 0.0))
    (1.857928964482241 (0.29000000000000004 -0.03912998740087527 0.0))
    (1.858929464732366 (0.29000000000000004 -0.038955280256588815 0.0))
    (1.8599299649824912 (0.29000000000000004 -0.03877937054010685 0.0))
    (1.8609304652326162 (0.29000000000000004 -0.03860227756121694 0.0))
    (1.8619309654827412 (0.29000000000000004 -0.03842402075959449 0.0))
    (1.8629314657328664 (0.29000000000000004 -0.038244619702668875 0.0))
    (1.8639319659829914 (0.29000000000000004 -0.03806409408347569 0.0))
    (1.8649324662331164 (0.29000000000000004 -0.03788246371849471 0.0))
    (1.8659329664832416 (0.29000000000000004 -0.03769974854547481 0.0))
    (1.8669334667333666 (0.29000000000000004 -0.0375159686212454 0.0))
    (1.8679339669834916 (0.29000000000000004 -0.03733114411951463 0.0))
    (1.8689344672336168 (0.29000000000000004 -0.037145295328654966 0.0))
    (1.8699349674837418 (0.29000000000000004 -0.036958442649476286 0.0))
    (1.8709354677338668 (0.29000000000000004 -0.036770606592986144 0.0))
    (1.8719359679839918 (0.29000000000000004 -0.03658180777813845 0.0))
    (1.872936468234117 (0.29000000000000004 -0.03639206692957006 0.0))
    (1.873936968484242 (0.29000000000000004 -0.03620140487532589 0.0))
    (1.874937468734367 (0.29000000000000004 -0.03600984254457252 0.0))
    (1.8759379689844922 (0.29000000000000004 -0.035817400965300714 0.0))
    (1.8769384692346172 (0.29000000000000004 -0.03562410126201735 0.0))
    (1.8779389694847421 (0.29000000000000004 -0.03542996465342636 0.0))
    (1.8789394697348674 (0.29000000000000004 -0.035235012450099586 0.0))
    (1.8799399699849924 (0.29000000000000004 -0.03503926605213771 0.0))
    (1.8809404702351173 (0.29000000000000004 -0.034842746946820775 0.0))
    (1.8819409704852426 (0.29000000000000004 -0.034645476706249734 0.0))
    (1.8829414707353676 (0.29000000000000004 -0.034447476984978506 0.0))
    (1.8839419709854925 (0.29000000000000004 -0.03424876951763675 0.0))
    (1.8849424712356178 (0.29000000000000004 -0.03404937611654408 0.0))
    (1.8859429714857427 (0.29000000000000004 -0.03384931866931597 0.0))
    (1.8869434717358677 (0.29000000000000004 -0.033648619136460695 0.0))
    (1.887943971985993 (0.29000000000000004 -0.03344729954896897 0.0))
    (1.888944472236118 (0.29000000000000004 -0.03324538200589558 0.0))
    (1.889944972486243 (0.29000000000000004 -0.033042888671933515 0.0))
    (1.8909454727363681 (0.29000000000000004 -0.03283984177498081 0.0))
    (1.8919459729864931 (0.29000000000000004 -0.032636263603700796 0.0))
    (1.8929464732366181 (0.29000000000000004 -0.03243217650507523 0.0))
    (1.8939469734867433 (0.29000000000000004 -0.032227602881951305 0.0))
    (1.8949474737368683 (0.29000000000000004 -0.0320225651905827 0.0))
    (1.8959479739869933 (0.29000000000000004 -0.031817085938164125 0.0))
    (1.8969484742371183 (0.29000000000000004 -0.03161118768036098 0.0))
    (1.8979489744872435 (0.29000000000000004 -0.031404893018833265 0.0))
    (1.8989494747373685 (0.29000000000000004 -0.031198224598754713 0.0))
    (1.8999499749874935 (0.29000000000000004 -0.03099120510632682 0.0))
    (1.9009504752376187 (0.29000000000000004 -0.030783857266288607 0.0))
    (1.9019509754877437 (0.29000000000000004 -0.030576203839422354 0.0))
    (1.9029514757378687 (0.29000000000000004 -0.030368267620054713 0.0))
    (1.903951975987994 (0.29000000000000004 -0.03016007143355478 0.0))
    (1.904952476238119 (0.29000000000000004 -0.029951638133828583 0.0))
    (1.905952976488244 (0.29000000000000004 -0.029742990600810308 0.0))
    (1.9069534767383691 (0.29000000000000004 -0.02953415173795064 0.0))
    (1.9079539769884941 (0.29000000000000004 -0.029325144469702875 0.0))
    (1.908954477238619 (0.29000000000000004 -0.029115991739006232 0.0))
    (1.9099549774887443 (0.29000000000000004 -0.028906716504767452 0.0))
    (1.9109554777388693 (0.29000000000000004 -0.028697341739340836 0.0))
    (1.9119559779889943 (0.29000000000000004 -0.0284878904260061 0.0))
    (1.9129564782391195 (0.29000000000000004 -0.028278385556445747 0.0))
    (1.9139569784892445 (0.29000000000000004 -0.0280688501282213 0.0))
    (1.9149574787393695 (0.29000000000000004 -0.028 0.0))
    (1.9159579789894947 (0.29000000000000004 -0.028 0.0))
    (1.9169584792396197 (0.29000000000000004 -0.028 0.0))
    (1.9179589794897447 (0.29000000000000004 -0.028 0.0))
    (1.9189594797398697 (0.29000000000000004 -0.028 0.0))
    (1.919959979989995 (0.29000000000000004 -0.028 0.0))
    (1.92096048024012 (0.29000000000000004 -0.028 0.0))
    (1.9219609804902449 (0.29000000000000004 -0.028 0.0))
    (1.92296148074037 (0.29000000000000004 -0.028 0.0))
    (1.923961980990495 (0.29000000000000004 -0.028 0.0))
    (1.92496248124062 (0.29000000000000004 -0.028 0.0))
    (1.9259629814907453 (0.29000000000000004 -0.028 0.0))
    (1.9269634817408703 (0.29000000000000004 -0.028 0.0))
    (1.9279639819909953 (0.29000000000000004 -0.028 0.0))
    (1.9289644822411205 (0.29000000000000004 -0.028 0.0))
    (1.9299649824912455 (0.29000000000000004 -0.028 0.0))
    (1.9309654827413705 (0.29000000000000004 -0.028 0.0))
    (1.9319659829914957 (0.29000000000000004 -0.028 0.0))
    (1.9329664832416207 (0.29000000000000004 -0.028 0.0))
    (1.9339669834917457 (0.29000000000000004 -0.028 0.0))
    (1.9349674837418709 (0.29000000000000004 -0.028 0.0))
    (1.9359679839919959 (0.29000000000000004 -0.028 0.0))
    (1.9369684842421209 (0.29000000000000004 -0.028 0.0))
    (1.937968984492246 (0.29000000000000004 -0.028 0.0))
    (1.938969484742371 (0.29000000000000004 -0.028 0.0))
    (1.939969984992496 (0.29000000000000004 -0.028 0.0))
    (1.9409704852426213 (0.29000000000000004 -0.028 0.0))
    (1.9419709854927463 (0.29000000000000004 -0.028 0.0))
    (1.9429714857428713 (0.29000000000000004 -0.028 0.0))
    (1.9439719859929963 (0.29000000000000004 -0.028 0.0))
    (1.9449724862431215 (0.29000000000000004 -0.028 0.0))
    (1.9459729864932465 (0.29000000000000004 -0.028 0.0))
    (1.9469734867433715 (0.29000000000000004 -0.028 0.0))
    (1.9479739869934967 (0.29000000000000004 -0.028 0.0))
    (1.9489744872436217 (0.29000000000000004 -0.028 0.0))
    (1.9499749874937466 (0.29000000000000004 -0.028 0.0))
    (1.9509754877438719 (0.29000000000000004 -0.028 0.0))
    (1.9519759879939969 (0.29000000000000004 -0.028 0.0))
    (1.9529764882441218 (0.29000000000000004 -0.028 0.0))
    (1.953976988494247 (0.29000000000000004 -0.028 0.0))
    (1.954977488744372 (0.29000000000000004 -0.028 0.0))
    (1.955977988994497 (0.29000000000000004 -0.028 0.0))
    (1.9569784892446223 (0.29000000000000004 -0.028 0.0))
    (1.9579789894947472 (0.29000000000000004 -0.028 0.0))
    (1.9589794897448722 (0.29000000000000004 -0.028 0.0))
    (1.9599799899949975 (0.29000000000000004 -0.028 0.0))
    (1.9609804902451224 (0.29000000000000004 -0.028 0.0))
    (1.9619809904952474 (0.29000000000000004 -0.028 0.0))
    (1.9629814907453726 (0.29000000000000004 -0.028 0.0))
    (1.9639819909954976 (0.29000000000000004 -0.028 0.0))
    (1.9649824912456226 (0.29000000000000004 -0.028 0.0))
    (1.9659829914957476 (0.29000000000000004 -0.028 0.0))
    (1.9669834917458728 (0.29000000000000004 -0.028 0.0))
    (1.9679839919959978 (0.29000000000000004 -0.028 0.0))
    (1.9689844922461228 (0.29000000000000004 -0.028 0.0))
    (1.969984992496248 (0.29000000000000004 -0.028 0.0))
    (1.970985492746373 (0.29000000000000004 -0.028 0.0))
    (1.971985992996498 (0.29000000000000004 -0.028 0.0))
    (1.9729864932466232 (0.29000000000000004 -0.028 0.0))
    (1.9739869934967482 (0.29000000000000004 -0.028 0.0))
    (1.9749874937468732 (0.29000000000000004 -0.028 0.0))
    (1.9759879939969984 (0.29000000000000004 -0.028 0.0))
    (1.9769884942471234 (0.29000000000000004 -0.028 0.0))
    (1.9779889944972484 (0.29000000000000004 -0.028 0.0))
    (1.9789894947473736 (0.29000000000000004 -0.028 0.0))
    (1.9799899949974986 (0.29000000000000004 -0.028 0.0))
    (1.9809904952476236 (0.29000000000000004 -0.028 0.0))
    (1.9819909954977488 (0.29000000000000004 -0.028 0.0))
    (1.9829914957478738 (0.29000000000000004 -0.028 0.0))
    (1.9839919959979988 (0.29000000000000004 -0.028 0.0))
    (1.984992496248124 (0.29000000000000004 -0.028 0.0))
    (1.985992996498249 (0.29000000000000004 -0.028 0.0))
    (1.986993496748374 (0.29000000000000004 -0.028 0.0))
    (1.9879939969984992 (0.29000000000000004 -0.028 0.0))
    (1.9889944972486242 (0.29000000000000004 -0.028 0.0))
    (1.9899949974987492 (0.29000000000000004 -0.028 0.0))
    (1.9909954977488742 (0.29000000000000004 -0.028 0.0))
    (1.9919959979989994 (0.29000000000000004 -0.028 0.0))
    (1.9929964982491244 (0.29000000000000004 -0.028 0.0))
    (1.9939969984992494 (0.29000000000000004 -0.028 0.0))
    (1.9949974987493746 (0.29000000000000004 -0.028 0.0))
    (1.9959979989994996 (0.29000000000000004 -0.028 0.0))
    (1.9969984992496246 (0.29000000000000004 -0.028 0.0))
    (1.9979989994997498 (0.29000000000000004 -0.028 0.0))
    (1.9989994997498748 (0.29000000000000004 -0.028 0.0))
    (2.0 (0.29000000000000004 -0.028 0.0))
)
