(
    (0.0 (0.091 -0.009333333333333334 0.0))
    (0.001000250062515629 (0.091 -0.009333333333333334 0.0))
    (0.002000500125031258 (0.091 -0.009333333333333334 0.0))
    (0.003000750187546887 (0.091 -0.009333333333333334 0.0))
    (0.004001000250062516 (0.091 -0.009333333333333334 0.0))
    (0.005001250312578145 (0.091 -0.009333333333333334 0.0))
    (0.006001500375093774 (0.091 -0.009333333333333334 0.0))
    (0.007001750437609403 (0.091 -0.009333333333333334 0.0))
    (0.008002000500125032 (0.091 -0.009333333333333334 0.0))
    (0.009002250562640661 (0.091 -0.009333333333333334 0.0))
    (0.01000250062515629 (0.091 -0.009333333333333334 0.0))
    (0.01100275068767192 (0.091 -0.009333333333333334 0.0))
    (0.012003000750187547 (0.091 -0.009333333333333334 0.0))
    (0.013003250812703177 (0.091 -0.009333333333333334 0.0))
    (0.014003500875218806 (0.091 -0.009333333333333334 0.0))
    (0.015003750937734435 (0.091 -0.009333333333333334 0.0))
    (0.016004001000250064 (0.091 -0.009333333333333334 0.0))
    (0.017004251062765693 (0.091 -0.009333333333333334 0.0))
    (0.018004501125281323 (0.091 -0.009333333333333334 0.0))
    (0.019004751187796952 (0.091 -0.009333333333333334 0.0))
    (0.02000500125031258 (0.091 -0.009333333333333334 0.0))
    (0.02100525131282821 (0.091 -0.009333333333333334 0.0))
    (0.02200550137534384 (0.091 -0.009333333333333334 0.0))
    (0.02300575143785947 (0.091 -0.009333333333333334 0.0))
    (0.024006001500375095 (0.091 -0.009333333333333334 0.0))
    (0.025006251562890724 (0.091 -0.009333333333333334 0.0))
    (0.026006501625406353 (0.091 -0.009333333333333334 0.0))
    (0.027006751687921982 (0.091 -0.009333333333333334 0.0))
    (0.02800700175043761 (0.091 -0.009333333333333334 0.0))
    (0.02900725181295324 (0.091 -0.009333333333333334 0.0))
    (0.03000750187546887 (0.091 -0.009333333333333334 0.0))
    (0.0310077519379845 (0.091 -0.009333333333333334 0.0))
    (0.03200800200050013 (0.091 -0.009333333333333334 0.0))
    (0.033008252063015754 (0.091 -0.009333333333333334 0.0))
    (0.03400850212553139 (0.091 -0.009333333333333334 0.0))
    (0.03500875218804701 (0.091 -0.009333333333333334 0.0))
    (0.036009002250562645 (0.091 -0.009333333333333334 0.0))
    (0.03700925231307827 (0.091 -0.009333333333333334 0.0))
    (0.038009502375593904 (0.091 -0.009333333333333334 0.0))
    (0.03900975243810953 (0.091 -0.009333333333333334 0.0))
    (0.04001000250062516 (0.091 -0.009333333333333334 0.0))
    (0.04101025256314079 (0.091 -0.009333333333333334 0.0))
    (0.04201050262565642 (0.091 -0.009333333333333334 0.0))
    (0.043010752688172046 (0.091 -0.009333333333333334 0.0))
    (0.04401100275068768 (0.091 -0.009333333333333334 0.0))
    (0.045011252813203305 (0.091 -0.009333333333333334 0.0))
    (0.04601150287571894 (0.091 -0.009333333333333334 0.0))
    (0.04701175293823456 (0.091 -0.009333333333333334 0.0))
    (0.04801200300075019 (0.091 -0.009333333333333334 0.0))
    (0.04901225306326582 (0.091 -0.009333333333333334 0.0))
    (0.05001250312578145 (0.091 -0.009333333333333334 0.0))
    (0.05101275318829708 (0.091 -0.009333333333333334 0.0))
    (0.052013003250812706 (0.091 -0.009333333333333334 0.0))
    (0.05301325331332834 (0.091 -0.009333333333333334 0.0))
    (0.054013503375843964 (0.091 -0.009333333333333334 0.0))
    (0.0550137534383596 (0.091 -0.009333333333333334 0.0))
    (0.05601400350087522 (0.091 -0.009333333333333334 0.0))
    (0.057014253563390856 (0.091 -0.009333333333333334 0.0))
    (0.05801450362590648 (0.091 -0.009333333333333334 0.0))
    (0.059014753688422114 (0.091 -0.009333333333333334 0.0))
    (0.06001500375093774 (0.091 -0.009333333333333334 0.0))
    (0.06101525381345337 (0.091 -0.009333333333333334 0.0))
    (0.062015503875969 (0.091 -0.009333333333333334 0.0))
    (0.06301575393848463 (0.091 -0.009333333333333334 0.0))
    (0.06401600400100026 (0.091 -0.009333333333333334 0.0))
    (0.06501625406351588 (0.091 -0.009333333333333334 0.0))
    (0.06601650412603151 (0.091 -0.009333333333333334 0.0))
    (0.06701675418854715 (0.091 -0.009333333333333334 0.0))
    (0.06801700425106277 (0.091 -0.009333333333333334 0.0))
    (0.0690172543135784 (0.091 -0.009333333333333334 0.0))
    (0.07001750437609403 (0.091 -0.009333333333333334 0.0))
    (0.07101775443860966 (0.091 -0.009333333333333334 0.0))
    (0.07201800450112529 (0.091 -0.009333333333333334 0.0))
    (0.07301825456364092 (0.091 -0.009333333333333334 0.0))
    (0.07401850462615654 (0.091 -0.009333333333333334 0.0))
    (0.07501875468867218 (0.091 -0.009333333333333334 0.0))
    (0.07601900475118781 (0.091 -0.009333333333333334 0.0))
    (0.07701925481370343 (0.091 -0.009333333333333334 0.0))
    (0.07801950487621906 (0.091 -0.009333333333333334 0.0))
    (0.0790197549387347 (0.091 -0.009333333333333334 0.0))
    (0.08002000500125032 (0.091 -0.009333333333333334 0.0))
    (0.08102025506376595 (0.091 -0.009333333333333334 0.0))
    (0.08202050512628158 (0.091 -0.009333333333333334 0.0))
    (0.0830207551887972 (0.091 -0.009333333333333334 0.0))
    (0.08402100525131284 (0.091 -0.009333333333333334 0.0))
    (0.08502125531382847 (0.091 -0.009333333333333334 0.0))
    (0.08602150537634409 (0.091 -0.009333333333333334 0.0))
    (0.08702175543885972 (0.091 -0.009333333333333334 0.0))
    (0.08802200550137536 (0.091 -0.009333333333333334 0.0))
    (0.08902225556389098 (0.091 -0.009333333333333334 0.0))
    (0.09002250562640661 (0.091 -0.009333333333333334 0.0))
    (0.09102275568892224 (0.091 -0.009333333333333334 0.0))
    (0.09202300575143788 (0.091 -0.009333333333333334 0.0))
    (0.0930232558139535 (0.091 -0.009333333333333334 0.0))
    (0.09402350587646913 (0.091 -0.009333333333333334 0.0))
    (0.09502375593898475 (0.091 -0.009333333333333334 0.0))
    (0.09602400600150038 (0.091 -0.009333333333333334 0.0))
    (0.09702425606401602 (0.091 -0.009333333333333334 0.0))
    (0.09802450612653164 (0.091 -0.009333333333333334 0.0))
    (0.09902475618904727 (0.091 -0.009333333333333334 0.0))
    (0.1000250062515629 (0.091 -0.009333333333333334 0.0))
    (0.10102525631407853 (0.091 -0.009333333333333334 0.0))
    (0.10202550637659416 (0.091 -0.009333333333333334 0.0))
    (0.10302575643910979 (0.091 -0.009333333333333334 0.0))
    (0.10402600650162541 (0.091 -0.009333333333333334 0.0))
    (0.10502625656414105 (0.091 -0.009333333333333334 0.0))
    (0.10602650662665668 (0.091 -0.009333333333333334 0.0))
    (0.1070267566891723 (0.091 -0.009333333333333334 0.0))
    (0.10802700675168793 (0.091 -0.009333333333333334 0.0))
    (0.10902725681420357 (0.091 -0.009333333333333334 0.0))
    (0.1100275068767192 (0.091 -0.009333333333333334 0.0))
    (0.11102775693923482 (0.091 -0.009333333333333334 0.0))
    (0.11202800700175045 (0.091 -0.009333333333333334 0.0))
    (0.11302825706426607 (0.091 -0.009333333333333334 0.0))
    (0.11402850712678171 (0.091 -0.009333333333333334 0.0))
    (0.11502875718929734 (0.091 -0.009333333333333334 0.0))
    (0.11602900725181296 (0.091 -0.009333333333333334 0.0))
    (0.11702925731432859 (0.091 -0.009333333333333334 0.0))
    (0.11802950737684423 (0.091 -0.009333333333333334 0.0))
    (0.11902975743935985 (0.091 -0.009333333333333334 0.0))
    (0.12003000750187548 (0.091 -0.009333333333333334 0.0))
    (0.1210302575643911 (0.091 -0.009333333333333334 0.0))
    (0.12203050762690675 (0.091 -0.009333333333333334 0.0))
    (0.12303075768942237 (0.091 -0.009333333333333334 0.0))
    (0.124031007751938 (0.091 -0.009333333333333334 0.0))
    (0.12503125781445362 (0.091 -0.009333333333333334 0.0))
    (0.12603150787696926 (0.091 -0.009333333333333334 0.0))
    (0.12703175793948487 (0.091 -0.009333333333333334 0.0))
    (0.1280320080020005 (0.091 -0.009333333333333334 0.0))
    (0.12903225806451615 (0.091 -0.009333333333333334 0.0))
    (0.13003250812703177 (0.091 -0.009335602828690942 0.0))
    (0.1310327581895474 (0.091 -0.0094054320509524 0.0))
    (0.13203300825206302 (0.091 -0.009475253362822325 0.0))
    (0.13303325831457866 (0.091 -0.009545059103777311 0.0))
    (0.1340335083770943 (0.091 -0.00961484161500233 0.0))
    (0.1350337584396099 (0.091 -0.009684593240231024 0.0))
    (0.13603400850212555 (0.091 -0.009754306326585737 0.0))
    (0.1370342585646412 (0.091 -0.009823973225417143 0.0))
    (0.1380345086271568 (0.091 -0.009893586293143427 0.0))
    (0.13903475868967244 (0.091 -0.009963137892088926 0.0))
    (0.14003500875218805 (0.091 -0.010032620391322081 0.0))
    (0.1410352588147037 (0.091 -0.010102026167492695 0.0))
    (0.14203550887721933 (0.091 -0.010171347605668322 0.0))
    (0.14303575893973494 (0.091 -0.010240577100169752 0.0))
    (0.14403600900225058 (0.091 -0.010309707055405487 0.0))
    (0.1450362590647662 (0.091 -0.010378729886705077 0.0))
    (0.14603650912728183 (0.091 -0.01044763802115131 0.0))
    (0.14703675918979747 (0.091 -0.01051642389841106 0.0))
    (0.14803700925231308 (0.091 -0.010585079971564779 0.0))
    (0.14903725931482872 (0.091 -0.010653598707934534 0.0))
    (0.15003750937734436 (0.091 -0.010721972589910445 0.0))
    (0.15103775943985998 (0.091 -0.010790194115775491 0.0))
    (0.15203800950237562 (0.091 -0.010858255800528578 0.0))
    (0.15303825956489123 (0.091 -0.010926150176705757 0.0))
    (0.15403850962740687 (0.091 -0.010993869795199524 0.0))
    (0.1550387596899225 (0.091 -0.011061407226076115 0.0))
    (0.15603900975243812 (0.091 -0.011128755059390677 0.0))
    (0.15703925981495376 (0.091 -0.011195905906000272 0.0))
    (0.1580395098774694 (0.091 -0.011262852398374578 0.0))
    (0.159039759939985 (0.091 -0.011329587191404224 0.0))
    (0.16004001000250065 (0.091 -0.011396102963206672 0.0))
    (0.16104026006501626 (0.091 -0.011462392415929543 0.0))
    (0.1620405101275319 (0.091 -0.01152844827655131 0.0))
    (0.16304076019004754 (0.091 -0.01159426329767926 0.0))
    (0.16404101025256315 (0.091 -0.01165983025834466 0.0))
    (0.1650412603150788 (0.091 -0.01172514196479501 0.0))
    (0.1660415103775944 (0.091 -0.011790191251283302 0.0))
    (0.16704176044011004 (0.091 -0.011854970980854241 0.0))
    (0.16804201050262568 (0.091 -0.011919474046127261 0.0))
    (0.1690422605651413 (0.091 -0.011983693370076334 0.0))
    (0.17004251062765693 (0.091 -0.012047621906806432 0.0))
    (0.17104276069017257 (0.091 -0.012111252642326563 0.0))
    (0.17204301075268819 (0.091 -0.012174578595319334 0.0))
    (0.17304326081520383 (0.091 -0.01223759281790691 0.0))
    (0.17404351087771944 (0.091 -0.012300288396413303 0.0))
    (0.17504376094023508 (0.091 -0.01236265845212292 0.0))
    (0.17604401100275072 (0.091 -0.012424696142035261 0.0))
    (0.17704426106526633 (0.091 -0.012486394659615718 0.0))
    (0.17804451112778197 (0.091 -0.012547747235542353 0.0))
    (0.17904476119029758 (0.091 -0.0126087471384486 0.0))
    (0.18004501125281322 (0.091 -0.012669387675661812 0.0))
    (0.18104526131532886 (0.091 -0.012729662193937556 0.0))
    (0.18204551137784447 (0.091 -0.012789564080189563 0.0))
    (0.1830457614403601 (0.091 -0.012849086762215318 0.0))
    (0.18404601150287575 (0.091 -0.012908223709417115 0.0))
    (0.18504626156539136 (0.091 -0.012966968433518578 0.0))
    (0.186046511627907 (0.091 -0.013025314489276525 0.0))
    (0.1870467616904226 (0.091 -0.013083255475188122 0.0))
    (0.18804701175293825 (0.091 -0.013140785034193223 0.0))
    (0.1890472618154539 (0.091 -0.013197896854371848 0.0))
    (0.1900475118779695 (0.091 -0.013254584669636698 0.0))
    (0.19104776194048514 (0.091 -0.013310842260420654 0.0))
    (0.19204801200300076 (0.091 -0.013366663454359145 0.0))
    (0.1930482620655164 (0.091 -0.013422042126967383 0.0))
    (0.19404851212803204 (0.091 -0.013476972202312292 0.0))
    (0.19504876219054765 (0.091 -0.013531447653679154 0.0))
    (0.1960490122530633 (0.091 -0.013585462504232829 0.0))
    (0.19704926231557893 (0.091 -0.013639010827673506 0.0))
    (0.19804951237809454 (0.091 -0.013692086748886922 0.0))
    (0.19904976244061018 (0.091 -0.013744684444588956 0.0))
    (0.2000500125031258 (0.091 -0.013796798143964529 0.0))
    (0.20105026256564143 (0.091 -0.013848422129300765 0.0))
    (0.20205051262815707 (0.091 -0.013899550736614311 0.0))
    (0.20305076269067268 (0.091 -0.013950178356272765 0.0))
    (0.20405101275318832 (0.091 -0.014000299433610152 0.0))
    (0.20505126281570396 (0.091 -0.014049908469536354 0.0))
    (0.20605151287821957 (0.091 -0.014099000021140446 0.0))
    (0.2070517629407352 (0.091 -0.014147568702287876 0.0))
    (0.20805201300325082 (0.091 -0.014195609184211413 0.0))
    (0.20905226306576646 (0.091 -0.014243116196095794 0.0))
    (0.2100525131282821 (0.091 -0.014290084525656013 0.0))
    (0.21105276319079772 (0.091 -0.014336509019709207 0.0))
    (0.21205301325331335 (0.091 -0.014382384584740032 0.0))
    (0.21305326331582897 (0.091 -0.014427706187459498 0.0))
    (0.2140535133783446 (0.091 -0.014472468855357223 0.0))
    (0.21505376344086025 (0.091 -0.014516667677246978 0.0))
    (0.21605401350337586 (0.091 -0.014560297803805525 0.0))
    (0.2170542635658915 (0.091 -0.014603354448104688 0.0))
    (0.21805451362840714 (0.091 -0.01464583288613652 0.0))
    (0.21905476369092275 (0.091 -0.014687728457331631 0.0))
    (0.2200550137534384 (0.091 -0.01472903656507052 0.0))
    (0.221055263815954 (0.091 -0.014769752677187895 0.0))
    (0.22205551387846964 (0.091 -0.014809872326469922 0.0))
    (0.22305576394098528 (0.091 -0.014849391111144365 0.0))
    (0.2240560140035009 (0.091 -0.014888304695363511 0.0))
    (0.22505626406601653 (0.091 -0.0149266088096799 0.0))
    (0.22605651412853214 (0.091 -0.014964299251514736 0.0))
    (0.22705676419104778 (0.091 -0.015001371885618998 0.0))
    (0.22805701425356342 (0.091 -0.015037822644527122 0.0))
    (0.22905726431607903 (0.091 -0.015073647529003281 0.0))
    (0.23005751437859467 (0.091 -0.015108842608480166 0.0))
    (0.2310577644411103 (0.091 -0.015143404021490222 0.0))
    (0.23205801450362593 (0.091 -0.015177327976089325 0.0))
    (0.23305826456614157 (0.091 -0.015210610750272812 0.0))
    (0.23405851462865718 (0.091 -0.015243248692383844 0.0))
    (0.23505876469117282 (0.091 -0.015275238221514064 0.0))
    (0.23605901475368846 (0.091 -0.015306575827896463 0.0))
    (0.23705926481620407 (0.091 -0.015337258073290463 0.0))
    (0.2380595148787197 (0.091 -0.015367281591359168 0.0))
    (0.23905976494123535 (0.091 -0.015396643088038668 0.0))
    (0.24006001500375096 (0.091 -0.01542533934189948 0.0))
    (0.2410602650662666 (0.091 -0.015453367204499985 0.0))
    (0.2420605151287822 (0.091 -0.015480723600731853 0.0))
    (0.24306076519129785 (0.091 -0.015507405529157442 0.0))
    (0.2440610152538135 (0.091 -0.015533410062339098 0.0))
    (0.2450612653163291 (0.091 -0.015558734347160348 0.0))
    (0.24606151537884474 (0.091 -0.015583375605138929 0.0))
    (0.24706176544136035 (0.091 -0.015607331132731626 0.0))
    (0.248062015503876 (0.091 -0.015630598301630914 0.0))
    (0.24906226556639163 (0.091 -0.015653174559053303 0.0))
    (0.25006251562890724 (0.091 -0.015675057428019428 0.0))
    (0.2510627656914229 (0.091 -0.01569624450762582 0.0))
    (0.2520630157539385 (0.091 -0.015716733473308323 0.0))
    (0.25306326581645416 (0.091 -0.01573652207709712 0.0))
    (0.25406351587896975 (0.091 -0.015755608147863392 0.0))
    (0.2550637659414854 (0.091 -0.015773989591557513 0.0))
    (0.256064016004001 (0.091 -0.01579166439143881 0.0))
    (0.25706426606651667 (0.091 -0.01580863060829682 0.0))
    (0.2580645161290323 (0.091 -0.015824886380664066 0.0))
    (0.2590647661915479 (0.091 -0.01584042992502028 0.0))
    (0.26006501625406353 (0.091 -0.01585525953598809 0.0))
    (0.26106526631657917 (0.091 -0.01586937358652013 0.0))
    (0.2620655163790948 (0.091 -0.01588277052807753 0.0))
    (0.26306576644161045 (0.091 -0.01589544889079986 0.0))
    (0.26406601650412603 (0.091 -0.01590740728366635 0.0))
    (0.2650662665666417 (0.091 -0.01591864439464854 0.0))
    (0.2660665166291573 (0.091 -0.015929158990854213 0.0))
    (0.26706676669167295 (0.091 -0.01593894991866268 0.0))
    (0.2680670167541886 (0.091 -0.01594801610385133 0.0))
    (0.26906726681670423 (0.091 -0.015956356551713503 0.0))
    (0.2700675168792198 (0.091 -0.015963970347167622 0.0))
    (0.27106776694173546 (0.091 -0.015970856654857597 0.0))
    (0.2720680170042511 (0.091 -0.015977014719244474 0.0))
    (0.27306826706676673 (0.091 -0.015982443864689312 0.0))
    (0.2740685171292824 (0.091 -0.015987143495527347 0.0))
    (0.27506876719179796 (0.091 -0.015991113096133318 0.0))
    (0.2760690172543136 (0.091 -0.015994352230978053 0.0))
    (0.27706926731682924 (0.091 -0.01599686054467624 0.0))
    (0.2780695173793449 (0.091 -0.01599863776202544 0.0))
    (0.2790697674418605 (0.091 -0.015999683688036254 0.0))
    (0.2800700175043761 (0.091 -0.01599999820795374 0.0))
    (0.28107026756689174 (0.091 -0.01599958128727 0.0))
    (0.2820705176294074 (0.091 -0.015998432971727948 0.0))
    (0.283070767691923 (0.091 -0.015996553387316308 0.0))
    (0.28407101775443866 (0.091 -0.01599394274025579 0.0))
    (0.28507126781695424 (0.091 -0.015990601316976463 0.0))
    (0.2860715178794699 (0.091 -0.01598652948408632 0.0))
    (0.2870717679419855 (0.091 -0.015981727688331067 0.0))
    (0.28807201800450116 (0.091 -0.0159761964565451 0.0))
    (0.2890722680670168 (0.091 -0.015969936395593708 0.0))
    (0.2900725181295324 (0.091 -0.015962948192306484 0.0))
    (0.291072768192048 (0.091 -0.015955232613401985 0.0))
    (0.29207301825456367 (0.091 -0.015946790505403582 0.0))
    (0.2930732683170793 (0.091 -0.01593762279454661 0.0))
    (0.29407351837959494 (0.091 -0.01592773048667673 0.0))
    (0.2950737684421106 (0.091 -0.015917114667139576 0.0))
    (0.29607401850462617 (0.091 -0.015905776500661675 0.0))
    (0.2970742685671418 (0.091 -0.015893717231222654 0.0))
    (0.29807451862965745 (0.091 -0.01588093818191877 0.0))
    (0.2990747686921731 (0.091 -0.015867440754817715 0.0))
    (0.3000750187546887 (0.091 -0.015853226430804824 0.0))
    (0.3010752688172043 (0.091 -0.01583829676942057 0.0))
    (0.30207551887971995 (0.091 -0.015822653408689467 0.0))
    (0.3030757689422356 (0.091 -0.01580629806494035 0.0))
    (0.30407601900475123 (0.091 -0.01578923253261808 0.0))
    (0.30507626906726687 (0.091 -0.015771458684086633 0.0))
    (0.30607651912978245 (0.091 -0.015752978469423713 0.0))
    (0.3070767691922981 (0.091 -0.015733793916206752 0.0))
    (0.30807701925481373 (0.091 -0.015713907129290494 0.0))
    (0.3090772693173294 (0.091 -0.015693320290576032 0.0))
    (0.310077519379845 (0.091 -0.015672035658771424 0.0))
    (0.3110777694423606 (0.091 -0.01565005556914388 0.0))
    (0.31207801950487624 (0.091 -0.015627382433263545 0.0))
    (0.3130782695673919 (0.091 -0.015604018738738908 0.0))
    (0.3140785196299075 (0.091 -0.015579967048943877 0.0))
    (0.31507876969242316 (0.091 -0.015555230002736523 0.0))
    (0.3160790197549388 (0.091 -0.01552981031416957 0.0))
    (0.3170792698174544 (0.091 -0.015503710772192616 0.0))
    (0.31807951987997 (0.091 -0.015476934240346123 0.0))
    (0.31907976994248566 (0.091 -0.015449483656447268 0.0))
    (0.3200800200050013 (0.091 -0.015421362032267601 0.0))
    (0.32108027006751694 (0.091 -0.015392572453202604 0.0))
    (0.3220805201300325 (0.091 -0.015363118077933183 0.0))
    (0.32308077019254816 (0.091 -0.015333002138079092 0.0))
    (0.3240810202550638 (0.091 -0.015302227937844397 0.0))
    (0.32508127031757944 (0.091 -0.015270798853654934 0.0))
    (0.3260815203800951 (0.091 -0.015238718333787865 0.0))
    (0.32708177044261066 (0.091 -0.01520598989799335 0.0))
    (0.3280820205051263 (0.091 -0.015172617137108362 0.0))
    (0.32908227056764194 (0.091 -0.015138603712662731 0.0))
    (0.3300825206301576 (0.091 -0.015103953356477403 0.0))
    (0.3310827706926732 (0.091 -0.015068669870255007 0.0))
    (0.3320830207551888 (0.091 -0.015032757125162737 0.0))
    (0.33308327081770445 (0.091 -0.01499621906140763 0.0))
    (0.3340835208802201 (0.091 -0.014959059687804269 0.0))
    (0.3350837709427357 (0.091 -0.014921283081334925 0.0))
    (0.33608402100525137 (0.091 -0.014882893386702283 0.0))
    (0.33708427106776695 (0.091 -0.014843894815874673 0.0))
    (0.3380845211302826 (0.091 -0.014804291647623952 0.0))
    (0.33908477119279823 (0.091 -0.014764088227056073 0.0))
    (0.34008502125531387 (0.091 -0.014723288965134338 0.0))
    (0.3410852713178295 (0.091 -0.014681898338195451 0.0))
    (0.34208552138034515 (0.091 -0.014639920887458389 0.0))
    (0.34308577144286073 (0.091 -0.014597361218526166 0.0))
    (0.34408602150537637 (0.091 -0.014554224000880502 0.0))
    (0.345086271567892 (0.091 -0.014510513967369538 0.0))
    (0.34608652163040765 (0.091 -0.01446623591368854 0.0))
    (0.3470867716929233 (0.091 -0.014421394697853748 0.0))
    (0.3480870217554389 (0.091 -0.014375995239669363 0.0))
    (0.3490872718179545 (0.091 -0.014330042520187766 0.0))
    (0.35008752188047015 (0.091 -0.014283541581163038 0.0))
    (0.3510877719429858 (0.091 -0.014236497524497758 0.0))
    (0.35208802200550143 (0.091 -0.01418891551168329 0.0))
    (0.353088272068017 (0.091 -0.01414080076323344 0.0))
    (0.35408852213053266 (0.091 -0.014092158558111707 0.0))
    (0.3550887721930483 (0.091 -0.014042994233152088 0.0))
    (0.35608902225556394 (0.091 -0.013993313182473547 0.0))
    (0.3570892723180796 (0.091 -0.013943120856888185 0.0))
    (0.35808952238059516 (0.091 -0.013892422763303207 0.0))
    (0.3590897724431108 (0.091 -0.013841224464116706 0.0))
    (0.36009002250562644 (0.091 -0.013789531576607412 0.0))
    (0.3610902725681421 (0.091 -0.013737349772318351 0.0))
    (0.3620905226306577 (0.091 -0.013684684776434614 0.0))
    (0.36309077269317336 (0.091 -0.013631542367155185 0.0))
    (0.36409102275568894 (0.091 -0.013577928375059011 0.0))
    (0.3650912728182046 (0.091 -0.013523848682465254 0.0))
    (0.3660915228807202 (0.091 -0.013469309222787941 0.0))
    (0.36709177294323586 (0.091 -0.013414315979884963 0.0))
    (0.3680920230057515 (0.091 -0.013358874987401532 0.0))
    (0.3690922730682671 (0.091 -0.013302992328108224 0.0))
    (0.3700925231307827 (0.091 -0.013246674133233563 0.0))
    (0.37109277319329836 (0.091 -0.013189926581791364 0.0))
    (0.372093023255814 (0.091 -0.013132755899902772 0.0))
    (0.37309327331832964 (0.091 -0.013075168360113163 0.0))
    (0.3740935233808452 (0.091 -0.013017170280703948 0.0))
    (0.37509377344336087 (0.091 -0.012958768024999338 0.0))
    (0.3760940235058765 (0.091 -0.012899968000668218 0.0))
    (0.37709427356839215 (0.091 -0.012840776659021093 0.0))
    (0.3780945236309078 (0.091 -0.012781200494302286 0.0))
    (0.37909477369342337 (0.091 -0.012721246042977419 0.0))
    (0.380095023755939 (0.091 -0.01266091988301624 0.0))
    (0.38109527381845465 (0.091 -0.01260022863317094 0.0))
    (0.3820955238809703 (0.091 -0.012539178952249952 0.0))
    (0.38309577394348593 (0.091 -0.012477777538387374 0.0))
    (0.3840960240060015 (0.091 -0.012416031128308079 0.0))
    (0.38509627406851715 (0.091 -0.012353946496588577 0.0))
    (0.3860965241310328 (0.091 -0.012291530454913761 0.0))
    (0.38709677419354843 (0.091 -0.012228789851329521 0.0))
    (0.38809702425606407 (0.091 -0.012165731569491436 0.0))
    (0.3890972743185797 (0.091 -0.012102362527909498 0.0))
    (0.3900975243810953 (0.091 -0.012038689679189063 0.0))
    (0.39109777444361093 (0.091 -0.011974720009268011 0.0))
    (0.3920980245061266 (0.091 -0.011910460536650312 0.0))
    (0.3930982745686422 (0.091 -0.011845918311635948 0.0))
    (0.39409852463115785 (0.091 -0.01178110041554741 0.0))
    (0.39509877469367344 (0.091 -0.01171601395995274 0.0))
    (0.3960990247561891 (0.091 -0.011650666085885282 0.0))
    (0.3970992748187047 (0.091 -0.011585063963060216 0.0))
    (0.39809952488122036 (0.091 -0.011519214789087896 0.0))
    (0.399099774943736 (0.091 -0.011453125788684178 0.0))
    (0.4001000250062516 (0.091 -0.011386804212877744 0.0))
    (0.4011002750687672 (0.091 -0.011320257338214528 0.0))
    (0.40210052513128286 (0.091 -0.011253492465959407 0.0))
    (0.4031007751937985 (0.091 -0.01118651692129509 0.0))
    (0.40410102525631414 (0.091 -0.011119338052518454 0.0))
    (0.4051012753188297 (0.091 -0.011051963230234307 0.0))
    (0.40610152538134536 (0.091 -0.010984399846546707 0.0))
    (0.407101775443861 (0.091 -0.01091665531424795 0.0))
    (0.40810202550637664 (0.091 -0.010848737066005244 0.0))
    (0.4091022755688923 (0.091 -0.01078065255354525 0.0))
    (0.4101025256314079 (0.091 -0.010712409246836476 0.0))
    (0.4111027756939235 (0.091 -0.010644014633269739 0.0))
    (0.41210302575643915 (0.091 -0.010575476216836636 0.0))
    (0.4131032758189548 (0.091 -0.010506801517306267 0.0))
    (0.4141035258814704 (0.091 -0.010437998069400193 0.0))
    (0.41510377594398606 (0.091 -0.01036907342196573 0.0))
    (0.41610402600650165 (0.091 -0.010300035137147752 0.0))
    (0.4171042760690173 (0.091 -0.010230890789558971 0.0))
    (0.4181045261315329 (0.091 -0.01016164796544891 0.0))
    (0.41910477619404857 (0.091 -0.010092314261871536 0.0))
    (0.4201050262565642 (0.091 -0.010022897285851777 0.0))
    (0.4211052763190798 (0.091 -0.009953404653550883 0.0))
    (0.42210552638159543 (0.091 -0.009883843989430804 0.0))
    (0.42310577644411107 (0.091 -0.009814222925417702 0.0))
    (0.4241060265066267 (0.091 -0.009744549100064559 0.0))
    (0.42510627656914235 (0.091 -0.009674830157713143 0.0))
    (0.42610652663165793 (0.091 -0.009605073747655278 0.0))
    (0.4271067766941736 (0.091 -0.009535287523293587 0.0))
    (0.4281070267566892 (0.091 -0.009465479141301827 0.0))
    (0.42910727681920485 (0.091 -0.00939565626078478 0.0))
    (0.4301075268817205 (0.091 -0.009333333333333334 0.0))
    (0.43110777694423613 (0.091 -0.009333333333333334 0.0))
    (0.4321080270067517 (0.091 -0.009333333333333334 0.0))
    (0.43310827706926736 (0.091 -0.009333333333333334 0.0))
    (0.434108527131783 (0.091 -0.009333333333333334 0.0))
    (0.43510877719429863 (0.091 -0.009333333333333334 0.0))
    (0.4361090272568143 (0.091 -0.009333333333333334 0.0))
    (0.43710927731932986 (0.091 -0.009333333333333334 0.0))
    (0.4381095273818455 (0.091 -0.009333333333333334 0.0))
    (0.43910977744436114 (0.091 -0.009333333333333334 0.0))
    (0.4401100275068768 (0.091 -0.009333333333333334 0.0))
    (0.4411102775693924 (0.091 -0.009333333333333334 0.0))
    (0.442110527631908 (0.091 -0.009333333333333334 0.0))
    (0.44311077769442364 (0.091 -0.009333333333333334 0.0))
    (0.4441110277569393 (0.091 -0.009333333333333334 0.0))
    (0.4451112778194549 (0.091 -0.009333333333333334 0.0))
    (0.44611152788197056 (0.091 -0.009333333333333334 0.0))
    (0.44711177794448614 (0.091 -0.009333333333333334 0.0))
    (0.4481120280070018 (0.091 -0.009333333333333334 0.0))
    (0.4491122780695174 (0.091 -0.009333333333333334 0.0))
    (0.45011252813203306 (0.091 -0.009333333333333334 0.0))
    (0.4511127781945487 (0.091 -0.009333333333333334 0.0))
    (0.4521130282570643 (0.091 -0.009333333333333334 0.0))
    (0.4531132783195799 (0.091 -0.009333333333333334 0.0))
    (0.45411352838209557 (0.091 -0.009333333333333334 0.0))
    (0.4551137784446112 (0.091 -0.009333333333333334 0.0))
    (0.45611402850712685 (0.091 -0.009333333333333334 0.0))
    (0.4571142785696425 (0.091 -0.009333333333333334 0.0))
    (0.45811452863215807 (0.091 -0.009333333333333334 0.0))
    (0.4591147786946737 (0.091 -0.009333333333333334 0.0))
    (0.46011502875718935 (0.091 -0.009333333333333334 0.0))
    (0.461115278819705 (0.091 -0.009333333333333334 0.0))
    (0.4621155288822206 (0.091 -0.009333333333333334 0.0))
    (0.4631157789447362 (0.091 -0.009333333333333334 0.0))
    (0.46411602900725185 (0.091 -0.009333333333333334 0.0))
    (0.4651162790697675 (0.091 -0.009333333333333334 0.0))
    (0.46611652913228313 (0.091 -0.009333333333333334 0.0))
    (0.46711677919479877 (0.091 -0.009333333333333334 0.0))
    (0.46811702925731435 (0.091 -0.009333333333333334 0.0))
    (0.46911727931983 (0.091 -0.009333333333333334 0.0))
    (0.47011752938234563 (0.091 -0.009333333333333334 0.0))
    (0.4711177794448613 (0.091 -0.009333333333333334 0.0))
    (0.4721180295073769 (0.091 -0.009333333333333334 0.0))
    (0.4731182795698925 (0.091 -0.009333333333333334 0.0))
    (0.47411852963240814 (0.091 -0.009333333333333334 0.0))
    (0.4751187796949238 (0.091 -0.009333333333333334 0.0))
    (0.4761190297574394 (0.091 -0.009333333333333334 0.0))
    (0.47711927981995506 (0.091 -0.009333333333333334 0.0))
    (0.4781195298824707 (0.091 -0.009333333333333334 0.0))
    (0.4791197799449863 (0.091 -0.009333333333333334 0.0))
    (0.4801200300075019 (0.091 -0.009333333333333334 0.0))
    (0.48112028007001756 (0.091 -0.009333333333333334 0.0))
    (0.4821205301325332 (0.091 -0.009333333333333334 0.0))
    (0.48312078019504884 (0.091 -0.009333333333333334 0.0))
    (0.4841210302575644 (0.091 -0.009333333333333334 0.0))
    (0.48512128032008006 (0.091 -0.009333333333333334 0.0))
    (0.4861215303825957 (0.091 -0.009333333333333334 0.0))
    (0.48712178044511134 (0.091 -0.009333333333333334 0.0))
    (0.488122030507627 (0.091 -0.009333333333333334 0.0))
    (0.48912228057014256 (0.091 -0.009333333333333334 0.0))
    (0.4901225306326582 (0.091 -0.009333333333333334 0.0))
    (0.49112278069517384 (0.091 -0.009333333333333334 0.0))
    (0.4921230307576895 (0.091 -0.009333333333333334 0.0))
    (0.4931232808202051 (0.091 -0.009333333333333334 0.0))
    (0.4941235308827207 (0.091 -0.009333333333333334 0.0))
    (0.49512378094523635 (0.091 -0.009333333333333334 0.0))
    (0.496124031007752 (0.091 -0.009333333333333334 0.0))
    (0.4971242810702676 (0.091 -0.009333333333333334 0.0))
    (0.49812453113278327 (0.091 -0.009333333333333334 0.0))
    (0.49912478119529885 (0.091 -0.009333333333333334 0.0))
    (0.5001250312578145 (0.091 -0.009333333333333334 0.0))
    (0.5011252813203302 (0.091 -0.009333333333333334 0.0))
    (0.5021255313828458 (0.091 -0.009333333333333334 0.0))
    (0.5031257814453614 (0.091 -0.009333333333333334 0.0))
    (0.504126031507877 (0.091 -0.009333333333333334 0.0))
    (0.5051262815703926 (0.091 -0.009333333333333334 0.0))
    (0.5061265316329083 (0.091 -0.009333333333333334 0.0))
    (0.5071267816954239 (0.091 -0.009333333333333334 0.0))
    (0.5081270317579395 (0.091 -0.009333333333333334 0.0))
    (0.5091272818204552 (0.091 -0.009333333333333334 0.0))
    (0.5101275318829708 (0.091 -0.009333333333333334 0.0))
    (0.5111277819454865 (0.091 -0.009333333333333334 0.0))
    (0.512128032008002 (0.091 -0.009333333333333334 0.0))
    (0.5131282820705176 (0.091 -0.009333333333333334 0.0))
    (0.5141285321330333 (0.091 -0.009333333333333334 0.0))
    (0.5151287821955489 (0.091 -0.009333333333333334 0.0))
    (0.5161290322580646 (0.091 -0.009333333333333334 0.0))
    (0.5171292823205802 (0.091 -0.009333333333333334 0.0))
    (0.5181295323830958 (0.091 -0.009333333333333334 0.0))
    (0.5191297824456115 (0.091 -0.009333333333333334 0.0))
    (0.5201300325081271 (0.091 -0.009333333333333334 0.0))
    (0.5211302825706428 (0.091 -0.009333333333333334 0.0))
    (0.5221305326331583 (0.091 -0.009333333333333334 0.0))
    (0.5231307826956739 (0.091 -0.009333333333333334 0.0))
    (0.5241310327581896 (0.091 -0.009333333333333334 0.0))
    (0.5251312828207052 (0.091 -0.009333333333333334 0.0))
    (0.5261315328832209 (0.091 -0.009333333333333334 0.0))
    (0.5271317829457365 (0.091 -0.009333333333333334 0.0))
    (0.5281320330082521 (0.091 -0.009333333333333334 0.0))
    (0.5291322830707678 (0.091 -0.009333333333333334 0.0))
    (0.5301325331332833 (0.091 -0.009333333333333334 0.0))
    (0.531132783195799 (0.091 -0.009333333333333334 0.0))
    (0.5321330332583146 (0.091 -0.009333333333333334 0.0))
    (0.5331332833208302 (0.091 -0.009333333333333334 0.0))
    (0.5341335333833459 (0.091 -0.009333333333333334 0.0))
    (0.5351337834458615 (0.091 -0.009333333333333334 0.0))
    (0.5361340335083772 (0.091 -0.009333333333333334 0.0))
    (0.5371342835708928 (0.091 -0.009333333333333334 0.0))
    (0.5381345336334085 (0.091 -0.009333333333333334 0.0))
    (0.539134783695924 (0.091 -0.009333333333333334 0.0))
    (0.5401350337584396 (0.091 -0.009333333333333334 0.0))
    (0.5411352838209553 (0.091 -0.009333333333333334 0.0))
    (0.5421355338834709 (0.091 -0.009333333333333334 0.0))
    (0.5431357839459866 (0.091 -0.009333333333333334 0.0))
    (0.5441360340085022 (0.091 -0.009333333333333334 0.0))
    (0.5451362840710178 (0.091 -0.009333333333333334 0.0))
    (0.5461365341335335 (0.091 -0.009333333333333334 0.0))
    (0.547136784196049 (0.091 -0.009333333333333334 0.0))
    (0.5481370342585647 (0.091 -0.009333333333333334 0.0))
    (0.5491372843210803 (0.091 -0.009333333333333334 0.0))
    (0.5501375343835959 (0.091 -0.009333333333333334 0.0))
    (0.5511377844461116 (0.091 -0.009333333333333334 0.0))
    (0.5521380345086272 (0.091 -0.009333333333333334 0.0))
    (0.5531382845711429 (0.091 -0.009333333333333334 0.0))
    (0.5541385346336585 (0.091 -0.009333333333333334 0.0))
    (0.5551387846961741 (0.091 -0.009333333333333334 0.0))
    (0.5561390347586898 (0.091 -0.009333333333333334 0.0))
    (0.5571392848212053 (0.091 -0.009333333333333334 0.0))
    (0.558139534883721 (0.091 -0.009333333333333334 0.0))
    (0.5591397849462366 (0.091 -0.009333333333333334 0.0))
    (0.5601400350087522 (0.091 -0.009333333333333334 0.0))
    (0.5611402850712679 (0.091 -0.009333333333333334 0.0))
    (0.5621405351337835 (0.091 -0.009333333333333334 0.0))
    (0.5631407851962992 (0.091 -0.009333333333333334 0.0))
    (0.5641410352588148 (0.091 -0.009333333333333334 0.0))
    (0.5651412853213303 (0.091 -0.009333333333333334 0.0))
    (0.566141535383846 (0.091 -0.009333333333333334 0.0))
    (0.5671417854463616 (0.091 -0.009333333333333334 0.0))
    (0.5681420355088773 (0.091 -0.009333333333333334 0.0))
    (0.5691422855713929 (0.091 -0.009333333333333334 0.0))
    (0.5701425356339085 (0.091 -0.009333333333333334 0.0))
    (0.5711427856964242 (0.091 -0.009333333333333334 0.0))
    (0.5721430357589398 (0.091 -0.009333333333333334 0.0))
    (0.5731432858214555 (0.091 -0.009333333333333334 0.0))
    (0.574143535883971 (0.091 -0.009333333333333334 0.0))
    (0.5751437859464866 (0.091 -0.009333333333333334 0.0))
    (0.5761440360090023 (0.091 -0.009333333333333334 0.0))
    (0.5771442860715179 (0.091 -0.009333333333333334 0.0))
    (0.5781445361340336 (0.091 -0.009333333333333334 0.0))
    (0.5791447861965492 (0.091 -0.009333333333333334 0.0))
    (0.5801450362590648 (0.091 -0.009333333333333334 0.0))
    (0.5811452863215805 (0.091 -0.009333333333333334 0.0))
    (0.582145536384096 (0.091 -0.009333333333333334 0.0))
    (0.5831457864466117 (0.091 -0.009333333333333334 0.0))
    (0.5841460365091273 (0.091 -0.009333333333333334 0.0))
    (0.585146286571643 (0.091 -0.009333333333333334 0.0))
    (0.5861465366341586 (0.091 -0.009333333333333334 0.0))
    (0.5871467866966742 (0.091 -0.009333333333333334 0.0))
    (0.5881470367591899 (0.091 -0.009333333333333334 0.0))
    (0.5891472868217055 (0.091 -0.009333333333333334 0.0))
    (0.5901475368842212 (0.091 -0.009333333333333334 0.0))
    (0.5911477869467368 (0.091 -0.009333333333333334 0.0))
    (0.5921480370092523 (0.091 -0.009333333333333334 0.0))
    (0.593148287071768 (0.091 -0.009333333333333334 0.0))
    (0.5941485371342836 (0.091 -0.009333333333333334 0.0))
    (0.5951487871967993 (0.091 -0.009333333333333334 0.0))
    (0.5961490372593149 (0.091 -0.009333333333333334 0.0))
    (0.5971492873218305 (0.091 -0.009333333333333334 0.0))
    (0.5981495373843462 (0.091 -0.009333333333333334 0.0))
    (0.5991497874468618 (0.091 -0.009333333333333334 0.0))
    (0.6001500375093775 (0.091 -0.009333333333333334 0.0))
    (0.601150287571893 (0.091 -0.009333333333333334 0.0))
    (0.6021505376344086 (0.091 -0.009333333333333334 0.0))
    (0.6031507876969243 (0.091 -0.009333333333333334 0.0))
    (0.6041510377594399 (0.091 -0.009333333333333334 0.0))
    (0.6051512878219556 (0.091 -0.009333333333333334 0.0))
    (0.6061515378844712 (0.091 -0.009333333333333334 0.0))
    (0.6071517879469868 (0.091 -0.009333333333333334 0.0))
    (0.6081520380095025 (0.091 -0.009333333333333334 0.0))
    (0.609152288072018 (0.091 -0.009333333333333334 0.0))
    (0.6101525381345337 (0.091 -0.009333333333333334 0.0))
    (0.6111527881970493 (0.091 -0.009333333333333334 0.0))
    (0.6121530382595649 (0.091 -0.009333333333333334 0.0))
    (0.6131532883220806 (0.091 -0.009333333333333334 0.0))
    (0.6141535383845962 (0.091 -0.009333333333333334 0.0))
    (0.6151537884471119 (0.091 -0.009333333333333334 0.0))
    (0.6161540385096275 (0.091 -0.009333333333333334 0.0))
    (0.617154288572143 (0.091 -0.009333333333333334 0.0))
    (0.6181545386346587 (0.091 -0.009333333333333334 0.0))
    (0.6191547886971743 (0.091 -0.009333333333333334 0.0))
    (0.62015503875969 (0.091 -0.009333333333333334 0.0))
    (0.6211552888222056 (0.091 -0.009333333333333334 0.0))
    (0.6221555388847212 (0.091 -0.009333333333333334 0.0))
    (0.6231557889472369 (0.091 -0.009333333333333334 0.0))
    (0.6241560390097525 (0.091 -0.009333333333333334 0.0))
    (0.6251562890722682 (0.091 -0.009333333333333334 0.0))
    (0.6261565391347838 (0.091 -0.009333333333333334 0.0))
    (0.6271567891972993 (0.091 -0.009333333333333334 0.0))
    (0.628157039259815 (0.091 -0.009333333333333334 0.0))
    (0.6291572893223306 (0.091 -0.009333333333333334 0.0))
    (0.6301575393848463 (0.091 -0.009333333333333334 0.0))
    (0.6311577894473619 (0.091 -0.009333333333333334 0.0))
    (0.6321580395098776 (0.091 -0.009333333333333334 0.0))
    (0.6331582895723932 (0.091 -0.009333333333333334 0.0))
    (0.6341585396349088 (0.091 -0.009333333333333334 0.0))
    (0.6351587896974245 (0.091 -0.009333333333333334 0.0))
    (0.63615903975994 (0.091 -0.009333333333333334 0.0))
    (0.6371592898224557 (0.091 -0.009333333333333334 0.0))
    (0.6381595398849713 (0.091 -0.009333333333333334 0.0))
    (0.6391597899474869 (0.091 -0.009333333333333334 0.0))
    (0.6401600400100026 (0.091 -0.009333333333333334 0.0))
    (0.6411602900725182 (0.091 -0.009333333333333334 0.0))
    (0.6421605401350339 (0.091 -0.009333333333333334 0.0))
    (0.6431607901975495 (0.091 -0.009333333333333334 0.0))
    (0.644161040260065 (0.091 -0.009333333333333334 0.0))
    (0.6451612903225807 (0.091 -0.009333333333333334 0.0))
    (0.6461615403850963 (0.091 -0.009333333333333334 0.0))
    (0.647161790447612 (0.091 -0.009333333333333334 0.0))
    (0.6481620405101276 (0.091 -0.009333333333333334 0.0))
    (0.6491622905726432 (0.091 -0.009333333333333334 0.0))
    (0.6501625406351589 (0.091 -0.009333333333333334 0.0))
    (0.6511627906976745 (0.091 -0.009333333333333334 0.0))
    (0.6521630407601902 (0.091 -0.009333333333333334 0.0))
    (0.6531632908227057 (0.091 -0.009333333333333334 0.0))
    (0.6541635408852213 (0.091 -0.009333333333333334 0.0))
    (0.655163790947737 (0.091 -0.009333333333333334 0.0))
    (0.6561640410102526 (0.091 -0.009333333333333334 0.0))
    (0.6571642910727683 (0.091 -0.009333333333333334 0.0))
    (0.6581645411352839 (0.091 -0.009333333333333334 0.0))
    (0.6591647911977995 (0.091 -0.009333333333333334 0.0))
    (0.6601650412603152 (0.091 -0.009333333333333334 0.0))
    (0.6611652913228308 (0.091 -0.009333333333333334 0.0))
    (0.6621655413853464 (0.091 -0.009333333333333334 0.0))
    (0.663165791447862 (0.091 -0.009333333333333334 0.0))
    (0.6641660415103776 (0.091 -0.009333333333333334 0.0))
    (0.6651662915728933 (0.091 -0.009333333333333334 0.0))
    (0.6661665416354089 (0.091 -0.009333333333333334 0.0))
    (0.6671667916979246 (0.091 -0.009333333333333334 0.0))
    (0.6681670417604402 (0.091 -0.009333333333333334 0.0))
    (0.6691672918229558 (0.091 -0.009333333333333334 0.0))
    (0.6701675418854715 (0.091 -0.009333333333333334 0.0))
    (0.671167791947987 (0.091 -0.009333333333333334 0.0))
    (0.6721680420105027 (0.091 -0.009333333333333334 0.0))
    (0.6731682920730183 (0.091 -0.009333333333333334 0.0))
    (0.6741685421355339 (0.091 -0.009333333333333334 0.0))
    (0.6751687921980496 (0.091 -0.009333333333333334 0.0))
    (0.6761690422605652 (0.091 -0.009333333333333334 0.0))
    (0.6771692923230809 (0.091 -0.009333333333333334 0.0))
    (0.6781695423855965 (0.091 -0.009333333333333334 0.0))
    (0.6791697924481122 (0.091 -0.009333333333333334 0.0))
    (0.6801700425106277 (0.091 -0.009333333333333334 0.0))
    (0.6811702925731433 (0.091 -0.009333333333333334 0.0))
    (0.682170542635659 (0.091 -0.009333333333333334 0.0))
    (0.6831707926981746 (0.091 -0.009333333333333334 0.0))
    (0.6841710427606903 (0.091 -0.009333333333333334 0.0))
    (0.6851712928232059 (0.091 -0.009333333333333334 0.0))
    (0.6861715428857215 (0.091 -0.009333333333333334 0.0))
    (0.6871717929482372 (0.091 -0.009333333333333334 0.0))
    (0.6881720430107527 (0.091 -0.009333333333333334 0.0))
    (0.6891722930732684 (0.091 -0.009333333333333334 0.0))
    (0.690172543135784 (0.091 -0.009333333333333334 0.0))
    (0.6911727931982996 (0.091 -0.009333333333333334 0.0))
    (0.6921730432608153 (0.091 -0.009333333333333334 0.0))
    (0.6931732933233309 (0.091 -0.009333333333333334 0.0))
    (0.6941735433858466 (0.091 -0.009333333333333334 0.0))
    (0.6951737934483622 (0.091 -0.009333333333333334 0.0))
    (0.6961740435108777 (0.091 -0.009333333333333334 0.0))
    (0.6971742935733934 (0.091 -0.009333333333333334 0.0))
    (0.698174543635909 (0.091 -0.009333333333333334 0.0))
    (0.6991747936984247 (0.091 -0.009333333333333334 0.0))
    (0.7001750437609403 (0.091 -0.009333333333333334 0.0))
    (0.7011752938234559 (0.091 -0.009333333333333334 0.0))
    (0.7021755438859716 (0.091 -0.009333333333333334 0.0))
    (0.7031757939484872 (0.091 -0.009333333333333334 0.0))
    (0.7041760440110029 (0.091 -0.009333333333333334 0.0))
    (0.7051762940735185 (0.091 -0.009333333333333334 0.0))
    (0.706176544136034 (0.091 -0.009333333333333334 0.0))
    (0.7071767941985497 (0.091 -0.009333333333333334 0.0))
    (0.7081770442610653 (0.091 -0.009333333333333334 0.0))
    (0.709177294323581 (0.091 -0.009333333333333334 0.0))
    (0.7101775443860966 (0.091 -0.009333333333333334 0.0))
    (0.7111777944486122 (0.091 -0.009333333333333334 0.0))
    (0.7121780445111279 (0.091 -0.009333333333333334 0.0))
    (0.7131782945736435 (0.091 -0.009333333333333334 0.0))
    (0.7141785446361592 (0.091 -0.009333333333333334 0.0))
    (0.7151787946986747 (0.091 -0.009333333333333334 0.0))
    (0.7161790447611903 (0.091 -0.009333333333333334 0.0))
    (0.717179294823706 (0.091 -0.009333333333333334 0.0))
    (0.7181795448862216 (0.091 -0.009333333333333334 0.0))
    (0.7191797949487373 (0.091 -0.009333333333333334 0.0))
    (0.7201800450112529 (0.091 -0.009333333333333334 0.0))
    (0.7211802950737685 (0.091 -0.009333333333333334 0.0))
    (0.7221805451362842 (0.091 -0.009333333333333334 0.0))
    (0.7231807951987997 (0.091 -0.009333333333333334 0.0))
    (0.7241810452613154 (0.091 -0.009333333333333334 0.0))
    (0.725181295323831 (0.091 -0.009333333333333334 0.0))
    (0.7261815453863467 (0.091 -0.009333333333333334 0.0))
    (0.7271817954488623 (0.091 -0.009333333333333334 0.0))
    (0.7281820455113779 (0.091 -0.009333333333333334 0.0))
    (0.7291822955738936 (0.091 -0.009333333333333334 0.0))
    (0.7301825456364092 (0.091 -0.009346077415133575 0.0))
    (0.7311827956989249 (0.091 -0.009415905939238293 0.0))
    (0.7321830457614404 (0.091 -0.00948572540379709 0.0))
    (0.733183295823956 (0.091 -0.009555528148489251 0.0))
    (0.7341835458864717 (0.091 -0.009625306514828486 0.0))
    (0.7351837959489873 (0.091 -0.009695052847003192 0.0))
    (0.736184046011503 (0.091 -0.009764759492716447 0.0))
    (0.7371842960740186 (0.091 -0.009834418804025568 0.0))
    (0.7381845461365342 (0.091 -0.009904023138181218 0.0))
    (0.7391847961990499 (0.091 -0.00997356485846594 0.0))
    (0.7401850462615654 (0.091 -0.010043036335032028 0.0))
    (0.7411852963240811 (0.091 -0.010112429945738655 0.0))
    (0.7421855463865967 (0.091 -0.01018173807698811 0.0))
    (0.7431857964491123 (0.091 -0.010250953124561167 0.0))
    (0.744186046511628 (0.091 -0.010320067494451404 0.0))
    (0.7451862965741436 (0.091 -0.010389073603698326 0.0))
    (0.7461865466366593 (0.091 -0.010457963881219402 0.0))
    (0.7471867966991749 (0.091 -0.01052673076864068 0.0))
    (0.7481870467616905 (0.091 -0.010595366721126133 0.0))
    (0.7491872968242062 (0.091 -0.010663864208205377 0.0))
    (0.7501875468867217 (0.091 -0.01073221571459991 0.0))
    (0.7511877969492374 (0.091 -0.010800413741047697 0.0))
    (0.752188047011753 (0.091 -0.010868450805125888 0.0))
    (0.7531882970742686 (0.091 -0.010936319442071822 0.0))
    (0.7541885471367843 (0.091 -0.011004012205602019 0.0))
    (0.7551887971992999 (0.091 -0.011071521668729118 0.0))
    (0.7561890472618156 (0.091 -0.011138840424576796 0.0))
    (0.7571892973243312 (0.091 -0.011205961087192363 0.0))
    (0.7581895473868467 (0.091 -0.011272876292357181 0.0))
    (0.7591897974493624 (0.091 -0.011339578698394595 0.0))
    (0.760190047511878 (0.091 -0.011406060986975422 0.0))
    (0.7611902975743937 (0.091 -0.011472315863920956 0.0))
    (0.7621905476369093 (0.091 -0.01153833606000317 0.0))
    (0.7631907976994249 (0.091 -0.011604114331742334 0.0))
    (0.7641910477619406 (0.091 -0.011669643462201725 0.0))
    (0.7651912978244562 (0.091 -0.011734916261779409 0.0))
    (0.7661915478869719 (0.091 -0.011799925568997106 0.0))
    (0.7671917979494874 (0.091 -0.011864664251285871 0.0))
    (0.768192048012003 (0.091 -0.011929125205768705 0.0))
    (0.7691922980745187 (0.091 -0.01199330136003981 0.0))
    (0.7701925481370343 (0.091 -0.01205718567294055 0.0))
    (0.77119279819955 (0.091 -0.012120771135332026 0.0))
    (0.7721930482620656 (0.091 -0.01218405077086402 0.0))
    (0.7731932983245813 (0.091 -0.012247017636740477 0.0))
    (0.7741935483870969 (0.091 -0.01230966482448119 0.0))
    (0.7751937984496124 (0.091 -0.012371985460679826 0.0))
    (0.7761940485121281 (0.091 -0.012433972707758008 0.0))
    (0.7771942985746437 (0.091 -0.0124956197647155 0.0))
    (0.7781945486371594 (0.091 -0.012556919867876444 0.0))
    (0.779194798699675 (0.091 -0.012617866291631367 0.0))
    (0.7801950487621906 (0.091 -0.012678452349175156 0.0))
    (0.7811952988247063 (0.091 -0.01273867139324067 0.0))
    (0.7821955488872219 (0.091 -0.01279851681682806 0.0))
    (0.7831957989497376 (0.091 -0.012857982053929677 0.0))
    (0.7841960490122531 (0.091 -0.012917060580250442 0.0))
    (0.7851962990747687 (0.091 -0.012975745913923689 0.0))
    (0.7861965491372844 (0.091 -0.01303403161622234 0.0))
    (0.7871967991998 (0.091 -0.013091911292265293 0.0))
    (0.7881970492623157 (0.091 -0.013149378591719087 0.0))
    (0.7891972993248313 (0.091 -0.01320642720949462 0.0))
    (0.7901975493873469 (0.091 -0.013263050886438914 0.0))
    (0.7911977994498626 (0.091 -0.013319243410021862 0.0))
    (0.7921980495123782 (0.091 -0.013374998615017801 0.0))
    (0.7931982995748939 (0.091 -0.013430310384182012 0.0))
    (0.7941985496374094 (0.091 -0.013485172648921791 0.0))
    (0.795198799699925 (0.091 -0.01353957938996234 0.0))
    (0.7961990497624407 (0.091 -0.013593524638007155 0.0))
    (0.7971992998249563 (0.091 -0.013647002474392936 0.0))
    (0.798199549887472 (0.091 -0.013700007031738994 0.0))
    (0.7991997999499876 (0.091 -0.013752532494590956 0.0))
    (0.8002000500125032 (0.091 -0.013804573100058871 0.0))
    (0.8012003000750189 (0.091 -0.013856123138449439 0.0))
    (0.8022005501375344 (0.091 -0.013907176953892465 0.0))
    (0.8032008002000501 (0.091 -0.013957728944961445 0.0))
    (0.8042010502625657 (0.091 -0.01400777356528806 0.0))
    (0.8052013003250813 (0.091 -0.014057305324170759 0.0))
    (0.806201550387597 (0.091 -0.014106318787177167 0.0))
    (0.8072018004501126 (0.091 -0.0141548085767403 0.0))
    (0.8082020505126283 (0.091 -0.014202769372748612 0.0))
    (0.8092023005751439 (0.091 -0.014250195913129655 0.0))
    (0.8102025506376594 (0.091 -0.014297082994427463 0.0))
    (0.8112028007001751 (0.091 -0.014343425472373411 0.0))
    (0.8122030507626907 (0.091 -0.01438921826245063 0.0))
    (0.8132033008252064 (0.091 -0.014434456340451901 0.0))
    (0.814203550887722 (0.091 -0.014479134743030832 0.0))
    (0.8152038009502377 (0.091 -0.014523248568246466 0.0))
    (0.8162040510127533 (0.091 -0.014566792976101065 0.0))
    (0.8172043010752689 (0.091 -0.014609763189071177 0.0))
    (0.8182045511377846 (0.091 -0.014652154492631773 0.0))
    (0.8192048012003001 (0.091 -0.014693962235773506 0.0))
    (0.8202050512628158 (0.091 -0.014735181831513042 0.0))
    (0.8212053013253314 (0.091 -0.014775808757396272 0.0))
    (0.822205551387847 (0.091 -0.014815838555994533 0.0))
    (0.8232058014503627 (0.091 -0.01485526683539366 0.0))
    (0.8242060515128783 (0.091 -0.014894089269675823 0.0))
    (0.825206301575394 (0.091 -0.014932301599394182 0.0))
    (0.8262065516379096 (0.091 -0.01496989963204019 0.0))
    (0.8272068017004252 (0.091 -0.015006879242503601 0.0))
    (0.8282070517629408 (0.091 -0.015043236373525053 0.0))
    (0.8292073018254564 (0.091 -0.0150789670361412 0.0))
    (0.8302075518879721 (0.091 -0.01511406731012239 0.0))
    (0.8312078019504877 (0.091 -0.01514853334440276 0.0))
    (0.8322080520130033 (0.091 -0.015182361357502769 0.0))
    (0.833208302075519 (0.091 -0.01521554763794409 0.0))
    (0.8342085521380346 (0.091 -0.015248088544656792 0.0))
    (0.8352088022005503 (0.091 -0.015279980507378872 0.0))
    (0.8362090522630659 (0.091 -0.015311220027047927 0.0))
    (0.8372093023255814 (0.091 -0.015341803676185074 0.0))
    (0.8382095523880971 (0.091 -0.015371728099271016 0.0))
    (0.8392098024506127 (0.091 -0.015400990013114157 0.0))
    (0.8402100525131284 (0.091 -0.015429586207210862 0.0))
    (0.841210302575644 (0.091 -0.015457513544097672 0.0))
    (0.8422105526381596 (0.091 -0.015484768959695555 0.0))
    (0.8432108027006753 (0.091 -0.015511349463646074 0.0))
    (0.8442110527631909 (0.091 -0.015537252139639465 0.0))
    (0.8452113028257066 (0.091 -0.015562474145734643 0.0))
    (0.8462115528882221 (0.091 -0.01558701271467096 0.0))
    (0.8472118029507377 (0.091 -0.01561086515417185 0.0))
    (0.8482120530132534 (0.091 -0.015634028847240213 0.0))
    (0.849212303075769 (0.091 -0.015656501252445523 0.0))
    (0.8502125531382847 (0.091 -0.01567827990420268 0.0))
    (0.8512128032008003 (0.091 -0.015699362413042522 0.0))
    (0.8522130532633159 (0.091 -0.01571974646587399 0.0))
    (0.8532133033258316 (0.091 -0.015739429826237897 0.0))
    (0.8542135533883471 (0.091 -0.015758410334552327 0.0))
    (0.8552138034508628 (0.091 -0.01577668590834956 0.0))
    (0.8562140535133784 (0.091 -0.01579425454250455 0.0))
    (0.857214303575894 (0.091 -0.015811114309454928 0.0))
    (0.8582145536384097 (0.091 -0.015827263359412487 0.0))
    (0.8592148037009253 (0.091 -0.015842699920566135 0.0))
    (0.860215053763441 (0.091 -0.015857422299276273 0.0))
    (0.8612153038259566 (0.091 -0.015871428880260642 0.0))
    (0.8622155538884723 (0.091 -0.015884718126771523 0.0))
    (0.8632158039509878 (0.091 -0.015897288580764356 0.0))
    (0.8642160540135034 (0.091 -0.01590913886305771 0.0))
    (0.8652163040760191 (0.091 -0.01592026767348459 0.0))
    (0.8662165541385347 (0.091 -0.015930673791035098 0.0))
    (0.8672168042010504 (0.091 -0.015940356073990403 0.0))
    (0.868217054263566 (0.091 -0.015949313460047982 0.0))
    (0.8692173043260816 (0.091 -0.015957544966438197 0.0))
    (0.8702175543885973 (0.091 -0.01596504969003211 0.0))
    (0.8712178044511129 (0.091 -0.015971826807440567 0.0))
    (0.8722180545136285 (0.091 -0.015977875575104543 0.0))
    (0.8732183045761441 (0.091 -0.015983195329376722 0.0))
    (0.8742185546386597 (0.091 -0.015987785486594307 0.0))
    (0.8752188047011754 (0.091 -0.01599164554314306 0.0))
    (0.876219054763691 (0.091 -0.015994775075512554 0.0))
    (0.8772193048262067 (0.091 -0.01599717374034264 0.0))
    (0.8782195548887223 (0.091 -0.015998841274461127 0.0))
    (0.8792198049512379 (0.091 -0.01599977749491263 0.0))
    (0.8802200550137536 (0.091 -0.015999982298978685 0.0))
    (0.8812203050762691 (0.091 -0.015999455664188977 0.0))
    (0.8822205551387848 (0.091 -0.015998197648323838 0.0))
    (0.8832208052013004 (0.091 -0.015996208389407882 0.0))
    (0.884221055263816 (0.091 -0.015993488105694884 0.0))
    (0.8852213053263317 (0.091 -0.01599003709564381 0.0))
    (0.8862215553888473 (0.091 -0.015985855737886096 0.0))
    (0.887221805451363 (0.091 -0.01598094449118409 0.0))
    (0.8882220555138786 (0.091 -0.015975303894380725 0.0))
    (0.8892223055763941 (0.091 -0.015968934566340392 0.0))
    (0.8902225556389098 (0.091 -0.015961837205881048 0.0))
    (0.8912228057014254 (0.091 -0.01595401259169754 0.0))
    (0.8922230557639411 (0.091 -0.015945461582276183 0.0))
    (0.8932233058264567 (0.091 -0.015936185115800545 0.0))
    (0.8942235558889723 (0.091 -0.01592618421004853 0.0))
    (0.895223805951488 (0.091 -0.015915459962280713 0.0))
    (0.8962240560140036 (0.091 -0.015904013549119946 0.0))
    (0.8972243060765193 (0.091 -0.01589184622642226 0.0))
    (0.8982245561390348 (0.091 -0.015878959329139096 0.0))
    (0.8992248062015504 (0.091 -0.015865354271170817 0.0))
    (0.9002250562640661 (0.091 -0.015851032545211585 0.0))
    (0.9012253063265817 (0.091 -0.015835995722585604 0.0))
    (0.9022255563890974 (0.091 -0.015820245453074706 0.0))
    (0.903225806451613 (0.091 -0.015803783464737344 0.0))
    (0.9042260565141286 (0.091 -0.015786611563719 0.0))
    (0.9052263065766443 (0.091 -0.01576873163405402 0.0))
    (0.9062265566391599 (0.091 -0.015750145637458912 0.0))
    (0.9072268067016755 (0.091 -0.015730855613117094 0.0))
    (0.9082270567641911 (0.091 -0.015710863677455195 0.0))
    (0.9092273068267068 (0.091 -0.015690172023910813 0.0))
    (0.9102275568892224 (0.091 -0.01566878292269189 0.0))
    (0.911227806951738 (0.091 -0.015646698720527617 0.0))
    (0.9122280570142537 (0.091 -0.01562392184041095 0.0))
    (0.9132283070767693 (0.091 -0.015600454781332804 0.0))
    (0.914228557139285 (0.091 -0.01557630011800784 0.0))
    (0.9152288072018006 (0.091 -0.015551460500591988 0.0))
    (0.9162290572643161 (0.091 -0.015525938654391686 0.0))
    (0.9172293073268318 (0.091 -0.015499737379564867 0.0))
    (0.9182295573893474 (0.091 -0.015472859550813733 0.0))
    (0.9192298074518631 (0.091 -0.015445308117069364 0.0))
    (0.9202300575143787 (0.091 -0.015417086101168157 0.0))
    (0.9212303075768943 (0.091 -0.01538819659952019 0.0))
    (0.92223055763941 (0.091 -0.015358642781769481 0.0))
    (0.9232308077019256 (0.091 -0.015328427890446236 0.0))
    (0.9242310577644413 (0.091 -0.015297555240611084 0.0))
    (0.9252313078269568 (0.091 -0.015266028219491376 0.0))
    (0.9262315578894724 (0.091 -0.015233850286109537 0.0))
    (0.9272318079519881 (0.091 -0.015201024970903539 0.0))
    (0.9282320580145037 (0.091 -0.015167555875339613 0.0))
    (0.9292323080770194 (0.091 -0.015133446671517042 0.0))
    (0.930232558139535 (0.091 -0.015098701101765321 0.0))
    (0.9312328082020506 (0.091 -0.015063322978233536 0.0))
    (0.9322330582645663 (0.091 -0.015027316182472123 0.0))
    (0.9332333083270818 (0.091 -0.014990684665006995 0.0))
    (0.9342335583895975 (0.091 -0.014953432444906104 0.0))
    (0.9352338084521131 (0.091 -0.014915563609338493 0.0))
    (0.9362340585146287 (0.091 -0.014877082313125853 0.0))
    (0.9372343085771444 (0.091 -0.014837992778286688 0.0))
    (0.93823455863966 (0.091 -0.01479829929357308 0.0))
    (0.9392348087021757 (0.091 -0.014758006214000138 0.0))
    (0.9402350587646913 (0.091 -0.014717117960368226 0.0))
    (0.9412353088272069 (0.091 -0.014675639018777853 0.0))
    (0.9422355588897225 (0.091 -0.014633573940137538 0.0))
    (0.9432358089522381 (0.091 -0.014590927339664501 0.0))
    (0.9442360590147538 (0.091 -0.014547703896378241 0.0))
    (0.9452363090772694 (0.091 -0.01450390835258725 0.0))
    (0.946236559139785 (0.091 -0.014459545513368656 0.0))
    (0.9472368092023007 (0.091 -0.014414620246041012 0.0))
    (0.9482370592648163 (0.091 -0.014369137479630346 0.0))
    (0.949237309327332 (0.091 -0.014323102204329297 0.0))
    (0.9502375593898476 (0.091 -0.014276519470949637 0.0))
    (0.9512378094523631 (0.091 -0.014229394390368116 0.0))
    (0.9522380595148788 (0.091 -0.014181732132965714 0.0))
    (0.9532383095773944 (0.091 -0.01413353792806037 0.0))
    (0.9542385596399101 (0.091 -0.014084817063333237 0.0))
    (0.9552388097024257 (0.091 -0.01403557488424854 0.0))
    (0.9562390597649414 (0.091 -0.013985816793467082 0.0))
    (0.957239309827457 (0.091 -0.013935548250253536 0.0))
    (0.9582395598899726 (0.091 -0.013884774769877376 0.0))
    (0.9592398099524883 (0.091 -0.013833501923007852 0.0))
    (0.9602400600150038 (0.091 -0.013781735335102793 0.0))
    (0.9612403100775195 (0.091 -0.01372948068579132 0.0))
    (0.9622405601400351 (0.091 -0.013676743708250816 0.0))
    (0.9632408102025507 (0.091 -0.01362353018857781 0.0))
    (0.9642410602650664 (0.091 -0.013569845965153196 0.0))
    (0.965241310327582 (0.091 -0.013515696928001655 0.0))
    (0.9662415603900977 (0.091 -0.01346108901814543 0.0))
    (0.9672418104526133 (0.091 -0.013406028226952492 0.0))
    (0.9682420605151288 (0.091 -0.013350520595479198 0.0))
    (0.9692423105776445 (0.091 -0.013294572213807483 0.0))
    (0.9702425606401601 (0.091 -0.01323818922037669 0.0))
    (0.9712428107026758 (0.091 -0.013181377801310073 0.0))
    (0.9722430607651914 (0.091 -0.013124144189736085 0.0))
    (0.973243310827707 (0.091 -0.013066494665104502 0.0))
    (0.9742435608902227 (0.091 -0.01300843555249746 0.0))
    (0.9752438109527383 (0.091 -0.012949973221935532 0.0))
    (0.976244061015254 (0.091 -0.012891114087678741 0.0))
    (0.9772443110777695 (0.091 -0.01283186460752293 0.0))
    (0.9782445611402851 (0.091 -0.012772231282091154 0.0))
    (0.9792448112028008 (0.091 -0.012712220654120457 0.0))
    (0.9802450612653164 (0.091 -0.012651839307744106 0.0))
    (0.9812453113278321 (0.091 -0.012591093867769118 0.0))
    (0.9822455613903477 (0.091 -0.012529990998949456 0.0))
    (0.9832458114528633 (0.091 -0.012468537405254786 0.0))
    (0.984246061515379 (0.091 -0.012406739829134948 0.0))
    (0.9852463115778946 (0.091 -0.012344605050780201 0.0))
    (0.9862465616404102 (0.091 -0.012282139887377324 0.0))
    (0.9872468117029258 (0.091 -0.012219351192361658 0.0))
    (0.9882470617654414 (0.091 -0.012156245854665178 0.0))
    (0.9892473118279571 (0.091 -0.012092830797960672 0.0))
    (0.9902475618904727 (0.091 -0.01202911297990209 0.0))
    (0.9912478119529884 (0.091 -0.011965099391361169 0.0))
    (0.992248062015504 (0.091 -0.011900797055660486 0.0))
    (0.9932483120780196 (0.091 -0.011836213027802767 0.0))
    (0.9942485621405353 (0.091 -0.01177135439369694 0.0))
    (0.9952488122030508 (0.091 -0.011706228269380703 0.0))
    (0.9962490622655665 (0.091 -0.011640841800239658 0.0))
    (0.9972493123280821 (0.091 -0.011575202160223513 0.0))
    (0.9982495623905977 (0.091 -0.011509316551058869 0.0))
    (0.9992498124531134 (0.091 -0.01144319220145907 0.0))
    (1.000250062515629 (0.091 -0.011376836366331206 0.0))
    (1.0012503125781447 (0.091 -0.011310256325980013 0.0))
    (1.0022505626406604 (0.091 -0.011243459385309155 0.0))
    (1.0032508127031758 (0.091 -0.011176452873019804 0.0))
    (1.0042510627656915 (0.091 -0.011109244140806445 0.0))
    (1.0052513128282072 (0.091 -0.011041840562550385 0.0))
    (1.0062515628907227 (0.091 -0.01097424953351072 0.0))
    (1.0072518129532384 (0.091 -0.010906478469512844 0.0))
    (1.008252063015754 (0.091 -0.010838534806134927 0.0))
    (1.0092523130782696 (0.091 -0.010770425997892104 0.0))
    (1.0102525631407853 (0.091 -0.0107021595174185 0.0))
    (1.011252813203301 (0.091 -0.010633742854647452 0.0))
    (1.0122530632658167 (0.091 -0.010565183515989745 0.0))
    (1.0132533133283321 (0.091 -0.010496489023509987 0.0))
    (1.0142535633908478 (0.091 -0.010427666914101298 0.0))
    (1.0152538134533635 (0.091 -0.010358724738658507 0.0))
    (1.016254063515879 (0.091 -0.010289670061249586 0.0))
    (1.0172543135783947 (0.091 -0.010220510458285748 0.0))
    (1.0182545636409104 (0.091 -0.010151253517690308 0.0))
    (1.0192548137034259 (0.091 -0.010081906838066045 0.0))
    (1.0202550637659416 (0.091 -0.010012478027861527 0.0))
    (1.0212553138284572 (0.091 -0.009942974704536438 0.0))
    (1.022255563890973 (0.091 -0.009873404493725693 0.0))
    (1.0232558139534884 (0.091 -0.009803775028402906 0.0))
    (1.024256064016004 (0.091 -0.009734093948042788 0.0))
    (1.0252563140785198 (0.091 -0.009664368897783092 0.0))
    (1.0262565641410353 (0.091 -0.009594607527585815 0.0))
    (1.027256814203551 (0.091 -0.00952481749139776 0.0))
    (1.0282570642660667 (0.091 -0.009455006446310891 0.0))
    (1.0292573143285824 (0.091 -0.00938518205172221 0.0))
    (1.0302575643910978 (0.091 -0.009333333333333334 0.0))
    (1.0312578144536135 (0.091 -0.009333333333333334 0.0))
    (1.0322580645161292 (0.091 -0.009333333333333334 0.0))
    (1.0332583145786447 (0.091 -0.009333333333333334 0.0))
    (1.0342585646411604 (0.091 -0.009333333333333334 0.0))
    (1.035258814703676 (0.091 -0.009333333333333334 0.0))
    (1.0362590647661916 (0.091 -0.009333333333333334 0.0))
    (1.0372593148287073 (0.091 -0.009333333333333334 0.0))
    (1.038259564891223 (0.091 -0.009333333333333334 0.0))
    (1.0392598149537386 (0.091 -0.009333333333333334 0.0))
    (1.0402600650162541 (0.091 -0.009333333333333334 0.0))
    (1.0412603150787698 (0.091 -0.009333333333333334 0.0))
    (1.0422605651412855 (0.091 -0.009333333333333334 0.0))
    (1.043260815203801 (0.091 -0.009333333333333334 0.0))
    (1.0442610652663167 (0.091 -0.009333333333333334 0.0))
    (1.0452613153288324 (0.091 -0.009333333333333334 0.0))
    (1.0462615653913478 (0.091 -0.009333333333333334 0.0))
    (1.0472618154538635 (0.091 -0.009333333333333334 0.0))
    (1.0482620655163792 (0.091 -0.009333333333333334 0.0))
    (1.049262315578895 (0.091 -0.009333333333333334 0.0))
    (1.0502625656414104 (0.091 -0.009333333333333334 0.0))
    (1.051262815703926 (0.091 -0.009333333333333334 0.0))
    (1.0522630657664418 (0.091 -0.009333333333333334 0.0))
    (1.0532633158289573 (0.091 -0.009333333333333334 0.0))
    (1.054263565891473 (0.091 -0.009333333333333334 0.0))
    (1.0552638159539887 (0.091 -0.009333333333333334 0.0))
    (1.0562640660165041 (0.091 -0.009333333333333334 0.0))
    (1.0572643160790198 (0.091 -0.009333333333333334 0.0))
    (1.0582645661415355 (0.091 -0.009333333333333334 0.0))
    (1.0592648162040512 (0.091 -0.009333333333333334 0.0))
    (1.0602650662665667 (0.091 -0.009333333333333334 0.0))
    (1.0612653163290824 (0.091 -0.009333333333333334 0.0))
    (1.062265566391598 (0.091 -0.009333333333333334 0.0))
    (1.0632658164541136 (0.091 -0.009333333333333334 0.0))
    (1.0642660665166292 (0.091 -0.009333333333333334 0.0))
    (1.065266316579145 (0.091 -0.009333333333333334 0.0))
    (1.0662665666416604 (0.091 -0.009333333333333334 0.0))
    (1.0672668167041761 (0.091 -0.009333333333333334 0.0))
    (1.0682670667666918 (0.091 -0.009333333333333334 0.0))
    (1.0692673168292075 (0.091 -0.009333333333333334 0.0))
    (1.070267566891723 (0.091 -0.009333333333333334 0.0))
    (1.0712678169542387 (0.091 -0.009333333333333334 0.0))
    (1.0722680670167544 (0.091 -0.009333333333333334 0.0))
    (1.0732683170792698 (0.091 -0.009333333333333334 0.0))
    (1.0742685671417855 (0.091 -0.009333333333333334 0.0))
    (1.0752688172043012 (0.091 -0.009333333333333334 0.0))
    (1.076269067266817 (0.091 -0.009333333333333334 0.0))
    (1.0772693173293324 (0.091 -0.009333333333333334 0.0))
    (1.078269567391848 (0.091 -0.009333333333333334 0.0))
    (1.0792698174543638 (0.091 -0.009333333333333334 0.0))
    (1.0802700675168793 (0.091 -0.009333333333333334 0.0))
    (1.081270317579395 (0.091 -0.009333333333333334 0.0))
    (1.0822705676419107 (0.091 -0.009333333333333334 0.0))
    (1.0832708177044261 (0.091 -0.009333333333333334 0.0))
    (1.0842710677669418 (0.091 -0.009333333333333334 0.0))
    (1.0852713178294575 (0.091 -0.009333333333333334 0.0))
    (1.0862715678919732 (0.091 -0.009333333333333334 0.0))
    (1.0872718179544887 (0.091 -0.009333333333333334 0.0))
    (1.0882720680170044 (0.091 -0.009333333333333334 0.0))
    (1.08927231807952 (0.091 -0.009333333333333334 0.0))
    (1.0902725681420355 (0.091 -0.009333333333333334 0.0))
    (1.0912728182045512 (0.091 -0.009333333333333334 0.0))
    (1.092273068267067 (0.091 -0.009333333333333334 0.0))
    (1.0932733183295824 (0.091 -0.009333333333333334 0.0))
    (1.094273568392098 (0.091 -0.009333333333333334 0.0))
    (1.0952738184546138 (0.091 -0.009333333333333334 0.0))
    (1.0962740685171295 (0.091 -0.009333333333333334 0.0))
    (1.097274318579645 (0.091 -0.009333333333333334 0.0))
    (1.0982745686421607 (0.091 -0.009333333333333334 0.0))
    (1.0992748187046764 (0.091 -0.009333333333333334 0.0))
    (1.1002750687671918 (0.091 -0.009333333333333334 0.0))
    (1.1012753188297075 (0.091 -0.009333333333333334 0.0))
    (1.1022755688922232 (0.091 -0.009333333333333334 0.0))
    (1.1032758189547387 (0.091 -0.009333333333333334 0.0))
    (1.1042760690172544 (0.091 -0.009333333333333334 0.0))
    (1.10527631907977 (0.091 -0.009333333333333334 0.0))
    (1.1062765691422858 (0.091 -0.009333333333333334 0.0))
    (1.1072768192048013 (0.091 -0.009333333333333334 0.0))
    (1.108277069267317 (0.091 -0.009333333333333334 0.0))
    (1.1092773193298326 (0.091 -0.009333333333333334 0.0))
    (1.1102775693923481 (0.091 -0.009333333333333334 0.0))
    (1.1112778194548638 (0.091 -0.009333333333333334 0.0))
    (1.1122780695173795 (0.091 -0.009333333333333334 0.0))
    (1.113278319579895 (0.091 -0.009333333333333334 0.0))
    (1.1142785696424107 (0.091 -0.009333333333333334 0.0))
    (1.1152788197049264 (0.091 -0.009333333333333334 0.0))
    (1.116279069767442 (0.091 -0.009333333333333334 0.0))
    (1.1172793198299575 (0.091 -0.009333333333333334 0.0))
    (1.1182795698924732 (0.091 -0.009333333333333334 0.0))
    (1.119279819954989 (0.091 -0.009333333333333334 0.0))
    (1.1202800700175044 (0.091 -0.009333333333333334 0.0))
    (1.12128032008002 (0.091 -0.009333333333333334 0.0))
    (1.1222805701425358 (0.091 -0.009333333333333334 0.0))
    (1.1232808202050515 (0.091 -0.009333333333333334 0.0))
    (1.124281070267567 (0.091 -0.009333333333333334 0.0))
    (1.1252813203300827 (0.091 -0.009333333333333334 0.0))
    (1.1262815703925984 (0.091 -0.009333333333333334 0.0))
    (1.1272818204551138 (0.091 -0.009333333333333334 0.0))
    (1.1282820705176295 (0.091 -0.009333333333333334 0.0))
    (1.1292823205801452 (0.091 -0.009333333333333334 0.0))
    (1.1302825706426607 (0.091 -0.009333333333333334 0.0))
    (1.1312828207051764 (0.091 -0.009333333333333334 0.0))
    (1.132283070767692 (0.091 -0.009333333333333334 0.0))
    (1.1332833208302078 (0.091 -0.009333333333333334 0.0))
    (1.1342835708927232 (0.091 -0.009333333333333334 0.0))
    (1.135283820955239 (0.091 -0.009333333333333334 0.0))
    (1.1362840710177546 (0.091 -0.009333333333333334 0.0))
    (1.13728432108027 (0.091 -0.009333333333333334 0.0))
    (1.1382845711427858 (0.091 -0.009333333333333334 0.0))
    (1.1392848212053015 (0.091 -0.009333333333333334 0.0))
    (1.140285071267817 (0.091 -0.009333333333333334 0.0))
    (1.1412853213303327 (0.091 -0.009333333333333334 0.0))
    (1.1422855713928484 (0.091 -0.009333333333333334 0.0))
    (1.143285821455364 (0.091 -0.009333333333333334 0.0))
    (1.1442860715178795 (0.091 -0.009333333333333334 0.0))
    (1.1452863215803952 (0.091 -0.009333333333333334 0.0))
    (1.146286571642911 (0.091 -0.009333333333333334 0.0))
    (1.1472868217054264 (0.091 -0.009333333333333334 0.0))
    (1.148287071767942 (0.091 -0.009333333333333334 0.0))
    (1.1492873218304578 (0.091 -0.009333333333333334 0.0))
    (1.1502875718929733 (0.091 -0.009333333333333334 0.0))
    (1.151287821955489 (0.091 -0.009333333333333334 0.0))
    (1.1522880720180046 (0.091 -0.009333333333333334 0.0))
    (1.1532883220805203 (0.091 -0.009333333333333334 0.0))
    (1.1542885721430358 (0.091 -0.009333333333333334 0.0))
    (1.1552888222055515 (0.091 -0.009333333333333334 0.0))
    (1.1562890722680672 (0.091 -0.009333333333333334 0.0))
    (1.1572893223305827 (0.091 -0.009333333333333334 0.0))
    (1.1582895723930984 (0.091 -0.009333333333333334 0.0))
    (1.159289822455614 (0.091 -0.009333333333333334 0.0))
    (1.1602900725181295 (0.091 -0.009333333333333334 0.0))
    (1.1612903225806452 (0.091 -0.009333333333333334 0.0))
    (1.162290572643161 (0.091 -0.009333333333333334 0.0))
    (1.1632908227056766 (0.091 -0.009333333333333334 0.0))
    (1.164291072768192 (0.091 -0.009333333333333334 0.0))
    (1.1652913228307078 (0.091 -0.009333333333333334 0.0))
    (1.1662915728932235 (0.091 -0.009333333333333334 0.0))
    (1.167291822955739 (0.091 -0.009333333333333334 0.0))
    (1.1682920730182547 (0.091 -0.009333333333333334 0.0))
    (1.1692923230807704 (0.091 -0.009333333333333334 0.0))
    (1.170292573143286 (0.091 -0.009333333333333334 0.0))
    (1.1712928232058015 (0.091 -0.009333333333333334 0.0))
    (1.1722930732683172 (0.091 -0.009333333333333334 0.0))
    (1.173293323330833 (0.091 -0.009333333333333334 0.0))
    (1.1742935733933484 (0.091 -0.009333333333333334 0.0))
    (1.175293823455864 (0.091 -0.009333333333333334 0.0))
    (1.1762940735183798 (0.091 -0.009333333333333334 0.0))
    (1.1772943235808953 (0.091 -0.009333333333333334 0.0))
    (1.178294573643411 (0.091 -0.009333333333333334 0.0))
    (1.1792948237059266 (0.091 -0.009333333333333334 0.0))
    (1.1802950737684423 (0.091 -0.009333333333333334 0.0))
    (1.1812953238309578 (0.091 -0.009333333333333334 0.0))
    (1.1822955738934735 (0.091 -0.009333333333333334 0.0))
    (1.1832958239559892 (0.091 -0.009333333333333334 0.0))
    (1.1842960740185047 (0.091 -0.009333333333333334 0.0))
    (1.1852963240810204 (0.091 -0.009333333333333334 0.0))
    (1.186296574143536 (0.091 -0.009333333333333334 0.0))
    (1.1872968242060515 (0.091 -0.009333333333333334 0.0))
    (1.1882970742685672 (0.091 -0.009333333333333334 0.0))
    (1.189297324331083 (0.091 -0.009333333333333334 0.0))
    (1.1902975743935986 (0.091 -0.009333333333333334 0.0))
    (1.191297824456114 (0.091 -0.009333333333333334 0.0))
    (1.1922980745186298 (0.091 -0.009333333333333334 0.0))
    (1.1932983245811455 (0.091 -0.009333333333333334 0.0))
    (1.194298574643661 (0.091 -0.009333333333333334 0.0))
    (1.1952988247061767 (0.091 -0.009333333333333334 0.0))
    (1.1962990747686923 (0.091 -0.009333333333333334 0.0))
    (1.1972993248312078 (0.091 -0.009333333333333334 0.0))
    (1.1982995748937235 (0.091 -0.009333333333333334 0.0))
    (1.1992998249562392 (0.091 -0.009333333333333334 0.0))
    (1.200300075018755 (0.091 -0.009333333333333334 0.0))
    (1.2013003250812704 (0.091 -0.009333333333333334 0.0))
    (1.202300575143786 (0.091 -0.009333333333333334 0.0))
    (1.2033008252063018 (0.091 -0.009333333333333334 0.0))
    (1.2043010752688172 (0.091 -0.009333333333333334 0.0))
    (1.205301325331333 (0.091 -0.009333333333333334 0.0))
    (1.2063015753938486 (0.091 -0.009333333333333334 0.0))
    (1.207301825456364 (0.091 -0.009333333333333334 0.0))
    (1.2083020755188798 (0.091 -0.009333333333333334 0.0))
    (1.2093023255813955 (0.091 -0.009333333333333334 0.0))
    (1.2103025756439112 (0.091 -0.009333333333333334 0.0))
    (1.2113028257064267 (0.091 -0.009333333333333334 0.0))
    (1.2123030757689424 (0.091 -0.009333333333333334 0.0))
    (1.213303325831458 (0.091 -0.009333333333333334 0.0))
    (1.2143035758939735 (0.091 -0.009333333333333334 0.0))
    (1.2153038259564892 (0.091 -0.009333333333333334 0.0))
    (1.216304076019005 (0.091 -0.009333333333333334 0.0))
    (1.2173043260815206 (0.091 -0.009333333333333334 0.0))
    (1.218304576144036 (0.091 -0.009333333333333334 0.0))
    (1.2193048262065518 (0.091 -0.009333333333333334 0.0))
    (1.2203050762690675 (0.091 -0.009333333333333334 0.0))
    (1.221305326331583 (0.091 -0.009333333333333334 0.0))
    (1.2223055763940986 (0.091 -0.009333333333333334 0.0))
    (1.2233058264566143 (0.091 -0.009333333333333334 0.0))
    (1.2243060765191298 (0.091 -0.009333333333333334 0.0))
    (1.2253063265816455 (0.091 -0.009333333333333334 0.0))
    (1.2263065766441612 (0.091 -0.009333333333333334 0.0))
    (1.227306826706677 (0.091 -0.009333333333333334 0.0))
    (1.2283070767691924 (0.091 -0.009333333333333334 0.0))
    (1.229307326831708 (0.091 -0.009333333333333334 0.0))
    (1.2303075768942238 (0.091 -0.009333333333333334 0.0))
    (1.2313078269567392 (0.091 -0.009333333333333334 0.0))
    (1.232308077019255 (0.091 -0.009333333333333334 0.0))
    (1.2333083270817706 (0.091 -0.009333333333333334 0.0))
    (1.234308577144286 (0.091 -0.009333333333333334 0.0))
    (1.2353088272068018 (0.091 -0.009333333333333334 0.0))
    (1.2363090772693175 (0.091 -0.009333333333333334 0.0))
    (1.2373093273318332 (0.091 -0.009333333333333334 0.0))
    (1.2383095773943487 (0.091 -0.009333333333333334 0.0))
    (1.2393098274568644 (0.091 -0.009333333333333334 0.0))
    (1.24031007751938 (0.091 -0.009333333333333334 0.0))
    (1.2413103275818955 (0.091 -0.009333333333333334 0.0))
    (1.2423105776444112 (0.091 -0.009333333333333334 0.0))
    (1.243310827706927 (0.091 -0.009333333333333334 0.0))
    (1.2443110777694424 (0.091 -0.009333333333333334 0.0))
    (1.245311327831958 (0.091 -0.009333333333333334 0.0))
    (1.2463115778944738 (0.091 -0.009333333333333334 0.0))
    (1.2473118279569895 (0.091 -0.009333333333333334 0.0))
    (1.248312078019505 (0.091 -0.009333333333333334 0.0))
    (1.2493123280820206 (0.091 -0.009333333333333334 0.0))
    (1.2503125781445363 (0.091 -0.009333333333333334 0.0))
    (1.2513128282070518 (0.091 -0.009333333333333334 0.0))
    (1.2523130782695675 (0.091 -0.009333333333333334 0.0))
    (1.2533133283320832 (0.091 -0.009333333333333334 0.0))
    (1.2543135783945987 (0.091 -0.009333333333333334 0.0))
    (1.2553138284571144 (0.091 -0.009333333333333334 0.0))
    (1.25631407851963 (0.091 -0.009333333333333334 0.0))
    (1.2573143285821458 (0.091 -0.009333333333333334 0.0))
    (1.2583145786446612 (0.091 -0.009333333333333334 0.0))
    (1.259314828707177 (0.091 -0.009333333333333334 0.0))
    (1.2603150787696926 (0.091 -0.009333333333333334 0.0))
    (1.261315328832208 (0.091 -0.009333333333333334 0.0))
    (1.2623155788947238 (0.091 -0.009333333333333334 0.0))
    (1.2633158289572395 (0.091 -0.009333333333333334 0.0))
    (1.2643160790197552 (0.091 -0.009333333333333334 0.0))
    (1.2653163290822707 (0.091 -0.009333333333333334 0.0))
    (1.2663165791447863 (0.091 -0.009333333333333334 0.0))
    (1.267316829207302 (0.091 -0.009333333333333334 0.0))
    (1.2683170792698175 (0.091 -0.009333333333333334 0.0))
    (1.2693173293323332 (0.091 -0.009333333333333334 0.0))
    (1.270317579394849 (0.091 -0.009333333333333334 0.0))
    (1.2713178294573644 (0.091 -0.009333333333333334 0.0))
    (1.27231807951988 (0.091 -0.009333333333333334 0.0))
    (1.2733183295823958 (0.091 -0.009333333333333334 0.0))
    (1.2743185796449115 (0.091 -0.009333333333333334 0.0))
    (1.275318829707427 (0.091 -0.009333333333333334 0.0))
    (1.2763190797699426 (0.091 -0.009333333333333334 0.0))
    (1.2773193298324583 (0.091 -0.009333333333333334 0.0))
    (1.2783195798949738 (0.091 -0.009333333333333334 0.0))
    (1.2793198299574895 (0.091 -0.009333333333333334 0.0))
    (1.2803200800200052 (0.091 -0.009333333333333334 0.0))
    (1.2813203300825207 (0.091 -0.009333333333333334 0.0))
    (1.2823205801450364 (0.091 -0.009333333333333334 0.0))
    (1.283320830207552 (0.091 -0.009333333333333334 0.0))
    (1.2843210802700677 (0.091 -0.009333333333333334 0.0))
    (1.2853213303325832 (0.091 -0.009333333333333334 0.0))
    (1.286321580395099 (0.091 -0.009333333333333334 0.0))
    (1.2873218304576146 (0.091 -0.009333333333333334 0.0))
    (1.28832208052013 (0.091 -0.009333333333333334 0.0))
    (1.2893223305826458 (0.091 -0.009333333333333334 0.0))
    (1.2903225806451615 (0.091 -0.009333333333333334 0.0))
    (1.291322830707677 (0.091 -0.009333333333333334 0.0))
    (1.2923230807701926 (0.091 -0.009333333333333334 0.0))
    (1.2933233308327083 (0.091 -0.009333333333333334 0.0))
    (1.294323580895224 (0.091 -0.009333333333333334 0.0))
    (1.2953238309577395 (0.091 -0.009333333333333334 0.0))
    (1.2963240810202552 (0.091 -0.009333333333333334 0.0))
    (1.297324331082771 (0.091 -0.009333333333333334 0.0))
    (1.2983245811452864 (0.091 -0.009333333333333334 0.0))
    (1.299324831207802 (0.091 -0.009333333333333334 0.0))
    (1.3003250812703178 (0.091 -0.009333333333333334 0.0))
    (1.3013253313328332 (0.091 -0.009333333333333334 0.0))
    (1.302325581395349 (0.091 -0.009333333333333334 0.0))
    (1.3033258314578646 (0.091 -0.009333333333333334 0.0))
    (1.3043260815203803 (0.091 -0.009333333333333334 0.0))
    (1.3053263315828958 (0.091 -0.009333333333333334 0.0))
    (1.3063265816454115 (0.091 -0.009333333333333334 0.0))
    (1.3073268317079272 (0.091 -0.009333333333333334 0.0))
    (1.3083270817704427 (0.091 -0.009333333333333334 0.0))
    (1.3093273318329584 (0.091 -0.009333333333333334 0.0))
    (1.310327581895474 (0.091 -0.009333333333333334 0.0))
    (1.3113278319579897 (0.091 -0.009333333333333334 0.0))
    (1.3123280820205052 (0.091 -0.009333333333333334 0.0))
    (1.313328332083021 (0.091 -0.009333333333333334 0.0))
    (1.3143285821455366 (0.091 -0.009333333333333334 0.0))
    (1.315328832208052 (0.091 -0.009333333333333334 0.0))
    (1.3163290822705678 (0.091 -0.009333333333333334 0.0))
    (1.3173293323330835 (0.091 -0.009333333333333334 0.0))
    (1.318329582395599 (0.091 -0.009333333333333334 0.0))
    (1.3193298324581146 (0.091 -0.009333333333333334 0.0))
    (1.3203300825206303 (0.091 -0.009333333333333334 0.0))
    (1.321330332583146 (0.091 -0.009333333333333334 0.0))
    (1.3223305826456615 (0.091 -0.009333333333333334 0.0))
    (1.3233308327081772 (0.091 -0.009333333333333334 0.0))
    (1.324331082770693 (0.091 -0.009333333333333334 0.0))
    (1.3253313328332084 (0.091 -0.009333333333333334 0.0))
    (1.326331582895724 (0.091 -0.009333333333333334 0.0))
    (1.3273318329582398 (0.091 -0.009333333333333334 0.0))
    (1.3283320830207552 (0.091 -0.009333333333333334 0.0))
    (1.329332333083271 (0.091 -0.009333333333333334 0.0))
    (1.3303325831457866 (0.091 -0.009356551970115732 0.0))
    (1.3313328332083023 (0.091 -0.00942637962368257 0.0))
    (1.3323330832708178 (0.091 -0.00949619706857148 0.0))
    (1.3333333333333335 (0.091 -0.009565996644683359 0.0))
    (1.3343335833958492 (0.091 -0.009635770693879489 0.0))
    (1.3353338334583646 (0.091 -0.009705511560821976 0.0))
    (1.3363340835208803 (0.091 -0.00977521159381355 0.0))
    (1.337334333583396 (0.091 -0.009844863145636977 0.0))
    (1.3383345836459115 (0.091 -0.0099144585743943 0.0))
    (1.3393348337084272 (0.091 -0.009983990244345164 0.0))
    (1.340335083770943 (0.091 -0.010053450526744473 0.0))
    (1.3413353338334586 (0.091 -0.010122831800679646 0.0))
    (1.342335583895974 (0.091 -0.010192126453906453 0.0))
    (1.3433358339584898 (0.091 -0.010261326883684467 0.0))
    (1.3443360840210055 (0.091 -0.010330425497611087 0.0))
    (1.345336334083521 (0.091 -0.010399414714454446 0.0))
    (1.3463365841460366 (0.091 -0.010468286964985408 0.0))
    (1.3473368342085523 (0.091 -0.010537034692807928 0.0))
    (1.3483370842710678 (0.091 -0.010605650355188 0.0))
    (1.3493373343335835 (0.091 -0.010674126423881436 0.0))
    (1.3503375843960992 (0.091 -0.010742455385959722 0.0))
    (1.3513378344586149 (0.091 -0.010810629744634207 0.0))
    (1.3523380845211304 (0.091 -0.010878642020078832 0.0))
    (1.353338334583646 (0.091 -0.010946484750250679 0.0))
    (1.3543385846461617 (0.091 -0.011014150491708575 0.0))
    (1.3553388347086772 (0.091 -0.011081631820429979 0.0))
    (1.356339084771193 (0.091 -0.011148921332625353 0.0))
    (1.3573393348337086 (0.091 -0.01121601164555049 0.0))
    (1.3583395848962243 (0.091 -0.011282895398316643 0.0))
    (1.3593398349587398 (0.091 -0.011349565252697924 0.0))
    (1.3603400850212555 (0.091 -0.011416013893936643 0.0))
    (1.3613403350837712 (0.091 -0.01148223403154576 0.0))
    (1.3623405851462866 (0.091 -0.011548218400108664 0.0))
    (1.3633408352088023 (0.091 -0.011613959760076509 0.0))
    (1.364341085271318 (0.091 -0.011679450898562413 0.0))
    (1.3653413353338335 (0.091 -0.011744684630132722 0.0))
    (1.3663415853963492 (0.091 -0.011809653797595578 0.0))
    (1.367341835458865 (0.091 -0.01187435127278603 0.0))
    (1.3683420855213806 (0.091 -0.011938769957348112 0.0))
    (1.369342335583896 (0.091 -0.012002902783513755 0.0))
    (1.3703425856464118 (0.091 -0.012066742714878126 0.0))
    (1.3713428357089275 (0.091 -0.012130282747171643 0.0))
    (1.372343085771443 (0.091 -0.012193515909028552 0.0))
    (1.3733433358339586 (0.091 -0.012256435262751698 0.0))
    (1.3743435858964743 (0.091 -0.012319033905073707 0.0))
    (1.3753438359589898 (0.091 -0.012381304967914479 0.0))
    (1.3763440860215055 (0.091 -0.012443241619134626 0.0))
    (1.3773443360840212 (0.091 -0.012504837063285097 0.0))
    (1.3783445861465369 (0.091 -0.012566084542352784 0.0))
    (1.3793448362090523 (0.091 -0.012626977336501916 0.0))
    (1.380345086271568 (0.091 -0.012687508764811433 0.0))
    (1.3813453363340837 (0.091 -0.012747672186007902 0.0))
    (1.3823455863965992 (0.091 -0.012807460999194173 0.0))
    (1.383345836459115 (0.091 -0.012866868644573693 0.0))
    (1.3843460865216306 (0.091 -0.012925888604170132 0.0))
    (1.385346336584146 (0.091 -0.01298451440254252 0.0))
    (1.3863465866466618 (0.091 -0.013042739607495746 0.0))
    (1.3873468367091775 (0.091 -0.013100557830786284 0.0))
    (1.3883470867716932 (0.091 -0.013157962728822999 0.0))
    (1.3893473368342086 (0.091 -0.01321494800336323 0.0))
    (1.3903475868967243 (0.091 -0.013271507402203802 0.0))
    (1.39134783695924 (0.091 -0.013327634719866914 0.0))
    (1.3923480870217555 (0.091 -0.013383323798281069 0.0))
    (1.3933483370842712 (0.091 -0.013438568527456696 0.0))
    (1.3943485871467869 (0.091 -0.013493362846156454 0.0))
    (1.3953488372093024 (0.091 -0.013547700742560315 0.0))
    (1.396349087271818 (0.091 -0.013601576254925168 0.0))
    (1.3973493373343338 (0.091 -0.013654983472238797 0.0))
    (1.3983495873968494 (0.091 -0.013707916534868605 0.0))
    (1.399349837459365 (0.091 -0.013760369635204323 0.0))
    (1.4003500875218806 (0.091 -0.013812337018295325 0.0))
    (1.4013503375843963 (0.091 -0.013863812982482009 0.0))
    (1.4023505876469118 (0.091 -0.013914791880021303 0.0))
    (1.4033508377094275 (0.091 -0.013965268117706386 0.0))
    (1.4043510877719432 (0.091 -0.014015236157480349 0.0))
    (1.4053513378344589 (0.091 -0.01406469051704373 0.0))
    (1.4063515878969743 (0.091 -0.014113625770456101 0.0))
    (1.40735183795949 (0.091 -0.014162036548731376 0.0))
    (1.4083520880220057 (0.091 -0.014209917540426758 0.0))
    (1.4093523380845212 (0.091 -0.014257263492225659 0.0))
    (1.410352588147037 (0.091 -0.014304069209513992 0.0))
    (1.4113528382095526 (0.091 -0.014350329556950026 0.0))
    (1.412353088272068 (0.091 -0.014396039459027971 0.0))
    (1.4133533383345838 (0.091 -0.014441193900634763 0.0))
    (1.4143535883970995 (0.091 -0.014485787927600234 0.0))
    (1.4153538384596152 (0.091 -0.014529816647240826 0.0))
    (1.4163540885221306 (0.091 -0.014573275228896242 0.0))
    (1.4173543385846463 (0.091 -0.014616158904459537 0.0))
    (1.418354588647162 (0.091 -0.01465846296890026 0.0))
    (1.4193548387096775 (0.091 -0.014700182780780568 0.0))
    (1.4203550887721932 (0.091 -0.01474131376276461 0.0))
    (1.4213553388347089 (0.091 -0.014781851402120669 0.0))
    (1.4223555888972244 (0.091 -0.014821791251216208 0.0))
    (1.42335583895974 (0.091 -0.014861128928005986 0.0))
    (1.4243560890222557 (0.091 -0.01489986011651277 0.0))
    (1.4253563390847714 (0.091 -0.014937980567300804 0.0))
    (1.426356589147287 (0.091 -0.014975486097942171 0.0))
    (1.4273568392098026 (0.091 -0.015012372593475596 0.0))
    (1.4283570892723183 (0.091 -0.015048636006857886 0.0))
    (1.4293573393348338 (0.091 -0.015084272359408058 0.0))
    (1.4303575893973495 (0.091 -0.01511927774124381 0.0))
    (1.4313578394598652 (0.091 -0.015153648311710437 0.0))
    (1.4323580895223806 (0.091 -0.01518738029980234 0.0))
    (1.4333583395848963 (0.091 -0.015220470004576693 0.0))
    (1.434358589647412 (0.091 -0.01525291379555945 0.0))
    (1.4353588397099277 (0.091 -0.015284708113143792 0.0))
    (1.4363590897724432 (0.091 -0.015315849468980534 0.0))
    (1.437359339834959 (0.091 -0.015346334446360969 0.0))
    (1.4383595898974746 (0.091 -0.01537615970059168 0.0))
    (1.43935983995999 (0.091 -0.015405321959361482 0.0))
    (1.4403600900225058 (0.091 -0.01543381802310051 0.0))
    (1.4413603400850215 (0.091 -0.015461644765331243 0.0))
    (1.442360590147537 (0.091 -0.015488799133011471 0.0))
    (1.4433608402100526 (0.091 -0.015515278146869354 0.0))
    (1.4443610902725683 (0.091 -0.015541078901730251 0.0))
    (1.445361340335084 (0.091 -0.015566198566835429 0.0))
    (1.4463615903975995 (0.091 -0.015590634386152716 0.0))
    (1.4473618404601152 (0.091 -0.015614383678678848 0.0))
    (1.4483620905226309 (0.091 -0.015637443838733583 0.0))
    (1.4493623405851463 (0.091 -0.015659812336245648 0.0))
    (1.450362590647662 (0.091 -0.015681486717030305 0.0))
    (1.4513628407101777 (0.091 -0.01570246460305858 0.0))
    (1.4523630907726934 (0.091 -0.015722743692718234 0.0))
    (1.453363340835209 (0.091 -0.015742321761066227 0.0))
    (1.4543635908977246 (0.091 -0.01576119666007287 0.0))
    (1.4553638409602403 (0.091 -0.0157793663188575 0.0))
    (1.4563640910227558 (0.091 -0.015796828743915636 0.0))
    (1.4573643410852715 (0.091 -0.015813582019337774 0.0))
    (1.4583645911477872 (0.091 -0.015829624307019553 0.0))
    (1.4593648412103026 (0.091 -0.015844953846863394 0.0))
    (1.4603650912728183 (0.091 -0.015859568956971683 0.0))
    (1.461365341335334 (0.091 -0.015873468033831252 0.0))
    (1.4623655913978497 (0.091 -0.015886649552489314 0.0))
    (1.4633658414603652 (0.091 -0.015899112066720792 0.0))
    (1.4643660915228809 (0.091 -0.015910854209186993 0.0))
    (1.4653663415853966 (0.091 -0.01592187469158559 0.0))
    (1.466366591647912 (0.091 -0.015932172304792033 0.0))
    (1.4673668417104277 (0.091 -0.015941745918992157 0.0))
    (1.4683670917729434 (0.091 -0.01595059448380615 0.0))
    (1.469367341835459 (0.091 -0.015958717028403825 0.0))
    (1.4703675918979746 (0.091 -0.01596611266161111 0.0))
    (1.4713678419604903 (0.091 -0.015972780572007822 0.0))
    (1.472368092023006 (0.091 -0.015978720028016702 0.0))
    (1.4733683420855215 (0.091 -0.01598393037798369 0.0))
    (1.4743685921480372 (0.091 -0.015988411050249403 0.0))
    (1.4753688422105529 (0.091 -0.015992161553211866 0.0))
    (1.4763690922730683 (0.091 -0.015995181475380447 0.0))
    (1.477369342335584 (0.091 -0.01599747048542101 0.0))
    (1.4783695923980997 (0.091 -0.015999028332192244 0.0))
    (1.4793698424606152 (0.091 -0.015999854844773252 0.0))
    (1.480370092523131 (0.091 -0.015999949932482285 0.0))
    (1.4813703425856466 (0.091 -0.015999313584886682 0.0))
    (1.4823705926481623 (0.091 -0.015997945871804038 0.0))
    (1.4833708427106778 (0.091 -0.01599584694329452 0.0))
    (1.4843710927731935 (0.091 -0.015993017029644424 0.0))
    (1.4853713428357092 (0.091 -0.015989456441340887 0.0))
    (1.4863715928982246 (0.091 -0.01598516556903785 0.0))
    (1.4873718429607403 (0.091 -0.015980144883513167 0.0))
    (1.488372093023256 (0.091 -0.015974394935616976 0.0))
    (1.4893723430857715 (0.091 -0.015967916356211247 0.0))
    (1.4903725931482872 (0.091 -0.01596070985610057 0.0))
    (1.4913728432108029 (0.091 -0.015952776225954177 0.0))
    (1.4923730932733186 (0.091 -0.01594411633621918 0.0))
    (1.493373343335834 (0.091 -0.01593473113702508 0.0))
    (1.4943735933983497 (0.091 -0.015924621658079518 0.0))
    (1.4953738434608654 (0.091 -0.015913789008555286 0.0))
    (1.496374093523381 (0.091 -0.015902234376968666 0.0))
    (1.4973743435858966 (0.091 -0.015889959031049 0.0))
    (1.4983745936484123 (0.091 -0.015876964317599593 0.0))
    (1.499374843710928 (0.091 -0.015863251662350003 0.0))
    (1.5003750937734435 (0.091 -0.015848822569799546 0.0))
    (1.5013753438359592 (0.091 -0.01583367862305226 0.0))
    (1.5023755938984749 (0.091 -0.015817821483643232 0.0))
    (1.5033758439609903 (0.091 -0.015801252891356258 0.0))
    (1.504376094023506 (0.091 -0.015783974664032988 0.0))
    (1.5053763440860217 (0.091 -0.015765988697373494 0.0))
    (1.5063765941485372 (0.091 -0.01574729696472824 0.0))
    (1.507376844211053 (0.091 -0.015727901516881585 0.0))
    (1.5083770942735686 (0.091 -0.015707804481826834 0.0))
    (1.5093773443360843 (0.091 -0.015687008064532666 0.0))
    (1.5103775943985998 (0.091 -0.01566551454670131 0.0))
    (1.5113778444611154 (0.091 -0.01564332628651813 0.0))
    (1.5123780945236311 (0.091 -0.01562044571839293 0.0))
    (1.5133783445861466 (0.091 -0.015596875352692878 0.0))
    (1.5143785946486623 (0.091 -0.015572617775467026 0.0))
    (1.515378844711178 (0.091 -0.01554767564816261 0.0))
    (1.5163790947736935 (0.091 -0.01552205170733308 0.0))
    (1.5173793448362092 (0.091 -0.01549574876433778 0.0))
    (1.5183795948987249 (0.091 -0.015468769705033539 0.0))
    (1.5193798449612406 (0.091 -0.015441117489458082 0.0))
    (1.520380095023756 (0.091 -0.01541279515150519 0.0))
    (1.5213803450862717 (0.091 -0.01538380579859187 0.0))
    (1.5223805951487874 (0.091 -0.015354152611317463 0.0))
    (1.523380845211303 (0.091 -0.015323838843114598 0.0))
    (1.5243810952738186 (0.091 -0.015292867819892282 0.0))
    (1.5253813453363343 (0.091 -0.015261242939671035 0.0))
    (1.5263815953988498 (0.091 -0.015228967672209985 0.0))
    (1.5273818454613655 (0.091 -0.01519604555862622 0.0))
    (1.5283820955238812 (0.091 -0.01516248021100633 0.0))
    (1.5293823455863969 (0.091 -0.015128275312009977 0.0))
    (1.5303825956489123 (0.091 -0.015093434614465988 0.0))
    (1.531382845711428 (0.091 -0.015057961940960485 0.0))
    (1.5323830957739437 (0.091 -0.015021861183417543 0.0))
    (1.5333833458364592 (0.091 -0.014985136302672234 0.0))
    (1.5343835958989749 (0.091 -0.014947791328035951 0.0))
    (1.5353838459614906 (0.091 -0.014909830356854378 0.0))
    (1.536384096024006 (0.091 -0.014871257554058014 0.0))
    (1.5373843460865217 (0.091 -0.014832077151705087 0.0))
    (1.5383845961490374 (0.091 -0.01479229344851729 0.0))
    (1.5393848462115531 (0.091 -0.014751910809408204 0.0))
    (1.5403850962740686 (0.091 -0.014710933665004266 0.0))
    (1.5413853463365843 (0.091 -0.014669366511158754 0.0))
    (1.5423855963991 (0.091 -0.01462721390845852 0.0))
    (1.5433858464616155 (0.091 -0.01458448048172354 0.0))
    (1.5443860965241312 (0.091 -0.01454117091949958 0.0))
    (1.5453863465866469 (0.091 -0.014497289973543773 0.0))
    (1.5463865966491626 (0.091 -0.014452842458303198 0.0))
    (1.547386846711678 (0.091 -0.014407833250386802 0.0))
    (1.5483870967741937 (0.091 -0.014362267288030205 0.0))
    (1.5493873468367094 (0.091 -0.014316149570553965 0.0))
    (1.550387596899225 (0.091 -0.014269485157815134 0.0))
    (1.5513878469617406 (0.091 -0.014222279169651979 0.0))
    (1.5523880970242563 (0.091 -0.014174536785322343 0.0))
    (1.5533883470867718 (0.091 -0.014126263242935404 0.0))
    (1.5543885971492875 (0.091 -0.01407746383887689 0.0))
    (1.5553888472118031 (0.091 -0.014028143927228058 0.0))
    (1.5563890972743188 (0.091 -0.013978308919178263 0.0))
    (1.5573893473368343 (0.091 -0.013927964282431185 0.0))
    (1.55838959739935 (0.091 -0.013877115540605016 0.0))
    (1.5593898474618657 (0.091 -0.013825768272626425 0.0))
    (1.5603900975243812 (0.091 -0.013773928112118385 0.0))
    (1.5613903475868969 (0.091 -0.013721600746782147 0.0))
    (1.5623905976494126 (0.091 -0.013668791917773211 0.0))
    (1.563390847711928 (0.091 -0.01361550741907138 0.0))
    (1.5643910977744437 (0.091 -0.013561753096845059 0.0))
    (1.5653913478369594 (0.091 -0.01350753484880993 0.0))
    (1.5663915978994751 (0.091 -0.013452858623581764 0.0))
    (1.5673918479619906 (0.091 -0.01339773042002386 0.0))
    (1.5683920980245063 (0.091 -0.013342156286588767 0.0))
    (1.569392348087022 (0.091 -0.01328614232065476 0.0))
    (1.5703925981495375 (0.091 -0.01322969466785686 0.0))
    (1.5713928482120532 (0.091 -0.013172819521412468 0.0))
    (1.5723930982745689 (0.091 -0.013115523121441954 0.0))
    (1.5733933483370843 (0.091 -0.013057811754284016 0.0))
    (1.5743935983996 (0.091 -0.012999691751805922 0.0))
    (1.5753938484621157 (0.091 -0.012941169490708788 0.0))
    (1.5763940985246314 (0.091 -0.012882251391828047 0.0))
    (1.5773943485871469 (0.091 -0.012822943919428884 0.0))
    (1.5783945986496626 (0.091 -0.01276325358049701 0.0))
    (1.5793948487121783 (0.091 -0.012703186924024827 0.0))
    (1.5803950987746938 (0.091 -0.012642750540292805 0.0))
    (1.5813953488372094 (0.091 -0.01258195106014642 0.0))
    (1.5823955988997251 (0.091 -0.012520795154268747 0.0))
    (1.5833958489622408 (0.091 -0.012459289532448452 0.0))
    (1.5843960990247563 (0.091 -0.012397440942843719 0.0))
    (1.585396349087272 (0.091 -0.012335256171241808 0.0))
    (1.5863965991497877 (0.091 -0.012272742040314531 0.0))
    (1.5873968492123032 (0.091 -0.012209905408869789 0.0))
    (1.5883970992748189 (0.091 -0.01214675317109896 0.0))
    (1.5893973493373346 (0.091 -0.012083292255820485 0.0))
    (1.59039759939985 (0.091 -0.012019529625719776 0.0))
    (1.5913978494623657 (0.091 -0.011955472276585187 0.0))
    (1.5923980995248814 (0.091 -0.011891127236540467 0.0))
    (1.5933983495873971 (0.091 -0.011826501565273765 0.0))
    (1.5943985996499126 (0.091 -0.011761602353262963 0.0))
    (1.5953988497124283 (0.091 -0.01169643672099773 0.0))
    (1.596399099774944 (0.091 -0.01163101181819844 0.0))
    (1.5973993498374595 (0.091 -0.011565334823031523 0.0))
    (1.5983995998999752 (0.091 -0.01149941294132201 0.0))
    (1.5993998499624908 (0.091 -0.011433253405763033 0.0))
    (1.6004001000250063 (0.091 -0.011366863475122075 0.0))
    (1.601400350087522 (0.091 -0.01130025043344468 0.0))
    (1.6024006001500377 (0.091 -0.011233421589255369 0.0))
    (1.6034008502125534 (0.091 -0.011166384274755541 0.0))
    (1.6044011002750689 (0.091 -0.011099145845019281 0.0))
    (1.6054013503375846 (0.091 -0.011031713677186165 0.0))
    (1.6064016004001003 (0.091 -0.010964095169651949 0.0))
    (1.6074018504626157 (0.091 -0.01089629774125697 0.0))
    (1.6084021005251314 (0.091 -0.01082832883047196 0.0))
    (1.6094023505876471 (0.091 -0.010760195894582035 0.0))
    (1.6104026006501626 (0.091 -0.010691906408868612 0.0))
    (1.6114028507126783 (0.091 -0.010623467865789044 0.0))
    (1.612403100775194 (0.091 -0.010554887774154677 0.0))
    (1.6134033508377097 (0.091 -0.010486173658307126 0.0))
    (1.6144036009002252 (0.091 -0.01041733305729251 0.0))
    (1.6154038509627409 (0.091 -0.010348373524034416 0.0))
    (1.6164041010252566 (0.091 -0.010279302624505316 0.0))
    (1.617404351087772 (0.091 -0.010210127936896256 0.0))
    (1.6184046011502877 (0.091 -0.010140857050785504 0.0))
    (1.6194048512128034 (0.091 -0.010071497566305961 0.0))
    (1.620405101275319 (0.091 -0.010002057093311091 0.0))
    (1.6214053513378346 (0.091 -0.009932543250540106 0.0))
    (1.6224056014003503 (0.091 -0.00986296366478217 0.0))
    (1.623405851462866 (0.091 -0.009793325970039365 0.0))
    (1.6244061015253815 (0.091 -0.009723637806689419 0.0))
    (1.6254063515878971 (0.091 -0.009653906820647163 0.0))
    (1.6264066016504128 (0.091 -0.009584140662525772 0.0))
    (1.6274068517129283 (0.091 -0.00951434698679747 0.0))
    (1.628407101775444 (0.091 -0.009444533450953503 0.0))
    (1.6294073518379597 (0.091 -0.009374707714664086 0.0))
    (1.6304076019004754 (0.091 -0.009333333333333334 0.0))
    (1.6314078519629909 (0.091 -0.009333333333333334 0.0))
    (1.6324081020255066 (0.091 -0.009333333333333334 0.0))
    (1.6334083520880223 (0.091 -0.009333333333333334 0.0))
    (1.6344086021505377 (0.091 -0.009333333333333334 0.0))
    (1.6354088522130534 (0.091 -0.009333333333333334 0.0))
    (1.6364091022755691 (0.091 -0.009333333333333334 0.0))
    (1.6374093523380846 (0.091 -0.009333333333333334 0.0))
    (1.6384096024006003 (0.091 -0.009333333333333334 0.0))
    (1.639409852463116 (0.091 -0.009333333333333334 0.0))
    (1.6404101025256317 (0.091 -0.009333333333333334 0.0))
    (1.6414103525881472 (0.091 -0.009333333333333334 0.0))
    (1.6424106026506629 (0.091 -0.009333333333333334 0.0))
    (1.6434108527131785 (0.091 -0.009333333333333334 0.0))
    (1.644411102775694 (0.091 -0.009333333333333334 0.0))
    (1.6454113528382097 (0.091 -0.009333333333333334 0.0))
    (1.6464116029007254 (0.091 -0.009333333333333334 0.0))
    (1.6474118529632409 (0.091 -0.009333333333333334 0.0))
    (1.6484121030257566 (0.091 -0.009333333333333334 0.0))
    (1.6494123530882723 (0.091 -0.009333333333333334 0.0))
    (1.650412603150788 (0.091 -0.009333333333333334 0.0))
    (1.6514128532133034 (0.091 -0.009333333333333334 0.0))
    (1.6524131032758191 (0.091 -0.009333333333333334 0.0))
    (1.6534133533383348 (0.091 -0.009333333333333334 0.0))
    (1.6544136034008503 (0.091 -0.009333333333333334 0.0))
    (1.655413853463366 (0.091 -0.009333333333333334 0.0))
    (1.6564141035258817 (0.091 -0.009333333333333334 0.0))
    (1.6574143535883972 (0.091 -0.009333333333333334 0.0))
    (1.6584146036509129 (0.091 -0.009333333333333334 0.0))
    (1.6594148537134286 (0.091 -0.009333333333333334 0.0))
    (1.6604151037759443 (0.091 -0.009333333333333334 0.0))
    (1.6614153538384597 (0.091 -0.009333333333333334 0.0))
    (1.6624156039009754 (0.091 -0.009333333333333334 0.0))
    (1.6634158539634911 (0.091 -0.009333333333333334 0.0))
    (1.6644161040260066 (0.091 -0.009333333333333334 0.0))
    (1.6654163540885223 (0.091 -0.009333333333333334 0.0))
    (1.666416604151038 (0.091 -0.009333333333333334 0.0))
    (1.6674168542135535 (0.091 -0.009333333333333334 0.0))
    (1.6684171042760692 (0.091 -0.009333333333333334 0.0))
    (1.6694173543385848 (0.091 -0.009333333333333334 0.0))
    (1.6704176044011005 (0.091 -0.009333333333333334 0.0))
    (1.671417854463616 (0.091 -0.009333333333333334 0.0))
    (1.6724181045261317 (0.091 -0.009333333333333334 0.0))
    (1.6734183545886474 (0.091 -0.009333333333333334 0.0))
    (1.6744186046511629 (0.091 -0.009333333333333334 0.0))
    (1.6754188547136786 (0.091 -0.009333333333333334 0.0))
    (1.6764191047761943 (0.091 -0.009333333333333334 0.0))
    (1.67741935483871 (0.091 -0.009333333333333334 0.0))
    (1.6784196049012254 (0.091 -0.009333333333333334 0.0))
    (1.6794198549637411 (0.091 -0.009333333333333334 0.0))
    (1.6804201050262568 (0.091 -0.009333333333333334 0.0))
    (1.6814203550887723 (0.091 -0.009333333333333334 0.0))
    (1.682420605151288 (0.091 -0.009333333333333334 0.0))
    (1.6834208552138037 (0.091 -0.009333333333333334 0.0))
    (1.6844211052763192 (0.091 -0.009333333333333334 0.0))
    (1.6854213553388349 (0.091 -0.009333333333333334 0.0))
    (1.6864216054013506 (0.091 -0.009333333333333334 0.0))
    (1.6874218554638662 (0.091 -0.009333333333333334 0.0))
    (1.6884221055263817 (0.091 -0.009333333333333334 0.0))
    (1.6894223555888974 (0.091 -0.009333333333333334 0.0))
    (1.6904226056514131 (0.091 -0.009333333333333334 0.0))
    (1.6914228557139286 (0.091 -0.009333333333333334 0.0))
    (1.6924231057764443 (0.091 -0.009333333333333334 0.0))
    (1.69342335583896 (0.091 -0.009333333333333334 0.0))
    (1.6944236059014754 (0.091 -0.009333333333333334 0.0))
    (1.6954238559639911 (0.091 -0.009333333333333334 0.0))
    (1.6964241060265068 (0.091 -0.009333333333333334 0.0))
    (1.6974243560890225 (0.091 -0.009333333333333334 0.0))
    (1.698424606151538 (0.091 -0.009333333333333334 0.0))
    (1.6994248562140537 (0.091 -0.009333333333333334 0.0))
    (1.7004251062765694 (0.091 -0.009333333333333334 0.0))
    (1.7014253563390849 (0.091 -0.009333333333333334 0.0))
    (1.7024256064016006 (0.091 -0.009333333333333334 0.0))
    (1.7034258564641163 (0.091 -0.009333333333333334 0.0))
    (1.7044261065266317 (0.091 -0.009333333333333334 0.0))
    (1.7054263565891474 (0.091 -0.009333333333333334 0.0))
    (1.7064266066516631 (0.091 -0.009333333333333334 0.0))
    (1.7074268567141788 (0.091 -0.009333333333333334 0.0))
    (1.7084271067766943 (0.091 -0.009333333333333334 0.0))
    (1.70942735683921 (0.091 -0.009333333333333334 0.0))
    (1.7104276069017257 (0.091 -0.009333333333333334 0.0))
    (1.7114278569642412 (0.091 -0.009333333333333334 0.0))
    (1.7124281070267569 (0.091 -0.009333333333333334 0.0))
    (1.7134283570892725 (0.091 -0.009333333333333334 0.0))
    (1.714428607151788 (0.091 -0.009333333333333334 0.0))
    (1.7154288572143037 (0.091 -0.009333333333333334 0.0))
    (1.7164291072768194 (0.091 -0.009333333333333334 0.0))
    (1.717429357339335 (0.091 -0.009333333333333334 0.0))
    (1.7184296074018506 (0.091 -0.009333333333333334 0.0))
    (1.7194298574643663 (0.091 -0.009333333333333334 0.0))
    (1.720430107526882 (0.091 -0.009333333333333334 0.0))
    (1.7214303575893974 (0.091 -0.009333333333333334 0.0))
    (1.7224306076519131 (0.091 -0.009333333333333334 0.0))
    (1.7234308577144288 (0.091 -0.009333333333333334 0.0))
    (1.7244311077769445 (0.091 -0.009333333333333334 0.0))
    (1.72543135783946 (0.091 -0.009333333333333334 0.0))
    (1.7264316079019757 (0.091 -0.009333333333333334 0.0))
    (1.7274318579644914 (0.091 -0.009333333333333334 0.0))
    (1.7284321080270069 (0.091 -0.009333333333333334 0.0))
    (1.7294323580895226 (0.091 -0.009333333333333334 0.0))
    (1.7304326081520383 (0.091 -0.009333333333333334 0.0))
    (1.7314328582145537 (0.091 -0.009333333333333334 0.0))
    (1.7324331082770694 (0.091 -0.009333333333333334 0.0))
    (1.7334333583395851 (0.091 -0.009333333333333334 0.0))
    (1.7344336084021008 (0.091 -0.009333333333333334 0.0))
    (1.7354338584646163 (0.091 -0.009333333333333334 0.0))
    (1.736434108527132 (0.091 -0.009333333333333334 0.0))
    (1.7374343585896477 (0.091 -0.009333333333333334 0.0))
    (1.7384346086521631 (0.091 -0.009333333333333334 0.0))
    (1.7394348587146788 (0.091 -0.009333333333333334 0.0))
    (1.7404351087771945 (0.091 -0.009333333333333334 0.0))
    (1.74143535883971 (0.091 -0.009333333333333334 0.0))
    (1.7424356089022257 (0.091 -0.009333333333333334 0.0))
    (1.7434358589647414 (0.091 -0.009333333333333334 0.0))
    (1.744436109027257 (0.091 -0.009333333333333334 0.0))
    (1.7454363590897726 (0.091 -0.009333333333333334 0.0))
    (1.7464366091522883 (0.091 -0.009333333333333334 0.0))
    (1.747436859214804 (0.091 -0.009333333333333334 0.0))
    (1.7484371092773194 (0.091 -0.009333333333333334 0.0))
    (1.7494373593398351 (0.091 -0.009333333333333334 0.0))
    (1.7504376094023508 (0.091 -0.009333333333333334 0.0))
    (1.7514378594648663 (0.091 -0.009333333333333334 0.0))
    (1.752438109527382 (0.091 -0.009333333333333334 0.0))
    (1.7534383595898977 (0.091 -0.009333333333333334 0.0))
    (1.7544386096524134 (0.091 -0.009333333333333334 0.0))
    (1.7554388597149289 (0.091 -0.009333333333333334 0.0))
    (1.7564391097774446 (0.091 -0.009333333333333334 0.0))
    (1.7574393598399602 (0.091 -0.009333333333333334 0.0))
    (1.7584396099024757 (0.091 -0.009333333333333334 0.0))
    (1.7594398599649914 (0.091 -0.009333333333333334 0.0))
    (1.760440110027507 (0.091 -0.009333333333333334 0.0))
    (1.7614403600900226 (0.091 -0.009333333333333334 0.0))
    (1.7624406101525383 (0.091 -0.009333333333333334 0.0))
    (1.763440860215054 (0.091 -0.009333333333333334 0.0))
    (1.7644411102775697 (0.091 -0.009333333333333334 0.0))
    (1.7654413603400851 (0.091 -0.009333333333333334 0.0))
    (1.7664416104026008 (0.091 -0.009333333333333334 0.0))
    (1.7674418604651165 (0.091 -0.009333333333333334 0.0))
    (1.768442110527632 (0.091 -0.009333333333333334 0.0))
    (1.7694423605901477 (0.091 -0.009333333333333334 0.0))
    (1.7704426106526634 (0.091 -0.009333333333333334 0.0))
    (1.771442860715179 (0.091 -0.009333333333333334 0.0))
    (1.7724431107776946 (0.091 -0.009333333333333334 0.0))
    (1.7734433608402103 (0.091 -0.009333333333333334 0.0))
    (1.774443610902726 (0.091 -0.009333333333333334 0.0))
    (1.7754438609652414 (0.091 -0.009333333333333334 0.0))
    (1.7764441110277571 (0.091 -0.009333333333333334 0.0))
    (1.7774443610902728 (0.091 -0.009333333333333334 0.0))
    (1.7784446111527883 (0.091 -0.009333333333333334 0.0))
    (1.779444861215304 (0.091 -0.009333333333333334 0.0))
    (1.7804451112778197 (0.091 -0.009333333333333334 0.0))
    (1.7814453613403354 (0.091 -0.009333333333333334 0.0))
    (1.7824456114028508 (0.091 -0.009333333333333334 0.0))
    (1.7834458614653665 (0.091 -0.009333333333333334 0.0))
    (1.7844461115278822 (0.091 -0.009333333333333334 0.0))
    (1.7854463615903977 (0.091 -0.009333333333333334 0.0))
    (1.7864466116529134 (0.091 -0.009333333333333334 0.0))
    (1.787446861715429 (0.091 -0.009333333333333334 0.0))
    (1.7884471117779446 (0.091 -0.009333333333333334 0.0))
    (1.7894473618404603 (0.091 -0.009333333333333334 0.0))
    (1.790447611902976 (0.091 -0.009333333333333334 0.0))
    (1.7914478619654917 (0.091 -0.009333333333333334 0.0))
    (1.7924481120280071 (0.091 -0.009333333333333334 0.0))
    (1.7934483620905228 (0.091 -0.009333333333333334 0.0))
    (1.7944486121530385 (0.091 -0.009333333333333334 0.0))
    (1.795448862215554 (0.091 -0.009333333333333334 0.0))
    (1.7964491122780697 (0.091 -0.009333333333333334 0.0))
    (1.7974493623405854 (0.091 -0.009333333333333334 0.0))
    (1.7984496124031009 (0.091 -0.009333333333333334 0.0))
    (1.7994498624656166 (0.091 -0.009333333333333334 0.0))
    (1.8004501125281323 (0.091 -0.009333333333333334 0.0))
    (1.801450362590648 (0.091 -0.009333333333333334 0.0))
    (1.8024506126531634 (0.091 -0.009333333333333334 0.0))
    (1.8034508627156791 (0.091 -0.009333333333333334 0.0))
    (1.8044511127781948 (0.091 -0.009333333333333334 0.0))
    (1.8054513628407103 (0.091 -0.009333333333333334 0.0))
    (1.806451612903226 (0.091 -0.009333333333333334 0.0))
    (1.8074518629657417 (0.091 -0.009333333333333334 0.0))
    (1.8084521130282571 (0.091 -0.009333333333333334 0.0))
    (1.8094523630907728 (0.091 -0.009333333333333334 0.0))
    (1.8104526131532885 (0.091 -0.009333333333333334 0.0))
    (1.8114528632158042 (0.091 -0.009333333333333334 0.0))
    (1.8124531132783197 (0.091 -0.009333333333333334 0.0))
    (1.8134533633408354 (0.091 -0.009333333333333334 0.0))
    (1.814453613403351 (0.091 -0.009333333333333334 0.0))
    (1.8154538634658666 (0.091 -0.009333333333333334 0.0))
    (1.8164541135283823 (0.091 -0.009333333333333334 0.0))
    (1.817454363590898 (0.091 -0.009333333333333334 0.0))
    (1.8184546136534137 (0.091 -0.009333333333333334 0.0))
    (1.8194548637159291 (0.091 -0.009333333333333334 0.0))
    (1.8204551137784448 (0.091 -0.009333333333333334 0.0))
    (1.8214553638409605 (0.091 -0.009333333333333334 0.0))
    (1.822455613903476 (0.091 -0.009333333333333334 0.0))
    (1.8234558639659917 (0.091 -0.009333333333333334 0.0))
    (1.8244561140285074 (0.091 -0.009333333333333334 0.0))
    (1.8254563640910229 (0.091 -0.009333333333333334 0.0))
    (1.8264566141535385 (0.091 -0.009333333333333334 0.0))
    (1.8274568642160542 (0.091 -0.009333333333333334 0.0))
    (1.82845711427857 (0.091 -0.009333333333333334 0.0))
    (1.8294573643410854 (0.091 -0.009333333333333334 0.0))
    (1.830457614403601 (0.091 -0.009333333333333334 0.0))
    (1.8314578644661168 (0.091 -0.009333333333333334 0.0))
    (1.8324581145286323 (0.091 -0.009333333333333334 0.0))
    (1.833458364591148 (0.091 -0.009333333333333334 0.0))
    (1.8344586146536637 (0.091 -0.009333333333333334 0.0))
    (1.8354588647161791 (0.091 -0.009333333333333334 0.0))
    (1.8364591147786948 (0.091 -0.009333333333333334 0.0))
    (1.8374593648412105 (0.091 -0.009333333333333334 0.0))
    (1.8384596149037262 (0.091 -0.009333333333333334 0.0))
    (1.8394598649662417 (0.091 -0.009333333333333334 0.0))
    (1.8404601150287574 (0.091 -0.009333333333333334 0.0))
    (1.841460365091273 (0.091 -0.009333333333333334 0.0))
    (1.8424606151537886 (0.091 -0.009333333333333334 0.0))
    (1.8434608652163043 (0.091 -0.009333333333333334 0.0))
    (1.84446111527882 (0.091 -0.009333333333333334 0.0))
    (1.8454613653413354 (0.091 -0.009333333333333334 0.0))
    (1.8464616154038511 (0.091 -0.009333333333333334 0.0))
    (1.8474618654663668 (0.091 -0.009333333333333334 0.0))
    (1.8484621155288825 (0.091 -0.009333333333333334 0.0))
    (1.849462365591398 (0.091 -0.009333333333333334 0.0))
    (1.8504626156539137 (0.091 -0.009333333333333334 0.0))
    (1.8514628657164294 (0.091 -0.009333333333333334 0.0))
    (1.8524631157789448 (0.091 -0.009333333333333334 0.0))
    (1.8534633658414605 (0.091 -0.009333333333333334 0.0))
    (1.8544636159039762 (0.091 -0.009333333333333334 0.0))
    (1.8554638659664917 (0.091 -0.009333333333333334 0.0))
    (1.8564641160290074 (0.091 -0.009333333333333334 0.0))
    (1.857464366091523 (0.091 -0.009333333333333334 0.0))
    (1.8584646161540388 (0.091 -0.009333333333333334 0.0))
    (1.8594648662165543 (0.091 -0.009333333333333334 0.0))
    (1.86046511627907 (0.091 -0.009333333333333334 0.0))
    (1.8614653663415857 (0.091 -0.009333333333333334 0.0))
    (1.8624656164041011 (0.091 -0.009333333333333334 0.0))
    (1.8634658664666168 (0.091 -0.009333333333333334 0.0))
    (1.8644661165291325 (0.091 -0.009333333333333334 0.0))
    (1.8654663665916482 (0.091 -0.009333333333333334 0.0))
    (1.8664666166541637 (0.091 -0.009333333333333334 0.0))
    (1.8674668667166794 (0.091 -0.009333333333333334 0.0))
    (1.868467116779195 (0.091 -0.009333333333333334 0.0))
    (1.8694673668417106 (0.091 -0.009333333333333334 0.0))
    (1.8704676169042262 (0.091 -0.009333333333333334 0.0))
    (1.871467866966742 (0.091 -0.009333333333333334 0.0))
    (1.8724681170292574 (0.091 -0.009333333333333334 0.0))
    (1.8734683670917731 (0.091 -0.009333333333333334 0.0))
    (1.8744686171542888 (0.091 -0.009333333333333334 0.0))
    (1.8754688672168045 (0.091 -0.009333333333333334 0.0))
    (1.87646911727932 (0.091 -0.009333333333333334 0.0))
    (1.8774693673418357 (0.091 -0.009333333333333334 0.0))
    (1.8784696174043514 (0.091 -0.009333333333333334 0.0))
    (1.8794698674668668 (0.091 -0.009333333333333334 0.0))
    (1.8804701175293825 (0.091 -0.009333333333333334 0.0))
    (1.8814703675918982 (0.091 -0.009333333333333334 0.0))
    (1.8824706176544137 (0.091 -0.009333333333333334 0.0))
    (1.8834708677169294 (0.091 -0.009333333333333334 0.0))
    (1.884471117779445 (0.091 -0.009333333333333334 0.0))
    (1.8854713678419608 (0.091 -0.009333333333333334 0.0))
    (1.8864716179044763 (0.091 -0.009333333333333334 0.0))
    (1.887471867966992 (0.091 -0.009333333333333334 0.0))
    (1.8884721180295077 (0.091 -0.009333333333333334 0.0))
    (1.8894723680920231 (0.091 -0.009333333333333334 0.0))
    (1.8904726181545388 (0.091 -0.009333333333333334 0.0))
    (1.8914728682170545 (0.091 -0.009333333333333334 0.0))
    (1.89247311827957 (0.091 -0.009333333333333334 0.0))
    (1.8934733683420857 (0.091 -0.009333333333333334 0.0))
    (1.8944736184046014 (0.091 -0.009333333333333334 0.0))
    (1.895473868467117 (0.091 -0.009333333333333334 0.0))
    (1.8964741185296325 (0.091 -0.009333333333333334 0.0))
    (1.8974743685921482 (0.091 -0.009333333333333334 0.0))
    (1.898474618654664 (0.091 -0.009333333333333334 0.0))
    (1.8994748687171794 (0.091 -0.009333333333333334 0.0))
    (1.900475118779695 (0.091 -0.009333333333333334 0.0))
    (1.9014753688422108 (0.091 -0.009333333333333334 0.0))
    (1.9024756189047263 (0.091 -0.009333333333333334 0.0))
    (1.903475868967242 (0.091 -0.009333333333333334 0.0))
    (1.9044761190297577 (0.091 -0.009333333333333334 0.0))
    (1.9054763690922734 (0.091 -0.009333333333333334 0.0))
    (1.9064766191547888 (0.091 -0.009333333333333334 0.0))
    (1.9074768692173045 (0.091 -0.009333333333333334 0.0))
    (1.9084771192798202 (0.091 -0.009333333333333334 0.0))
    (1.9094773693423357 (0.091 -0.009333333333333334 0.0))
    (1.9104776194048514 (0.091 -0.009333333333333334 0.0))
    (1.911477869467367 (0.091 -0.009333333333333334 0.0))
    (1.9124781195298828 (0.091 -0.009333333333333334 0.0))
    (1.9134783695923983 (0.091 -0.009333333333333334 0.0))
    (1.914478619654914 (0.091 -0.009333333333333334 0.0))
    (1.9154788697174296 (0.091 -0.009333333333333334 0.0))
    (1.9164791197799451 (0.091 -0.009333333333333334 0.0))
    (1.9174793698424608 (0.091 -0.009333333333333334 0.0))
    (1.9184796199049765 (0.091 -0.009333333333333334 0.0))
    (1.919479869967492 (0.091 -0.009333333333333334 0.0))
    (1.9204801200300077 (0.091 -0.009333333333333334 0.0))
    (1.9214803700925234 (0.091 -0.009333333333333334 0.0))
    (1.922480620155039 (0.091 -0.009333333333333334 0.0))
    (1.9234808702175545 (0.091 -0.009333333333333334 0.0))
    (1.9244811202800702 (0.091 -0.009333333333333334 0.0))
    (1.925481370342586 (0.091 -0.009333333333333334 0.0))
    (1.9264816204051014 (0.091 -0.009333333333333334 0.0))
    (1.927481870467617 (0.091 -0.009333333333333334 0.0))
    (1.9284821205301328 (0.091 -0.009333333333333334 0.0))
    (1.9294823705926483 (0.091 -0.009333333333333334 0.0))
    (1.930482620655164 (0.091 -0.009367026467779522 0.0))
    (1.9314828707176797 (0.091 -0.009436853078429558 0.0))
    (1.9324831207801954 (0.091 -0.009506668331294828 0.0))
    (1.9334833708427108 (0.091 -0.009576464566516694 0.0))
    (1.9344836209052265 (0.091 -0.00964623412632313 0.0))
    (1.9354838709677422 (0.091 -0.009715969355868692 0.0))
    (1.9364841210302577 (0.091 -0.00978566260407459 0.0))
    (1.9374843710927734 (0.091 -0.009855306224468131 0.0))
    (1.938484621155289 (0.091 -0.009924892576021457 0.0))
    (1.9394848712178046 (0.091 -0.009994414023990093 0.0))
    (1.9404851212803202 (0.091 -0.010063862940750604 0.0))
    (1.941485371342836 (0.091 -0.010133231706637257 0.0))
    (1.9424856214053516 (0.091 -0.010202512710778277 0.0))
    (1.943485871467867 (0.091 -0.010271698351930654 0.0))
    (1.9444861215303828 (0.091 -0.010340781039314375 0.0))
    (1.9454863715928985 (0.091 -0.01040975319344504 0.0))
    (1.946486621655414 (0.091 -0.010478607246965463 0.0))
    (1.9474868717179297 (0.091 -0.01054733564547614 0.0))
    (1.9484871217804454 (0.091 -0.010615930848363871 0.0))
    (1.9494873718429608 (0.091 -0.0106843853296291 0.0))
    (1.9504876219054765 (0.091 -0.010752691578711837 0.0))
    (1.9514878719679922 (0.091 -0.010820842101315483 0.0))
    (1.952488122030508 (0.091 -0.010888829420229073 0.0))
    (1.9534883720930234 (0.091 -0.01095664607614786 0.0))
    (1.954488622155539 (0.091 -0.011024284628491504 0.0))
    (1.9554888722180548 (0.091 -0.011091737656220436 0.0))
    (1.9564891222805703 (0.091 -0.011158997758650261 0.0))
    (1.957489372343086 (0.091 -0.01122605755626353 0.0))
    (1.9584896224056016 (0.091 -0.011292909691519394 0.0))
    (1.9594898724681173 (0.091 -0.011359546829661074 0.0))
    (1.9604901225306328 (0.091 -0.011425961659520275 0.0))
    (1.9614903725931485 (0.091 -0.011492146894319578 0.0))
    (1.9624906226556642 (0.091 -0.01155809527247191 0.0))
    (1.9634908727181797 (0.091 -0.011623799558377052 0.0))
    (1.9644911227806954 (0.091 -0.011689252543215707 0.0))
    (1.965491372843211 (0.091 -0.011754447045740427 0.0))
    (1.9664916229057265 (0.091 -0.011819375913063302 0.0))
    (1.9674918729682422 (0.091 -0.011884032021440956 0.0))
    (1.968492123030758 (0.091 -0.011948408277056129 0.0))
    (1.9694923730932736 (0.091 -0.012012497616795789 0.0))
    (1.970492623155789 (0.091 -0.01207629300902627 0.0))
    (1.9714928732183048 (0.091 -0.012139787454364745 0.0))
    (1.9724931232808205 (0.091 -0.012202973986446987 0.0))
    (1.973493373343336 (0.091 -0.012265845672691882 0.0))
    (1.9744936234058517 (0.091 -0.012328395615062038 0.0))
    (1.9754938734683674 (0.091 -0.012390616950820433 0.0))
    (1.9764941235308828 (0.091 -0.012452502853283543 0.0))
    (1.9774943735933985 (0.091 -0.012514046532570352 0.0))
    (1.9784946236559142 (0.091 -0.012575241236347113 0.0))
    (1.97949487371843 (0.091 -0.012636080250568425 0.0))
    (1.9804951237809454 (0.091 -0.012696556900213662 0.0))
    (1.981495373843461 (0.091 -0.012756664550019555 0.0))
    (1.9824956239059768 (0.091 -0.012816396605208004 0.0))
    (1.9834958739684923 (0.091 -0.012875746512209633 0.0))
    (1.984496124031008 (0.091 -0.012934707759383005 0.0))
    (1.9854963740935236 (0.091 -0.012993273877728863 0.0))
    (1.9864966241560391 (0.091 -0.013051438441599903 0.0))
    (1.9874968742185548 (0.091 -0.013109195069405933 0.0))
    (1.9884971242810705 (0.091 -0.013166537424313863 0.0))
    (1.9894973743435862 (0.091 -0.013223459214942961 0.0))
    (1.9904976244061017 (0.091 -0.013279954196055294 0.0))
    (1.9914978744686174 (0.091 -0.01333601616924075 0.0))
    (1.992498124531133 (0.091 -0.013391638983597116 0.0))
    (1.9934983745936485 (0.091 -0.01344681653640509 0.0))
    (1.9944986246561642 (0.091 -0.013501542773797684 0.0))
    (1.99549887471868 (0.091 -0.013555811691424434 0.0))
    (1.9964991247811954 (0.091 -0.013609617335110331 0.0))
    (1.997499374843711 (0.091 -0.013662953801508934 0.0))
    (1.9984996249062268 (0.091 -0.013715815238750059 0.0))
    (1.9994998749687425 (0.091 -0.013768195847082002 0.0))
    (2.000500125031258 (0.091 -0.013820089879507617 0.0))
    (2.0015003750937734 (0.091 -0.013871491642415034 0.0))
    (2.0025006251562893 (0.091 -0.013922395496202332 0.0))
    (2.003500875218805 (0.091 -0.013972795855896145 0.0))
    (2.0045011252813207 (0.091 -0.014022687191764614 0.0))
    (2.005501375343836 (0.091 -0.01407206402992391 0.0))
    (2.0065016254063517 (0.091 -0.014120920952938997 0.0))
    (2.0075018754688676 (0.091 -0.014169252600417861 0.0))
    (2.008502125531383 (0.091 -0.01421705366959964 0.0))
    (2.0095023755938985 (0.091 -0.01426431891593655 0.0))
    (2.0105026256564145 (0.091 -0.01431104315366917 0.0))
    (2.01150287571893 (0.091 -0.014357221256395394 0.0))
    (2.0125031257814454 (0.091 -0.01440284815763302 0.0))
    (2.0135033758439613 (0.091 -0.014447918851375498 0.0))
    (2.014503625906477 (0.091 -0.014492428392641147 0.0))
    (2.0155038759689923 (0.091 -0.014536371898015859 0.0))
    (2.016504126031508 (0.091 -0.014579744546188739 0.0))
    (2.0175043760940237 (0.091 -0.014622541578481085 0.0))
    (2.018504626156539 (0.091 -0.014664758299368624 0.0))
    (2.019504876219055 (0.091 -0.014706390076996553 0.0))
    (2.0205051262815705 (0.091 -0.014747432343687736 0.0))
    (2.0215053763440864 (0.091 -0.014787880596443984 0.0))
    (2.022505626406602 (0.091 -0.014827730397439912 0.0))
    (2.0235058764691174 (0.091 -0.014866977374509989 0.0))
    (2.0245061265316333 (0.091 -0.014905617221628222 0.0))
    (2.025506376594149 (0.091 -0.014943645699380477 0.0))
    (2.0265066266566643 (0.091 -0.014981058635429742 0.0))
    (2.02750687671918 (0.091 -0.015017851924973884 0.0))
    (2.0285071267816956 (0.091 -0.015054021531195907 0.0))
    (2.029507376844211 (0.091 -0.015089563485706977 0.0))
    (2.030507626906727 (0.091 -0.015124473888981763 0.0))
    (2.0315078769692425 (0.091 -0.015158748910786276 0.0))
    (2.032508127031758 (0.091 -0.015192384790598125 0.0))
    (2.033508377094274 (0.091 -0.015225377838019095 0.0))
    (2.0345086271567894 (0.091 -0.015257724433180046 0.0))
    (2.035508877219305 (0.091 -0.015289421027138074 0.0))
    (2.0365091272818208 (0.091 -0.01532046414226588 0.0))
    (2.0375093773443362 (0.091 -0.015350850372633331 0.0))
    (2.0385096274068517 (0.091 -0.015380576384381141 0.0))
    (2.0395098774693676 (0.091 -0.015409638916086644 0.0))
    (2.040510127531883 (0.091 -0.015438034779121637 0.0))
    (2.041510377594399 (0.091 -0.01546576085800222 0.0))
    (2.0425106276569145 (0.091 -0.015492814110730576 0.0))
    (2.04351087771943 (0.091 -0.015519191569128822 0.0))
    (2.044511127781946 (0.091 -0.01554489033916457 0.0))
    (2.0455113778444614 (0.091 -0.01556990760126847 0.0))
    (2.046511627906977 (0.091 -0.015594240610643621 0.0))
    (2.0475118779694927 (0.091 -0.015617886697566658 0.0))
    (2.048512128032008 (0.091 -0.01564084326768066 0.0))
    (2.0495123780945237 (0.091 -0.015663107802279832 0.0))
    (2.0505126281570396 (0.091 -0.015684677858585856 0.0))
    (2.051512878219555 (0.091 -0.015705551070015828 0.0))
    (2.0525131282820706 (0.091 -0.01572572514644199 0.0))
    (2.0535133783445865 (0.091 -0.015745197874442972 0.0))
    (2.054513628407102 (0.091 -0.015763967117546605 0.0))
    (2.0555138784696174 (0.091 -0.015782030816464364 0.0))
    (2.0565141285321333 (0.091 -0.015799386989317314 0.0))
    (2.057514378594649 (0.091 -0.015816033731853498 0.0))
    (2.0585146286571647 (0.091 -0.01583196921765693 0.0))
    (2.05951487871968 (0.091 -0.01584719169834794 0.0))
    (2.0605151287821957 (0.091 -0.01586169950377501 0.0))
    (2.0615153788447116 (0.091 -0.015875491042198035 0.0))
    (2.062515628907227 (0.091 -0.015888564800462922 0.0))
    (2.0635158789697425 (0.091 -0.015900919344167656 0.0))
    (2.0645161290322585 (0.091 -0.015912553317819635 0.0))
    (2.065516379094774 (0.091 -0.015923465444984408 0.0))
    (2.0665166291572894 (0.091 -0.01593365452842574 0.0))
    (2.0675168792198053 (0.091 -0.01594311945023692 0.0))
    (2.068517129282321 (0.091 -0.015951859171963456 0.0))
    (2.0695173793448363 (0.091 -0.015959872734717 0.0))
    (2.070517629407352 (0.091 -0.015967159259280536 0.0))
    (2.0715178794698677 (0.091 -0.015973717946204863 0.0))
    (2.072518129532383 (0.091 -0.0159795480758963 0.0))
    (2.073518379594899 (0.091 -0.015984649008695645 0.0))
    (2.0745186296574145 (0.091 -0.01598902018494834 0.0))
    (2.07551887971993 (0.091 -0.015992661125065893 0.0))
    (2.076519129782446 (0.091 -0.01599557142957848 0.0))
    (2.0775193798449614 (0.091 -0.015997750779178782 0.0))
    (2.0785196299074773 (0.091 -0.015999198934757018 0.0))
    (2.0795198799699928 (0.091 -0.015999915737427175 0.0))
    (2.0805201300325082 (0.091 -0.015999901108544448 0.0))
    (2.081520380095024 (0.091 -0.01599915504971386 0.0))
    (2.0825206301575396 (0.091 -0.015997677642790094 0.0))
    (2.083520880220055 (0.091 -0.0159954690498685 0.0))
    (2.084521130282571 (0.091 -0.015992529513267326 0.0))
    (2.0855213803450865 (0.091 -0.015988859355501123 0.0))
    (2.086521630407602 (0.091 -0.01598445897924536 0.0))
    (2.087521880470118 (0.091 -0.01597932886729224 0.0))
    (2.0885221305326334 (0.091 -0.01597346958249774 0.0))
    (2.089522380595149 (0.091 -0.015966881767719862 0.0))
    (2.0905226306576647 (0.091 -0.015959566145748068 0.0))
    (2.09152288072018 (0.091 -0.01595152351922402 0.0))
    (2.0925231307826957 (0.091 -0.015942754770553492 0.0))
    (2.0935233808452116 (0.091 -0.01593326086180956 0.0))
    (2.094523630907727 (0.091 -0.015923042834627057 0.0))
    (2.095523880970243 (0.091 -0.015912101810088265 0.0))
    (2.0965241310327585 (0.091 -0.01590043898859996 0.0))
    (2.097524381095274 (0.091 -0.01588805564976165 0.0))
    (2.09852463115779 (0.091 -0.01587495315222521 0.0))
    (2.0995248812203053 (0.091 -0.015861132933545852 0.0))
    (2.100525131282821 (0.091 -0.015846596510024322 0.0))
    (2.1015253813453367 (0.091 -0.015831345476540606 0.0))
    (2.102525631407852 (0.091 -0.01581538150637893 0.0))
    (2.1035258814703677 (0.091 -0.015798706351044148 0.0))
    (2.1045261315328836 (0.091 -0.01578132184006959 0.0))
    (2.105526381595399 (0.091 -0.01576322988081636 0.0))
    (2.1065266316579145 (0.091 -0.015744432458264013 0.0))
    (2.1075268817204305 (0.091 -0.015724931634792806 0.0))
    (2.108527131782946 (0.091 -0.01570472954995744 0.0))
    (2.1095273818454614 (0.091 -0.015683828420252257 0.0))
    (2.1105276319079773 (0.091 -0.0156622305388681 0.0))
    (2.111527881970493 (0.091 -0.015639938275440732 0.0))
    (2.1125281320330083 (0.091 -0.015616954075790772 0.0))
    (2.113528382095524 (0.091 -0.015593280461655418 0.0))
    (2.1145286321580397 (0.091 -0.015568920030411779 0.0))
    (2.1155288822205556 (0.091 -0.015543875454791809 0.0))
    (2.116529132283071 (0.091 -0.015518149482589191 0.0))
    (2.1175293823455865 (0.091 -0.015491744936357769 0.0))
    (2.1185296324081024 (0.091 -0.015464664713101872 0.0))
    (2.119529882470618 (0.091 -0.015436911783958542 0.0))
    (2.1205301325331334 (0.091 -0.015408489193871472 0.0))
    (2.1215303825956493 (0.091 -0.015379400061256931 0.0))
    (2.1225306326581648 (0.091 -0.015349647577661708 0.0))
    (2.1235308827206802 (0.091 -0.015319235007412845 0.0))
    (2.124531132783196 (0.091 -0.015288165687259514 0.0))
    (2.1255313828457116 (0.091 -0.015256443026006993 0.0))
    (2.126531632908227 (0.091 -0.015224070504142585 0.0))
    (2.127531882970743 (0.091 -0.015191051673453733 0.0))
    (2.1285321330332585 (0.091 -0.015157390156638452 0.0))
    (2.129532383095774 (0.091 -0.015123089646907752 0.0))
    (2.13053263315829 (0.091 -0.015088153907580427 0.0))
    (2.1315328832208054 (0.091 -0.015052586771670273 0.0))
    (2.132533133283321 (0.091 -0.015016392141465424 0.0))
    (2.1335333833458368 (0.091 -0.014979573988100226 0.0))
    (2.1345336334083522 (0.091 -0.014942136351119639 0.0))
    (2.135533883470868 (0.091 -0.01490408333803589 0.0))
    (2.1365341335333836 (0.091 -0.014865419123877965 0.0))
    (2.137534383595899 (0.091 -0.014826147950733363 0.0))
    (2.138534633658415 (0.091 -0.014786274127282823 0.0))
    (2.1395348837209305 (0.091 -0.014745802028327572 0.0))
    (2.140535133783446 (0.091 -0.014704736094309216 0.0))
    (2.141535383845962 (0.091 -0.014663080830822689 0.0))
    (2.1425356339084773 (0.091 -0.014620840808121907 0.0))
    (2.143535883970993 (0.091 -0.014578020660618215 0.0))
    (2.1445361340335087 (0.091 -0.014534625086372039 0.0))
    (2.145536384096024 (0.091 -0.01449065884657744 0.0))
    (2.1465366341585397 (0.091 -0.014446126765039601 0.0))
    (2.1475368842210556 (0.091 -0.014401033727645712 0.0))
    (2.148537134283571 (0.091 -0.014355384681828901 0.0))
    (2.1495373843460865 (0.091 -0.014309184636025301 0.0))
    (2.1505376344086025 (0.091 -0.014262438659124663 0.0))
    (2.151537884471118 (0.091 -0.014215151879914232 0.0))
    (2.152538134533634 (0.091 -0.01416732948651587 0.0))
    (2.1535383845961493 (0.091 -0.014118976725817063 0.0))
    (2.154538634658665 (0.091 -0.014070098902895092 0.0))
    (2.1555388847211807 (0.091 -0.014020701380434975 0.0))
    (2.156539134783696 (0.091 -0.013970789578141248 0.0))
    (2.1575393848462117 (0.091 -0.013920368972143184 0.0))
    (2.1585396349087276 (0.091 -0.013869445094393978 0.0))
    (2.159539884971243 (0.091 -0.013818023532063944 0.0))
    (2.1605401350337585 (0.091 -0.013766109926927369 0.0))
    (2.1615403850962744 (0.091 -0.013713709974743513 0.0))
    (2.16254063515879 (0.091 -0.013660829424631855 0.0))
    (2.1635408852213054 (0.091 -0.013607474078441161 0.0))
    (2.1645411352838213 (0.091 -0.013553649790112924 0.0))
    (2.1655413853463368 (0.091 -0.013499362465039258 0.0))
    (2.1665416354088523 (0.091 -0.013444618059414819 0.0))
    (2.167541885471368 (0.091 -0.013389422579583308 0.0))
    (2.1685421355338836 (0.091 -0.013333782081378654 0.0))
    (2.169542385596399 (0.091 -0.013277702669460417 0.0))
    (2.170542635658915 (0.091 -0.013221190496644008 0.0))
    (2.1715428857214305 (0.091 -0.013164251763225802 0.0))
    (2.1725431357839464 (0.091 -0.01310689271630265 0.0))
    (2.173543385846462 (0.091 -0.013049119649086664 0.0))
    (2.1745436359089774 (0.091 -0.012990938900214547 0.0))
    (2.1755438859714933 (0.091 -0.012932356853052301 0.0))
    (2.1765441360340088 (0.091 -0.012873379934994886 0.0))
    (2.1775443860965242 (0.091 -0.012814014616760842 0.0))
    (2.17854463615904 (0.091 -0.012754267411682526 0.0))
    (2.1795448862215556 (0.091 -0.012694144874991504 0.0))
    (2.180545136284071 (0.091 -0.012633653603099143 0.0))
    (2.181545386346587 (0.091 -0.012572800232873074 0.0))
    (2.1825456364091025 (0.091 -0.012511591440909004 0.0))
    (2.183545886471618 (0.091 -0.01245003394279802 0.0))
    (2.184546136534134 (0.091 -0.012388134492389949 0.0))
    (2.1855463865966493 (0.091 -0.012325899881052363 0.0))
    (2.186546636659165 (0.091 -0.012263336936925263 0.0))
    (2.1875468867216807 (0.091 -0.012200452524172118 0.0))
    (2.188547136784196 (0.091 -0.012137253542226745 0.0))
    (2.189547386846712 (0.091 -0.012073746925036126 0.0))
    (2.1905476369092276 (0.091 -0.012009939640299935 0.0))
    (2.191547886971743 (0.091 -0.011945838688705863 0.0))
    (2.192548137034259 (0.091 -0.01188145110316152 0.0))
    (2.1935483870967745 (0.091 -0.011816783948023013 0.0))
    (2.19454863715929 (0.091 -0.011751844318319675 0.0))
    (2.195548887221806 (0.091 -0.011686639338975624 0.0))
    (2.1965491372843213 (0.091 -0.011621176164028243 0.0))
    (2.197549387346837 (0.091 -0.01155546197584307 0.0))
    (2.1985496374093527 (0.091 -0.011489503984325774 0.0))
    (2.199549887471868 (0.091 -0.01142330942613131 0.0))
    (2.2005501375343837 (0.091 -0.01135688556386975 0.0))
    (2.2015503875968996 (0.091 -0.011290239685309445 0.0))
    (2.202550637659415 (0.091 -0.011223379102577653 0.0))
    (2.2035508877219305 (0.091 -0.01115631115135807 0.0))
    (2.2045511377844464 (0.091 -0.011089043190085992 0.0))
    (2.205551387846962 (0.091 -0.011021582599141174 0.0))
    (2.2065516379094774 (0.091 -0.010953936780037865 0.0))
    (2.2075518879719933 (0.091 -0.010886113154612848 0.0))
    (2.208552138034509 (0.091 -0.010818119164211127 0.0))
    (2.2095523880970247 (0.091 -0.010749962268869467 0.0))
    (2.21055263815954 (0.091 -0.010681649946498024 0.0))
    (2.2115528882220556 (0.091 -0.010613189692059665 0.0))
    (2.2125531382845716 (0.091 -0.01054458901674786 0.0))
    (2.213553388347087 (0.091 -0.01047585544716258 0.0))
    (2.2145536384096025 (0.091 -0.010406996524484303 0.0))
    (2.2155538884721184 (0.091 -0.01033801980364683 0.0))
    (2.216554138534634 (0.091 -0.010268932852508388 0.0))
    (2.2175543885971494 (0.091 -0.010199743251021107 0.0))
    (2.2185546386596653 (0.091 -0.010130458590399584 0.0))
    (2.2195548887221808 (0.091 -0.010061086472288006 0.0))
    (2.2205551387846962 (0.091 -0.009991634507925916 0.0))
    (2.221555388847212 (0.091 -0.009922110317313347 0.0))
    (2.2225556389097276 (0.091 -0.009852521528374788 0.0))
    (2.223555888972243 (0.091 -0.009782875776122064 0.0))
    (2.224556139034759 (0.091 -0.009713180701816862 0.0))
    (2.2255563890972745 (0.091 -0.009643443952132345 0.0))
    (2.22655663915979 (0.091 -0.009573673178314085 0.0))
    (2.227556889222306 (0.091 -0.009503876035340584 0.0))
    (2.2285571392848214 (0.091 -0.009434060181083602 0.0))
    (2.2295573893473373 (0.091 -0.00936423327546774 0.0))
    (2.2305576394098527 (0.091 -0.009333333333333334 0.0))
    (2.231557889472368 (0.091 -0.009333333333333334 0.0))
    (2.232558139534884 (0.091 -0.009333333333333334 0.0))
    (2.2335583895973996 (0.091 -0.009333333333333334 0.0))
    (2.234558639659915 (0.091 -0.009333333333333334 0.0))
    (2.235558889722431 (0.091 -0.009333333333333334 0.0))
    (2.2365591397849465 (0.091 -0.009333333333333334 0.0))
    (2.237559389847462 (0.091 -0.009333333333333334 0.0))
    (2.238559639909978 (0.091 -0.009333333333333334 0.0))
    (2.2395598899724933 (0.091 -0.009333333333333334 0.0))
    (2.240560140035009 (0.091 -0.009333333333333334 0.0))
    (2.2415603900975247 (0.091 -0.009333333333333334 0.0))
    (2.24256064016004 (0.091 -0.009333333333333334 0.0))
    (2.2435608902225557 (0.091 -0.009333333333333334 0.0))
    (2.2445611402850716 (0.091 -0.009333333333333334 0.0))
    (2.245561390347587 (0.091 -0.009333333333333334 0.0))
    (2.246561640410103 (0.091 -0.009333333333333334 0.0))
    (2.2475618904726185 (0.091 -0.009333333333333334 0.0))
    (2.248562140535134 (0.091 -0.009333333333333334 0.0))
    (2.24956239059765 (0.091 -0.009333333333333334 0.0))
    (2.2505626406601653 (0.091 -0.009333333333333334 0.0))
    (2.251562890722681 (0.091 -0.009333333333333334 0.0))
    (2.2525631407851967 (0.091 -0.009333333333333334 0.0))
    (2.253563390847712 (0.091 -0.009333333333333334 0.0))
    (2.2545636409102277 (0.091 -0.009333333333333334 0.0))
    (2.2555638909727436 (0.091 -0.009333333333333334 0.0))
    (2.256564141035259 (0.091 -0.009333333333333334 0.0))
    (2.2575643910977745 (0.091 -0.009333333333333334 0.0))
    (2.2585646411602904 (0.091 -0.009333333333333334 0.0))
    (2.259564891222806 (0.091 -0.009333333333333334 0.0))
    (2.2605651412853214 (0.091 -0.009333333333333334 0.0))
    (2.2615653913478373 (0.091 -0.009333333333333334 0.0))
    (2.2625656414103528 (0.091 -0.009333333333333334 0.0))
    (2.2635658914728682 (0.091 -0.009333333333333334 0.0))
    (2.264566141535384 (0.091 -0.009333333333333334 0.0))
    (2.2655663915978996 (0.091 -0.009333333333333334 0.0))
    (2.2665666416604155 (0.091 -0.009333333333333334 0.0))
    (2.267566891722931 (0.091 -0.009333333333333334 0.0))
    (2.2685671417854465 (0.091 -0.009333333333333334 0.0))
    (2.2695673918479624 (0.091 -0.009333333333333334 0.0))
    (2.270567641910478 (0.091 -0.009333333333333334 0.0))
    (2.2715678919729934 (0.091 -0.009333333333333334 0.0))
    (2.2725681420355093 (0.091 -0.009333333333333334 0.0))
    (2.2735683920980247 (0.091 -0.009333333333333334 0.0))
    (2.27456864216054 (0.091 -0.009333333333333334 0.0))
    (2.275568892223056 (0.091 -0.009333333333333334 0.0))
    (2.2765691422855716 (0.091 -0.009333333333333334 0.0))
    (2.277569392348087 (0.091 -0.009333333333333334 0.0))
    (2.278569642410603 (0.091 -0.009333333333333334 0.0))
    (2.2795698924731185 (0.091 -0.009333333333333334 0.0))
    (2.280570142535634 (0.091 -0.009333333333333334 0.0))
    (2.28157039259815 (0.091 -0.009333333333333334 0.0))
    (2.2825706426606653 (0.091 -0.009333333333333334 0.0))
    (2.2835708927231813 (0.091 -0.009333333333333334 0.0))
    (2.2845711427856967 (0.091 -0.009333333333333334 0.0))
    (2.285571392848212 (0.091 -0.009333333333333334 0.0))
    (2.286571642910728 (0.091 -0.009333333333333334 0.0))
    (2.2875718929732436 (0.091 -0.009333333333333334 0.0))
    (2.288572143035759 (0.091 -0.009333333333333334 0.0))
    (2.289572393098275 (0.091 -0.009333333333333334 0.0))
    (2.2905726431607905 (0.091 -0.009333333333333334 0.0))
    (2.291572893223306 (0.091 -0.009333333333333334 0.0))
    (2.292573143285822 (0.091 -0.009333333333333334 0.0))
    (2.2935733933483373 (0.091 -0.009333333333333334 0.0))
    (2.294573643410853 (0.091 -0.009333333333333334 0.0))
    (2.2955738934733687 (0.091 -0.009333333333333334 0.0))
    (2.296574143535884 (0.091 -0.009333333333333334 0.0))
    (2.2975743935983997 (0.091 -0.009333333333333334 0.0))
    (2.2985746436609156 (0.091 -0.009333333333333334 0.0))
    (2.299574893723431 (0.091 -0.009333333333333334 0.0))
    (2.3005751437859465 (0.091 -0.009333333333333334 0.0))
    (2.3015753938484624 (0.091 -0.009333333333333334 0.0))
    (2.302575643910978 (0.091 -0.009333333333333334 0.0))
    (2.303575893973494 (0.091 -0.009333333333333334 0.0))
    (2.3045761440360093 (0.091 -0.009333333333333334 0.0))
    (2.3055763940985248 (0.091 -0.009333333333333334 0.0))
    (2.3065766441610407 (0.091 -0.009333333333333334 0.0))
    (2.307576894223556 (0.091 -0.009333333333333334 0.0))
    (2.3085771442860716 (0.091 -0.009333333333333334 0.0))
    (2.3095773943485876 (0.091 -0.009333333333333334 0.0))
    (2.310577644411103 (0.091 -0.009333333333333334 0.0))
    (2.3115778944736185 (0.091 -0.009333333333333334 0.0))
    (2.3125781445361344 (0.091 -0.009333333333333334 0.0))
    (2.31357839459865 (0.091 -0.009333333333333334 0.0))
    (2.3145786446611654 (0.091 -0.009333333333333334 0.0))
    (2.3155788947236813 (0.091 -0.009333333333333334 0.0))
    (2.3165791447861968 (0.091 -0.009333333333333334 0.0))
    (2.3175793948487122 (0.091 -0.009333333333333334 0.0))
    (2.318579644911228 (0.091 -0.009333333333333334 0.0))
    (2.3195798949737436 (0.091 -0.009333333333333334 0.0))
    (2.320580145036259 (0.091 -0.009333333333333334 0.0))
    (2.321580395098775 (0.091 -0.009333333333333334 0.0))
    (2.3225806451612905 (0.091 -0.009333333333333334 0.0))
    (2.3235808952238064 (0.091 -0.009333333333333334 0.0))
    (2.324581145286322 (0.091 -0.009333333333333334 0.0))
    (2.3255813953488373 (0.091 -0.009333333333333334 0.0))
    (2.3265816454113533 (0.091 -0.009333333333333334 0.0))
    (2.3275818954738687 (0.091 -0.009333333333333334 0.0))
    (2.328582145536384 (0.091 -0.009333333333333334 0.0))
    (2.3295823955989 (0.091 -0.009333333333333334 0.0))
    (2.3305826456614156 (0.091 -0.009333333333333334 0.0))
    (2.331582895723931 (0.091 -0.009333333333333334 0.0))
    (2.332583145786447 (0.091 -0.009333333333333334 0.0))
    (2.3335833958489625 (0.091 -0.009333333333333334 0.0))
    (2.334583645911478 (0.091 -0.009333333333333334 0.0))
    (2.335583895973994 (0.091 -0.009333333333333334 0.0))
    (2.3365841460365093 (0.091 -0.009333333333333334 0.0))
    (2.337584396099025 (0.091 -0.009333333333333334 0.0))
    (2.3385846461615407 (0.091 -0.009333333333333334 0.0))
    (2.339584896224056 (0.091 -0.009333333333333334 0.0))
    (2.340585146286572 (0.091 -0.009333333333333334 0.0))
    (2.3415853963490876 (0.091 -0.009333333333333334 0.0))
    (2.342585646411603 (0.091 -0.009333333333333334 0.0))
    (2.343585896474119 (0.091 -0.009333333333333334 0.0))
    (2.3445861465366344 (0.091 -0.009333333333333334 0.0))
    (2.34558639659915 (0.091 -0.009333333333333334 0.0))
    (2.346586646661666 (0.091 -0.009333333333333334 0.0))
    (2.3475868967241813 (0.091 -0.009333333333333334 0.0))
    (2.3485871467866968 (0.091 -0.009333333333333334 0.0))
    (2.3495873968492127 (0.091 -0.009333333333333334 0.0))
    (2.350587646911728 (0.091 -0.009333333333333334 0.0))
    (2.3515878969742436 (0.091 -0.009333333333333334 0.0))
    (2.3525881470367596 (0.091 -0.009333333333333334 0.0))
    (2.353588397099275 (0.091 -0.009333333333333334 0.0))
    (2.3545886471617905 (0.091 -0.009333333333333334 0.0))
    (2.3555888972243064 (0.091 -0.009333333333333334 0.0))
    (2.356589147286822 (0.091 -0.009333333333333334 0.0))
    (2.3575893973493374 (0.091 -0.009333333333333334 0.0))
    (2.3585896474118533 (0.091 -0.009333333333333334 0.0))
    (2.3595898974743688 (0.091 -0.009333333333333334 0.0))
    (2.3605901475368847 (0.091 -0.009333333333333334 0.0))
    (2.3615903975994 (0.091 -0.009333333333333334 0.0))
    (2.3625906476619156 (0.091 -0.009333333333333334 0.0))
    (2.3635908977244315 (0.091 -0.009333333333333334 0.0))
    (2.364591147786947 (0.091 -0.009333333333333334 0.0))
    (2.3655913978494625 (0.091 -0.009333333333333334 0.0))
    (2.3665916479119784 (0.091 -0.009333333333333334 0.0))
    (2.367591897974494 (0.091 -0.009333333333333334 0.0))
    (2.3685921480370093 (0.091 -0.009333333333333334 0.0))
    (2.3695923980995253 (0.091 -0.009333333333333334 0.0))
    (2.3705926481620407 (0.091 -0.009333333333333334 0.0))
    (2.371592898224556 (0.091 -0.009333333333333334 0.0))
    (2.372593148287072 (0.091 -0.009333333333333334 0.0))
    (2.3735933983495876 (0.091 -0.009333333333333334 0.0))
    (2.374593648412103 (0.091 -0.009333333333333334 0.0))
    (2.375593898474619 (0.091 -0.009333333333333334 0.0))
    (2.3765941485371345 (0.091 -0.009333333333333334 0.0))
    (2.3775943985996504 (0.091 -0.009333333333333334 0.0))
    (2.378594648662166 (0.091 -0.009333333333333334 0.0))
    (2.3795948987246813 (0.091 -0.009333333333333334 0.0))
    (2.3805951487871972 (0.091 -0.009333333333333334 0.0))
    (2.3815953988497127 (0.091 -0.009333333333333334 0.0))
    (2.382595648912228 (0.091 -0.009333333333333334 0.0))
    (2.383595898974744 (0.091 -0.009333333333333334 0.0))
    (2.3845961490372596 (0.091 -0.009333333333333334 0.0))
    (2.385596399099775 (0.091 -0.009333333333333334 0.0))
    (2.386596649162291 (0.091 -0.009333333333333334 0.0))
    (2.3875968992248064 (0.091 -0.009333333333333334 0.0))
    (2.388597149287322 (0.091 -0.009333333333333334 0.0))
    (2.389597399349838 (0.091 -0.009333333333333334 0.0))
    (2.3905976494123533 (0.091 -0.009333333333333334 0.0))
    (2.391597899474869 (0.091 -0.009333333333333334 0.0))
    (2.3925981495373847 (0.091 -0.009333333333333334 0.0))
    (2.3935983995999 (0.091 -0.009333333333333334 0.0))
    (2.3945986496624156 (0.091 -0.009333333333333334 0.0))
    (2.3955988997249316 (0.091 -0.009333333333333334 0.0))
    (2.396599149787447 (0.091 -0.009333333333333334 0.0))
    (2.397599399849963 (0.091 -0.009333333333333334 0.0))
    (2.3985996499124784 (0.091 -0.009333333333333334 0.0))
    (2.399599899974994 (0.091 -0.009333333333333334 0.0))
    (2.40060015003751 (0.091 -0.009333333333333334 0.0))
    (2.4016004001000253 (0.091 -0.009333333333333334 0.0))
    (2.4026006501625408 (0.091 -0.009333333333333334 0.0))
    (2.4036009002250567 (0.091 -0.009333333333333334 0.0))
    (2.404601150287572 (0.091 -0.009333333333333334 0.0))
    (2.4056014003500876 (0.091 -0.009333333333333334 0.0))
    (2.4066016504126035 (0.091 -0.009333333333333334 0.0))
    (2.407601900475119 (0.091 -0.009333333333333334 0.0))
    (2.4086021505376345 (0.091 -0.009333333333333334 0.0))
    (2.4096024006001504 (0.091 -0.009333333333333334 0.0))
    (2.410602650662666 (0.091 -0.009333333333333334 0.0))
    (2.4116029007251814 (0.091 -0.009333333333333334 0.0))
    (2.4126031507876973 (0.091 -0.009333333333333334 0.0))
    (2.4136034008502127 (0.091 -0.009333333333333334 0.0))
    (2.414603650912728 (0.091 -0.009333333333333334 0.0))
    (2.415603900975244 (0.091 -0.009333333333333334 0.0))
    (2.4166041510377596 (0.091 -0.009333333333333334 0.0))
    (2.4176044011002755 (0.091 -0.009333333333333334 0.0))
    (2.418604651162791 (0.091 -0.009333333333333334 0.0))
    (2.4196049012253065 (0.091 -0.009333333333333334 0.0))
    (2.4206051512878224 (0.091 -0.009333333333333334 0.0))
    (2.421605401350338 (0.091 -0.009333333333333334 0.0))
    (2.4226056514128533 (0.091 -0.009333333333333334 0.0))
    (2.4236059014753693 (0.091 -0.009333333333333334 0.0))
    (2.4246061515378847 (0.091 -0.009333333333333334 0.0))
    (2.4256064016004 (0.091 -0.009333333333333334 0.0))
    (2.426606651662916 (0.091 -0.009333333333333334 0.0))
    (2.4276069017254316 (0.091 -0.009333333333333334 0.0))
    (2.428607151787947 (0.091 -0.009333333333333334 0.0))
    (2.429607401850463 (0.091 -0.009333333333333334 0.0))
    (2.4306076519129785 (0.091 -0.009333333333333334 0.0))
    (2.431607901975494 (0.091 -0.009333333333333334 0.0))
    (2.43260815203801 (0.091 -0.009333333333333334 0.0))
    (2.4336084021005253 (0.091 -0.009333333333333334 0.0))
    (2.4346086521630412 (0.091 -0.009333333333333334 0.0))
    (2.4356089022255567 (0.091 -0.009333333333333334 0.0))
    (2.436609152288072 (0.091 -0.009333333333333334 0.0))
    (2.437609402350588 (0.091 -0.009333333333333334 0.0))
    (2.4386096524131036 (0.091 -0.009333333333333334 0.0))
    (2.439609902475619 (0.091 -0.009333333333333334 0.0))
    (2.440610152538135 (0.091 -0.009333333333333334 0.0))
    (2.4416104026006504 (0.091 -0.009333333333333334 0.0))
    (2.442610652663166 (0.091 -0.009333333333333334 0.0))
    (2.443610902725682 (0.091 -0.009333333333333334 0.0))
    (2.4446111527881973 (0.091 -0.009333333333333334 0.0))
    (2.4456114028507128 (0.091 -0.009333333333333334 0.0))
    (2.4466116529132287 (0.091 -0.009333333333333334 0.0))
    (2.447611902975744 (0.091 -0.009333333333333334 0.0))
    (2.4486121530382596 (0.091 -0.009333333333333334 0.0))
    (2.4496124031007755 (0.091 -0.009333333333333334 0.0))
    (2.450612653163291 (0.091 -0.009333333333333334 0.0))
    (2.4516129032258065 (0.091 -0.009333333333333334 0.0))
    (2.4526131532883224 (0.091 -0.009333333333333334 0.0))
    (2.453613403350838 (0.091 -0.009333333333333334 0.0))
    (2.454613653413354 (0.091 -0.009333333333333334 0.0))
    (2.4556139034758693 (0.091 -0.009333333333333334 0.0))
    (2.4566141535383847 (0.091 -0.009333333333333334 0.0))
    (2.4576144036009007 (0.091 -0.009333333333333334 0.0))
    (2.458614653663416 (0.091 -0.009333333333333334 0.0))
    (2.4596149037259316 (0.091 -0.009333333333333334 0.0))
    (2.4606151537884475 (0.091 -0.009333333333333334 0.0))
    (2.461615403850963 (0.091 -0.009333333333333334 0.0))
    (2.4626156539134785 (0.091 -0.009333333333333334 0.0))
    (2.4636159039759944 (0.091 -0.009333333333333334 0.0))
    (2.46461615403851 (0.091 -0.009333333333333334 0.0))
    (2.4656164041010253 (0.091 -0.009333333333333334 0.0))
    (2.4666166541635413 (0.091 -0.009333333333333334 0.0))
    (2.4676169042260567 (0.091 -0.009333333333333334 0.0))
    (2.468617154288572 (0.091 -0.009333333333333334 0.0))
    (2.469617404351088 (0.091 -0.009333333333333334 0.0))
    (2.4706176544136036 (0.091 -0.009333333333333334 0.0))
    (2.4716179044761195 (0.091 -0.009333333333333334 0.0))
    (2.472618154538635 (0.091 -0.009333333333333334 0.0))
    (2.4736184046011505 (0.091 -0.009333333333333334 0.0))
    (2.4746186546636664 (0.091 -0.009333333333333334 0.0))
    (2.475618904726182 (0.091 -0.009333333333333334 0.0))
    (2.4766191547886973 (0.091 -0.009333333333333334 0.0))
    (2.4776194048512132 (0.091 -0.009333333333333334 0.0))
    (2.4786196549137287 (0.091 -0.009333333333333334 0.0))
    (2.479619904976244 (0.091 -0.009333333333333334 0.0))
    (2.48062015503876 (0.091 -0.009333333333333334 0.0))
    (2.4816204051012756 (0.091 -0.009333333333333334 0.0))
    (2.482620655163791 (0.091 -0.009333333333333334 0.0))
    (2.483620905226307 (0.091 -0.009333333333333334 0.0))
    (2.4846211552888224 (0.091 -0.009333333333333334 0.0))
    (2.485621405351338 (0.091 -0.009333333333333334 0.0))
    (2.486621655413854 (0.091 -0.009333333333333334 0.0))
    (2.4876219054763693 (0.091 -0.009333333333333334 0.0))
    (2.4886221555388848 (0.091 -0.009333333333333334 0.0))
    (2.4896224056014007 (0.091 -0.009333333333333334 0.0))
    (2.490622655663916 (0.091 -0.009333333333333334 0.0))
    (2.491622905726432 (0.091 -0.009333333333333334 0.0))
    (2.4926231557889476 (0.091 -0.009333333333333334 0.0))
    (2.493623405851463 (0.091 -0.009333333333333334 0.0))
    (2.494623655913979 (0.091 -0.009333333333333334 0.0))
    (2.4956239059764944 (0.091 -0.009333333333333334 0.0))
    (2.49662415603901 (0.091 -0.009333333333333334 0.0))
    (2.497624406101526 (0.091 -0.009333333333333334 0.0))
    (2.4986246561640413 (0.091 -0.009333333333333334 0.0))
    (2.4996249062265568 (0.091 -0.009333333333333334 0.0))
    (2.5006251562890727 (0.091 -0.009333333333333334 0.0))
    (2.501625406351588 (0.091 -0.009333333333333334 0.0))
    (2.5026256564141036 (0.091 -0.009333333333333334 0.0))
    (2.5036259064766195 (0.091 -0.009333333333333334 0.0))
    (2.504626156539135 (0.091 -0.009333333333333334 0.0))
    (2.5056264066016505 (0.091 -0.009333333333333334 0.0))
    (2.5066266566641664 (0.091 -0.009333333333333334 0.0))
    (2.507626906726682 (0.091 -0.009333333333333334 0.0))
    (2.5086271567891973 (0.091 -0.009333333333333334 0.0))
    (2.5096274068517133 (0.091 -0.009333333333333334 0.0))
    (2.5106276569142287 (0.091 -0.009333333333333334 0.0))
    (2.5116279069767447 (0.091 -0.009333333333333334 0.0))
    (2.51262815703926 (0.091 -0.009333333333333334 0.0))
    (2.5136284071017756 (0.091 -0.009333333333333334 0.0))
    (2.5146286571642915 (0.091 -0.009333333333333334 0.0))
    (2.515628907226807 (0.091 -0.009333333333333334 0.0))
    (2.5166291572893225 (0.091 -0.009333333333333334 0.0))
    (2.5176294073518384 (0.091 -0.009333333333333334 0.0))
    (2.518629657414354 (0.091 -0.009333333333333334 0.0))
    (2.5196299074768693 (0.091 -0.009333333333333334 0.0))
    (2.5206301575393852 (0.091 -0.009333333333333334 0.0))
    (2.5216304076019007 (0.091 -0.009333333333333334 0.0))
    (2.522630657664416 (0.091 -0.009333333333333334 0.0))
    (2.523630907726932 (0.091 -0.009333333333333334 0.0))
    (2.5246311577894476 (0.091 -0.009333333333333334 0.0))
    (2.525631407851963 (0.091 -0.009333333333333334 0.0))
    (2.526631657914479 (0.091 -0.009333333333333334 0.0))
    (2.5276319079769944 (0.091 -0.009333333333333334 0.0))
    (2.5286321580395104 (0.091 -0.009333333333333334 0.0))
    (2.529632408102026 (0.091 -0.009333333333333334 0.0))
    (2.5306326581645413 (0.091 -0.009377500882267305 0.0))
    (2.531632908227057 (0.091 -0.009447326277624105 0.0))
    (2.5326331582895727 (0.091 -0.009517139166117364 0.0))
    (2.533633408352088 (0.091 -0.009586931888147852 0.0))
    (2.534633658414604 (0.091 -0.009656696786328998 0.0))
    (2.5356339084771196 (0.091 -0.009726426206326813 0.0))
    (2.536634158539635 (0.091 -0.009796112497699905 0.0))
    (2.537634408602151 (0.091 -0.009865748014738863 0.0))
    (2.5386346586646664 (0.091 -0.009935325117304895 0.0))
    (2.539634908727182 (0.091 -0.010004836171668289 0.0))
    (2.540635158789698 (0.091 -0.010074273551345955 0.0))
    (2.5416354088522133 (0.091 -0.010143629637937966 0.0))
    (2.5426356589147288 (0.091 -0.010212896821963621 0.0))
    (2.5436359089772447 (0.091 -0.010282067503696344 0.0))
    (2.54463615903976 (0.091 -0.010351134093997263 0.0))
    (2.5456364091022756 (0.091 -0.010420089015148097 0.0))
    (2.5466366591647915 (0.091 -0.01048892470168253 0.0))
    (2.547636909227307 (0.091 -0.010557633601216074 0.0))
    (2.548637159289823 (0.091 -0.010626208175274928 0.0))
    (2.5496374093523384 (0.091 -0.01069464090012285 0.0))
    (2.550637659414854 (0.091 -0.01076292426758688 0.0))
    (2.55163790947737 (0.091 -0.0108310507858809 0.0))
    (2.5526381595398853 (0.091 -0.01089901298042761 0.0))
    (2.5536384096024007 (0.091 -0.010966803394678806 0.0))
    (2.5546386596649167 (0.091 -0.011034414590933284 0.0))
    (2.555638909727432 (0.091 -0.011101839151152879 0.0))
    (2.5566391597899476 (0.091 -0.011169069677776538 0.0))
    (2.5576394098524635 (0.091 -0.011236098794531758 0.0))
    (2.558639659914979 (0.091 -0.011302919147243875 0.0))
    (2.5596399099774945 (0.091 -0.01136952340464314 0.0))
    (2.5606401600400104 (0.091 -0.01143590425916888 0.0))
    (2.561640410102526 (0.091 -0.011502054427771245 0.0))
    (2.5626406601650413 (0.091 -0.011567966652710489 0.0))
    (2.5636409102275572 (0.091 -0.011633633702353053 0.0))
    (2.5646411602900727 (0.091 -0.011699048371964992 0.0))
    (2.5656414103525886 (0.091 -0.011764203484502675 0.0))
    (2.566641660415104 (0.091 -0.011829091891399909 0.0))
    (2.5676419104776196 (0.091 -0.011893706473352481 0.0))
    (2.5686421605401355 (0.091 -0.011958040141099248 0.0))
    (2.569642410602651 (0.091 -0.012022085836199755 0.0))
    (2.5706426606651664 (0.091 -0.012085836531808855 0.0))
    (2.5716429107276824 (0.091 -0.012149285233447661 0.0))
    (2.572643160790198 (0.091 -0.01221242497977077 0.0))
    (2.5736434108527133 (0.091 -0.012275248843330214 0.0))
    (2.5746436609152292 (0.091 -0.012337749931335526 0.0))
    (2.5756439109777447 (0.091 -0.01239992138640979 0.0))
    (2.57664416104026 (0.091 -0.012461756387342204 0.0))
    (2.577644411102776 (0.091 -0.012523248149836465 0.0))
    (2.5786446611652916 (0.091 -0.012584389927254937 0.0))
    (2.579644911227807 (0.091 -0.012645175011359075 0.0))
    (2.580645161290323 (0.091 -0.012705596733045313 0.0))
    (2.5816454113528384 (0.091 -0.012765648463076807 0.0))
    (2.582645661415354 (0.091 -0.012825323612810757 0.0))
    (2.58364591147787 (0.091 -0.012884615634921291 0.0))
    (2.5846461615403853 (0.091 -0.012943518024117818 0.0))
    (2.585646411602901 (0.091 -0.013002024317858775 0.0))
    (2.5866466616654167 (0.091 -0.013060128097060576 0.0))
    (2.587646911727932 (0.091 -0.013117822986802087 0.0))
    (2.588647161790448 (0.091 -0.01317510265702388 0.0))
    (2.5896474118529635 (0.091 -0.013231960823222748 0.0))
    (2.590647661915479 (0.091 -0.013288391247141377 0.0))
    (2.591647911977995 (0.091 -0.013344387737452622 0.0))
    (2.5926481620405104 (0.091 -0.013399944150438797 0.0))
    (2.593648412103026 (0.091 -0.0134550543906659 0.0))
    (2.594648662165542 (0.091 -0.013509712411652223 0.0))
    (2.5956489122280573 (0.091 -0.013563912216531733 0.0))
    (2.5966491622905727 (0.091 -0.013617647858712209 0.0))
    (2.5976494123530887 (0.091 -0.013670913442527504 0.0))
    (2.598649662415604 (0.091 -0.01372370312388441 0.0))
    (2.5996499124781196 (0.091 -0.013776011110903933 0.0))
    (2.6006501625406355 (0.091 -0.013827831664556759 0.0))
    (2.601650412603151 (0.091 -0.013879159099292772 0.0))
    (2.6026506626656665 (0.091 -0.013929987783664999 0.0))
    (2.6036509127281824 (0.091 -0.013980312140947474 0.0))
    (2.604651162790698 (0.091 -0.014030126649746937 0.0))
    (2.6056514128532138 (0.091 -0.0140794258446088 0.0))
    (2.6066516629157293 (0.091 -0.014128204316616697 0.0))
    (2.6076519129782447 (0.091 -0.014176456713985954 0.0))
    (2.6086521630407606 (0.091 -0.014224177742650772 0.0))
    (2.609652413103276 (0.091 -0.014271362166845051 0.0))
    (2.6106526631657916 (0.091 -0.014318004809676868 0.0))
    (2.6116529132283075 (0.091 -0.014364100553696434 0.0))
    (2.612653163290823 (0.091 -0.014409644341457584 0.0))
    (2.6136534133533385 (0.091 -0.014454631176072647 0.0))
    (2.6146536634158544 (0.091 -0.014499056121760695 0.0))
    (2.61565391347837 (0.091 -0.01454291430438907 0.0))
    (2.6166541635408853 (0.091 -0.014586200912008157 0.0))
    (2.6176544136034012 (0.091 -0.014628911195379336 0.0))
    (2.6186546636659167 (0.091 -0.01467104046849604 0.0))
    (2.619654913728432 (0.091 -0.014712584109097903 0.0))
    (2.620655163790948 (0.091 -0.014753537559177894 0.0))
    (2.6216554138534636 (0.091 -0.01479389632548234 0.0))
    (2.6226556639159795 (0.091 -0.014833655980004062 0.0))
    (2.623655913978495 (0.091 -0.014872812160468006 0.0))
    (2.6246561640410104 (0.091 -0.014911360570809992 0.0))
    (2.6256564141035263 (0.091 -0.014949296981648054 0.0))
    (2.626656664166042 (0.091 -0.014986617230746362 0.0))
    (2.6276569142285573 (0.091 -0.015023317223472003 0.0))
    (2.628657164291073 (0.091 -0.015059392933244214 0.0))
    (2.6296574143535887 (0.091 -0.015094840401976072 0.0))
    (2.630657664416104 (0.091 -0.015129655740508858 0.0))
    (2.63165791447862 (0.091 -0.015163835129038752 0.0))
    (2.6326581645411355 (0.091 -0.01519737481753584 0.0))
    (2.633658414603651 (0.091 -0.015230271126155645 0.0))
    (2.634658664666167 (0.091 -0.015262520445642868 0.0))
    (2.6356589147286824 (0.091 -0.015294119237727277 0.0))
    (2.636659164791198 (0.091 -0.015325064035512018 0.0))
    (2.637659414853714 (0.091 -0.015355351443853988 0.0))
    (2.6386596649162293 (0.091 -0.015384978139736237 0.0))
    (2.6396599149787447 (0.091 -0.015413940872632655 0.0))
    (2.6406601650412607 (0.091 -0.0154422364648646 0.0))
    (2.641660415103776 (0.091 -0.01546986181194946 0.0))
    (2.642660665166292 (0.091 -0.01549681388294137 0.0))
    (2.6436609152288075 (0.091 -0.015523089720763652 0.0))
    (2.644661165291323 (0.091 -0.015548686442533368 0.0))
    (2.645661415353839 (0.091 -0.015573601239877529 0.0))
    (2.6466616654163544 (0.091 -0.015597831379241221 0.0))
    (2.64766191547887 (0.091 -0.0156213742021876 0.0))
    (2.648662165541386 (0.091 -0.015644227125689487 0.0))
    (2.6496624156039013 (0.091 -0.015666387642412766 0.0))
    (2.6506626656664167 (0.091 -0.015687853320991554 0.0))
    (2.6516629157289326 (0.091 -0.015708621806294898 0.0))
    (2.652663165791448 (0.091 -0.01572869081968515 0.0))
    (2.6536634158539636 (0.091 -0.01574805815926806 0.0))
    (2.6546636659164795 (0.091 -0.015766721700134274 0.0))
    (2.655663915978995 (0.091 -0.0157846793945925 0.0))
    (2.6566641660415105 (0.091 -0.015801929272394197 0.0))
    (2.6576644161040264 (0.091 -0.015818469440949702 0.0))
    (2.658664666166542 (0.091 -0.015834298085535894 0.0))
    (2.6596649162290578 (0.091 -0.01584941346949533 0.0))
    (2.6606651662915732 (0.091 -0.015863813934426714 0.0))
    (2.6616654163540887 (0.091 -0.015877497900366914 0.0))
    (2.6626656664166046 (0.091 -0.0158904638659643 0.0))
    (2.66366591647912 (0.091 -0.01590271040864343 0.0))
    (2.6646661665416356 (0.091 -0.01591423618476115 0.0))
    (2.6656664166041515 (0.091 -0.015925039929754053 0.0))
    (2.666666666666667 (0.091 -0.015935120458277142 0.0))
    (2.6676669167291824 (0.091 -0.015944476664333945 0.0))
    (2.6686671667916984 (0.091 -0.015953107521397846 0.0))
    (2.669667416854214 (0.091 -0.015961012082524692 0.0))
    (2.6706676669167293 (0.091 -0.01596818948045671 0.0))
    (2.671667916979245 (0.091 -0.015974638927717656 0.0))
    (2.6726681670417607 (0.091 -0.015980359716699193 0.0))
    (2.673668417104276 (0.091 -0.015985351219738552 0.0))
    (2.674668667166792 (0.091 -0.015989612889187398 0.0))
    (2.6756689172293076 (0.091 -0.015993144257471885 0.0))
    (2.676669167291823 (0.091 -0.015995944937143996 0.0))
    (2.677669417354339 (0.091 -0.015998014620924022 0.0))
    (2.6786696674168544 (0.091 -0.015999353081734287 0.0))
    (2.6796699174793703 (0.091 -0.01599996017272407 0.0))
    (2.680670167541886 (0.091 -0.0159998358272857 0.0))
    (2.6816704176044013 (0.091 -0.01599898005906187 0.0))
    (2.682670667666917 (0.091 -0.015997392961944162 0.0))
    (2.6836709177294327 (0.091 -0.0159950747100627 0.0))
    (2.684671167791948 (0.091 -0.015992025557767096 0.0))
    (2.685671417854464 (0.091 -0.015988245839598503 0.0))
    (2.6866716679169795 (0.091 -0.015983735970252932 0.0))
    (2.687671917979495 (0.091 -0.015978496444535747 0.0))
    (2.688672168042011 (0.091 -0.015972527837307376 0.0))
    (2.6896724181045264 (0.091 -0.015965830803420258 0.0))
    (2.690672668167042 (0.091 -0.015958406077646946 0.0))
    (2.691672918229558 (0.091 -0.01595025447459955 0.0))
    (2.6926731682920733 (0.091 -0.015941376888640328 0.0))
    (2.6936734183545887 (0.091 -0.015931774293783563 0.0))
    (2.6946736684171047 (0.091 -0.015921447743588692 0.0))
    (2.69567391847962 (0.091 -0.015910398371044746 0.0))
    (2.6966741685421356 (0.091 -0.015898627388445996 0.0))
    (2.6976744186046515 (0.091 -0.015886136087258976 0.0))
    (2.698674668667167 (0.091 -0.015872925837980795 0.0))
    (2.699674918729683 (0.091 -0.015858998089988724 0.0))
    (2.7006751687921984 (0.091 -0.015844354371381247 0.0))
    (2.701675418854714 (0.091 -0.01582899628881034 0.0))
    (2.7026756689172298 (0.091 -0.015812925527305226 0.0))
    (2.7036759189797452 (0.091 -0.0157961438500875 0.0))
    (2.7046761690422607 (0.091 -0.01577865309837767 0.0))
    (2.7056764191047766 (0.091 -0.015760455191193137 0.0))
    (2.706676669167292 (0.091 -0.01574155212513767 0.0))
    (2.7076769192298076 (0.091 -0.01572194597418233 0.0))
    (2.7086771692923235 (0.091 -0.015701638889437902 0.0))
    (2.709677419354839 (0.091 -0.015680633098918952 0.0))
    (2.7106776694173544 (0.091 -0.0156589309072993 0.0))
    (2.7116779194798704 (0.091 -0.01563653469565918 0.0))
    (2.712678169542386 (0.091 -0.015613446921224048 0.0))
    (2.7136784196049013 (0.091 -0.01558967011709493 0.0))
    (2.714678669667417 (0.091 -0.015565206891970489 0.0))
    (2.7156789197299327 (0.091 -0.015540059929860885 0.0))
    (2.7166791697924486 (0.091 -0.015514231989793202 0.0))
    (2.717679419854964 (0.091 -0.015487725905508835 0.0))
    (2.7186796699174796 (0.091 -0.015460544585152471 0.0))
    (2.7196799199799955 (0.091 -0.015432691010953107 0.0))
    (2.720680170042511 (0.091 -0.01540416823889685 0.0))
    (2.7216804201050264 (0.091 -0.015374979398391546 0.0))
    (2.7226806701675423 (0.091 -0.01534512769192351 0.0))
    (2.723680920230058 (0.091 -0.015314616394706174 0.0))
    (2.7246811702925733 (0.091 -0.015283448854320644 0.0))
    (2.725681420355089 (0.091 -0.01525162849034851 0.0))
    (2.7266816704176047 (0.091 -0.015219158793996667 0.0))
    (2.72768192048012 (0.091 -0.015186043327714172 0.0))
    (2.728682170542636 (0.091 -0.015152285724801488 0.0))
    (2.7296824206051515 (0.091 -0.015117889689011847 0.0))
    (2.730682670667667 (0.091 -0.015082858994144799 0.0))
    (2.731682920730183 (0.091 -0.01504719748363225 0.0))
    (2.7326831707926984 (0.091 -0.015010909070116794 0.0))
    (2.733683420855214 (0.091 -0.014973997735022311 0.0))
    (2.73468367091773 (0.091 -0.014936467528117264 0.0))
    (2.7356839209802453 (0.091 -0.014898322567070358 0.0))
    (2.736684171042761 (0.091 -0.014859567036998658 0.0))
    (2.7376844211052767 (0.091 -0.014820205190008574 0.0))
    (2.738684671167792 (0.091 -0.014780241344729227 0.0))
    (2.739684921230308 (0.091 -0.014739679885838602 0.0))
    (2.7406851712928235 (0.091 -0.014698525263582621 0.0))
    (2.741685421355339 (0.091 -0.014656781993286747 0.0))
    (2.742685671417855 (0.091 -0.014614454654860571 0.0))
    (2.7436859214803704 (0.091 -0.01457154789229547 0.0))
    (2.744686171542886 (0.091 -0.014528066413154937 0.0))
    (2.7456864216054018 (0.091 -0.0144840149880581 0.0))
    (2.7466866716679172 (0.091 -0.014439398450156429 0.0))
    (2.7476869217304327 (0.091 -0.014394221694603335 0.0))
    (2.7486871717929486 (0.091 -0.014348489678017096 0.0))
    (2.749687421855464 (0.091 -0.014302207417937158 0.0))
    (2.7506876719179796 (0.091 -0.01425537999227351 0.0))
    (2.7516879219804955 (0.091 -0.01420801253874954 0.0))
    (2.752688172043011 (0.091 -0.014160110254338502 0.0))
    (2.753688422105527 (0.091 -0.014111678394693124 0.0))
    (2.7546886721680424 (0.091 -0.01406272227356917 0.0))
    (2.755688922230558 (0.091 -0.014013247262242233 0.0))
    (2.7566891722930738 (0.091 -0.013963258788918576 0.0))
    (2.7576894223555892 (0.091 -0.013912762338139574 0.0))
    (2.7586896724181047 (0.091 -0.01386176345017981 0.0))
    (2.7596899224806206 (0.091 -0.013810267720439376 0.0))
    (2.760690172543136 (0.091 -0.013758280798829979 0.0))
    (2.7616904226056516 (0.091 -0.013705808389154875 0.0))
    (2.7626906726681675 (0.091 -0.013652856248483242 0.0))
    (2.763690922730683 (0.091 -0.01359943018651854 0.0))
    (2.7646911727931984 (0.091 -0.013545536064960922 0.0))
    (2.7656914228557143 (0.091 -0.013491179796864278 0.0))
    (2.76669167291823 (0.091 -0.01343636734598748 0.0))
    (2.7676919229807453 (0.091 -0.013381104726139889 0.0))
    (2.768692173043261 (0.091 -0.013325398000521724 0.0))
    (2.7696924231057767 (0.091 -0.013269253281058813 0.0))
    (2.770692673168292 (0.091 -0.013212676727731857 0.0))
    (2.771692923230808 (0.091 -0.013155674547900755 0.0))
    (2.7726931732933235 (0.091 -0.013098252995623547 0.0))
    (2.7736934233558395 (0.091 -0.013040418370970058 0.0))
    (2.774693673418355 (0.091 -0.012982177019330946 0.0))
    (2.7756939234808704 (0.091 -0.012923535330721297 0.0))
    (2.7766941735433863 (0.091 -0.01286449973907964 0.0))
    (2.777694423605902 (0.091 -0.01280507672156201 0.0))
    (2.7786946736684173 (0.091 -0.012745272797831308 0.0))
    (2.779694923730933 (0.091 -0.012685094529341988 0.0))
    (2.7806951737934487 (0.091 -0.01262454851862016 0.0))
    (2.781695423855964 (0.091 -0.012563641408539179 0.0))
    (2.78269567391848 (0.091 -0.012502379881590824 0.0))
    (2.7836959239809955 (0.091 -0.012440770659152119 0.0))
    (2.784696174043511 (0.091 -0.012378820500747886 0.0))
    (2.785696424106027 (0.091 -0.012316536203309117 0.0))
    (2.7866966741685424 (0.091 -0.012253924600427245 0.0))
    (2.787696924231058 (0.091 -0.012190992561604386 0.0))
    (2.7886971742935738 (0.091 -0.012127746991499641 0.0))
    (2.7896974243560893 (0.091 -0.012064194829171548 0.0))
    (2.7906976744186047 (0.091 -0.012000343047316758 0.0))
    (2.7916979244811206 (0.091 -0.011936198651505008 0.0))
    (2.792698174543636 (0.091 -0.011871768679410507 0.0))
    (2.793698424606152 (0.091 -0.01180706020003976 0.0))
    (2.7946986746686675 (0.091 -0.011742080312956102 0.0))
    (2.795698924731183 (0.091 -0.011676836147500534 0.0))
    (2.796699174793699 (0.091 -0.011611334862009721 0.0))
    (2.7976994248562144 (0.091 -0.011545583643030585 0.0))
    (2.79869967491873 (0.091 -0.011479589704531737 0.0))
    (2.7996999249812458 (0.091 -0.011413360287111964 0.0))
    (2.8007001750437612 (0.091 -0.011346902657206021 0.0))
    (2.8017004251062767 (0.091 -0.011280224106287186 0.0))
    (2.8027006751687926 (0.091 -0.011213331950067261 0.0))
    (2.803700925231308 (0.091 -0.011146233527694133 0.0))
    (2.8047011752938236 (0.091 -0.01107893620094634 0.0))
    (2.8057014253563395 (0.091 -0.011011447353425371 0.0))
    (2.806701675418855 (0.091 -0.010943774389745763 0.0))
    (2.8077019254813704 (0.091 -0.010875924734722502 0.0))
    (2.8087021755438863 (0.091 -0.010807905832556385 0.0))
    (2.809702425606402 (0.091 -0.010739725146017495 0.0))
    (2.8107026756689177 (0.091 -0.010671390155626171 0.0))
    (2.811702925731433 (0.091 -0.010602908358832399 0.0))
    (2.8127031757939487 (0.091 -0.010534287269193188 0.0))
    (2.8137034258564646 (0.091 -0.010465534415548226 0.0))
    (2.81470367591898 (0.091 -0.010396657341193829 0.0))
    (2.8157039259814955 (0.091 -0.010327663603055329 0.0))
    (2.8167041760440115 (0.091 -0.010258560770857935 0.0))
    (2.817704426106527 (0.091 -0.010189356426296323 0.0))
    (2.8187046761690424 (0.091 -0.010120058162202574 0.0))
    (2.8197049262315583 (0.091 -0.010050673581713325 0.0))
    (2.820705176294074 (0.091 -0.009981210297435582 0.0))
    (2.8217054263565893 (0.091 -0.009911675930611286 0.0))
    (2.822705676419105 (0.091 -0.009842078110281349 0.0))
    (2.8237059264816207 (0.091 -0.009772424472448627 0.0))
    (2.824706176544136 (0.091 -0.009702722659239913 0.0))
    (2.825706426606652 (0.091 -0.009632980318067686 0.0))
    (2.8267066766691675 (0.091 -0.00956320510079107 0.0))
    (2.827706926731683 (0.091 -0.00949340466287608 0.0))
    (2.828707176794199 (0.091 -0.009423586662555918 0.0))
    (2.8297074268567144 (0.091 -0.009353758759990734 0.0))
    (2.8307076769192303 (0.091 -0.009333333333333334 0.0))
    (2.831707926981746 (0.091 -0.009333333333333334 0.0))
    (2.8327081770442613 (0.091 -0.009333333333333334 0.0))
    (2.833708427106777 (0.091 -0.009333333333333334 0.0))
    (2.8347086771692926 (0.091 -0.009333333333333334 0.0))
    (2.835708927231808 (0.091 -0.009333333333333334 0.0))
    (2.836709177294324 (0.091 -0.009333333333333334 0.0))
    (2.8377094273568395 (0.091 -0.009333333333333334 0.0))
    (2.838709677419355 (0.091 -0.009333333333333334 0.0))
    (2.839709927481871 (0.091 -0.009333333333333334 0.0))
    (2.8407101775443864 (0.091 -0.009333333333333334 0.0))
    (2.841710427606902 (0.091 -0.009333333333333334 0.0))
    (2.8427106776694178 (0.091 -0.009333333333333334 0.0))
    (2.8437109277319332 (0.091 -0.009333333333333334 0.0))
    (2.8447111777944487 (0.091 -0.009333333333333334 0.0))
    (2.8457114278569646 (0.091 -0.009333333333333334 0.0))
    (2.84671167791948 (0.091 -0.009333333333333334 0.0))
    (2.847711927981996 (0.091 -0.009333333333333334 0.0))
    (2.8487121780445115 (0.091 -0.009333333333333334 0.0))
    (2.849712428107027 (0.091 -0.009333333333333334 0.0))
    (2.850712678169543 (0.091 -0.009333333333333334 0.0))
    (2.8517129282320584 (0.091 -0.009333333333333334 0.0))
    (2.852713178294574 (0.091 -0.009333333333333334 0.0))
    (2.8537134283570897 (0.091 -0.009333333333333334 0.0))
    (2.854713678419605 (0.091 -0.009333333333333334 0.0))
    (2.8557139284821207 (0.091 -0.009333333333333334 0.0))
    (2.8567141785446366 (0.091 -0.009333333333333334 0.0))
    (2.857714428607152 (0.091 -0.009333333333333334 0.0))
    (2.8587146786696676 (0.091 -0.009333333333333334 0.0))
    (2.8597149287321835 (0.091 -0.009333333333333334 0.0))
    (2.860715178794699 (0.091 -0.009333333333333334 0.0))
    (2.8617154288572144 (0.091 -0.009333333333333334 0.0))
    (2.8627156789197303 (0.091 -0.009333333333333334 0.0))
    (2.863715928982246 (0.091 -0.009333333333333334 0.0))
    (2.8647161790447613 (0.091 -0.009333333333333334 0.0))
    (2.865716429107277 (0.091 -0.009333333333333334 0.0))
    (2.8667166791697927 (0.091 -0.009333333333333334 0.0))
    (2.8677169292323086 (0.091 -0.009333333333333334 0.0))
    (2.868717179294824 (0.091 -0.009333333333333334 0.0))
    (2.8697174293573395 (0.091 -0.009333333333333334 0.0))
    (2.8707176794198555 (0.091 -0.009333333333333334 0.0))
    (2.871717929482371 (0.091 -0.009333333333333334 0.0))
    (2.8727181795448864 (0.091 -0.009333333333333334 0.0))
    (2.8737184296074023 (0.091 -0.009333333333333334 0.0))
    (2.874718679669918 (0.091 -0.009333333333333334 0.0))
    (2.8757189297324333 (0.091 -0.009333333333333334 0.0))
    (2.876719179794949 (0.091 -0.009333333333333334 0.0))
    (2.8777194298574647 (0.091 -0.009333333333333334 0.0))
    (2.87871967991998 (0.091 -0.009333333333333334 0.0))
    (2.879719929982496 (0.091 -0.009333333333333334 0.0))
    (2.8807201800450115 (0.091 -0.009333333333333334 0.0))
    (2.881720430107527 (0.091 -0.009333333333333334 0.0))
    (2.882720680170043 (0.091 -0.009333333333333334 0.0))
    (2.8837209302325584 (0.091 -0.009333333333333334 0.0))
    (2.884721180295074 (0.091 -0.009333333333333334 0.0))
    (2.8857214303575898 (0.091 -0.009333333333333334 0.0))
    (2.8867216804201052 (0.091 -0.009333333333333334 0.0))
    (2.887721930482621 (0.091 -0.009333333333333334 0.0))
    (2.8887221805451366 (0.091 -0.009333333333333334 0.0))
    (2.889722430607652 (0.091 -0.009333333333333334 0.0))
    (2.890722680670168 (0.091 -0.009333333333333334 0.0))
    (2.8917229307326835 (0.091 -0.009333333333333334 0.0))
    (2.892723180795199 (0.091 -0.009333333333333334 0.0))
    (2.893723430857715 (0.091 -0.009333333333333334 0.0))
    (2.8947236809202304 (0.091 -0.009333333333333334 0.0))
    (2.895723930982746 (0.091 -0.009333333333333334 0.0))
    (2.8967241810452617 (0.091 -0.009333333333333334 0.0))
    (2.897724431107777 (0.091 -0.009333333333333334 0.0))
    (2.8987246811702927 (0.091 -0.009333333333333334 0.0))
    (2.8997249312328086 (0.091 -0.009333333333333334 0.0))
    (2.900725181295324 (0.091 -0.009333333333333334 0.0))
    (2.9017254313578396 (0.091 -0.009333333333333334 0.0))
    (2.9027256814203555 (0.091 -0.009333333333333334 0.0))
    (2.903725931482871 (0.091 -0.009333333333333334 0.0))
    (2.904726181545387 (0.091 -0.009333333333333334 0.0))
    (2.9057264316079023 (0.091 -0.009333333333333334 0.0))
    (2.906726681670418 (0.091 -0.009333333333333334 0.0))
    (2.9077269317329337 (0.091 -0.009333333333333334 0.0))
    (2.908727181795449 (0.091 -0.009333333333333334 0.0))
    (2.9097274318579647 (0.091 -0.009333333333333334 0.0))
    (2.9107276819204806 (0.091 -0.009333333333333334 0.0))
    (2.911727931982996 (0.091 -0.009333333333333334 0.0))
    (2.9127281820455115 (0.091 -0.009333333333333334 0.0))
    (2.9137284321080275 (0.091 -0.009333333333333334 0.0))
    (2.914728682170543 (0.091 -0.009333333333333334 0.0))
    (2.9157289322330584 (0.091 -0.009333333333333334 0.0))
    (2.9167291822955743 (0.091 -0.009333333333333334 0.0))
    (2.91772943235809 (0.091 -0.009333333333333334 0.0))
    (2.9187296824206053 (0.091 -0.009333333333333334 0.0))
    (2.919729932483121 (0.091 -0.009333333333333334 0.0))
    (2.9207301825456367 (0.091 -0.009333333333333334 0.0))
    (2.921730432608152 (0.091 -0.009333333333333334 0.0))
    (2.922730682670668 (0.091 -0.009333333333333334 0.0))
    (2.9237309327331835 (0.091 -0.009333333333333334 0.0))
    (2.9247311827956994 (0.091 -0.009333333333333334 0.0))
    (2.925731432858215 (0.091 -0.009333333333333334 0.0))
    (2.9267316829207304 (0.091 -0.009333333333333334 0.0))
    (2.9277319329832463 (0.091 -0.009333333333333334 0.0))
    (2.9287321830457618 (0.091 -0.009333333333333334 0.0))
    (2.9297324331082772 (0.091 -0.009333333333333334 0.0))
    (2.930732683170793 (0.091 -0.009333333333333334 0.0))
    (2.9317329332333086 (0.091 -0.009333333333333334 0.0))
    (2.932733183295824 (0.091 -0.009333333333333334 0.0))
    (2.93373343335834 (0.091 -0.009333333333333334 0.0))
    (2.9347336834208555 (0.091 -0.009333333333333334 0.0))
    (2.935733933483371 (0.091 -0.009333333333333334 0.0))
    (2.936734183545887 (0.091 -0.009333333333333334 0.0))
    (2.9377344336084024 (0.091 -0.009333333333333334 0.0))
    (2.938734683670918 (0.091 -0.009333333333333334 0.0))
    (2.9397349337334338 (0.091 -0.009333333333333334 0.0))
    (2.9407351837959492 (0.091 -0.009333333333333334 0.0))
    (2.941735433858465 (0.091 -0.009333333333333334 0.0))
    (2.9427356839209806 (0.091 -0.009333333333333334 0.0))
    (2.943735933983496 (0.091 -0.009333333333333334 0.0))
    (2.944736184046012 (0.091 -0.009333333333333334 0.0))
    (2.9457364341085275 (0.091 -0.009333333333333334 0.0))
    (2.946736684171043 (0.091 -0.009333333333333334 0.0))
    (2.947736934233559 (0.091 -0.009333333333333334 0.0))
    (2.9487371842960743 (0.091 -0.009333333333333334 0.0))
    (2.94973743435859 (0.091 -0.009333333333333334 0.0))
    (2.9507376844211057 (0.091 -0.009333333333333334 0.0))
    (2.951737934483621 (0.091 -0.009333333333333334 0.0))
    (2.9527381845461367 (0.091 -0.009333333333333334 0.0))
    (2.9537384346086526 (0.091 -0.009333333333333334 0.0))
    (2.954738684671168 (0.091 -0.009333333333333334 0.0))
    (2.9557389347336835 (0.091 -0.009333333333333334 0.0))
    (2.9567391847961995 (0.091 -0.009333333333333334 0.0))
    (2.957739434858715 (0.091 -0.009333333333333334 0.0))
    (2.9587396849212304 (0.091 -0.009333333333333334 0.0))
    (2.9597399349837463 (0.091 -0.009333333333333334 0.0))
    (2.960740185046262 (0.091 -0.009333333333333334 0.0))
    (2.9617404351087777 (0.091 -0.009333333333333334 0.0))
    (2.962740685171293 (0.091 -0.009333333333333334 0.0))
    (2.9637409352338087 (0.091 -0.009333333333333334 0.0))
    (2.9647411852963246 (0.091 -0.009333333333333334 0.0))
    (2.96574143535884 (0.091 -0.009333333333333334 0.0))
    (2.9667416854213555 (0.091 -0.009333333333333334 0.0))
    (2.9677419354838714 (0.091 -0.009333333333333334 0.0))
    (2.968742185546387 (0.091 -0.009333333333333334 0.0))
    (2.9697424356089024 (0.091 -0.009333333333333334 0.0))
    (2.9707426856714183 (0.091 -0.009333333333333334 0.0))
    (2.9717429357339338 (0.091 -0.009333333333333334 0.0))
    (2.9727431857964493 (0.091 -0.009333333333333334 0.0))
    (2.973743435858965 (0.091 -0.009333333333333334 0.0))
    (2.9747436859214806 (0.091 -0.009333333333333334 0.0))
    (2.975743935983996 (0.091 -0.009333333333333334 0.0))
    (2.976744186046512 (0.091 -0.009333333333333334 0.0))
    (2.9777444361090275 (0.091 -0.009333333333333334 0.0))
    (2.978744686171543 (0.091 -0.009333333333333334 0.0))
    (2.979744936234059 (0.091 -0.009333333333333334 0.0))
    (2.9807451862965744 (0.091 -0.009333333333333334 0.0))
    (2.9817454363590903 (0.091 -0.009333333333333334 0.0))
    (2.9827456864216058 (0.091 -0.009333333333333334 0.0))
    (2.9837459364841212 (0.091 -0.009333333333333334 0.0))
    (2.984746186546637 (0.091 -0.009333333333333334 0.0))
    (2.9857464366091526 (0.091 -0.009333333333333334 0.0))
    (2.986746686671668 (0.091 -0.009333333333333334 0.0))
    (2.987746936734184 (0.091 -0.009333333333333334 0.0))
    (2.9887471867966995 (0.091 -0.009333333333333334 0.0))
    (2.989747436859215 (0.091 -0.009333333333333334 0.0))
    (2.990747686921731 (0.091 -0.009333333333333334 0.0))
    (2.9917479369842463 (0.091 -0.009333333333333334 0.0))
    (2.992748187046762 (0.091 -0.009333333333333334 0.0))
    (2.9937484371092777 (0.091 -0.009333333333333334 0.0))
    (2.994748687171793 (0.091 -0.009333333333333334 0.0))
    (2.9957489372343087 (0.091 -0.009333333333333334 0.0))
    (2.9967491872968246 (0.091 -0.009333333333333334 0.0))
    (2.99774943735934 (0.091 -0.009333333333333334 0.0))
    (2.998749687421856 (0.091 -0.009333333333333334 0.0))
    (2.9997499374843715 (0.091 -0.009333333333333334 0.0))
    (3.000750187546887 (0.091 -0.009333333333333334 0.0))
    (3.001750437609403 (0.091 -0.009333333333333334 0.0))
    (3.0027506876719183 (0.091 -0.009333333333333334 0.0))
    (3.003750937734434 (0.091 -0.009333333333333334 0.0))
    (3.0047511877969497 (0.091 -0.009333333333333334 0.0))
    (3.005751437859465 (0.091 -0.009333333333333334 0.0))
    (3.0067516879219807 (0.091 -0.009333333333333334 0.0))
    (3.0077519379844966 (0.091 -0.009333333333333334 0.0))
    (3.008752188047012 (0.091 -0.009333333333333334 0.0))
    (3.0097524381095275 (0.091 -0.009333333333333334 0.0))
    (3.0107526881720434 (0.091 -0.009333333333333334 0.0))
    (3.011752938234559 (0.091 -0.009333333333333334 0.0))
    (3.0127531882970744 (0.091 -0.009333333333333334 0.0))
    (3.0137534383595903 (0.091 -0.009333333333333334 0.0))
    (3.014753688422106 (0.091 -0.009333333333333334 0.0))
    (3.0157539384846213 (0.091 -0.009333333333333334 0.0))
    (3.016754188547137 (0.091 -0.009333333333333334 0.0))
    (3.0177544386096526 (0.091 -0.009333333333333334 0.0))
    (3.0187546886721686 (0.091 -0.009333333333333334 0.0))
    (3.019754938734684 (0.091 -0.009333333333333334 0.0))
    (3.0207551887971995 (0.091 -0.009333333333333334 0.0))
    (3.0217554388597154 (0.091 -0.009333333333333334 0.0))
    (3.022755688922231 (0.091 -0.009333333333333334 0.0))
    (3.0237559389847464 (0.091 -0.009333333333333334 0.0))
    (3.0247561890472623 (0.091 -0.009333333333333334 0.0))
    (3.0257564391097778 (0.091 -0.009333333333333334 0.0))
    (3.0267566891722932 (0.091 -0.009333333333333334 0.0))
    (3.027756939234809 (0.091 -0.009333333333333334 0.0))
    (3.0287571892973246 (0.091 -0.009333333333333334 0.0))
    (3.02975743935984 (0.091 -0.009333333333333334 0.0))
    (3.030757689422356 (0.091 -0.009333333333333334 0.0))
    (3.0317579394848715 (0.091 -0.009333333333333334 0.0))
    (3.032758189547387 (0.091 -0.009333333333333334 0.0))
    (3.033758439609903 (0.091 -0.009333333333333334 0.0))
    (3.0347586896724184 (0.091 -0.009333333333333334 0.0))
    (3.0357589397349343 (0.091 -0.009333333333333334 0.0))
    (3.0367591897974497 (0.091 -0.009333333333333334 0.0))
    (3.037759439859965 (0.091 -0.009333333333333334 0.0))
    (3.038759689922481 (0.091 -0.009333333333333334 0.0))
    (3.0397599399849966 (0.091 -0.009333333333333334 0.0))
    (3.040760190047512 (0.091 -0.009333333333333334 0.0))
    (3.041760440110028 (0.091 -0.009333333333333334 0.0))
    (3.0427606901725435 (0.091 -0.009333333333333334 0.0))
    (3.043760940235059 (0.091 -0.009333333333333334 0.0))
    (3.044761190297575 (0.091 -0.009333333333333334 0.0))
    (3.0457614403600903 (0.091 -0.009333333333333334 0.0))
    (3.046761690422606 (0.091 -0.009333333333333334 0.0))
    (3.0477619404851217 (0.091 -0.009333333333333334 0.0))
    (3.048762190547637 (0.091 -0.009333333333333334 0.0))
    (3.0497624406101527 (0.091 -0.009333333333333334 0.0))
    (3.0507626906726686 (0.091 -0.009333333333333334 0.0))
    (3.051762940735184 (0.091 -0.009333333333333334 0.0))
    (3.0527631907976995 (0.091 -0.009333333333333334 0.0))
    (3.0537634408602155 (0.091 -0.009333333333333334 0.0))
    (3.054763690922731 (0.091 -0.009333333333333334 0.0))
    (3.055763940985247 (0.091 -0.009333333333333334 0.0))
    (3.0567641910477623 (0.091 -0.009333333333333334 0.0))
    (3.057764441110278 (0.091 -0.009333333333333334 0.0))
    (3.0587646911727937 (0.091 -0.009333333333333334 0.0))
    (3.059764941235309 (0.091 -0.009333333333333334 0.0))
    (3.0607651912978247 (0.091 -0.009333333333333334 0.0))
    (3.0617654413603406 (0.091 -0.009333333333333334 0.0))
    (3.062765691422856 (0.091 -0.009333333333333334 0.0))
    (3.0637659414853715 (0.091 -0.009333333333333334 0.0))
    (3.0647661915478874 (0.091 -0.009333333333333334 0.0))
    (3.065766441610403 (0.091 -0.009333333333333334 0.0))
    (3.0667666916729184 (0.091 -0.009333333333333334 0.0))
    (3.0677669417354343 (0.091 -0.009333333333333334 0.0))
    (3.0687671917979498 (0.091 -0.009333333333333334 0.0))
    (3.0697674418604652 (0.091 -0.009333333333333334 0.0))
    (3.070767691922981 (0.091 -0.009333333333333334 0.0))
    (3.0717679419854966 (0.091 -0.009333333333333334 0.0))
    (3.072768192048012 (0.091 -0.009333333333333334 0.0))
    (3.073768442110528 (0.091 -0.009333333333333334 0.0))
    (3.0747686921730435 (0.091 -0.009333333333333334 0.0))
    (3.0757689422355594 (0.091 -0.009333333333333334 0.0))
    (3.076769192298075 (0.091 -0.009333333333333334 0.0))
    (3.0777694423605904 (0.091 -0.009333333333333334 0.0))
    (3.0787696924231063 (0.091 -0.009333333333333334 0.0))
    (3.0797699424856217 (0.091 -0.009333333333333334 0.0))
    (3.080770192548137 (0.091 -0.009333333333333334 0.0))
    (3.081770442610653 (0.091 -0.009333333333333334 0.0))
    (3.0827706926731686 (0.091 -0.009333333333333334 0.0))
    (3.083770942735684 (0.091 -0.009333333333333334 0.0))
    (3.0847711927982 (0.091 -0.009333333333333334 0.0))
    (3.0857714428607155 (0.091 -0.009333333333333334 0.0))
    (3.086771692923231 (0.091 -0.009333333333333334 0.0))
    (3.087771942985747 (0.091 -0.009333333333333334 0.0))
    (3.0887721930482623 (0.091 -0.009333333333333334 0.0))
    (3.089772443110778 (0.091 -0.009333333333333334 0.0))
    (3.0907726931732937 (0.091 -0.009333333333333334 0.0))
    (3.091772943235809 (0.091 -0.009333333333333334 0.0))
    (3.092773193298325 (0.091 -0.009333333333333334 0.0))
    (3.0937734433608406 (0.091 -0.009333333333333334 0.0))
    (3.094773693423356 (0.091 -0.009333333333333334 0.0))
    (3.095773943485872 (0.091 -0.009333333333333334 0.0))
    (3.0967741935483875 (0.091 -0.009333333333333334 0.0))
    (3.097774443610903 (0.091 -0.009333333333333334 0.0))
    (3.098774693673419 (0.091 -0.009333333333333334 0.0))
    (3.0997749437359343 (0.091 -0.009333333333333334 0.0))
    (3.10077519379845 (0.091 -0.009333333333333334 0.0))
    (3.1017754438609657 (0.091 -0.009333333333333334 0.0))
    (3.102775693923481 (0.091 -0.009333333333333334 0.0))
    (3.1037759439859967 (0.091 -0.009333333333333334 0.0))
    (3.1047761940485126 (0.091 -0.009333333333333334 0.0))
    (3.105776444111028 (0.091 -0.009333333333333334 0.0))
    (3.1067766941735435 (0.091 -0.009333333333333334 0.0))
    (3.1077769442360594 (0.091 -0.009333333333333334 0.0))
    (3.108777194298575 (0.091 -0.009333333333333334 0.0))
    (3.1097774443610904 (0.091 -0.009333333333333334 0.0))
    (3.1107776944236063 (0.091 -0.009333333333333334 0.0))
    (3.1117779444861218 (0.091 -0.009333333333333334 0.0))
    (3.1127781945486377 (0.091 -0.009333333333333334 0.0))
    (3.113778444611153 (0.091 -0.009333333333333334 0.0))
    (3.1147786946736686 (0.091 -0.009333333333333334 0.0))
    (3.1157789447361846 (0.091 -0.009333333333333334 0.0))
    (3.1167791947987 (0.091 -0.009333333333333334 0.0))
    (3.1177794448612155 (0.091 -0.009333333333333334 0.0))
    (3.1187796949237314 (0.091 -0.009333333333333334 0.0))
    (3.119779944986247 (0.091 -0.009333333333333334 0.0))
    (3.1207801950487624 (0.091 -0.009333333333333334 0.0))
    (3.1217804451112783 (0.091 -0.009333333333333334 0.0))
    (3.1227806951737938 (0.091 -0.009333333333333334 0.0))
    (3.1237809452363092 (0.091 -0.009333333333333334 0.0))
    (3.124781195298825 (0.091 -0.009333333333333334 0.0))
    (3.1257814453613406 (0.091 -0.009333333333333334 0.0))
    (3.126781695423856 (0.091 -0.009333333333333334 0.0))
    (3.127781945486372 (0.091 -0.009333333333333334 0.0))
    (3.1287821955488875 (0.091 -0.009333333333333334 0.0))
    (3.1297824456114034 (0.091 -0.009333333333333334 0.0))
    (3.130782695673919 (0.091 -0.00938797518772154 0.0))
    (3.1317829457364343 (0.091 -0.009457799195411684 0.0))
    (3.1327831957989503 (0.091 -0.009527609547190433 0.0))
    (3.1337834458614657 (0.091 -0.009597398583736805 0.0))
    (3.134783695923981 (0.091 -0.009667158648068584 0.0))
    (3.135783945986497 (0.091 -0.009736882086382204 0.0))
    (3.1367841960490126 (0.091 -0.009806561248892492 0.0))
    (3.137784446111528 (0.091 -0.009876188490672186 0.0))
    (3.138784696174044 (0.091 -0.009945756172490494 0.0))
    (3.1397849462365595 (0.091 -0.01001525666165124 0.0))
    (3.140785196299075 (0.091 -0.010084682332830509 0.0))
    (3.141785446361591 (0.091 -0.010154025568913054 0.0))
    (3.1427856964241063 (0.091 -0.010223278761828014 0.0))
    (3.143785946486622 (0.091 -0.01029243431338386 0.0))
    (3.1447861965491377 (0.091 -0.010361484636101821 0.0))
    (3.145786446611653 (0.091 -0.010430422154048352 0.0))
    (3.1467866966741687 (0.091 -0.010499239303666558 0.0))
    (3.1477869467366846 (0.091 -0.010567928534605813 0.0))
    (3.1487871967992 (0.091 -0.01063648231055019 0.0))
    (3.149787446861716 (0.091 -0.010704893110045426 0.0))
    (3.1507876969242314 (0.091 -0.010773153427324055 0.0))
    (3.151787946986747 (0.091 -0.010841255773128939 0.0))
    (3.152788197049263 (0.091 -0.010909192675534954 0.0))
    (3.1537884471117783 (0.091 -0.010976956680768786 0.0))
    (3.1547886971742938 (0.091 -0.011044540354026727 0.0))
    (3.1557889472368097 (0.091 -0.011111936280290394 0.0))
    (3.156789197299325 (0.091 -0.011179137065140274 0.0))
    (3.1577894473618406 (0.091 -0.011246135335567014 0.0))
    (3.1587896974243566 (0.091 -0.01131292374078036 0.0))
    (3.159789947486872 (0.091 -0.01137949495301565 0.0))
    (3.1607901975493875 (0.091 -0.011445841668337797 0.0))
    (3.1617904476119034 (0.091 -0.01151195660744264 0.0))
    (3.162790697674419 (0.091 -0.01157783251645561 0.0))
    (3.1637909477369344 (0.091 -0.011643462167727592 0.0))
    (3.1647911977994503 (0.091 -0.011708838360627909 0.0))
    (3.1657914478619658 (0.091 -0.011773953922334357 0.0))
    (3.1667916979244817 (0.091 -0.011838801708620198 0.0))
    (3.167791947986997 (0.091 -0.011903374604637886 0.0))
    (3.1687921980495126 (0.091 -0.011967665525699897 0.0))
    (3.1697924481120285 (0.091 -0.012031667418055845 0.0))
    (3.170792698174544 (0.091 -0.012095373259666403 0.0))
    (3.1717929482370595 (0.091 -0.012158776060973826 0.0))
    (3.1727931982995754 (0.091 -0.012221868865668848 0.0))
    (3.173793448362091 (0.091 -0.012284644751453692 0.0))
    (3.1747936984246063 (0.091 -0.012347096830801759 0.0))
    (3.1757939484871223 (0.091 -0.012409218251713301 0.0))
    (3.1767941985496377 (0.091 -0.012471002198467005 0.0))
    (3.177794448612153 (0.091 -0.012532441892367973 0.0))
    (3.178794698674669 (0.091 -0.01259353059249146 0.0))
    (3.1797949487371846 (0.091 -0.012654261596422273 0.0))
    (3.1807951987997 (0.091 -0.01271462824099031 0.0))
    (3.181795448862216 (0.091 -0.012774623903001638 0.0))
    (3.1827956989247315 (0.091 -0.012834241999964958 0.0))
    (3.183795948987247 (0.091 -0.012893475990814012 0.0))
    (3.184796199049763 (0.091 -0.012952319376625231 0.0))
    (3.1857964491122783 (0.091 -0.013010765701330595 0.0))
    (3.1867966991747942 (0.091 -0.013068808552426167 0.0))
    (3.1877969492373097 (0.091 -0.013126441561675549 0.0))
    (3.188797199299825 (0.091 -0.013183658405808605 0.0))
    (3.189797449362341 (0.091 -0.013240452807215211 0.0))
    (3.1907976994248566 (0.091 -0.01329681853463403 0.0))
    (3.191797949487372 (0.091 -0.013352749403836165 0.0))
    (3.192798199549888 (0.091 -0.013408239278303678 0.0))
    (3.1937984496124034 (0.091 -0.013463282069902856 0.0))
    (3.194798699674919 (0.091 -0.013517871739552195 0.0))
    (3.195798949737435 (0.091 -0.013572002297884963 0.0))
    (3.1967991997999503 (0.091 -0.013625667805906346 0.0))
    (3.197799449862466 (0.091 -0.013678862375645041 0.0))
    (3.1987996999249817 (0.091 -0.01373158017079927 0.0))
    (3.199799949987497 (0.091 -0.013783815407377109 0.0))
    (3.2008002000500126 (0.091 -0.013835562354331095 0.0))
    (3.2018004501125286 (0.091 -0.013886815334186998 0.0))
    (3.202800700175044 (0.091 -0.013937568723666747 0.0))
    (3.2038009502375595 (0.091 -0.01398781695430539 0.0))
    (3.2048012003000754 (0.091 -0.01403755451306204 0.0))
    (3.205801450362591 (0.091 -0.014086775942924746 0.0))
    (3.206801700425107 (0.091 -0.014135475843509254 0.0))
    (3.2078019504876223 (0.091 -0.014183648871651343 0.0))
    (3.2088022005501378 (0.091 -0.014231289741993391 0.0))
    (3.2098024506126537 (0.091 -0.014278393227563966 0.0))
    (3.210802700675169 (0.091 -0.014324954160351313 0.0))
    (3.2118029507376846 (0.091 -0.014370967431870649 0.0))
    (3.2128032008002005 (0.091 -0.014416427993724374 0.0))
    (3.213803450862716 (0.091 -0.014461330858155947 0.0))
    (3.2148037009252315 (0.091 -0.014505671098597416 0.0))
    (3.2158039509877474 (0.091 -0.014549443850209648 0.0))
    (3.216804201050263 (0.091 -0.014592644310416103 0.0))
    (3.2178044511127784 (0.091 -0.014635267739430007 0.0))
    (3.2188047011752943 (0.091 -0.014677309460774121 0.0))
    (3.2198049512378097 (0.091 -0.014718764861793828 0.0))
    (3.220805201300325 (0.091 -0.014759629394163476 0.0))
    (3.221805451362841 (0.091 -0.014799898574385136 0.0))
    (3.2228057014253566 (0.091 -0.014839567984280532 0.0))
    (3.2238059514878725 (0.091 -0.014878633271476049 0.0))
    (3.224806201550388 (0.091 -0.01491709014987988 0.0))
    (3.2258064516129035 (0.091 -0.014954934400152553 0.0))
    (3.2268067016754194 (0.091 -0.014992161870169857 0.0))
    (3.227806951737935 (0.091 -0.015028768475478151 0.0))
    (3.2288072018004503 (0.091 -0.015064750199742755 0.0))
    (3.2298074518629662 (0.091 -0.015100103095188574 0.0))
    (3.2308077019254817 (0.091 -0.015134823283033026 0.0))
    (3.231807951987997 (0.091 -0.015168906953911829 0.0))
    (3.232808202050513 (0.091 -0.015202350368296938 0.0))
    (3.2338084521130286 (0.091 -0.015235149856906629 0.0))
    (3.234808702175544 (0.091 -0.015267301821108286 0.0))
    (3.23580895223806 (0.091 -0.015298802733313223 0.0))
    (3.2368092023005754 (0.091 -0.015329649137363519 0.0))
    (3.237809452363091 (0.091 -0.015359837648911419 0.0))
    (3.238809702425607 (0.091 -0.015389364955790637 0.0))
    (3.2398099524881223 (0.091 -0.015418227818379576 0.0))
    (3.240810202550638 (0.091 -0.015446423069956954 0.0))
    (3.2418104526131537 (0.091 -0.01547394761704923 0.0))
    (3.242810702675669 (0.091 -0.015500798439769843 0.0))
    (3.243810952738185 (0.091 -0.015526972592150735 0.0))
    (3.2448112028007006 (0.091 -0.01555246720246547 0.0))
    (3.245811452863216 (0.091 -0.015577279473544332 0.0))
    (3.246811702925732 (0.091 -0.015601406683081217 0.0))
    (3.2478119529882474 (0.091 -0.015624846183932317 0.0))
    (3.248812203050763 (0.091 -0.01564759540440655 0.0))
    (3.249812453113279 (0.091 -0.01566965184854772 0.0))
    (3.2508127031757943 (0.091 -0.015691013096408364 0.0))
    (3.2518129532383098 (0.091 -0.015711676804315258 0.0))
    (3.2528132033008257 (0.091 -0.015731640705126542 0.0))
    (3.253813453363341 (0.091 -0.015750902608480496 0.0))
    (3.2548137034258566 (0.091 -0.01576946040103582 0.0))
    (3.2558139534883725 (0.091 -0.015787312046703528 0.0))
    (3.256814203550888 (0.091 -0.015804455586870325 0.0))
    (3.2578144536134035 (0.091 -0.01582088914061351 0.0))
    (3.2588147036759194 (0.091 -0.015836610904907334 0.0))
    (3.259814953738435 (0.091 -0.01585161915482082 0.0))
    (3.260815203800951 (0.091 -0.015865912243707026 0.0))
    (3.2618154538634663 (0.091 -0.0158794886033837 0.0))
    (3.2628157039259817 (0.091 -0.01589234674430534 0.0))
    (3.2638159539884977 (0.091 -0.015904485255726623 0.0))
    (3.264816204051013 (0.091 -0.01591590280585717 0.0))
    (3.2658164541135286 (0.091 -0.015926598142007687 0.0))
    (3.2668167041760445 (0.091 -0.015936570090727395 0.0))
    (3.26781695423856 (0.091 -0.01594581755793277 0.0))
    (3.2688172043010755 (0.091 -0.015954339529027597 0.0))
    (3.2698174543635914 (0.091 -0.015962135069014276 0.0))
    (3.270817704426107 (0.091 -0.015969203322596406 0.0))
    (3.2718179544886223 (0.091 -0.015975543514272633 0.0))
    (3.2728182045511383 (0.091 -0.015981154948421727 0.0))
    (3.2738184546136537 (0.091 -0.01598603700937891 0.0))
    (3.274818704676169 (0.091 -0.015990189161503396 0.0))
    (3.275818954738685 (0.091 -0.015993610949237163 0.0))
    (3.2768192048012006 (0.091 -0.015996301997154943 0.0))
    (3.277819454863716 (0.091 -0.0159982620100054 0.0))
    (3.278819704926232 (0.091 -0.015999490772743527 0.0))
    (3.2798199549887475 (0.091 -0.015999988150554246 0.0))
    (3.2808202050512634 (0.091 -0.015999754088867193 0.0))
    (3.281820455113779 (0.091 -0.015998788613362708 0.0))
    (3.2828207051762943 (0.091 -0.015997091829969015 0.0))
    (3.2838209552388102 (0.091 -0.01599466392485061 0.0))
    (3.2848212053013257 (0.091 -0.015991505164387815 0.0))
    (3.285821455363841 (0.091 -0.015987615895147574 0.0))
    (3.286821705426357 (0.091 -0.015982996543845412 0.0))
    (3.2878219554888726 (0.091 -0.015977647617298644 0.0))
    (3.288822205551388 (0.091 -0.01597156970237072 0.0))
    (3.289822455613904 (0.091 -0.015964763465906875 0.0))
    (3.2908227056764194 (0.091 -0.015957229654660992 0.0))
    (3.291822955738935 (0.091 -0.01594896909521358 0.0))
    (3.292823205801451 (0.091 -0.015939982693881173 0.0))
    (3.2938234558639663 (0.091 -0.015930271436616874 0.0))
    (3.2948237059264818 (0.091 -0.015919836388902125 0.0))
    (3.2958239559889977 (0.091 -0.01590867869562987 0.0))
    (3.296824206051513 (0.091 -0.015896799580978945 0.0))
    (3.2978244561140286 (0.091 -0.015884200348279687 0.0))
    (3.2988247061765446 (0.091 -0.01587088237987102 0.0))
    (3.29982495623906 (0.091 -0.015856847136948786 0.0))
    (3.300825206301576 (0.091 -0.015842096159405343 0.0))
    (3.3018254563640914 (0.091 -0.015826631065660735 0.0))
    (3.302825706426607 (0.091 -0.015810453552485036 0.0))
    (3.303825956489123 (0.091 -0.015793565394812185 0.0))
    (3.3048262065516383 (0.091 -0.015775968445545352 0.0))
    (3.3058264566141538 (0.091 -0.015757664635353524 0.0))
    (3.3068267066766697 (0.091 -0.015738655972459693 0.0))
    (3.307826956739185 (0.091 -0.015718944542420628 0.0))
    (3.3088272068017006 (0.091 -0.01569853250789795 0.0))
    (3.3098274568642165 (0.091 -0.01567742210842084 0.0))
    (3.310827706926732 (0.091 -0.015655615660140457 0.0))
    (3.3118279569892475 (0.091 -0.015633115555575686 0.0))
    (3.3128282070517634 (0.091 -0.015609924263350651 0.0))
    (3.313828457114279 (0.091 -0.015586044327923989 0.0))
    (3.3148287071767943 (0.091 -0.015561478369309538 0.0))
    (3.3158289572393103 (0.091 -0.015536229082788955 0.0))
    (3.3168292073018257 (0.091 -0.01551029923861598 0.0))
    (3.3178294573643416 (0.091 -0.015483691681712498 0.0))
    (3.318829707426857 (0.091 -0.01545640933135641 0.0))
    (3.3198299574893726 (0.091 -0.015428455180861332 0.0))
    (3.3208302075518885 (0.091 -0.015399832297248183 0.0))
    (3.321830457614404 (0.091 -0.015370543820908689 0.0))
    (3.3228307076769195 (0.091 -0.015340592965260826 0.0))
    (3.3238309577394354 (0.091 -0.015309983016396253 0.0))
    (3.324831207801951 (0.091 -0.015278717332719786 0.0))
    (3.3258314578644663 (0.091 -0.015246799344580916 0.0))
    (3.3268317079269822 (0.091 -0.01521423255389745 0.0))
    (3.3278319579894977 (0.091 -0.015181020533771293 0.0))
    (3.328832208052013 (0.091 -0.015147166928096418 0.0))
    (3.329832458114529 (0.091 -0.015112675451159078 0.0))
    (3.3308327081770446 (0.091 -0.015077549887230281 0.0))
    (3.33183295823956 (0.091 -0.01504179409015061 0.0))
    (3.332833208302076 (0.091 -0.01500541198290737 0.0))
    (3.3338334583645914 (0.091 -0.014968407557204196 0.0))
    (3.334833708427107 (0.091 -0.014930784873023087 0.0))
    (3.335833958489623 (0.091 -0.01489254805817896 0.0))
    (3.3368342085521383 (0.091 -0.014853701307866774 0.0))
    (3.337834458614654 (0.091 -0.014814248884201235 0.0))
    (3.3388347086771697 (0.091 -0.014774195115749175 0.0))
    (3.339834958739685 (0.091 -0.014733544397054647 0.0))
    (3.340835208802201 (0.091 -0.014692301188156773 0.0))
    (3.3418354588647166 (0.091 -0.014650470014100393 0.0))
    (3.342835708927232 (0.091 -0.014608055464439607 0.0))
    (3.343835958989748 (0.091 -0.014565062192734221 0.0))
    (3.3448362090522634 (0.091 -0.01452149491603918 0.0))
    (3.345836459114779 (0.091 -0.014477358414387024 0.0))
    (3.346836709177295 (0.091 -0.014432657530263456 0.0))
    (3.3478369592398103 (0.091 -0.014387397168076025 0.0))
    (3.3488372093023258 (0.091 -0.014341582293616047 0.0))
    (3.3498374593648417 (0.091 -0.014295217933513769 0.0))
    (3.350837709427357 (0.091 -0.014248309174686873 0.0))
    (3.3518379594898726 (0.091 -0.014200861163782358 0.0))
    (3.3528382095523885 (0.091 -0.014152879106611867 0.0))
    (3.353838459614904 (0.091 -0.014104368267580525 0.0))
    (3.35483870967742 (0.091 -0.01405533396910932 0.0))
    (3.3558389597399354 (0.091 -0.01400578159105128 0.0))
    (3.356839209802451 (0.091 -0.013955716570101043 0.0))
    (3.357839459864967 (0.091 -0.013905144399198339 0.0))
    (3.3588397099274823 (0.091 -0.013854070626925629 0.0))
    (3.3598399599899977 (0.091 -0.01380250085689902 0.0))
    (3.3608402100525137 (0.091 -0.013750440747153467 0.0))
    (3.361840460115029 (0.091 -0.01369789600952231 0.0))
    (3.3628407101775446 (0.091 -0.013644872409010269 0.0))
    (3.3638409602400605 (0.091 -0.013591375763160937 0.0))
    (3.364841210302576 (0.091 -0.01353741194141882 0.0))
    (3.3658414603650915 (0.091 -0.013482986864485045 0.0))
    (3.3668417104276074 (0.091 -0.013428106503667752 0.0))
    (3.367841960490123 (0.091 -0.01337277688022729 0.0))
    (3.3688422105526383 (0.091 -0.013317004064715247 0.0))
    (3.3698424606151542 (0.091 -0.013260794176308408 0.0))
    (3.3708427106776697 (0.091 -0.013204153382137734 0.0))
    (3.371842960740185 (0.091 -0.013147087896611375 0.0))
    (3.372843210802701 (0.091 -0.013089603980732854 0.0))
    (3.3738434608652166 (0.091 -0.013031707941414485 0.0))
    (3.3748437109277325 (0.091 -0.012973406130785002 0.0))
    (3.375843960990248 (0.091 -0.012914704945492843 0.0))
    (3.3768442110527634 (0.091 -0.012855610826004275 0.0))
    (3.3778444611152794 (0.091 -0.012796130255896786 0.0))
    (3.378844711177795 (0.091 -0.012736269761147723 0.0))
    (3.3798449612403103 (0.091 -0.012676035909418293 0.0))
    (3.3808452113028262 (0.091 -0.01261543530933298 0.0))
    (3.3818454613653417 (0.091 -0.012554474609754476 0.0))
    (3.382845711427857 (0.091 -0.012493160499054192 0.0))
    (3.383845961490373 (0.091 -0.012431499704378434 0.0))
    (3.3848462115528886 (0.091 -0.012369498990910333 0.0))
    (3.385846461615404 (0.091 -0.012307165161127584 0.0))
    (3.38684671167792 (0.091 -0.012244505054056116 0.0))
    (3.3878469617404354 (0.091 -0.01218152554451974 0.0))
    (3.388847211802951 (0.091 -0.012118233542385858 0.0))
    (3.389847461865467 (0.091 -0.012054635991807349 0.0))
    (3.3908477119279823 (0.091 -0.011990739870460686 0.0))
    (3.3918479619904978 (0.091 -0.011926552188780365 0.0))
    (3.3928482120530137 (0.091 -0.01186207998918975 0.0))
    (3.393848462115529 (0.091 -0.01179733034532841 0.0))
    (3.394848712178045 (0.091 -0.011732310361276017 0.0))
    (3.3958489622405605 (0.091 -0.011667027170772924 0.0))
    (3.396849212303076 (0.091 -0.011601487936437473 0.0))
    (3.397849462365592 (0.091 -0.011535699848980141 0.0))
    (3.3988497124281074 (0.091 -0.011469670126414606 0.0))
    (3.399849962490623 (0.091 -0.011403406013265812 0.0))
    (3.400850212553139 (0.091 -0.011336914779775125 0.0))
    (3.4018504626156543 (0.091 -0.011270203721102677 0.0))
    (3.4028507126781697 (0.091 -0.011203280156526966 0.0))
    (3.4038509627406857 (0.091 -0.011136151428641812 0.0))
    (3.404851212803201 (0.091 -0.011068824902550758 0.0))
    (3.4058514628657166 (0.091 -0.011001307965058996 0.0))
    (3.4068517129282325 (0.091 -0.010933608023862921 0.0))
    (3.407851962990748 (0.091 -0.010865732506737384 0.0))
    (3.4088522130532635 (0.091 -0.010797688860720746 0.0))
    (3.4098524631157794 (0.091 -0.010729484551297814 0.0))
    (3.410852713178295 (0.091 -0.010661127061580766 0.0))
    (3.4118529632408108 (0.091 -0.010592623891488075 0.0))
    (3.4128532133033262 (0.091 -0.010523982556921892 0.0))
    (3.4138534633658417 (0.091 -0.010455210588942953 0.0))
    (3.4148537134283576 (0.091 -0.010386315532944727 0.0))
    (3.415853963490873 (0.091 -0.010317304947825566 0.0))
    (3.4168542135533886 (0.091 -0.010248186405158942 0.0))
    (3.4178544636159045 (0.091 -0.010178967488363156 0.0))
    (3.41885471367842 (0.091 -0.010109655791869308 0.0))
    (3.4198549637409354 (0.091 -0.010040258920287645 0.0))
    (3.4208552138034514 (0.091 -0.009970784487573632 0.0))
    (3.421855463865967 (0.091 -0.009901240116192589 0.0))
    (3.4228557139284823 (0.091 -0.009831633436282943 0.0))
    (3.4238559639909982 (0.091 -0.00976197208481952 0.0))
    (3.4248562140535137 (0.091 -0.009692263704775635 0.0))
    (3.425856464116029 (0.091 -0.009622515944284114 0.0))
    (3.426856714178545 (0.091 -0.009552736455798596 0.0))
    (3.4278569642410606 (0.091 -0.009482932895253928 0.0))
    (3.428857214303576 (0.091 -0.009413112921225776 0.0))
    (3.429857464366092 (0.091 -0.009343284194090761 0.0))
    (3.4308577144286074 (0.091 -0.009333333333333334 0.0))
    (3.4318579644911233 (0.091 -0.009333333333333334 0.0))
    (3.432858214553639 (0.091 -0.009333333333333334 0.0))
    (3.4338584646161543 (0.091 -0.009333333333333334 0.0))
    (3.43485871467867 (0.091 -0.009333333333333334 0.0))
    (3.4358589647411857 (0.091 -0.009333333333333334 0.0))
    (3.436859214803701 (0.091 -0.009333333333333334 0.0))
    (3.437859464866217 (0.091 -0.009333333333333334 0.0))
    (3.4388597149287325 (0.091 -0.009333333333333334 0.0))
    (3.439859964991248 (0.091 -0.009333333333333334 0.0))
    (3.440860215053764 (0.091 -0.009333333333333334 0.0))
    (3.4418604651162794 (0.091 -0.009333333333333334 0.0))
    (3.442860715178795 (0.091 -0.009333333333333334 0.0))
    (3.443860965241311 (0.091 -0.009333333333333334 0.0))
    (3.4448612153038263 (0.091 -0.009333333333333334 0.0))
    (3.4458614653663417 (0.091 -0.009333333333333334 0.0))
    (3.4468617154288577 (0.091 -0.009333333333333334 0.0))
    (3.447861965491373 (0.091 -0.009333333333333334 0.0))
    (3.448862215553889 (0.091 -0.009333333333333334 0.0))
    (3.4498624656164045 (0.091 -0.009333333333333334 0.0))
    (3.45086271567892 (0.091 -0.009333333333333334 0.0))
    (3.451862965741436 (0.091 -0.009333333333333334 0.0))
    (3.4528632158039514 (0.091 -0.009333333333333334 0.0))
    (3.453863465866467 (0.091 -0.009333333333333334 0.0))
    (3.454863715928983 (0.091 -0.009333333333333334 0.0))
    (3.4558639659914983 (0.091 -0.009333333333333334 0.0))
    (3.4568642160540137 (0.091 -0.009333333333333334 0.0))
    (3.4578644661165296 (0.091 -0.009333333333333334 0.0))
    (3.458864716179045 (0.091 -0.009333333333333334 0.0))
    (3.4598649662415606 (0.091 -0.009333333333333334 0.0))
    (3.4608652163040765 (0.091 -0.009333333333333334 0.0))
    (3.461865466366592 (0.091 -0.009333333333333334 0.0))
    (3.4628657164291075 (0.091 -0.009333333333333334 0.0))
    (3.4638659664916234 (0.091 -0.009333333333333334 0.0))
    (3.464866216554139 (0.091 -0.009333333333333334 0.0))
    (3.4658664666166543 (0.091 -0.009333333333333334 0.0))
    (3.4668667166791702 (0.091 -0.009333333333333334 0.0))
    (3.4678669667416857 (0.091 -0.009333333333333334 0.0))
    (3.4688672168042016 (0.091 -0.009333333333333334 0.0))
    (3.469867466866717 (0.091 -0.009333333333333334 0.0))
    (3.4708677169292326 (0.091 -0.009333333333333334 0.0))
    (3.4718679669917485 (0.091 -0.009333333333333334 0.0))
    (3.472868217054264 (0.091 -0.009333333333333334 0.0))
    (3.4738684671167794 (0.091 -0.009333333333333334 0.0))
    (3.4748687171792954 (0.091 -0.009333333333333334 0.0))
    (3.475868967241811 (0.091 -0.009333333333333334 0.0))
    (3.4768692173043263 (0.091 -0.009333333333333334 0.0))
    (3.477869467366842 (0.091 -0.009333333333333334 0.0))
    (3.4788697174293577 (0.091 -0.009333333333333334 0.0))
    (3.479869967491873 (0.091 -0.009333333333333334 0.0))
    (3.480870217554389 (0.091 -0.009333333333333334 0.0))
    (3.4818704676169046 (0.091 -0.009333333333333334 0.0))
    (3.48287071767942 (0.091 -0.009333333333333334 0.0))
    (3.483870967741936 (0.091 -0.009333333333333334 0.0))
    (3.4848712178044514 (0.091 -0.009333333333333334 0.0))
    (3.485871467866967 (0.091 -0.009333333333333334 0.0))
    (3.486871717929483 (0.091 -0.009333333333333334 0.0))
    (3.4878719679919983 (0.091 -0.009333333333333334 0.0))
    (3.488872218054514 (0.091 -0.009333333333333334 0.0))
    (3.4898724681170297 (0.091 -0.009333333333333334 0.0))
    (3.490872718179545 (0.091 -0.009333333333333334 0.0))
    (3.491872968242061 (0.091 -0.009333333333333334 0.0))
    (3.4928732183045765 (0.091 -0.009333333333333334 0.0))
    (3.493873468367092 (0.091 -0.009333333333333334 0.0))
    (3.494873718429608 (0.091 -0.009333333333333334 0.0))
    (3.4958739684921234 (0.091 -0.009333333333333334 0.0))
    (3.496874218554639 (0.091 -0.009333333333333334 0.0))
    (3.497874468617155 (0.091 -0.009333333333333334 0.0))
    (3.4988747186796703 (0.091 -0.009333333333333334 0.0))
    (3.4998749687421857 (0.091 -0.009333333333333334 0.0))
    (3.5008752188047016 (0.091 -0.009333333333333334 0.0))
    (3.501875468867217 (0.091 -0.009333333333333334 0.0))
    (3.5028757189297326 (0.091 -0.009333333333333334 0.0))
    (3.5038759689922485 (0.091 -0.009333333333333334 0.0))
    (3.504876219054764 (0.091 -0.009333333333333334 0.0))
    (3.50587646911728 (0.091 -0.009333333333333334 0.0))
    (3.5068767191797954 (0.091 -0.009333333333333334 0.0))
    (3.507876969242311 (0.091 -0.009333333333333334 0.0))
    (3.5088772193048268 (0.091 -0.009333333333333334 0.0))
    (3.5098774693673422 (0.091 -0.009333333333333334 0.0))
    (3.5108777194298577 (0.091 -0.009333333333333334 0.0))
    (3.5118779694923736 (0.091 -0.009333333333333334 0.0))
    (3.512878219554889 (0.091 -0.009333333333333334 0.0))
    (3.5138784696174046 (0.091 -0.009333333333333334 0.0))
    (3.5148787196799205 (0.091 -0.009333333333333334 0.0))
    (3.515878969742436 (0.091 -0.009333333333333334 0.0))
    (3.5168792198049514 (0.091 -0.009333333333333334 0.0))
    (3.5178794698674674 (0.091 -0.009333333333333334 0.0))
    (3.518879719929983 (0.091 -0.009333333333333334 0.0))
    (3.5198799699924983 (0.091 -0.009333333333333334 0.0))
    (3.520880220055014 (0.091 -0.009333333333333334 0.0))
    (3.5218804701175297 (0.091 -0.009333333333333334 0.0))
    (3.522880720180045 (0.091 -0.009333333333333334 0.0))
    (3.523880970242561 (0.091 -0.009333333333333334 0.0))
    (3.5248812203050766 (0.091 -0.009333333333333334 0.0))
    (3.5258814703675925 (0.091 -0.009333333333333334 0.0))
    (3.526881720430108 (0.091 -0.009333333333333334 0.0))
    (3.5278819704926234 (0.091 -0.009333333333333334 0.0))
    (3.5288822205551393 (0.091 -0.009333333333333334 0.0))
    (3.529882470617655 (0.091 -0.009333333333333334 0.0))
    (3.5308827206801703 (0.091 -0.009333333333333334 0.0))
    (3.531882970742686 (0.091 -0.009333333333333334 0.0))
    (3.5328832208052017 (0.091 -0.009333333333333334 0.0))
    (3.533883470867717 (0.091 -0.009333333333333334 0.0))
    (3.534883720930233 (0.091 -0.009333333333333334 0.0))
    (3.5358839709927485 (0.091 -0.009333333333333334 0.0))
    (3.536884221055264 (0.091 -0.009333333333333334 0.0))
    (3.53788447111778 (0.091 -0.009333333333333334 0.0))
    (3.5388847211802954 (0.091 -0.009333333333333334 0.0))
    (3.539884971242811 (0.091 -0.009333333333333334 0.0))
    (3.540885221305327 (0.091 -0.009333333333333334 0.0))
    (3.5418854713678423 (0.091 -0.009333333333333334 0.0))
    (3.542885721430358 (0.091 -0.009333333333333334 0.0))
    (3.5438859714928737 (0.091 -0.009333333333333334 0.0))
    (3.544886221555389 (0.091 -0.009333333333333334 0.0))
    (3.545886471617905 (0.091 -0.009333333333333334 0.0))
    (3.5468867216804205 (0.091 -0.009333333333333334 0.0))
    (3.547886971742936 (0.091 -0.009333333333333334 0.0))
    (3.548887221805452 (0.091 -0.009333333333333334 0.0))
    (3.5498874718679674 (0.091 -0.009333333333333334 0.0))
    (3.550887721930483 (0.091 -0.009333333333333334 0.0))
    (3.5518879719929988 (0.091 -0.009333333333333334 0.0))
    (3.5528882220555142 (0.091 -0.009333333333333334 0.0))
    (3.5538884721180297 (0.091 -0.009333333333333334 0.0))
    (3.5548887221805456 (0.091 -0.009333333333333334 0.0))
    (3.555888972243061 (0.091 -0.009333333333333334 0.0))
    (3.5568892223055766 (0.091 -0.009333333333333334 0.0))
    (3.5578894723680925 (0.091 -0.009333333333333334 0.0))
    (3.558889722430608 (0.091 -0.009333333333333334 0.0))
    (3.5598899724931234 (0.091 -0.009333333333333334 0.0))
    (3.5608902225556394 (0.091 -0.009333333333333334 0.0))
    (3.561890472618155 (0.091 -0.009333333333333334 0.0))
    (3.5628907226806708 (0.091 -0.009333333333333334 0.0))
    (3.5638909727431862 (0.091 -0.009333333333333334 0.0))
    (3.5648912228057017 (0.091 -0.009333333333333334 0.0))
    (3.5658914728682176 (0.091 -0.009333333333333334 0.0))
    (3.566891722930733 (0.091 -0.009333333333333334 0.0))
    (3.5678919729932486 (0.091 -0.009333333333333334 0.0))
    (3.5688922230557645 (0.091 -0.009333333333333334 0.0))
    (3.56989247311828 (0.091 -0.009333333333333334 0.0))
    (3.5708927231807954 (0.091 -0.009333333333333334 0.0))
    (3.5718929732433113 (0.091 -0.009333333333333334 0.0))
    (3.572893223305827 (0.091 -0.009333333333333334 0.0))
    (3.5738934733683423 (0.091 -0.009333333333333334 0.0))
    (3.574893723430858 (0.091 -0.009333333333333334 0.0))
    (3.5758939734933737 (0.091 -0.009333333333333334 0.0))
    (3.576894223555889 (0.091 -0.009333333333333334 0.0))
    (3.577894473618405 (0.091 -0.009333333333333334 0.0))
    (3.5788947236809205 (0.091 -0.009333333333333334 0.0))
    (3.579894973743436 (0.091 -0.009333333333333334 0.0))
    (3.580895223805952 (0.091 -0.009333333333333334 0.0))
    (3.5818954738684674 (0.091 -0.009333333333333334 0.0))
    (3.5828957239309833 (0.091 -0.009333333333333334 0.0))
    (3.583895973993499 (0.091 -0.009333333333333334 0.0))
    (3.5848962240560143 (0.091 -0.009333333333333334 0.0))
    (3.58589647411853 (0.091 -0.009333333333333334 0.0))
    (3.5868967241810457 (0.091 -0.009333333333333334 0.0))
    (3.587896974243561 (0.091 -0.009333333333333334 0.0))
    (3.588897224306077 (0.091 -0.009333333333333334 0.0))
    (3.5898974743685925 (0.091 -0.009333333333333334 0.0))
    (3.590897724431108 (0.091 -0.009333333333333334 0.0))
    (3.591897974493624 (0.091 -0.009333333333333334 0.0))
    (3.5928982245561394 (0.091 -0.009333333333333334 0.0))
    (3.593898474618655 (0.091 -0.009333333333333334 0.0))
    (3.5948987246811708 (0.091 -0.009333333333333334 0.0))
    (3.5958989747436862 (0.091 -0.009333333333333334 0.0))
    (3.5968992248062017 (0.091 -0.009333333333333334 0.0))
    (3.5978994748687176 (0.091 -0.009333333333333334 0.0))
    (3.598899724931233 (0.091 -0.009333333333333334 0.0))
    (3.599899974993749 (0.091 -0.009333333333333334 0.0))
    (3.6009002250562645 (0.091 -0.009333333333333334 0.0))
    (3.60190047511878 (0.091 -0.009333333333333334 0.0))
    (3.602900725181296 (0.091 -0.009333333333333334 0.0))
    (3.6039009752438114 (0.091 -0.009333333333333334 0.0))
    (3.604901225306327 (0.091 -0.009333333333333334 0.0))
    (3.6059014753688428 (0.091 -0.009333333333333334 0.0))
    (3.6069017254313582 (0.091 -0.009333333333333334 0.0))
    (3.6079019754938737 (0.091 -0.009333333333333334 0.0))
    (3.6089022255563896 (0.091 -0.009333333333333334 0.0))
    (3.609902475618905 (0.091 -0.009333333333333334 0.0))
    (3.6109027256814206 (0.091 -0.009333333333333334 0.0))
    (3.6119029757439365 (0.091 -0.009333333333333334 0.0))
    (3.612903225806452 (0.091 -0.009333333333333334 0.0))
    (3.6139034758689674 (0.091 -0.009333333333333334 0.0))
    (3.6149037259314833 (0.091 -0.009333333333333334 0.0))
    (3.615903975993999 (0.091 -0.009333333333333334 0.0))
    (3.6169042260565143 (0.091 -0.009333333333333334 0.0))
    (3.61790447611903 (0.091 -0.009333333333333334 0.0))
    (3.6189047261815457 (0.091 -0.009333333333333334 0.0))
    (3.6199049762440616 (0.091 -0.009333333333333334 0.0))
    (3.620905226306577 (0.091 -0.009333333333333334 0.0))
    (3.6219054763690925 (0.091 -0.009333333333333334 0.0))
    (3.6229057264316085 (0.091 -0.009333333333333334 0.0))
    (3.623905976494124 (0.091 -0.009333333333333334 0.0))
    (3.6249062265566394 (0.091 -0.009333333333333334 0.0))
    (3.6259064766191553 (0.091 -0.009333333333333334 0.0))
    (3.626906726681671 (0.091 -0.009333333333333334 0.0))
    (3.6279069767441863 (0.091 -0.009333333333333334 0.0))
    (3.628907226806702 (0.091 -0.009333333333333334 0.0))
    (3.6299074768692177 (0.091 -0.009333333333333334 0.0))
    (3.630907726931733 (0.091 -0.009333333333333334 0.0))
    (3.631907976994249 (0.091 -0.009333333333333334 0.0))
    (3.6329082270567645 (0.091 -0.009333333333333334 0.0))
    (3.63390847711928 (0.091 -0.009333333333333334 0.0))
    (3.634908727181796 (0.091 -0.009333333333333334 0.0))
    (3.6359089772443114 (0.091 -0.009333333333333334 0.0))
    (3.6369092273068273 (0.091 -0.009333333333333334 0.0))
    (3.637909477369343 (0.091 -0.009333333333333334 0.0))
    (3.6389097274318583 (0.091 -0.009333333333333334 0.0))
    (3.639909977494374 (0.091 -0.009333333333333334 0.0))
    (3.6409102275568896 (0.091 -0.009333333333333334 0.0))
    (3.641910477619405 (0.091 -0.009333333333333334 0.0))
    (3.642910727681921 (0.091 -0.009333333333333334 0.0))
    (3.6439109777444365 (0.091 -0.009333333333333334 0.0))
    (3.644911227806952 (0.091 -0.009333333333333334 0.0))
    (3.645911477869468 (0.091 -0.009333333333333334 0.0))
    (3.6469117279319834 (0.091 -0.009333333333333334 0.0))
    (3.647911977994499 (0.091 -0.009333333333333334 0.0))
    (3.6489122280570148 (0.091 -0.009333333333333334 0.0))
    (3.6499124781195302 (0.091 -0.009333333333333334 0.0))
    (3.6509127281820457 (0.091 -0.009333333333333334 0.0))
    (3.6519129782445616 (0.091 -0.009333333333333334 0.0))
    (3.652913228307077 (0.091 -0.009333333333333334 0.0))
    (3.6539134783695926 (0.091 -0.009333333333333334 0.0))
    (3.6549137284321085 (0.091 -0.009333333333333334 0.0))
    (3.655913978494624 (0.091 -0.009333333333333334 0.0))
    (3.65691422855714 (0.091 -0.009333333333333334 0.0))
    (3.6579144786196554 (0.091 -0.009333333333333334 0.0))
    (3.658914728682171 (0.091 -0.009333333333333334 0.0))
    (3.6599149787446867 (0.091 -0.009333333333333334 0.0))
    (3.660915228807202 (0.091 -0.009333333333333334 0.0))
    (3.6619154788697177 (0.091 -0.009333333333333334 0.0))
    (3.6629157289322336 (0.091 -0.009333333333333334 0.0))
    (3.663915978994749 (0.091 -0.009333333333333334 0.0))
    (3.6649162290572646 (0.091 -0.009333333333333334 0.0))
    (3.6659164791197805 (0.091 -0.009333333333333334 0.0))
    (3.666916729182296 (0.091 -0.009333333333333334 0.0))
    (3.6679169792448114 (0.091 -0.009333333333333334 0.0))
    (3.6689172293073273 (0.091 -0.009333333333333334 0.0))
    (3.669917479369843 (0.091 -0.009333333333333334 0.0))
    (3.6709177294323583 (0.091 -0.009333333333333334 0.0))
    (3.671917979494874 (0.091 -0.009333333333333334 0.0))
    (3.6729182295573897 (0.091 -0.009333333333333334 0.0))
    (3.673918479619905 (0.091 -0.009333333333333334 0.0))
    (3.674918729682421 (0.091 -0.009333333333333334 0.0))
    (3.6759189797449365 (0.091 -0.009333333333333334 0.0))
    (3.6769192298074524 (0.091 -0.009333333333333334 0.0))
    (3.677919479869968 (0.091 -0.009333333333333334 0.0))
    (3.6789197299324834 (0.091 -0.009333333333333334 0.0))
    (3.6799199799949993 (0.091 -0.009333333333333334 0.0))
    (3.680920230057515 (0.091 -0.009333333333333334 0.0))
    (3.6819204801200303 (0.091 -0.009333333333333334 0.0))
    (3.682920730182546 (0.091 -0.009333333333333334 0.0))
    (3.6839209802450616 (0.091 -0.009333333333333334 0.0))
    (3.684921230307577 (0.091 -0.009333333333333334 0.0))
    (3.685921480370093 (0.091 -0.009333333333333334 0.0))
    (3.6869217304326085 (0.091 -0.009333333333333334 0.0))
    (3.687921980495124 (0.091 -0.009333333333333334 0.0))
    (3.68892223055764 (0.091 -0.009333333333333334 0.0))
    (3.6899224806201554 (0.091 -0.009333333333333334 0.0))
    (3.690922730682671 (0.091 -0.009333333333333334 0.0))
    (3.6919229807451868 (0.091 -0.009333333333333334 0.0))
    (3.6929232308077022 (0.091 -0.009333333333333334 0.0))
    (3.693923480870218 (0.091 -0.009333333333333334 0.0))
    (3.6949237309327336 (0.091 -0.009333333333333334 0.0))
    (3.695923980995249 (0.091 -0.009333333333333334 0.0))
    (3.696924231057765 (0.091 -0.009333333333333334 0.0))
    (3.6979244811202805 (0.091 -0.009333333333333334 0.0))
    (3.698924731182796 (0.091 -0.009333333333333334 0.0))
    (3.699924981245312 (0.091 -0.009333333333333334 0.0))
    (3.7009252313078274 (0.091 -0.009333333333333334 0.0))
    (3.701925481370343 (0.091 -0.009333333333333334 0.0))
    (3.7029257314328587 (0.091 -0.009333333333333334 0.0))
    (3.703925981495374 (0.091 -0.009333333333333334 0.0))
    (3.7049262315578897 (0.091 -0.009333333333333334 0.0))
    (3.7059264816204056 (0.091 -0.009333333333333334 0.0))
    (3.706926731682921 (0.091 -0.009333333333333334 0.0))
    (3.7079269817454366 (0.091 -0.009333333333333334 0.0))
    (3.7089272318079525 (0.091 -0.009333333333333334 0.0))
    (3.709927481870468 (0.091 -0.009333333333333334 0.0))
    (3.7109277319329834 (0.091 -0.009333333333333334 0.0))
    (3.7119279819954993 (0.091 -0.009333333333333334 0.0))
    (3.712928232058015 (0.091 -0.009333333333333334 0.0))
    (3.7139284821205307 (0.091 -0.009333333333333334 0.0))
    (3.714928732183046 (0.091 -0.009333333333333334 0.0))
    (3.7159289822455617 (0.091 -0.009333333333333334 0.0))
    (3.7169292323080776 (0.091 -0.009333333333333334 0.0))
    (3.717929482370593 (0.091 -0.009333333333333334 0.0))
    (3.7189297324331085 (0.091 -0.009333333333333334 0.0))
    (3.7199299824956245 (0.091 -0.009333333333333334 0.0))
    (3.72093023255814 (0.091 -0.009333333333333334 0.0))
    (3.7219304826206554 (0.091 -0.009333333333333334 0.0))
    (3.7229307326831713 (0.091 -0.009333333333333334 0.0))
    (3.723930982745687 (0.091 -0.009333333333333334 0.0))
    (3.7249312328082023 (0.091 -0.009333333333333334 0.0))
    (3.725931482870718 (0.091 -0.009333333333333334 0.0))
    (3.7269317329332337 (0.091 -0.009333333333333334 0.0))
    (3.727931982995749 (0.091 -0.009333333333333334 0.0))
    (3.728932233058265 (0.091 -0.009333333333333334 0.0))
    (3.7299324831207805 (0.091 -0.009333333333333334 0.0))
    (3.7309327331832964 (0.091 -0.009398449358284995 0.0))
    (3.731932983245812 (0.091 -0.009468271805938535 0.0))
    (3.7329332333083274 (0.091 -0.009538079448666465 0.0))
    (3.7339334833708433 (0.091 -0.009607864627445102 0.0))
    (3.7349337334333588 (0.091 -0.00967761968571542 0.0))
    (3.7359339834958742 (0.091 -0.009747336970223095 0.0))
    (3.73693423355839 (0.091 -0.0098170088318582 0.0))
    (3.7379344836209056 (0.091 -0.009886627626494424 0.0))
    (3.738934733683421 (0.091 -0.009956185715827761 0.0))
    (3.739934983745937 (0.091 -0.010025675468214562 0.0))
    (3.7409352338084525 (0.091 -0.010095089259508833 0.0))
    (3.741935483870968 (0.091 -0.010164419473898742 0.0))
    (3.742935733933484 (0.091 -0.010233658504742194 0.0))
    (3.7439359839959994 (0.091 -0.01030279875540139 0.0))
    (3.744936234058515 (0.091 -0.010371832640076314 0.0))
    (3.7459364841210308 (0.091 -0.010440752584637017 0.0))
    (3.7469367341835462 (0.091 -0.010509551027454609 0.0))
    (3.7479369842460617 (0.091 -0.010578220420230908 0.0))
    (3.7489372343085776 (0.091 -0.010646753228826597 0.0))
    (3.749937484371093 (0.091 -0.010715141934087844 0.0))
    (3.750937734433609 (0.091 -0.010783379032671328 0.0))
    (3.7519379844961245 (0.091 -0.010851457037867234 0.0))
    (3.75293823455864 (0.091 -0.010919368480421134 0.0))
    (3.753938484621156 (0.091 -0.010987105909353069 0.0))
    (3.7549387346836713 (0.091 -0.011054661892775045 0.0))
    (3.755938984746187 (0.091 -0.011122029018706833 0.0))
    (3.7569392348087027 (0.091 -0.011189199895888787 0.0))
    (3.757939484871218 (0.091 -0.011256167154592767 0.0))
    (3.7589397349337337 (0.091 -0.01132292344743114 0.0))
    (3.7599399849962496 (0.091 -0.01138946145016249 0.0))
    (3.760940235058765 (0.091 -0.011455773862495217 0.0))
    (3.7619404851212805 (0.091 -0.01152185340888888 0.0))
    (3.7629407351837965 (0.091 -0.011587692839352064 0.0))
    (3.763940985246312 (0.091 -0.0116532849302378 0.0))
    (3.7649412353088274 (0.091 -0.01171862248503653 0.0))
    (3.7659414853713433 (0.091 -0.011783698335165273 0.0))
    (3.766941735433859 (0.091 -0.011848505340754132 0.0))
    (3.7679419854963743 (0.091 -0.011913036391430062 0.0))
    (3.76894223555889 (0.091 -0.011977284407096582 0.0))
    (3.7699424856214057 (0.091 -0.012041242338710586 0.0))
    (3.7709427356839216 (0.091 -0.012104903169056167 0.0))
    (3.771942985746437 (0.091 -0.012168259913513916 0.0))
    (3.7729432358089525 (0.091 -0.012231305620827675 0.0))
    (3.7739434858714684 (0.091 -0.012294033373867204 0.0))
    (3.774943735933984 (0.091 -0.012356436290386717 0.0))
    (3.7759439859964994 (0.091 -0.012418507523780355 0.0))
    (3.7769442360590153 (0.091 -0.012480240263833372 0.0))
    (3.7779444861215308 (0.091 -0.012541627737468948 0.0))
    (3.7789447361840462 (0.091 -0.01260266320949168 0.0))
    (3.779944986246562 (0.091 -0.012663339983326537 0.0))
    (3.7809452363090776 (0.091 -0.012723651401753218 0.0))
    (3.781945486371593 (0.091 -0.01278359084763692 0.0))
    (3.782945736434109 (0.091 -0.012843151744654347 0.0))
    (3.7839459864966245 (0.091 -0.012902327558014872 0.0))
    (3.78494623655914 (0.091 -0.012961111795177876 0.0))
    (3.785946486621656 (0.091 -0.01301949800656508 0.0))
    (3.7869467366841714 (0.091 -0.013077479786267802 0.0))
    (3.7879469867466873 (0.091 -0.013135050772750208 0.0))
    (3.7889472368092028 (0.091 -0.013192204649547052 0.0))
    (3.7899474868717182 (0.091 -0.01324893514595675 0.0))
    (3.790947736934234 (0.091 -0.013305236037729363 0.0))
    (3.7919479869967496 (0.091 -0.013361101147749518 0.0))
    (3.792948237059265 (0.091 -0.013416524346714111 0.0))
    (3.793948487121781 (0.091 -0.01347149955380482 0.0))
    (3.7949487371842965 (0.091 -0.013526020737355239 0.0))
    (3.795948987246812 (0.091 -0.01358008191551267 0.0))
    (3.796949237309328 (0.091 -0.013633677156894418 0.0))
    (3.7979494873718433 (0.091 -0.01368680058123857 0.0))
    (3.798949737434359 (0.091 -0.01373944636004914 0.0))
    (3.7999499874968747 (0.091 -0.01379160871723556 0.0))
    (3.80095023755939 (0.091 -0.013843281929746407 0.0))
    (3.8019504876219057 (0.091 -0.013894460328197314 0.0))
    (3.8029507376844216 (0.091 -0.013945138297492988 0.0))
    (3.803950987746937 (0.091 -0.013995310277443287 0.0))
    (3.8049512378094525 (0.091 -0.014044970763373254 0.0))
    (3.8059514878719685 (0.091 -0.014094114306727074 0.0))
    (3.806951737934484 (0.091 -0.01414273551566586 0.0))
    (3.807951987997 (0.091 -0.014190829055659233 0.0))
    (3.8089522380595153 (0.091 -0.014238389650070606 0.0))
    (3.809952488122031 (0.091 -0.01428541208073611 0.0))
    (3.8109527381845467 (0.091 -0.01433189118853711 0.0))
    (3.811952988247062 (0.091 -0.01437782187396626 0.0))
    (3.8129532383095777 (0.091 -0.014423199097686974 0.0))
    (3.8139534883720936 (0.091 -0.014468017881086346 0.0))
    (3.814953738434609 (0.091 -0.014512273306821373 0.0))
    (3.8159539884971245 (0.091 -0.01455596051935847 0.0))
    (3.8169542385596404 (0.091 -0.014599074725506193 0.0))
    (3.817954488622156 (0.091 -0.014641611194941147 0.0))
    (3.8189547386846714 (0.091 -0.014683565260726957 0.0))
    (3.8199549887471873 (0.091 -0.014724932319826321 0.0))
    (3.820955238809703 (0.091 -0.014765707833606033 0.0))
    (3.8219554888722183 (0.091 -0.014805887328334943 0.0))
    (3.822955738934734 (0.091 -0.014845466395674795 0.0))
    (3.8239559889972496 (0.091 -0.014884440693163905 0.0))
    (3.8249562390597656 (0.091 -0.014922805944693609 0.0))
    (3.825956489122281 (0.091 -0.014960557940977304 0.0))
    (3.8269567391847965 (0.091 -0.01499769254001252 0.0))
    (3.8279569892473124 (0.091 -0.01503420566753515 0.0))
    (3.828957239309828 (0.091 -0.015070093317466445 0.0))
    (3.8299574893723434 (0.091 -0.015105351552352788 0.0))
    (3.8309577394348593 (0.091 -0.015139976503797458 0.0))
    (3.8319579894973748 (0.091 -0.01517396437288507 0.0))
    (3.8329582395598902 (0.091 -0.015207311430598579 0.0))
    (3.833958489622406 (0.091 -0.01524001401822821 0.0))
    (3.8349587396849216 (0.091 -0.015272068547772879 0.0))
    (3.835958989747437 (0.091 -0.015303471502334052 0.0))
    (3.836959239809953 (0.091 -0.015334219436501408 0.0))
    (3.8379594898724685 (0.091 -0.01536430897673086 0.0))
    (3.838959739934984 (0.091 -0.01539373682171487 0.0))
    (3.8399599899975 (0.091 -0.015422499742744478 0.0))
    (3.8409602400600154 (0.091 -0.015450594584063539 0.0))
    (3.841960490122531 (0.091 -0.015478018263215137 0.0))
    (3.8429607401850467 (0.091 -0.015504767771379609 0.0))
    (3.843960990247562 (0.091 -0.015530840173704662 0.0))
    (3.844961240310078 (0.091 -0.015556232609627553 0.0))
    (3.8459614903725936 (0.091 -0.015580942293188689 0.0))
    (3.846961740435109 (0.091 -0.015604966513337475 0.0))
    (3.847961990497625 (0.091 -0.015628302634229742 0.0))
    (3.8489622405601405 (0.091 -0.015650948095516815 0.0))
    (3.849962490622656 (0.091 -0.015672900412626554 0.0))
    (3.850962740685172 (0.091 -0.01569415717703595 0.0))
    (3.8519629907476873 (0.091 -0.015714716056535245 0.0))
    (3.852963240810203 (0.091 -0.015734574795483968 0.0))
    (3.8539634908727187 (0.091 -0.015753731215058374 0.0))
    (3.854963740935234 (0.091 -0.0157721832134904 0.0))
    (3.8559639909977497 (0.091 -0.01578992876629838 0.0))
    (3.8569642410602656 (0.091 -0.015806965926509153 0.0))
    (3.857964491122781 (0.091 -0.01582329282487158 0.0))
    (3.8589647411852965 (0.091 -0.01583890767006172 0.0))
    (3.8599649912478124 (0.091 -0.015853808748879386 0.0))
    (3.860965241310328 (0.091 -0.015867994426435997 0.0))
    (3.8619654913728434 (0.091 -0.01588146314633407 0.0))
    (3.8629657414353593 (0.091 -0.015894213430837918 0.0))
    (3.863965991497875 (0.091 -0.0159062438810358 0.0))
    (3.8649662415603907 (0.091 -0.015917553176993407 0.0))
    (3.865966491622906 (0.091 -0.015928140077898667 0.0))
    (3.8669667416854216 (0.091 -0.01593800342219789 0.0))
    (3.8679669917479376 (0.091 -0.01594714212772322 0.0))
    (3.868967241810453 (0.091 -0.015955555191811337 0.0))
    (3.8699674918729685 (0.091 -0.015963241691413506 0.0))
    (3.8709677419354844 (0.091 -0.01597020078319681 0.0))
    (3.871967991998 (0.091 -0.015976431703636704 0.0))
    (3.8729682420605154 (0.091 -0.015981933769100776 0.0))
    (3.8739684921230313 (0.091 -0.015986706375923754 0.0))
    (3.8749687421855468 (0.091 -0.015990749000473734 0.0))
    (3.8759689922480622 (0.091 -0.015994061199209635 0.0))
    (3.876969242310578 (0.091 -0.01599664260872987 0.0))
    (3.8779694923730936 (0.091 -0.015998492945812202 0.0))
    (3.878969742435609 (0.091 -0.015999612007444822 0.0))
    (3.879969992498125 (0.091 -0.015999999670848634 0.0))
    (3.8809702425606405 (0.091 -0.015999655893490713 0.0))
    (3.8819704926231564 (0.091 -0.015998580713088975 0.0))
    (3.882970742685672 (0.091 -0.01599677424760804 0.0))
    (3.8839709927481874 (0.091 -0.015994236695246297 0.0))
    (3.8849712428107033 (0.091 -0.01599096833441414 0.0))
    (3.8859714928732187 (0.091 -0.01598696952370344 0.0))
    (3.886971742935734 (0.091 -0.015982240701848185 0.0))
    (3.88797199299825 (0.091 -0.015976782387676365 0.0))
    (3.8889722430607656 (0.091 -0.015970595180053032 0.0))
    (3.889972493123281 (0.091 -0.015963679757814597 0.0))
    (3.890972743185797 (0.091 -0.015956036879694355 0.0))
    (3.8919729932483125 (0.091 -0.015947667384239233 0.0))
    (3.892973243310828 (0.091 -0.015938572189717795 0.0))
    (3.893973493373344 (0.091 -0.0159287522940195 0.0))
    (3.8949737434358593 (0.091 -0.015918208774545188 0.0))
    (3.895973993498375 (0.091 -0.015906942788088914 0.0))
    (3.8969742435608907 (0.091 -0.01589495557071099 0.0))
    (3.897974493623406 (0.091 -0.015882248437602393 0.0))
    (3.8989747436859217 (0.091 -0.015868822782940467 0.0))
    (3.8999749937484376 (0.091 -0.015854680079735933 0.0))
    (3.900975243810953 (0.091 -0.01583982187967132 0.0))
    (3.901975493873469 (0.091 -0.015824249812930666 0.0))
    (3.9029757439359845 (0.091 -0.015807965588020743 0.0))
    (3.9039759939985 (0.091 -0.01579097099158349 0.0))
    (3.904976244061016 (0.091 -0.015773267888200083 0.0))
    (3.9059764941235313 (0.091 -0.015754858220186352 0.0))
    (3.906976744186047 (0.091 -0.01573574400737964 0.0))
    (3.9079769942485627 (0.091 -0.015715927346917166 0.0))
    (3.908977244311078 (0.091 -0.01569541041300606 0.0))
    (3.9099774943735937 (0.091 -0.0156741954566847 0.0))
    (3.9109777444361096 (0.091 -0.015652284805575734 0.0))
    (3.911977994498625 (0.091 -0.015629680863630816 0.0))
    (3.9129782445611405 (0.091 -0.015606386110866751 0.0))
    (3.9139784946236564 (0.091 -0.015582403103093376 0.0))
    (3.914978744686172 (0.091 -0.015557734471633286 0.0))
    (3.9159789947486874 (0.091 -0.015532382923033008 0.0))
    (3.9169792448112033 (0.091 -0.015506351238766026 0.0))
    (3.9179794948737188 (0.091 -0.015479642274927782 0.0))
    (3.9189797449362347 (0.091 -0.015452258961922129 0.0))
    (3.91997999499875 (0.091 -0.015424204304139913 0.0))
    (3.9209802450612656 (0.091 -0.015395481379629329 0.0))
    (3.9219804951237816 (0.091 -0.015366093339758195 0.0))
    (3.922980745186297 (0.091 -0.015336043408868216 0.0))
    (3.9239809952488125 (0.091 -0.0153053348839212 0.0))
    (3.9249812453113284 (0.091 -0.015273971134137351 0.0))
    (3.925981495373844 (0.091 -0.015241955600625589 0.0))
    (3.9269817454363594 (0.091 -0.015209291796006025 0.0))
    (3.9279819954988753 (0.091 -0.015175983304024549 0.0))
    (3.9289822455613908 (0.091 -0.01514203377915966 0.0))
    (3.9299824956239062 (0.091 -0.015107446946221488 0.0))
    (3.930982745686422 (0.091 -0.015072226599943134 0.0))
    (3.9319829957489376 (0.091 -0.01503637660456433 0.0))
    (3.932983245811453 (0.091 -0.014999900893407454 0.0))
    (3.933983495873969 (0.091 -0.014962803468446 0.0))
    (3.9349837459364845 (0.091 -0.014925088399865482 0.0))
    (3.935983995999 (0.091 -0.01488675982561688 0.0))
    (3.936984246061516 (0.091 -0.014847821950962634 0.0))
    (3.9379844961240313 (0.091 -0.014808279048015257 0.0))
    (3.9389847461865473 (0.091 -0.014768135455268623 0.0))
    (3.9399849962490627 (0.091 -0.014727395577121959 0.0))
    (3.940985246311578 (0.091 -0.014686063883396609 0.0))
    (3.941985496374094 (0.091 -0.014644144908845629 0.0))
    (3.9429857464366096 (0.091 -0.014601643252656248 0.0))
    (3.943985996499125 (0.091 -0.014558563577945261 0.0))
    (3.944986246561641 (0.091 -0.01451491061124742 0.0))
    (3.9459864966241565 (0.091 -0.014470689141996836 0.0))
    (3.946986746686672 (0.091 -0.014425904022001525 0.0))
    (3.947986996749188 (0.091 -0.014380560164911075 0.0))
    (3.9489872468117033 (0.091 -0.014334662545677532 0.0))
    (3.949987496874219 (0.091 -0.014288216200009585 0.0))
    (3.9509877469367347 (0.091 -0.01424122622382005 0.0))
    (3.95198799699925 (0.091 -0.014193697772666781 0.0))
    (3.9529882470617657 (0.091 -0.014145636061187013 0.0))
    (3.9539884971242816 (0.091 -0.014097046362525232 0.0))
    (3.954988747186797 (0.091 -0.014047934007754635 0.0))
    (3.9559889972493125 (0.091 -0.013998304385292211 0.0))
    (3.9569892473118284 (0.091 -0.013948162940307561 0.0))
    (3.957989497374344 (0.091 -0.013897515174125463 0.0))
    (3.95898974743686 (0.091 -0.01384636664362226 0.0))
    (3.9599899974993753 (0.091 -0.013794722960616346 0.0))
    (3.9609902475618908 (0.091 -0.013742589791252126 0.0))
    (3.9619904976244067 (0.091 -0.013689972855378646 0.0))
    (3.962990747686922 (0.091 -0.013636877925922046 0.0))
    (3.9639909977494376 (0.091 -0.013583310828251855 0.0))
    (3.9649912478119536 (0.091 -0.013529277439542171 0.0))
    (3.965991497874469 (0.091 -0.013474783688126844 0.0))
    (3.9669917479369845 (0.091 -0.013419835552848716 0.0))
    (3.9679919979995004 (0.091 -0.013364439062403977 0.0))
    (3.968992248062016 (0.091 -0.013308600294680709 0.0))
    (3.9699924981245314 (0.091 -0.013252325376091724 0.0))
    (3.9709927481870473 (0.091 -0.013195620480902724 0.0))
    (3.9719929982495628 (0.091 -0.013138491830554893 0.0))
    (3.9729932483120782 (0.091 -0.01308094569298195 0.0))
    (3.973993498374594 (0.091 -0.013022988381922814 0.0))
    (3.9749937484371096 (0.091 -0.012964626256228878 0.0))
    (3.9759939984996255 (0.091 -0.012905865719165951 0.0))
    (3.976994248562141 (0.091 -0.012846713217712273 0.0))
    (3.9779944986246565 (0.091 -0.012787175241850766 0.0))
    (3.9789947486871724 (0.091 -0.012727258323857 0.0))
    (3.979994998749688 (0.091 -0.01266696903758284 0.0))
    (3.9809952488122033 (0.091 -0.012606313997734831 0.0))
    (3.9819954988747193 (0.091 -0.012545299859148465 0.0))
    (3.9829957489372347 (0.091 -0.012483933316058396 0.0))
    (3.98399599899975 (0.091 -0.012422221101363609 0.0))
    (3.984996249062266 (0.091 -0.012360169985888712 0.0))
    (3.9859964991247816 (0.091 -0.012297786777641442 0.0))
    (3.986996749187297 (0.091 -0.012235078321065343 0.0))
    (3.987996999249813 (0.091 -0.012172051496288812 0.0))
    (3.9889972493123285 (0.091 -0.012108713218370626 0.0))
    (3.989997499374844 (0.091 -0.012045070436540867 0.0))
    (3.99099774943736 (0.091 -0.011981130133438475 0.0))
    (3.9919979994998753 (0.091 -0.011916899324345526 0.0))
    (3.992998249562391 (0.091 -0.011852385056417156 0.0))
    (3.9939984996249067 (0.091 -0.011787594407908376 0.0))
    (3.994998749687422 (0.091 -0.011722534487397863 0.0))
    (3.995998999749938 (0.091 -0.011657212433007597 0.0))
    (3.9969992498124536 (0.091 -0.011591635411619918 0.0))
    (3.997999499874969 (0.091 -0.011525810618091149 0.0))
    (3.998999749937485 (0.091 -0.011459745274462217 0.0))
    (4.0 (0.091 -0.011393446629166316 0.0))
)
