(
    (0.0 (0.14100000000000001 -0.009333333333333334 0.0))
    (0.001000250062515629 (0.14100000000000001 -0.009333333333333334 0.0))
    (0.002000500125031258 (0.14100000000000001 -0.009333333333333334 0.0))
    (0.003000750187546887 (0.14100000000000001 -0.009333333333333334 0.0))
    (0.004001000250062516 (0.14100000000000001 -0.009333333333333334 0.0))
    (0.005001250312578145 (0.14100000000000001 -0.009333333333333334 0.0))
    (0.006001500375093774 (0.14100000000000001 -0.009333333333333334 0.0))
    (0.007001750437609403 (0.14100000000000001 -0.009333333333333334 0.0))
    (0.008002000500125032 (0.14100000000000001 -0.009333333333333334 0.0))
    (0.009002250562640661 (0.14100000000000001 -0.009333333333333334 0.0))
    (0.01000250062515629 (0.14100000000000001 -0.009333333333333334 0.0))
    (0.01100275068767192 (0.14100000000000001 -0.009333333333333334 0.0))
    (0.012003000750187547 (0.14100000000000001 -0.009333333333333334 0.0))
    (0.013003250812703177 (0.14100000000000001 -0.009333333333333334 0.0))
    (0.014003500875218806 (0.14100000000000001 -0.009333333333333334 0.0))
    (0.015003750937734435 (0.14100000000000001 -0.009333333333333334 0.0))
    (0.016004001000250064 (0.14100000000000001 -0.009333333333333334 0.0))
    (0.017004251062765693 (0.14100000000000001 -0.009333333333333334 0.0))
    (0.018004501125281323 (0.14100000000000001 -0.009333333333333334 0.0))
    (0.019004751187796952 (0.14100000000000001 -0.009333333333333334 0.0))
    (0.02000500125031258 (0.14100000000000001 -0.009333333333333334 0.0))
    (0.02100525131282821 (0.14100000000000001 -0.009333333333333334 0.0))
    (0.02200550137534384 (0.14100000000000001 -0.009333333333333334 0.0))
    (0.02300575143785947 (0.14100000000000001 -0.009333333333333334 0.0))
    (0.024006001500375095 (0.14100000000000001 -0.009333333333333334 0.0))
    (0.025006251562890724 (0.14100000000000001 -0.009333333333333334 0.0))
    (0.026006501625406353 (0.14100000000000001 -0.009333333333333334 0.0))
    (0.027006751687921982 (0.14100000000000001 -0.009333333333333334 0.0))
    (0.02800700175043761 (0.14100000000000001 -0.009333333333333334 0.0))
    (0.02900725181295324 (0.14100000000000001 -0.009333333333333334 0.0))
    (0.03000750187546887 (0.14100000000000001 -0.009333333333333334 0.0))
    (0.0310077519379845 (0.14100000000000001 -0.009333333333333334 0.0))
    (0.03200800200050013 (0.14100000000000001 -0.009333333333333334 0.0))
    (0.033008252063015754 (0.14100000000000001 -0.009333333333333334 0.0))
    (0.03400850212553139 (0.14100000000000001 -0.009333333333333334 0.0))
    (0.03500875218804701 (0.14100000000000001 -0.009333333333333334 0.0))
    (0.036009002250562645 (0.14100000000000001 -0.009333333333333334 0.0))
    (0.03700925231307827 (0.14100000000000001 -0.009333333333333334 0.0))
    (0.038009502375593904 (0.14100000000000001 -0.009333333333333334 0.0))
    (0.03900975243810953 (0.14100000000000001 -0.009333333333333334 0.0))
    (0.04001000250062516 (0.14100000000000001 -0.009333333333333334 0.0))
    (0.04101025256314079 (0.14100000000000001 -0.009333333333333334 0.0))
    (0.04201050262565642 (0.14100000000000001 -0.009333333333333334 0.0))
    (0.043010752688172046 (0.14100000000000001 -0.009333333333333334 0.0))
    (0.04401100275068768 (0.14100000000000001 -0.009333333333333334 0.0))
    (0.045011252813203305 (0.14100000000000001 -0.009333333333333334 0.0))
    (0.04601150287571894 (0.14100000000000001 -0.009333333333333334 0.0))
    (0.04701175293823456 (0.14100000000000001 -0.009333333333333334 0.0))
    (0.04801200300075019 (0.14100000000000001 -0.009333333333333334 0.0))
    (0.04901225306326582 (0.14100000000000001 -0.009333333333333334 0.0))
    (0.05001250312578145 (0.14100000000000001 -0.009333333333333334 0.0))
    (0.05101275318829708 (0.14100000000000001 -0.009333333333333334 0.0))
    (0.052013003250812706 (0.14100000000000001 -0.009333333333333334 0.0))
    (0.05301325331332834 (0.14100000000000001 -0.009333333333333334 0.0))
    (0.054013503375843964 (0.14100000000000001 -0.009333333333333334 0.0))
    (0.0550137534383596 (0.14100000000000001 -0.009333333333333334 0.0))
    (0.05601400350087522 (0.14100000000000001 -0.009333333333333334 0.0))
    (0.057014253563390856 (0.14100000000000001 -0.009333333333333334 0.0))
    (0.05801450362590648 (0.14100000000000001 -0.009333333333333334 0.0))
    (0.059014753688422114 (0.14100000000000001 -0.009333333333333334 0.0))
    (0.06001500375093774 (0.14100000000000001 -0.009333333333333334 0.0))
    (0.06101525381345337 (0.14100000000000001 -0.009333333333333334 0.0))
    (0.062015503875969 (0.14100000000000001 -0.009333333333333334 0.0))
    (0.06301575393848463 (0.14100000000000001 -0.009333333333333334 0.0))
    (0.06401600400100026 (0.14100000000000001 -0.009333333333333334 0.0))
    (0.06501625406351588 (0.14100000000000001 -0.009333333333333334 0.0))
    (0.06601650412603151 (0.14100000000000001 -0.009333333333333334 0.0))
    (0.06701675418854715 (0.14100000000000001 -0.009333333333333334 0.0))
    (0.06801700425106277 (0.14100000000000001 -0.009333333333333334 0.0))
    (0.0690172543135784 (0.14100000000000001 -0.009333333333333334 0.0))
    (0.07001750437609403 (0.14100000000000001 -0.009333333333333334 0.0))
    (0.07101775443860966 (0.14100000000000001 -0.009333333333333334 0.0))
    (0.07201800450112529 (0.14100000000000001 -0.009333333333333334 0.0))
    (0.07301825456364092 (0.14100000000000001 -0.009333333333333334 0.0))
    (0.07401850462615654 (0.14100000000000001 -0.009333333333333334 0.0))
    (0.07501875468867218 (0.14100000000000001 -0.009333333333333334 0.0))
    (0.07601900475118781 (0.14100000000000001 -0.009333333333333334 0.0))
    (0.07701925481370343 (0.14100000000000001 -0.009333333333333334 0.0))
    (0.07801950487621906 (0.14100000000000001 -0.009333333333333334 0.0))
    (0.0790197549387347 (0.14100000000000001 -0.009333333333333334 0.0))
    (0.08002000500125032 (0.14100000000000001 -0.009333333333333334 0.0))
    (0.08102025506376595 (0.14100000000000001 -0.009333333333333334 0.0))
    (0.08202050512628158 (0.14100000000000001 -0.009333333333333334 0.0))
    (0.0830207551887972 (0.14100000000000001 -0.009333333333333334 0.0))
    (0.08402100525131284 (0.14100000000000001 -0.009333333333333334 0.0))
    (0.08502125531382847 (0.14100000000000001 -0.009333333333333334 0.0))
    (0.08602150537634409 (0.14100000000000001 -0.009333333333333334 0.0))
    (0.08702175543885972 (0.14100000000000001 -0.009333333333333334 0.0))
    (0.08802200550137536 (0.14100000000000001 -0.009333333333333334 0.0))
    (0.08902225556389098 (0.14100000000000001 -0.009333333333333334 0.0))
    (0.09002250562640661 (0.14100000000000001 -0.009333333333333334 0.0))
    (0.09102275568892224 (0.14100000000000001 -0.009333333333333334 0.0))
    (0.09202300575143788 (0.14100000000000001 -0.009333333333333334 0.0))
    (0.0930232558139535 (0.14100000000000001 -0.009333333333333334 0.0))
    (0.09402350587646913 (0.14100000000000001 -0.009333333333333334 0.0))
    (0.09502375593898475 (0.14100000000000001 -0.009333333333333334 0.0))
    (0.09602400600150038 (0.14100000000000001 -0.009333333333333334 0.0))
    (0.09702425606401602 (0.14100000000000001 -0.009333333333333334 0.0))
    (0.09802450612653164 (0.14100000000000001 -0.009333333333333334 0.0))
    (0.09902475618904727 (0.14100000000000001 -0.009333333333333334 0.0))
    (0.1000250062515629 (0.14100000000000001 -0.009333333333333334 0.0))
    (0.10102525631407853 (0.14100000000000001 -0.009333333333333334 0.0))
    (0.10202550637659416 (0.14100000000000001 -0.009333333333333334 0.0))
    (0.10302575643910979 (0.14100000000000001 -0.009333333333333334 0.0))
    (0.10402600650162541 (0.14100000000000001 -0.009333333333333334 0.0))
    (0.10502625656414105 (0.14100000000000001 -0.009333333333333334 0.0))
    (0.10602650662665668 (0.14100000000000001 -0.009333333333333334 0.0))
    (0.1070267566891723 (0.14100000000000001 -0.009333333333333334 0.0))
    (0.10802700675168793 (0.14100000000000001 -0.009333333333333334 0.0))
    (0.10902725681420357 (0.14100000000000001 -0.009333333333333334 0.0))
    (0.1100275068767192 (0.14100000000000001 -0.009333333333333334 0.0))
    (0.11102775693923482 (0.14100000000000001 -0.009333333333333334 0.0))
    (0.11202800700175045 (0.14100000000000001 -0.009333333333333334 0.0))
    (0.11302825706426607 (0.14100000000000001 -0.009333333333333334 0.0))
    (0.11402850712678171 (0.14100000000000001 -0.009333333333333334 0.0))
    (0.11502875718929734 (0.14100000000000001 -0.009333333333333334 0.0))
    (0.11602900725181296 (0.14100000000000001 -0.009333333333333334 0.0))
    (0.11702925731432859 (0.14100000000000001 -0.009333333333333334 0.0))
    (0.11802950737684423 (0.14100000000000001 -0.009333333333333334 0.0))
    (0.11902975743935985 (0.14100000000000001 -0.009333333333333334 0.0))
    (0.12003000750187548 (0.14100000000000001 -0.009333333333333334 0.0))
    (0.1210302575643911 (0.14100000000000001 -0.009333333333333334 0.0))
    (0.12203050762690675 (0.14100000000000001 -0.009333333333333334 0.0))
    (0.12303075768942237 (0.14100000000000001 -0.009333333333333334 0.0))
    (0.124031007751938 (0.14100000000000001 -0.009333333333333334 0.0))
    (0.12503125781445362 (0.14100000000000001 -0.009333333333333334 0.0))
    (0.12603150787696926 (0.14100000000000001 -0.009333333333333334 0.0))
    (0.12703175793948487 (0.14100000000000001 -0.009333333333333334 0.0))
    (0.1280320080020005 (0.14100000000000001 -0.009333333333333334 0.0))
    (0.12903225806451615 (0.14100000000000001 -0.009333333333333334 0.0))
    (0.13003250812703177 (0.14100000000000001 -0.009333333333333334 0.0))
    (0.1310327581895474 (0.14100000000000001 -0.009333333333333334 0.0))
    (0.13203300825206302 (0.14100000000000001 -0.009333333333333334 0.0))
    (0.13303325831457866 (0.14100000000000001 -0.009333333333333334 0.0))
    (0.1340335083770943 (0.14100000000000001 -0.009333333333333334 0.0))
    (0.1350337584396099 (0.14100000000000001 -0.009333333333333334 0.0))
    (0.13603400850212555 (0.14100000000000001 -0.009333333333333334 0.0))
    (0.1370342585646412 (0.14100000000000001 -0.009333333333333334 0.0))
    (0.1380345086271568 (0.14100000000000001 -0.009333333333333334 0.0))
    (0.13903475868967244 (0.14100000000000001 -0.009333333333333334 0.0))
    (0.14003500875218805 (0.14100000000000001 -0.009333333333333334 0.0))
    (0.1410352588147037 (0.14100000000000001 -0.009333333333333334 0.0))
    (0.14203550887721933 (0.14100000000000001 -0.009333333333333334 0.0))
    (0.14303575893973494 (0.14100000000000001 -0.009333333333333334 0.0))
    (0.14403600900225058 (0.14100000000000001 -0.009333333333333334 0.0))
    (0.1450362590647662 (0.14100000000000001 -0.009333333333333334 0.0))
    (0.14603650912728183 (0.14100000000000001 -0.009333333333333334 0.0))
    (0.14703675918979747 (0.14100000000000001 -0.009333333333333334 0.0))
    (0.14803700925231308 (0.14100000000000001 -0.009333333333333334 0.0))
    (0.14903725931482872 (0.14100000000000001 -0.009333333333333334 0.0))
    (0.15003750937734436 (0.14100000000000001 -0.009333333333333334 0.0))
    (0.15103775943985998 (0.14100000000000001 -0.009333333333333334 0.0))
    (0.15203800950237562 (0.14100000000000001 -0.009333333333333334 0.0))
    (0.15303825956489123 (0.14100000000000001 -0.009333333333333334 0.0))
    (0.15403850962740687 (0.14100000000000001 -0.009333333333333334 0.0))
    (0.1550387596899225 (0.14100000000000001 -0.009333333333333334 0.0))
    (0.15603900975243812 (0.14100000000000001 -0.009333333333333334 0.0))
    (0.15703925981495376 (0.14100000000000001 -0.009333333333333334 0.0))
    (0.1580395098774694 (0.14100000000000001 -0.009333333333333334 0.0))
    (0.159039759939985 (0.14100000000000001 -0.009333333333333334 0.0))
    (0.16004001000250065 (0.14100000000000001 -0.009333333333333334 0.0))
    (0.16104026006501626 (0.14100000000000001 -0.009333333333333334 0.0))
    (0.1620405101275319 (0.14100000000000001 -0.009333333333333334 0.0))
    (0.16304076019004754 (0.14100000000000001 -0.009333333333333334 0.0))
    (0.16404101025256315 (0.14100000000000001 -0.009333333333333334 0.0))
    (0.1650412603150788 (0.14100000000000001 -0.009333333333333334 0.0))
    (0.1660415103775944 (0.14100000000000001 -0.009333333333333334 0.0))
    (0.16704176044011004 (0.14100000000000001 -0.009333333333333334 0.0))
    (0.16804201050262568 (0.14100000000000001 -0.009333333333333334 0.0))
    (0.1690422605651413 (0.14100000000000001 -0.009333333333333334 0.0))
    (0.17004251062765693 (0.14100000000000001 -0.009333333333333334 0.0))
    (0.17104276069017257 (0.14100000000000001 -0.009333333333333334 0.0))
    (0.17204301075268819 (0.14100000000000001 -0.009333333333333334 0.0))
    (0.17304326081520383 (0.14100000000000001 -0.009333333333333334 0.0))
    (0.17404351087771944 (0.14100000000000001 -0.009333333333333334 0.0))
    (0.17504376094023508 (0.14100000000000001 -0.009333333333333334 0.0))
    (0.17604401100275072 (0.14100000000000001 -0.009333333333333334 0.0))
    (0.17704426106526633 (0.14100000000000001 -0.009333333333333334 0.0))
    (0.17804451112778197 (0.14100000000000001 -0.009333333333333334 0.0))
    (0.17904476119029758 (0.14100000000000001 -0.009333333333333334 0.0))
    (0.18004501125281322 (0.14100000000000001 -0.009333333333333334 0.0))
    (0.18104526131532886 (0.14100000000000001 -0.009333333333333334 0.0))
    (0.18204551137784447 (0.14100000000000001 -0.009333333333333334 0.0))
    (0.1830457614403601 (0.14100000000000001 -0.009333333333333334 0.0))
    (0.18404601150287575 (0.14100000000000001 -0.009333333333333334 0.0))
    (0.18504626156539136 (0.14100000000000001 -0.009333333333333334 0.0))
    (0.186046511627907 (0.14100000000000001 -0.009333333333333334 0.0))
    (0.1870467616904226 (0.14100000000000001 -0.009333333333333334 0.0))
    (0.18804701175293825 (0.14100000000000001 -0.009333333333333334 0.0))
    (0.1890472618154539 (0.14100000000000001 -0.009333333333333334 0.0))
    (0.1900475118779695 (0.14100000000000001 -0.009333333333333334 0.0))
    (0.19104776194048514 (0.14100000000000001 -0.009333333333333334 0.0))
    (0.19204801200300076 (0.14100000000000001 -0.009333333333333334 0.0))
    (0.1930482620655164 (0.14100000000000001 -0.009333333333333334 0.0))
    (0.19404851212803204 (0.14100000000000001 -0.009333333333333334 0.0))
    (0.19504876219054765 (0.14100000000000001 -0.009333333333333334 0.0))
    (0.1960490122530633 (0.14100000000000001 -0.009333333333333334 0.0))
    (0.19704926231557893 (0.14100000000000001 -0.009333333333333334 0.0))
    (0.19804951237809454 (0.14100000000000001 -0.009333333333333334 0.0))
    (0.19904976244061018 (0.14100000000000001 -0.009333333333333334 0.0))
    (0.2000500125031258 (0.14100000000000001 -0.009333333333333334 0.0))
    (0.20105026256564143 (0.14100000000000001 -0.009333333333333334 0.0))
    (0.20205051262815707 (0.14100000000000001 -0.009376752713113532 0.0))
    (0.20305076269067268 (0.14100000000000001 -0.00944657820099347 0.0))
    (0.20405101275318832 (0.14100000000000001 -0.009516391264085959 0.0))
    (0.20505126281570396 (0.14100000000000001 -0.009586184242772609 0.0))
    (0.20605151287821957 (0.14100000000000001 -0.009655949479638616 0.0))
    (0.2070517629407352 (0.14100000000000001 -0.009725679320312907 0.0))
    (0.20805201300325082 (0.14100000000000001 -0.009795366114307934 0.0))
    (0.20905226306576646 (0.14100000000000001 -0.009865002215859071 0.0))
    (0.2100525131282821 (0.14100000000000001 -0.009934579984763464 0.0))
    (0.21105276319079772 (0.14100000000000001 -0.010004091787218292 0.0))
    (0.21205301325331335 (0.14100000000000001 -0.010073529996658321 0.0))
    (0.21305326331582897 (0.14100000000000001 -0.01014288699459265 0.0))
    (0.2140535133783446 (0.14100000000000001 -0.010212155171440597 0.0))
    (0.21505376344086025 (0.14100000000000001 -0.01028132692736658 0.0))
    (0.21605401350337586 (0.14100000000000001 -0.010350394673113944 0.0))
    (0.2170542635658915 (0.14100000000000001 -0.010419350830837636 0.0))
    (0.21805451362840714 (0.14100000000000001 -0.010488187834935601 0.0))
    (0.21905476369092275 (0.14100000000000001 -0.010556898132878856 0.0))
    (0.2200550137534384 (0.14100000000000001 -0.010625474186040134 0.0))
    (0.221055263815954 (0.14100000000000001 -0.010693908470520975 0.0))
    (0.22205551387846964 (0.14100000000000001 -0.010762193477977236 0.0))
    (0.22305576394098528 (0.14100000000000001 -0.010830321716442865 0.0))
    (0.2240560140035009 (0.14100000000000001 -0.010898285711151897 0.0))
    (0.22505626406601653 (0.14100000000000001 -0.010966078005358556 0.0))
    (0.22605651412853214 (0.14100000000000001 -0.011033691161155375 0.0))
    (0.22705676419104778 (0.14100000000000001 -0.011101117760289266 0.0))
    (0.22805701425356342 (0.14100000000000001 -0.011168350404975404 0.0))
    (0.22905726431607903 (0.14100000000000001 -0.0112353817187089 0.0))
    (0.23005751437859467 (0.14100000000000001 -0.011302204347074116 0.0))
    (0.2310577644411103 (0.14100000000000001 -0.011368810958551561 0.0))
    (0.23205801450362593 (0.14100000000000001 -0.011435194245322274 0.0))
    (0.23305826456614157 (0.14100000000000001 -0.011501346924069625 0.0))
    (0.23405851462865718 (0.14100000000000001 -0.011567261736778392 0.0))
    (0.23505876469117282 (0.14100000000000001 -0.011632931451531098 0.0))
    (0.23605901475368846 (0.14100000000000001 -0.011698348863301459 0.0))
    (0.23705926481620407 (0.14100000000000001 -0.011763506794744895 0.0))
    (0.2380595148787197 (0.14100000000000001 -0.011828398096986003 0.0))
    (0.23905976494123535 (0.14100000000000001 -0.0118930156504029 0.0))
    (0.24006001500375096 (0.14100000000000001 -0.01195735236540836 0.0))
    (0.2410602650662666 (0.14100000000000001 -0.012021401183227665 0.0))
    (0.2420605151287822 (0.14100000000000001 -0.012085155076673048 0.0))
    (0.24306076519129785 (0.14100000000000001 -0.012148607050914712 0.0))
    (0.2440610152538135 (0.14100000000000001 -0.012211750144248253 0.0))
    (0.2450612653163291 (0.14100000000000001 -0.012274577428858487 0.0))
    (0.24606151537884474 (0.14100000000000001 -0.012337082011579537 0.0))
    (0.24706176544136035 (0.14100000000000001 -0.012399257034651124 0.0))
    (0.248062015503876 (0.14100000000000001 -0.012461095676470978 0.0))
    (0.24906226556639163 (0.14100000000000001 -0.01252259115234327 0.0))
    (0.25006251562890724 (0.14100000000000001 -0.012583736715223011 0.0))
    (0.2510627656914229 (0.14100000000000001 -0.012644525656456306 0.0))
    (0.2520630157539385 (0.14100000000000001 -0.012704951306516403 0.0))
    (0.25306326581645416 (0.14100000000000001 -0.01276500703573545 0.0))
    (0.25406351587896975 (0.14100000000000001 -0.012824686255031867 0.0))
    (0.2550637659414854 (0.14100000000000001 -0.012883982416633296 0.0))
    (0.256064016004001 (0.14100000000000001 -0.012942889014794972 0.0))
    (0.25706426606651667 (0.14100000000000001 -0.013001399586513519 0.0))
    (0.2580645161290323 (0.14100000000000001 -0.013059507712236046 0.0))
    (0.2590647661915479 (0.14100000000000001 -0.01311720701656448 0.0))
    (0.26006501625406353 (0.14100000000000001 -0.013174491168955044 0.0))
    (0.26106526631657917 (0.14100000000000001 -0.013231353884412815 0.0))
    (0.2620655163790948 (0.14100000000000001 -0.013287788924181303 0.0))
    (0.26306576644161045 (0.14100000000000001 -0.013343790096426925 0.0))
    (0.26406601650412603 (0.14100000000000001 -0.013399351256918365 0.0))
    (0.2650662665666417 (0.14100000000000001 -0.013454466309700697 0.0))
    (0.2660665166291573 (0.14100000000000001 -0.013509129207764186 0.0))
    (0.26706676669167295 (0.14100000000000001 -0.013563333953707771 0.0))
    (0.2680670167541886 (0.14100000000000001 -0.013617074600397057 0.0))
    (0.26906726681670423 (0.14100000000000001 -0.01367034525161682 0.0))
    (0.2700675168792198 (0.14100000000000001 -0.013723140062717912 0.0))
    (0.27106776694173546 (0.14100000000000001 -0.013775453241258527 0.0))
    (0.2720680170042511 (0.14100000000000001 -0.013827279047639706 0.0))
    (0.27306826706676673 (0.14100000000000001 -0.01387861179573507 0.0))
    (0.2740685171292824 (0.14100000000000001 -0.013929445853514688 0.0))
    (0.27506876719179796 (0.14100000000000001 -0.013979775643662989 0.0))
    (0.2760690172543136 (0.14100000000000001 -0.014029595644190701 0.0))
    (0.27706926731682924 (0.14100000000000001 -0.01407890038904068 0.0))
    (0.2780695173793449 (0.14100000000000001 -0.014127684468687639 0.0))
    (0.2790697674418605 (0.14100000000000001 -0.014175942530731659 0.0))
    (0.2800700175043761 (0.14100000000000001 -0.014223669280485424 0.0))
    (0.28107026756689174 (0.14100000000000001 -0.014270859481555154 0.0))
    (0.2820705176294074 (0.14100000000000001 -0.014317507956415097 0.0))
    (0.283070767691923 (0.14100000000000001 -0.014363609586975603 0.0))
    (0.28407101775443866 (0.14100000000000001 -0.014409159315144653 0.0))
    (0.28507126781695424 (0.14100000000000001 -0.014454152143382823 0.0))
    (0.2860715178794699 (0.14100000000000001 -0.014498583135251587 0.0))
    (0.2870717679419855 (0.14100000000000001 -0.01454244741595492 0.0))
    (0.28807201800450116 (0.14100000000000001 -0.014585740172874154 0.0))
    (0.2890722680670168 (0.14100000000000001 -0.014628456656095988 0.0))
    (0.2900725181295324 (0.14100000000000001 -0.014670592178933635 0.0))
    (0.291072768192048 (0.14100000000000001 -0.014712142118441034 0.0))
    (0.29207301825456367 (0.14100000000000001 -0.014753101915920046 0.0))
    (0.2930732683170793 (0.14100000000000001 -0.014793467077420627 0.0))
    (0.29407351837959494 (0.14100000000000001 -0.01483323317423389 0.0))
    (0.2950737684421106 (0.14100000000000001 -0.014872395843377996 0.0))
    (0.29607401850462617 (0.14100000000000001 -0.014910950788076851 0.0))
    (0.2970742685671418 (0.14100000000000001 -0.014948893778231529 0.0))
    (0.29807451862965745 (0.14100000000000001 -0.014986220650884383 0.0))
    (0.2990747686921731 (0.14100000000000001 -0.015022927310675782 0.0))
    (0.3000750187546887 (0.14100000000000001 -0.015059009730293449 0.0))
    (0.3010752688172043 (0.14100000000000001 -0.015094463950914313 0.0))
    (0.30207551887971995 (0.14100000000000001 -0.015129286082638867 0.0))
    (0.3030757689422356 (0.14100000000000001 -0.015163472304917932 0.0))
    (0.30407601900475123 (0.14100000000000001 -0.015197018866971859 0.0))
    (0.30507626906726687 (0.14100000000000001 -0.015229922088202029 0.0))
    (0.30607651912978245 (0.14100000000000001 -0.015262178358594683 0.0))
    (0.3070767691922981 (0.14100000000000001 -0.015293784139116997 0.0))
    (0.30807701925481373 (0.14100000000000001 -0.015324735962105377 0.0))
    (0.3090772693173294 (0.14100000000000001 -0.015355030431645903 0.0))
    (0.310077519379845 (0.14100000000000001 -0.015384664223946933 0.0))
    (0.3110777694423606 (0.14100000000000001 -0.015413634087703762 0.0))
    (0.31207801950487624 (0.14100000000000001 -0.015441936844455353 0.0))
    (0.3130782695673919 (0.14100000000000001 -0.015469569388933058 0.0))
    (0.3140785196299075 (0.14100000000000001 -0.01549652868940132 0.0))
    (0.31507876969242316 (0.14100000000000001 -0.015522811787990302 0.0))
    (0.3160790197549388 (0.14100000000000001 -0.015548415801020416 0.0))
    (0.3170792698174544 (0.14100000000000001 -0.015573337919318699 0.0))
    (0.31807951987997 (0.14100000000000001 -0.015597575408527044 0.0))
    (0.31907976994248566 (0.14100000000000001 -0.015621125609402178 0.0))
    (0.3200800200050013 (0.14100000000000001 -0.01564398593810745 0.0))
    (0.32108027006751694 (0.14100000000000001 -0.015666153886496295 0.0))
    (0.3220805201300325 (0.14100000000000001 -0.015687627022387435 0.0))
    (0.32308077019254816 (0.14100000000000001 -0.01570840298983172 0.0))
    (0.3240810202550638 (0.14100000000000001 -0.01572847950937063 0.0))
    (0.32508127031757944 (0.14100000000000001 -0.01574785437828633 0.0))
    (0.3260815203800951 (0.14100000000000001 -0.0157665254708434 0.0))
    (0.32708177044261066 (0.14100000000000001 -0.015784490738522 0.0))
    (0.3280820205051263 (0.14100000000000001 -0.015801748210242675 0.0))
    (0.32908227056764194 (0.14100000000000001 -0.0158182959925826 0.0))
    (0.3300825206301576 (0.14100000000000001 -0.015834132269983297 0.0))
    (0.3310827706926732 (0.14100000000000001 -0.015849255304949864 0.0))
    (0.3320830207551888 (0.14100000000000001 -0.01586366343824159 0.0))
    (0.33308327081770445 (0.14100000000000001 -0.015877355089053993 0.0))
    (0.3340835208802201 (0.14100000000000001 -0.015890328755192275 0.0))
    (0.3350837709427357 (0.14100000000000001 -0.015902583013236132 0.0))
    (0.33608402100525137 (0.14100000000000001 -0.015914116518695922 0.0))
    (0.33708427106776695 (0.14100000000000001 -0.015924928006160174 0.0))
    (0.3380845211302826 (0.14100000000000001 -0.01593501628943444 0.0))
    (0.33908477119279823 (0.14100000000000001 -0.01594438026167143 0.0))
    (0.34008502125531387 (0.14100000000000001 -0.015953018895492433 0.0))
    (0.3410852713178295 (0.14100000000000001 -0.015960931243100076 0.0))
    (0.34208552138034515 (0.14100000000000001 -0.015968116436382282 0.0))
    (0.34308577144286073 (0.14100000000000001 -0.01597457368700752 0.0))
    (0.34408602150537637 (0.14100000000000001 -0.01598030228651131 0.0))
    (0.345086271567892 (0.14100000000000001 -0.015985301606373944 0.0))
    (0.34608652163040765 (0.14100000000000001 -0.015989571098089447 0.0))
    (0.3470867716929233 (0.14100000000000001 -0.01599311029322575 0.0))
    (0.3480870217554389 (0.14100000000000001 -0.0159959188034761 0.0))
    (0.3490872718179545 (0.14100000000000001 -0.01599799632070165 0.0))
    (0.35008752188047015 (0.14100000000000001 -0.01599934261696527 0.0))
    (0.3510877719429858 (0.14100000000000001 -0.015999957544556558 0.0))
    (0.35208802200550143 (0.14100000000000001 -0.015999841036008048 0.0))
    (0.353088272068017 (0.14100000000000001 -0.0159989931041026 0.0))
    (0.35408852213053266 (0.14100000000000001 -0.01599741384187202 0.0))
    (0.3550887721930483 (0.14100000000000001 -0.015995103422586823 0.0))
    (0.35608902225556394 (0.14100000000000001 -0.015992062099737255 0.0))
    (0.3570892723180796 (0.14100000000000001 -0.015988290207005453 0.0))
    (0.35808952238059516 (0.14100000000000001 -0.015983788158228856 0.0))
    (0.3590897724431108 (0.14100000000000001 -0.015978556447354783 0.0))
    (0.36009002250562644 (0.14100000000000001 -0.01597259564838625 0.0))
    (0.3610902725681421 (0.14100000000000001 -0.015965906415318993 0.0))
    (0.3620905226306577 (0.14100000000000001 -0.015958489482069706 0.0))
    (0.36309077269317336 (0.14100000000000001 -0.015950345662395525 0.0))
    (0.36409102275568894 (0.14100000000000001 -0.015941475849804744 0.0))
    (0.3650912728182046 (0.14100000000000001 -0.015931881017458783 0.0))
    (0.3660915228807202 (0.14100000000000001 -0.015921562218065413 0.0))
    (0.36709177294323586 (0.14100000000000001 -0.015910520583763268 0.0))
    (0.3680920230057515 (0.14100000000000001 -0.015898757325997617 0.0))
    (0.3690922730682671 (0.14100000000000001 -0.01588627373538746 0.0))
    (0.3700925231307827 (0.14100000000000001 -0.015873071181583907 0.0))
    (0.37109277319329836 (0.14100000000000001 -0.015859151113119942 0.0))
    (0.372093023255814 (0.14100000000000001 -0.015844515057251457 0.0))
    (0.37309327331832964 (0.14100000000000001 -0.015829164619789716 0.0))
    (0.3740935233808452 (0.14100000000000001 -0.015813101484925145 0.0))
    (0.37509377344336087 (0.14100000000000001 -0.015796327415042576 0.0))
    (0.3760940235058765 (0.14100000000000001 -0.015778844250527866 0.0))
    (0.37709427356839215 (0.14100000000000001 -0.015760653909565984 0.0))
    (0.3780945236309078 (0.14100000000000001 -0.015741758387930557 0.0))
    (0.37909477369342337 (0.14100000000000001 -0.0157221597587649 0.0))
    (0.380095023755939 (0.14100000000000001 -0.015701860172354556 0.0))
    (0.38109527381845465 (0.14100000000000001 -0.015680861855891372 0.0))
    (0.3820955238809703 (0.14100000000000001 -0.015659167113229153 0.0))
    (0.38309577394348593 (0.14100000000000001 -0.015636778324630885 0.0))
    (0.3840960240060015 (0.14100000000000001 -0.015613697946507573 0.0))
    (0.38509627406851715 (0.14100000000000001 -0.015589928511148746 0.0))
    (0.3860965241310328 (0.14100000000000001 -0.015565472626444619 0.0))
    (0.38709677419354843 (0.14100000000000001 -0.015540332975599962 0.0))
    (0.38809702425606407 (0.14100000000000001 -0.015514512316839722 0.0))
    (0.3890972743185797 (0.14100000000000001 -0.015488013483106383 0.0))
    (0.3900975243810953 (0.14100000000000001 -0.015460839381749157 0.0))
    (0.39109777444361093 (0.14100000000000001 -0.015432992994204999 0.0))
    (0.3920980245061266 (0.14100000000000001 -0.0154044773756715 0.0))
    (0.3930982745686422 (0.14100000000000001 -0.015375295654771675 0.0))
    (0.39409852463115785 (0.14100000000000001 -0.01534545103321071 0.0))
    (0.39509877469367344 (0.14100000000000001 -0.015314946785424671 0.0))
    (0.3960990247561891 (0.14100000000000001 -0.01528378625822126 0.0))
    (0.3970992748187047 (0.14100000000000001 -0.015251972870412609 0.0))
    (0.39809952488122036 (0.14100000000000001 -0.01521951011244018 0.0))
    (0.399099774943736 (0.14100000000000001 -0.015186401545991818 0.0))
    (0.4001000250062516 (0.14100000000000001 -0.01515265080361096 0.0))
    (0.4011002750687672 (0.14100000000000001 -0.015118261588298088 0.0))
    (0.40210052513128286 (0.14100000000000001 -0.015083237673104474 0.0))
    (0.4031007751937985 (0.14100000000000001 -0.015047582900718186 0.0))
    (0.40410102525631414 (0.14100000000000001 -0.015011301183042499 0.0))
    (0.4051012753188297 (0.14100000000000001 -0.014974396500766693 0.0))
    (0.40610152538134536 (0.14100000000000001 -0.014936872902929298 0.0))
    (0.407101775443861 (0.14100000000000001 -0.014898734506473874 0.0))
    (0.40810202550637664 (0.14100000000000001 -0.014859985495797283 0.0))
    (0.4091022755688923 (0.14100000000000001 -0.014820630122290623 0.0))
    (0.4101025256314079 (0.14100000000000001 -0.014780672703872764 0.0))
    (0.4111027756939235 (0.14100000000000001 -0.014740117624516606 0.0))
    (0.41210302575643915 (0.14100000000000001 -0.014698969333768085 0.0))
    (0.4131032758189548 (0.14100000000000001 -0.014657232346258 0.0))
    (0.4141035258814704 (0.14100000000000001 -0.014614911241206664 0.0))
    (0.41510377594398606 (0.14100000000000001 -0.0145720106619215 0.0))
    (0.41610402600650165 (0.14100000000000001 -0.014528535315287609 0.0))
    (0.4171042760690173 (0.14100000000000001 -0.014484489971251315 0.0))
    (0.4181045261315329 (0.14100000000000001 -0.014439879462296863 0.0))
    (0.41910477619404857 (0.14100000000000001 -0.014394708682916186 0.0))
    (0.4201050262565642 (0.14100000000000001 -0.014348982589071926 0.0))
    (0.4211052763190798 (0.14100000000000001 -0.014302706197653668 0.0))
    (0.42210552638159543 (0.14100000000000001 -0.014255884585927504 0.0))
    (0.42310577644411107 (0.14100000000000001 -0.014208522890978993 0.0))
    (0.4241060265066267 (0.14100000000000001 -0.014160626309149528 0.0))
    (0.42510627656914235 (0.14100000000000001 -0.014112200095466213 0.0))
    (0.42610652663165793 (0.14100000000000001 -0.014063249563065306 0.0))
    (0.4271067766941736 (0.14100000000000001 -0.014013780082609274 0.0))
    (0.4281070267566892 (0.14100000000000001 -0.013963797081697553 0.0))
    (0.42910727681920485 (0.14100000000000001 -0.013913306044271058 0.0))
    (0.4301075268817205 (0.14100000000000001 -0.013862312510010492 0.0))
    (0.43110777694423613 (0.14100000000000001 -0.013810822073728562 0.0))
    (0.4321080270067517 (0.14100000000000001 -0.013758840384756141 0.0))
    (0.43310827706926736 (0.14100000000000001 -0.013706373146322432 0.0))
    (0.434108527131783 (0.14100000000000001 -0.013653426114929248 0.0))
    (0.43510877719429863 (0.14100000000000001 -0.013600005099719426 0.0))
    (0.4361090272568143 (0.14100000000000001 -0.013546115961839456 0.0))
    (0.43710927731932986 (0.14100000000000001 -0.013491764613796448 0.0))
    (0.4381095273818455 (0.14100000000000001 -0.013436957018809398 0.0))
    (0.43910977744436114 (0.14100000000000001 -0.013381699190154967 0.0))
    (0.4401100275068768 (0.14100000000000001 -0.013325997190507689 0.0))
    (0.4411102775693924 (0.14100000000000001 -0.01326985713127483 0.0))
    (0.442110527631908 (0.14100000000000001 -0.013213285171925847 0.0))
    (0.44311077769442364 (0.14100000000000001 -0.013156287519316596 0.0))
    (0.4441110277569393 (0.14100000000000001 -0.013098870427008356 0.0))
    (0.4451112778194549 (0.14100000000000001 -0.013041040194581697 0.0))
    (0.44611152788197056 (0.14100000000000001 -0.012982803166945323 0.0))
    (0.44711177794448614 (0.14100000000000001 -0.012924165733639931 0.0))
    (0.4481120280070018 (0.14100000000000001 -0.01286513432813716 0.0))
    (0.4491122780695174 (0.14100000000000001 -0.012805715427133772 0.0))
    (0.45011252813203306 (0.14100000000000001 -0.012745915549841011 0.0))
    (0.4511127781945487 (0.14100000000000001 -0.01268574125726938 0.0))
    (0.4521130282570643 (0.14100000000000001 -0.012625199151508762 0.0))
    (0.4531132783195799 (0.14100000000000001 -0.012564295875004072 0.0))
    (0.45411352838209557 (0.14100000000000001 -0.01250303810982649 0.0))
    (0.4551137784446112 (0.14100000000000001 -0.012441432576940307 0.0))
    (0.45611402850712685 (0.14100000000000001 -0.012379486035465546 0.0))
    (0.4571142785696425 (0.14100000000000001 -0.012317205281936361 0.0))
    (0.45811452863215807 (0.14100000000000001 -0.012254597149555367 0.0))
    (0.4591147786946737 (0.14100000000000001 -0.0121916685074439 0.0))
    (0.46011502875718935 (0.14100000000000001 -0.012128426259888395 0.0))
    (0.461115278819705 (0.14100000000000001 -0.012064877345582852 0.0))
    (0.4621155288822206 (0.14100000000000001 -0.012001028736867555 0.0))
    (0.4631157789447362 (0.14100000000000001 -0.011936887438964107 0.0))
    (0.46411602900725185 (0.14100000000000001 -0.011872460489206815 0.0))
    (0.4651162790697675 (0.14100000000000001 -0.011807754956270617 0.0))
    (0.46611652913228313 (0.14100000000000001 -0.011742777939395502 0.0))
    (0.46711677919479877 (0.14100000000000001 -0.011677536567607635 0.0))
    (0.46811702925731435 (0.14100000000000001 -0.011612037998937173 0.0))
    (0.46911727931983 (0.14100000000000001 -0.011546289419632904 0.0))
    (0.47011752938234563 (0.14100000000000001 -0.011480298043373834 0.0))
    (0.4711177794448613 (0.14100000000000001 -0.011414071110477693 0.0))
    (0.4721180295073769 (0.14100000000000001 -0.011347615887106581 0.0))
    (0.4731182795698925 (0.14100000000000001 -0.011280939664469736 0.0))
    (0.47411852963240814 (0.14100000000000001 -0.011214049758023578 0.0))
    (0.4751187796949238 (0.14100000000000001 -0.01114695350666909 0.0))
    (0.4761190297574394 (0.14100000000000001 -0.011079658271946615 0.0))
    (0.47711927981995506 (0.14100000000000001 -0.011012171437228182 0.0))
    (0.4781195298824707 (0.14100000000000001 -0.01094450040690742 0.0))
    (0.4791197799449863 (0.14100000000000001 -0.0108766526055872 0.0))
    (0.4801200300075019 (0.14100000000000001 -0.010808635477265004 0.0))
    (0.48112028007001756 (0.14100000000000001 -0.010740456484516221 0.0))
    (0.4821205301325332 (0.14100000000000001 -0.010672123107675386 0.0))
    (0.48312078019504884 (0.14100000000000001 -0.010603642844015443 0.0))
    (0.4841210302575644 (0.14100000000000001 -0.010535023206925205 0.0))
    (0.48512128032008006 (0.14100000000000001 -0.010466271725084976 0.0))
    (0.4861215303825957 (0.14100000000000001 -0.010397395941640573 0.0))
    (0.48712178044511134 (0.14100000000000001 -0.010328403413375691 0.0))
    (0.488122030507627 (0.14100000000000001 -0.010259301709882821 0.0))
    (0.48912228057014256 (0.14100000000000001 -0.010190098412732738 0.0))
    (0.4901225306326582 (0.14100000000000001 -0.01012080111464266 0.0))
    (0.49112278069517384 (0.14100000000000001 -0.010051417418643252 0.0))
    (0.4921230307576895 (0.14100000000000001 -0.009981954937244396 0.0))
    (0.4931232808202051 (0.14100000000000001 -0.009912421291600025 0.0))
    (0.4941235308827207 (0.14100000000000001 -0.009842824110671923 0.0))
    (0.49512378094523635 (0.14100000000000001 -0.009773171030392715 0.0))
    (0.496124031007752 (0.14100000000000001 -0.009703469692828101 0.0))
    (0.4971242810702676 (0.14100000000000001 -0.009633727745338369 0.0))
    (0.49812453113278327 (0.14100000000000001 -0.009563952839739383 0.0))
    (0.49912478119529885 (0.14100000000000001 -0.009494152631463033 0.0))
    (0.5001250312578145 (0.14100000000000001 -0.009424334778717318 0.0))
    (0.5011252813203302 (0.14100000000000001 -0.009354506941646128 0.0))
    (0.5021255313828458 (0.14100000000000001 -0.009333333333333334 0.0))
    (0.5031257814453614 (0.14100000000000001 -0.009333333333333334 0.0))
    (0.504126031507877 (0.14100000000000001 -0.009333333333333334 0.0))
    (0.5051262815703926 (0.14100000000000001 -0.009333333333333334 0.0))
    (0.5061265316329083 (0.14100000000000001 -0.009333333333333334 0.0))
    (0.5071267816954239 (0.14100000000000001 -0.009333333333333334 0.0))
    (0.5081270317579395 (0.14100000000000001 -0.009333333333333334 0.0))
    (0.5091272818204552 (0.14100000000000001 -0.009333333333333334 0.0))
    (0.5101275318829708 (0.14100000000000001 -0.009333333333333334 0.0))
    (0.5111277819454865 (0.14100000000000001 -0.009333333333333334 0.0))
    (0.512128032008002 (0.14100000000000001 -0.009333333333333334 0.0))
    (0.5131282820705176 (0.14100000000000001 -0.009333333333333334 0.0))
    (0.5141285321330333 (0.14100000000000001 -0.009333333333333334 0.0))
    (0.5151287821955489 (0.14100000000000001 -0.009333333333333334 0.0))
    (0.5161290322580646 (0.14100000000000001 -0.009333333333333334 0.0))
    (0.5171292823205802 (0.14100000000000001 -0.009333333333333334 0.0))
    (0.5181295323830958 (0.14100000000000001 -0.009333333333333334 0.0))
    (0.5191297824456115 (0.14100000000000001 -0.009333333333333334 0.0))
    (0.5201300325081271 (0.14100000000000001 -0.009333333333333334 0.0))
    (0.5211302825706428 (0.14100000000000001 -0.009333333333333334 0.0))
    (0.5221305326331583 (0.14100000000000001 -0.009333333333333334 0.0))
    (0.5231307826956739 (0.14100000000000001 -0.009333333333333334 0.0))
    (0.5241310327581896 (0.14100000000000001 -0.009333333333333334 0.0))
    (0.5251312828207052 (0.14100000000000001 -0.009333333333333334 0.0))
    (0.5261315328832209 (0.14100000000000001 -0.009333333333333334 0.0))
    (0.5271317829457365 (0.14100000000000001 -0.009333333333333334 0.0))
    (0.5281320330082521 (0.14100000000000001 -0.009333333333333334 0.0))
    (0.5291322830707678 (0.14100000000000001 -0.009333333333333334 0.0))
    (0.5301325331332833 (0.14100000000000001 -0.009333333333333334 0.0))
    (0.531132783195799 (0.14100000000000001 -0.009333333333333334 0.0))
    (0.5321330332583146 (0.14100000000000001 -0.009333333333333334 0.0))
    (0.5331332833208302 (0.14100000000000001 -0.009333333333333334 0.0))
    (0.5341335333833459 (0.14100000000000001 -0.009333333333333334 0.0))
    (0.5351337834458615 (0.14100000000000001 -0.009333333333333334 0.0))
    (0.5361340335083772 (0.14100000000000001 -0.009333333333333334 0.0))
    (0.5371342835708928 (0.14100000000000001 -0.009333333333333334 0.0))
    (0.5381345336334085 (0.14100000000000001 -0.009333333333333334 0.0))
    (0.539134783695924 (0.14100000000000001 -0.009333333333333334 0.0))
    (0.5401350337584396 (0.14100000000000001 -0.009333333333333334 0.0))
    (0.5411352838209553 (0.14100000000000001 -0.009333333333333334 0.0))
    (0.5421355338834709 (0.14100000000000001 -0.009333333333333334 0.0))
    (0.5431357839459866 (0.14100000000000001 -0.009333333333333334 0.0))
    (0.5441360340085022 (0.14100000000000001 -0.009333333333333334 0.0))
    (0.5451362840710178 (0.14100000000000001 -0.009333333333333334 0.0))
    (0.5461365341335335 (0.14100000000000001 -0.009333333333333334 0.0))
    (0.547136784196049 (0.14100000000000001 -0.009333333333333334 0.0))
    (0.5481370342585647 (0.14100000000000001 -0.009333333333333334 0.0))
    (0.5491372843210803 (0.14100000000000001 -0.009333333333333334 0.0))
    (0.5501375343835959 (0.14100000000000001 -0.009333333333333334 0.0))
    (0.5511377844461116 (0.14100000000000001 -0.009333333333333334 0.0))
    (0.5521380345086272 (0.14100000000000001 -0.009333333333333334 0.0))
    (0.5531382845711429 (0.14100000000000001 -0.009333333333333334 0.0))
    (0.5541385346336585 (0.14100000000000001 -0.009333333333333334 0.0))
    (0.5551387846961741 (0.14100000000000001 -0.009333333333333334 0.0))
    (0.5561390347586898 (0.14100000000000001 -0.009333333333333334 0.0))
    (0.5571392848212053 (0.14100000000000001 -0.009333333333333334 0.0))
    (0.558139534883721 (0.14100000000000001 -0.009333333333333334 0.0))
    (0.5591397849462366 (0.14100000000000001 -0.009333333333333334 0.0))
    (0.5601400350087522 (0.14100000000000001 -0.009333333333333334 0.0))
    (0.5611402850712679 (0.14100000000000001 -0.009333333333333334 0.0))
    (0.5621405351337835 (0.14100000000000001 -0.009333333333333334 0.0))
    (0.5631407851962992 (0.14100000000000001 -0.009333333333333334 0.0))
    (0.5641410352588148 (0.14100000000000001 -0.009333333333333334 0.0))
    (0.5651412853213303 (0.14100000000000001 -0.009333333333333334 0.0))
    (0.566141535383846 (0.14100000000000001 -0.009333333333333334 0.0))
    (0.5671417854463616 (0.14100000000000001 -0.009333333333333334 0.0))
    (0.5681420355088773 (0.14100000000000001 -0.009333333333333334 0.0))
    (0.5691422855713929 (0.14100000000000001 -0.009333333333333334 0.0))
    (0.5701425356339085 (0.14100000000000001 -0.009333333333333334 0.0))
    (0.5711427856964242 (0.14100000000000001 -0.009333333333333334 0.0))
    (0.5721430357589398 (0.14100000000000001 -0.009333333333333334 0.0))
    (0.5731432858214555 (0.14100000000000001 -0.009333333333333334 0.0))
    (0.574143535883971 (0.14100000000000001 -0.009333333333333334 0.0))
    (0.5751437859464866 (0.14100000000000001 -0.009333333333333334 0.0))
    (0.5761440360090023 (0.14100000000000001 -0.009333333333333334 0.0))
    (0.5771442860715179 (0.14100000000000001 -0.009333333333333334 0.0))
    (0.5781445361340336 (0.14100000000000001 -0.009333333333333334 0.0))
    (0.5791447861965492 (0.14100000000000001 -0.009333333333333334 0.0))
    (0.5801450362590648 (0.14100000000000001 -0.009333333333333334 0.0))
    (0.5811452863215805 (0.14100000000000001 -0.009333333333333334 0.0))
    (0.582145536384096 (0.14100000000000001 -0.009333333333333334 0.0))
    (0.5831457864466117 (0.14100000000000001 -0.009333333333333334 0.0))
    (0.5841460365091273 (0.14100000000000001 -0.009333333333333334 0.0))
    (0.585146286571643 (0.14100000000000001 -0.009333333333333334 0.0))
    (0.5861465366341586 (0.14100000000000001 -0.009333333333333334 0.0))
    (0.5871467866966742 (0.14100000000000001 -0.009333333333333334 0.0))
    (0.5881470367591899 (0.14100000000000001 -0.009333333333333334 0.0))
    (0.5891472868217055 (0.14100000000000001 -0.009333333333333334 0.0))
    (0.5901475368842212 (0.14100000000000001 -0.009333333333333334 0.0))
    (0.5911477869467368 (0.14100000000000001 -0.009333333333333334 0.0))
    (0.5921480370092523 (0.14100000000000001 -0.009333333333333334 0.0))
    (0.593148287071768 (0.14100000000000001 -0.009333333333333334 0.0))
    (0.5941485371342836 (0.14100000000000001 -0.009333333333333334 0.0))
    (0.5951487871967993 (0.14100000000000001 -0.009333333333333334 0.0))
    (0.5961490372593149 (0.14100000000000001 -0.009333333333333334 0.0))
    (0.5971492873218305 (0.14100000000000001 -0.009333333333333334 0.0))
    (0.5981495373843462 (0.14100000000000001 -0.009333333333333334 0.0))
    (0.5991497874468618 (0.14100000000000001 -0.009333333333333334 0.0))
    (0.6001500375093775 (0.14100000000000001 -0.009333333333333334 0.0))
    (0.601150287571893 (0.14100000000000001 -0.009333333333333334 0.0))
    (0.6021505376344086 (0.14100000000000001 -0.009333333333333334 0.0))
    (0.6031507876969243 (0.14100000000000001 -0.009333333333333334 0.0))
    (0.6041510377594399 (0.14100000000000001 -0.009333333333333334 0.0))
    (0.6051512878219556 (0.14100000000000001 -0.009333333333333334 0.0))
    (0.6061515378844712 (0.14100000000000001 -0.009333333333333334 0.0))
    (0.6071517879469868 (0.14100000000000001 -0.009333333333333334 0.0))
    (0.6081520380095025 (0.14100000000000001 -0.009333333333333334 0.0))
    (0.609152288072018 (0.14100000000000001 -0.009333333333333334 0.0))
    (0.6101525381345337 (0.14100000000000001 -0.009333333333333334 0.0))
    (0.6111527881970493 (0.14100000000000001 -0.009333333333333334 0.0))
    (0.6121530382595649 (0.14100000000000001 -0.009333333333333334 0.0))
    (0.6131532883220806 (0.14100000000000001 -0.009333333333333334 0.0))
    (0.6141535383845962 (0.14100000000000001 -0.009333333333333334 0.0))
    (0.6151537884471119 (0.14100000000000001 -0.009333333333333334 0.0))
    (0.6161540385096275 (0.14100000000000001 -0.009333333333333334 0.0))
    (0.617154288572143 (0.14100000000000001 -0.009333333333333334 0.0))
    (0.6181545386346587 (0.14100000000000001 -0.009333333333333334 0.0))
    (0.6191547886971743 (0.14100000000000001 -0.009333333333333334 0.0))
    (0.62015503875969 (0.14100000000000001 -0.009333333333333334 0.0))
    (0.6211552888222056 (0.14100000000000001 -0.009333333333333334 0.0))
    (0.6221555388847212 (0.14100000000000001 -0.009333333333333334 0.0))
    (0.6231557889472369 (0.14100000000000001 -0.009333333333333334 0.0))
    (0.6241560390097525 (0.14100000000000001 -0.009333333333333334 0.0))
    (0.6251562890722682 (0.14100000000000001 -0.009333333333333334 0.0))
    (0.6261565391347838 (0.14100000000000001 -0.009333333333333334 0.0))
    (0.6271567891972993 (0.14100000000000001 -0.009333333333333334 0.0))
    (0.628157039259815 (0.14100000000000001 -0.009333333333333334 0.0))
    (0.6291572893223306 (0.14100000000000001 -0.009333333333333334 0.0))
    (0.6301575393848463 (0.14100000000000001 -0.009333333333333334 0.0))
    (0.6311577894473619 (0.14100000000000001 -0.009333333333333334 0.0))
    (0.6321580395098776 (0.14100000000000001 -0.009333333333333334 0.0))
    (0.6331582895723932 (0.14100000000000001 -0.009333333333333334 0.0))
    (0.6341585396349088 (0.14100000000000001 -0.009333333333333334 0.0))
    (0.6351587896974245 (0.14100000000000001 -0.009333333333333334 0.0))
    (0.63615903975994 (0.14100000000000001 -0.009333333333333334 0.0))
    (0.6371592898224557 (0.14100000000000001 -0.009333333333333334 0.0))
    (0.6381595398849713 (0.14100000000000001 -0.009333333333333334 0.0))
    (0.6391597899474869 (0.14100000000000001 -0.009333333333333334 0.0))
    (0.6401600400100026 (0.14100000000000001 -0.009333333333333334 0.0))
    (0.6411602900725182 (0.14100000000000001 -0.009333333333333334 0.0))
    (0.6421605401350339 (0.14100000000000001 -0.009333333333333334 0.0))
    (0.6431607901975495 (0.14100000000000001 -0.009333333333333334 0.0))
    (0.644161040260065 (0.14100000000000001 -0.009333333333333334 0.0))
    (0.6451612903225807 (0.14100000000000001 -0.009333333333333334 0.0))
    (0.6461615403850963 (0.14100000000000001 -0.009333333333333334 0.0))
    (0.647161790447612 (0.14100000000000001 -0.009333333333333334 0.0))
    (0.6481620405101276 (0.14100000000000001 -0.009333333333333334 0.0))
    (0.6491622905726432 (0.14100000000000001 -0.009333333333333334 0.0))
    (0.6501625406351589 (0.14100000000000001 -0.009333333333333334 0.0))
    (0.6511627906976745 (0.14100000000000001 -0.009333333333333334 0.0))
    (0.6521630407601902 (0.14100000000000001 -0.009333333333333334 0.0))
    (0.6531632908227057 (0.14100000000000001 -0.009333333333333334 0.0))
    (0.6541635408852213 (0.14100000000000001 -0.009333333333333334 0.0))
    (0.655163790947737 (0.14100000000000001 -0.009333333333333334 0.0))
    (0.6561640410102526 (0.14100000000000001 -0.009333333333333334 0.0))
    (0.6571642910727683 (0.14100000000000001 -0.009333333333333334 0.0))
    (0.6581645411352839 (0.14100000000000001 -0.009333333333333334 0.0))
    (0.6591647911977995 (0.14100000000000001 -0.009333333333333334 0.0))
    (0.6601650412603152 (0.14100000000000001 -0.009333333333333334 0.0))
    (0.6611652913228308 (0.14100000000000001 -0.009333333333333334 0.0))
    (0.6621655413853464 (0.14100000000000001 -0.009333333333333334 0.0))
    (0.663165791447862 (0.14100000000000001 -0.009333333333333334 0.0))
    (0.6641660415103776 (0.14100000000000001 -0.009333333333333334 0.0))
    (0.6651662915728933 (0.14100000000000001 -0.009333333333333334 0.0))
    (0.6661665416354089 (0.14100000000000001 -0.009333333333333334 0.0))
    (0.6671667916979246 (0.14100000000000001 -0.009333333333333334 0.0))
    (0.6681670417604402 (0.14100000000000001 -0.009333333333333334 0.0))
    (0.6691672918229558 (0.14100000000000001 -0.009333333333333334 0.0))
    (0.6701675418854715 (0.14100000000000001 -0.009333333333333334 0.0))
    (0.671167791947987 (0.14100000000000001 -0.009333333333333334 0.0))
    (0.6721680420105027 (0.14100000000000001 -0.009333333333333334 0.0))
    (0.6731682920730183 (0.14100000000000001 -0.009333333333333334 0.0))
    (0.6741685421355339 (0.14100000000000001 -0.009333333333333334 0.0))
    (0.6751687921980496 (0.14100000000000001 -0.009333333333333334 0.0))
    (0.6761690422605652 (0.14100000000000001 -0.009333333333333334 0.0))
    (0.6771692923230809 (0.14100000000000001 -0.009333333333333334 0.0))
    (0.6781695423855965 (0.14100000000000001 -0.009333333333333334 0.0))
    (0.6791697924481122 (0.14100000000000001 -0.009333333333333334 0.0))
    (0.6801700425106277 (0.14100000000000001 -0.009333333333333334 0.0))
    (0.6811702925731433 (0.14100000000000001 -0.009333333333333334 0.0))
    (0.682170542635659 (0.14100000000000001 -0.009333333333333334 0.0))
    (0.6831707926981746 (0.14100000000000001 -0.009333333333333334 0.0))
    (0.6841710427606903 (0.14100000000000001 -0.009333333333333334 0.0))
    (0.6851712928232059 (0.14100000000000001 -0.009333333333333334 0.0))
    (0.6861715428857215 (0.14100000000000001 -0.009333333333333334 0.0))
    (0.6871717929482372 (0.14100000000000001 -0.009333333333333334 0.0))
    (0.6881720430107527 (0.14100000000000001 -0.009333333333333334 0.0))
    (0.6891722930732684 (0.14100000000000001 -0.009333333333333334 0.0))
    (0.690172543135784 (0.14100000000000001 -0.009333333333333334 0.0))
    (0.6911727931982996 (0.14100000000000001 -0.009333333333333334 0.0))
    (0.6921730432608153 (0.14100000000000001 -0.009333333333333334 0.0))
    (0.6931732933233309 (0.14100000000000001 -0.009333333333333334 0.0))
    (0.6941735433858466 (0.14100000000000001 -0.009333333333333334 0.0))
    (0.6951737934483622 (0.14100000000000001 -0.009333333333333334 0.0))
    (0.6961740435108777 (0.14100000000000001 -0.009333333333333334 0.0))
    (0.6971742935733934 (0.14100000000000001 -0.009333333333333334 0.0))
    (0.698174543635909 (0.14100000000000001 -0.009333333333333334 0.0))
    (0.6991747936984247 (0.14100000000000001 -0.009333333333333334 0.0))
    (0.7001750437609403 (0.14100000000000001 -0.009333333333333334 0.0))
    (0.7011752938234559 (0.14100000000000001 -0.009333333333333334 0.0))
    (0.7021755438859716 (0.14100000000000001 -0.009333333333333334 0.0))
    (0.7031757939484872 (0.14100000000000001 -0.009333333333333334 0.0))
    (0.7041760440110029 (0.14100000000000001 -0.009333333333333334 0.0))
    (0.7051762940735185 (0.14100000000000001 -0.009333333333333334 0.0))
    (0.706176544136034 (0.14100000000000001 -0.009333333333333334 0.0))
    (0.7071767941985497 (0.14100000000000001 -0.009333333333333334 0.0))
    (0.7081770442610653 (0.14100000000000001 -0.009333333333333334 0.0))
    (0.709177294323581 (0.14100000000000001 -0.009333333333333334 0.0))
    (0.7101775443860966 (0.14100000000000001 -0.009333333333333334 0.0))
    (0.7111777944486122 (0.14100000000000001 -0.009333333333333334 0.0))
    (0.7121780445111279 (0.14100000000000001 -0.009333333333333334 0.0))
    (0.7131782945736435 (0.14100000000000001 -0.009333333333333334 0.0))
    (0.7141785446361592 (0.14100000000000001 -0.009333333333333334 0.0))
    (0.7151787946986747 (0.14100000000000001 -0.009333333333333334 0.0))
    (0.7161790447611903 (0.14100000000000001 -0.009333333333333334 0.0))
    (0.717179294823706 (0.14100000000000001 -0.009333333333333334 0.0))
    (0.7181795448862216 (0.14100000000000001 -0.009333333333333334 0.0))
    (0.7191797949487373 (0.14100000000000001 -0.009333333333333334 0.0))
    (0.7201800450112529 (0.14100000000000001 -0.009333333333333334 0.0))
    (0.7211802950737685 (0.14100000000000001 -0.009333333333333334 0.0))
    (0.7221805451362842 (0.14100000000000001 -0.009333333333333334 0.0))
    (0.7231807951987997 (0.14100000000000001 -0.009333333333333334 0.0))
    (0.7241810452613154 (0.14100000000000001 -0.009333333333333334 0.0))
    (0.725181295323831 (0.14100000000000001 -0.009333333333333334 0.0))
    (0.7261815453863467 (0.14100000000000001 -0.009333333333333334 0.0))
    (0.7271817954488623 (0.14100000000000001 -0.009333333333333334 0.0))
    (0.7281820455113779 (0.14100000000000001 -0.009333333333333334 0.0))
    (0.7291822955738936 (0.14100000000000001 -0.009333333333333334 0.0))
    (0.7301825456364092 (0.14100000000000001 -0.009333333333333334 0.0))
    (0.7311827956989249 (0.14100000000000001 -0.009333333333333334 0.0))
    (0.7321830457614404 (0.14100000000000001 -0.009333333333333334 0.0))
    (0.733183295823956 (0.14100000000000001 -0.009333333333333334 0.0))
    (0.7341835458864717 (0.14100000000000001 -0.009333333333333334 0.0))
    (0.7351837959489873 (0.14100000000000001 -0.009333333333333334 0.0))
    (0.736184046011503 (0.14100000000000001 -0.009333333333333334 0.0))
    (0.7371842960740186 (0.14100000000000001 -0.009333333333333334 0.0))
    (0.7381845461365342 (0.14100000000000001 -0.009333333333333334 0.0))
    (0.7391847961990499 (0.14100000000000001 -0.009333333333333334 0.0))
    (0.7401850462615654 (0.14100000000000001 -0.009333333333333334 0.0))
    (0.7411852963240811 (0.14100000000000001 -0.009333333333333334 0.0))
    (0.7421855463865967 (0.14100000000000001 -0.009333333333333334 0.0))
    (0.7431857964491123 (0.14100000000000001 -0.009333333333333334 0.0))
    (0.744186046511628 (0.14100000000000001 -0.009333333333333334 0.0))
    (0.7451862965741436 (0.14100000000000001 -0.009333333333333334 0.0))
    (0.7461865466366593 (0.14100000000000001 -0.009333333333333334 0.0))
    (0.7471867966991749 (0.14100000000000001 -0.009333333333333334 0.0))
    (0.7481870467616905 (0.14100000000000001 -0.009333333333333334 0.0))
    (0.7491872968242062 (0.14100000000000001 -0.009333333333333334 0.0))
    (0.7501875468867217 (0.14100000000000001 -0.009333333333333334 0.0))
    (0.7511877969492374 (0.14100000000000001 -0.009333333333333334 0.0))
    (0.752188047011753 (0.14100000000000001 -0.009333333333333334 0.0))
    (0.7531882970742686 (0.14100000000000001 -0.009333333333333334 0.0))
    (0.7541885471367843 (0.14100000000000001 -0.009333333333333334 0.0))
    (0.7551887971992999 (0.14100000000000001 -0.009333333333333334 0.0))
    (0.7561890472618156 (0.14100000000000001 -0.009333333333333334 0.0))
    (0.7571892973243312 (0.14100000000000001 -0.009333333333333334 0.0))
    (0.7581895473868467 (0.14100000000000001 -0.009333333333333334 0.0))
    (0.7591897974493624 (0.14100000000000001 -0.009333333333333334 0.0))
    (0.760190047511878 (0.14100000000000001 -0.009333333333333334 0.0))
    (0.7611902975743937 (0.14100000000000001 -0.009333333333333334 0.0))
    (0.7621905476369093 (0.14100000000000001 -0.009333333333333334 0.0))
    (0.7631907976994249 (0.14100000000000001 -0.009333333333333334 0.0))
    (0.7641910477619406 (0.14100000000000001 -0.009333333333333334 0.0))
    (0.7651912978244562 (0.14100000000000001 -0.009333333333333334 0.0))
    (0.7661915478869719 (0.14100000000000001 -0.009333333333333334 0.0))
    (0.7671917979494874 (0.14100000000000001 -0.009333333333333334 0.0))
    (0.768192048012003 (0.14100000000000001 -0.009333333333333334 0.0))
    (0.7691922980745187 (0.14100000000000001 -0.009333333333333334 0.0))
    (0.7701925481370343 (0.14100000000000001 -0.009333333333333334 0.0))
    (0.77119279819955 (0.14100000000000001 -0.009333333333333334 0.0))
    (0.7721930482620656 (0.14100000000000001 -0.009333333333333334 0.0))
    (0.7731932983245813 (0.14100000000000001 -0.009333333333333334 0.0))
    (0.7741935483870969 (0.14100000000000001 -0.009333333333333334 0.0))
    (0.7751937984496124 (0.14100000000000001 -0.009333333333333334 0.0))
    (0.7761940485121281 (0.14100000000000001 -0.009333333333333334 0.0))
    (0.7771942985746437 (0.14100000000000001 -0.009333333333333334 0.0))
    (0.7781945486371594 (0.14100000000000001 -0.009333333333333334 0.0))
    (0.779194798699675 (0.14100000000000001 -0.009333333333333334 0.0))
    (0.7801950487621906 (0.14100000000000001 -0.009333333333333334 0.0))
    (0.7811952988247063 (0.14100000000000001 -0.009333333333333334 0.0))
    (0.7821955488872219 (0.14100000000000001 -0.009333333333333334 0.0))
    (0.7831957989497376 (0.14100000000000001 -0.009333333333333334 0.0))
    (0.7841960490122531 (0.14100000000000001 -0.009333333333333334 0.0))
    (0.7851962990747687 (0.14100000000000001 -0.009333333333333334 0.0))
    (0.7861965491372844 (0.14100000000000001 -0.009333333333333334 0.0))
    (0.7871967991998 (0.14100000000000001 -0.009333333333333334 0.0))
    (0.7881970492623157 (0.14100000000000001 -0.009333333333333334 0.0))
    (0.7891972993248313 (0.14100000000000001 -0.009333333333333334 0.0))
    (0.7901975493873469 (0.14100000000000001 -0.009333333333333334 0.0))
    (0.7911977994498626 (0.14100000000000001 -0.009333333333333334 0.0))
    (0.7921980495123782 (0.14100000000000001 -0.009333333333333334 0.0))
    (0.7931982995748939 (0.14100000000000001 -0.009333333333333334 0.0))
    (0.7941985496374094 (0.14100000000000001 -0.009333333333333334 0.0))
    (0.795198799699925 (0.14100000000000001 -0.009333333333333334 0.0))
    (0.7961990497624407 (0.14100000000000001 -0.009333333333333334 0.0))
    (0.7971992998249563 (0.14100000000000001 -0.009333333333333334 0.0))
    (0.798199549887472 (0.14100000000000001 -0.009333333333333334 0.0))
    (0.7991997999499876 (0.14100000000000001 -0.009333333333333334 0.0))
    (0.8002000500125032 (0.14100000000000001 -0.009333333333333334 0.0))
    (0.8012003000750189 (0.14100000000000001 -0.009333333333333334 0.0))
    (0.8022005501375344 (0.14100000000000001 -0.009387227027213377 0.0))
    (0.8032008002000501 (0.14100000000000001 -0.009457051139738968 0.0))
    (0.8042010502625657 (0.14100000000000001 -0.009526861678426897 0.0))
    (0.8052013003250813 (0.14100000000000001 -0.00959665098393575 0.0))
    (0.806201550387597 (0.14100000000000001 -0.00966641139925375 0.0))
    (0.8072018004501126 (0.14100000000000001 -0.0097361352705388 0.0))
    (0.8082020505126283 (0.14100000000000001 -0.009805814947958307 0.0))
    (0.8092023005751439 (0.14100000000000001 -0.009875442786528427 0.0))
    (0.8102025506376594 (0.14100000000000001 -0.009945011146952914 0.0))
    (0.8112028007001751 (0.14100000000000001 -0.010014512396461192 0.0))
    (0.8122030507626907 (0.14100000000000001 -0.010083938909645852 0.0))
    (0.8132033008252064 (0.14100000000000001 -0.010153283069299284 0.0))
    (0.814203550887722 (0.14100000000000001 -0.010222537267249357 0.0))
    (0.8152038009502377 (0.14100000000000001 -0.010291693905194191 0.0))
    (0.8162040510127533 (0.14100000000000001 -0.010360745395535824 0.0))
    (0.8172043010752689 (0.14100000000000001 -0.010429684162212693 0.0))
    (0.8182045511377846 (0.14100000000000001 -0.010498502641530807 0.0))
    (0.8192048012003001 (0.14100000000000001 -0.010567193282993655 0.0))
    (0.8202050512628158 (0.14100000000000001 -0.010635748550130612 0.0))
    (0.8212053013253314 (0.14100000000000001 -0.010704160921323773 0.0))
    (0.822205551387847 (0.14100000000000001 -0.010772422890633217 0.0))
    (0.8232058014503627 (0.14100000000000001 -0.010840526968620583 0.0))
    (0.8242060515128783 (0.14100000000000001 -0.010908465683170682 0.0))
    (0.825206301575394 (0.14100000000000001 -0.010976231580311382 0.0))
    (0.8262065516379096 (0.14100000000000001 -0.01104381722503138 0.0))
    (0.8272068017004252 (0.14100000000000001 -0.011111215202096028 0.0))
    (0.8282070517629408 (0.14100000000000001 -0.011178418116860793 0.0))
    (0.8292073018254564 (0.14100000000000001 -0.011245418596082616 0.0))
    (0.8302075518879721 (0.14100000000000001 -0.011312209288728935 0.0))
    (0.8312078019504877 (0.14100000000000001 -0.011378782866784105 0.0))
    (0.8322080520130033 (0.14100000000000001 -0.011445132026053455 0.0))
    (0.833208302075519 (0.14100000000000001 -0.011511249486964716 0.0))
    (0.8342085521380346 (0.14100000000000001 -0.011577127995366619 0.0))
    (0.8352088022005503 (0.14100000000000001 -0.011642760323324852 0.0))
    (0.8362090522630659 (0.14100000000000001 -0.011708139269915048 0.0))
    (0.8372093023255814 (0.14100000000000001 -0.011773257662012912 0.0))
    (0.8382095523880971 (0.14100000000000001 -0.01183810835508113 0.0))
    (0.8392098024506127 (0.14100000000000001 -0.011902684233953279 0.0))
    (0.8402100525131284 (0.14100000000000001 -0.01196697821361454 0.0))
    (0.841210302575644 (0.14100000000000001 -0.012030983239978931 0.0))
    (0.8422105526381596 (0.14100000000000001 -0.0120946922906633 0.0))
    (0.8432108027006753 (0.14100000000000001 -0.012158098375757853 0.0))
    (0.8442110527631909 (0.14100000000000001 -0.01222119453859295 0.0))
    (0.8452113028257066 (0.14100000000000001 -0.01228397385650244 0.0))
    (0.8462115528882221 (0.14100000000000001 -0.012346429441583151 0.0))
    (0.8472118029507377 (0.14100000000000001 -0.012408554441450666 0.0))
    (0.8482120530132534 (0.14100000000000001 -0.012470342039991051 0.0))
    (0.849212303075769 (0.14100000000000001 -0.012531785458108732 0.0))
    (0.8502125531382847 (0.14100000000000001 -0.012592877954470325 0.0))
    (0.8512128032008003 (0.14100000000000001 -0.012653612826244172 0.0))
    (0.8522130532633159 (0.14100000000000001 -0.012713983409835799 0.0))
    (0.8532133033258316 (0.14100000000000001 -0.01277398308161906 0.0))
    (0.8542135533883471 (0.14100000000000001 -0.012833605258662773 0.0))
    (0.8552138034508628 (0.14100000000000001 -0.012892843399453024 0.0))
    (0.8562140535133784 (0.14100000000000001 -0.012951691004610853 0.0))
    (0.857214303575894 (0.14100000000000001 -0.0130101416176054 0.0))
    (0.8582145536384097 (0.14100000000000001 -0.013068188825462203 0.0))
    (0.8592148037009253 (0.14100000000000001 -0.013125826259466837 0.0))
    (0.860215053763441 (0.14100000000000001 -0.01318304759586373 0.0))
    (0.8612153038259566 (0.14100000000000001 -0.013239846556549872 0.0))
    (0.8622155538884723 (0.14100000000000001 -0.013296216909763695 0.0))
    (0.8632158039509878 (0.14100000000000001 -0.013352152470768767 0.0))
    (0.8642160540135034 (0.14100000000000001 -0.01340764710253241 0.0))
    (0.8652163040760191 (0.14100000000000001 -0.013462694716398948 0.0))
    (0.8662165541385347 (0.14100000000000001 -0.01351728927275778 0.0))
    (0.8672168042010504 (0.14100000000000001 -0.013571424781706051 0.0))
    (0.868217054263566 (0.14100000000000001 -0.013625095303705769 0.0))
    (0.8692173043260816 (0.14100000000000001 -0.013678294950235509 0.0))
    (0.8702175543885973 (0.14100000000000001 -0.013731017884436508 0.0))
    (0.8712178044511129 (0.14100000000000001 -0.013783258321752999 0.0))
    (0.8722180545136285 (0.14100000000000001 -0.013835010530566905 0.0))
    (0.8732183045761441 (0.14100000000000001 -0.013886268832826678 0.0))
    (0.8742185546386597 (0.14100000000000001 -0.013937027604670318 0.0))
    (0.8752188047011754 (0.14100000000000001 -0.01398728127704233 0.0))
    (0.876219054763691 (0.14100000000000001 -0.014037024336304767 0.0))
    (0.8772193048262067 (0.14100000000000001 -0.01408625132484221 0.0))
    (0.8782195548887223 (0.14100000000000001 -0.014134956841660481 0.0))
    (0.8792198049512379 (0.14100000000000001 -0.014183135542979257 0.0))
    (0.8802200550137536 (0.14100000000000001 -0.0142307821428184 0.0))
    (0.8812203050762691 (0.14100000000000001 -0.01427789141357785 0.0))
    (0.8822205551387848 (0.14100000000000001 -0.014324458186611218 0.0))
    (0.8832208052013004 (0.14100000000000001 -0.01437047735279285 0.0))
    (0.884221055263816 (0.14100000000000001 -0.014415943863078422 0.0))
    (0.8852213053263317 (0.14100000000000001 -0.01446085272905884 0.0))
    (0.8862215553888473 (0.14100000000000001 -0.014505199023507585 0.0))
    (0.887221805451363 (0.14100000000000001 -0.014548977880921316 0.0))
    (0.8882220555138786 (0.14100000000000001 -0.014592184498053674 0.0))
    (0.8892223055763941 (0.14100000000000001 -0.014634814134442273 0.0))
    (0.8902225556389098 (0.14100000000000001 -0.014676862112928835 0.0))
    (0.8912228057014254 (0.14100000000000001 -0.01471832382017232 0.0))
    (0.8922230557639411 (0.14100000000000001 -0.014759194707155091 0.0))
    (0.8932233058264567 (0.14100000000000001 -0.014799470289682017 0.0))
    (0.8942235558889723 (0.14100000000000001 -0.01483914614887247 0.0))
    (0.895223805951488 (0.14100000000000001 -0.014878217931645137 0.0))
    (0.8962240560140036 (0.14100000000000001 -0.014916681351195615 0.0))
    (0.8972243060765193 (0.14100000000000001 -0.01495453218746677 0.0))
    (0.8982245561390348 (0.14100000000000001 -0.014991766287611716 0.0))
    (0.8992248062015504 (0.14100000000000001 -0.015028379566449462 0.0))
    (0.9002250562640661 (0.14100000000000001 -0.015064368006913135 0.0))
    (0.9012253063265817 (0.14100000000000001 -0.015099727660490685 0.0))
    (0.9022255563890974 (0.14100000000000001 -0.015134454647658134 0.0))
    (0.903225806451613 (0.14100000000000001 -0.015168545158305194 0.0))
    (0.9042260565141286 (0.14100000000000001 -0.015201995452153332 0.0))
    (0.9052263065766443 (0.14100000000000001 -0.015234801859166092 0.0))
    (0.9062265566391599 (0.14100000000000001 -0.0152669607799518 0.0))
    (0.9072268067016755 (0.14100000000000001 -0.01529846868615846 0.0))
    (0.9082270567641911 (0.14100000000000001 -0.01532932212086086 0.0))
    (0.9092273068267068 (0.14100000000000001 -0.015359517698939864 0.0))
    (0.9102275568892224 (0.14100000000000001 -0.015389052107453812 0.0))
    (0.911227806951738 (0.14100000000000001 -0.015417922106002012 0.0))
    (0.9122280570142537 (0.14100000000000001 -0.015446124527080244 0.0))
    (0.9132283070767693 (0.14100000000000001 -0.015473656276428296 0.0))
    (0.914228557139285 (0.14100000000000001 -0.015500514333369474 0.0))
    (0.9152288072018006 (0.14100000000000001 -0.015526695751141982 0.0))
    (0.9162290572643161 (0.14100000000000001 -0.015552197657222247 0.0))
    (0.9172293073268318 (0.14100000000000001 -0.015577017253640104 0.0))
    (0.9182295573893474 (0.14100000000000001 -0.015601151817285736 0.0))
    (0.9192298074518631 (0.14100000000000001 -0.015624598700208468 0.0))
    (0.9202300575143787 (0.14100000000000001 -0.01564735532990728 0.0))
    (0.9212303075768943 (0.14100000000000001 -0.01566941920961308 0.0))
    (0.92223055763941 (0.14100000000000001 -0.015690787918562592 0.0))
    (0.9232308077019256 (0.14100000000000001 -0.015711459112263987 0.0))
    (0.9242310577644413 (0.14100000000000001 -0.01573143052275411 0.0))
    (0.9252313078269568 (0.14100000000000001 -0.015750699958847293 0.0))
    (0.9262315578894724 (0.14100000000000001 -0.015769265306375773 0.0))
    (0.9272318079519881 (0.14100000000000001 -0.01578712452842167 0.0))
    (0.9282320580145037 (0.14100000000000001 -0.01580427566554044 0.0))
    (0.9292323080770194 (0.14100000000000001 -0.01582071683597586 0.0))
    (0.930232558139535 (0.14100000000000001 -0.015836446235866514 0.0))
    (0.9312328082020506 (0.14100000000000001 -0.015851462139443682 0.0))
    (0.9322330582645663 (0.14100000000000001 -0.01586576289922069 0.0))
    (0.9332333083270818 (0.14100000000000001 -0.01587934694617366 0.0))
    (0.9342335583895975 (0.14100000000000001 -0.01589221278991368 0.0))
    (0.9352338084521131 (0.14100000000000001 -0.015904359018850293 0.0))
    (0.9362340585146287 (0.14100000000000001 -0.01591578430034639 0.0))
    (0.9372343085771444 (0.14100000000000001 -0.015926487380864426 0.0))
    (0.93823455863966 (0.14100000000000001 -0.015936467086103932 0.0))
    (0.9392348087021757 (0.14100000000000001 -0.015945722321130378 0.0))
    (0.9402350587646913 (0.14100000000000001 -0.015954252070495285 0.0))
    (0.9412353088272069 (0.14100000000000001 -0.015962055398347656 0.0))
    (0.9422355588897225 (0.14100000000000001 -0.015969131448536632 0.0))
    (0.9432358089522381 (0.14100000000000001 -0.01597547944470545 0.0))
    (0.9442360590147538 (0.14100000000000001 -0.0159810986903766 0.0))
    (0.9452363090772694 (0.14100000000000001 -0.01598598856902825 0.0))
    (0.946236559139785 (0.14100000000000001 -0.015990148544161892 0.0))
    (0.9472368092023007 (0.14100000000000001 -0.015993578159361196 0.0))
    (0.9482370592648163 (0.14100000000000001 -0.015996277038342086 0.0))
    (0.949237309327332 (0.14100000000000001 -0.015998244884994038 0.0))
    (0.9502375593898476 (0.14100000000000001 -0.01599948148341255 0.0))
    (0.9512378094523631 (0.14100000000000001 -0.015999986697922845 0.0))
    (0.9522380595148788 (0.14100000000000001 -0.015999760473094742 0.0))
    (0.9532383095773944 (0.14100000000000001 -0.015998802833748757 0.0))
    (0.9542385596399101 (0.14100000000000001 -0.01599711388495336 0.0))
    (0.9552388097024257 (0.14100000000000001 -0.015994693812013457 0.0))
    (0.9562390597649414 (0.14100000000000001 -0.015991542880450065 0.0))
    (0.957239309827457 (0.14100000000000001 -0.01598766143597117 0.0))
    (0.9582395598899726 (0.14100000000000001 -0.01598304990443379 0.0))
    (0.9592398099524883 (0.14100000000000001 -0.01597770879179728 0.0))
    (0.9602400600150038 (0.14100000000000001 -0.015971638684067792 0.0))
    (0.9612403100775195 (0.14100000000000001 -0.015964840247233984 0.0))
    (0.9622405601400351 (0.14100000000000001 -0.015957314227193976 0.0))
    (0.9632408102025507 (0.14100000000000001 -0.01594906144967348 0.0))
    (0.9642410602650664 (0.14100000000000001 -0.015940082820135214 0.0))
    (0.965241310327582 (0.14100000000000001 -0.01593037932367958 0.0))
    (0.9662415603900977 (0.14100000000000001 -0.015919952024936557 0.0))
    (0.9672418104526133 (0.14100000000000001 -0.0159088020679489 0.0))
    (0.9682420605151288 (0.14100000000000001 -0.015896930676046618 0.0))
    (0.9692423105776445 (0.14100000000000001 -0.01588433915171277 0.0))
    (0.9702425606401601 (0.14100000000000001 -0.015871028876440558 0.0))
    (0.9712428107026758 (0.14100000000000001 -0.015857001310581716 0.0))
    (0.9722430607651914 (0.14100000000000001 -0.01584225799318635 0.0))
    (0.973243310827707 (0.14100000000000001 -0.01582680054183404 0.0))
    (0.9742435608902227 (0.14100000000000001 -0.01581063065245636 0.0))
    (0.9752438109527383 (0.14100000000000001 -0.015793750099150832 0.0))
    (0.976244061015254 (0.14100000000000001 -0.015776160733986258 0.0))
    (0.9772443110777695 (0.14100000000000001 -0.01575786448679954 0.0))
    (0.9782445611402851 (0.14100000000000001 -0.015738863364983917 0.0))
    (0.9792448112028008 (0.14100000000000001 -0.015719159453268745 0.0))
    (0.9802450612653164 (0.14100000000000001 -0.015698754913490768 0.0))
    (0.9812453113278321 (0.14100000000000001 -0.015677651984356902 0.0))
    (0.9822455613903477 (0.14100000000000001 -0.015655852981198648 0.0))
    (0.9832458114528633 (0.14100000000000001 -0.01563336029571806 0.0))
    (0.984246061515379 (0.14100000000000001 -0.01561017639572529 0.0))
    (0.9852463115778946 (0.14100000000000001 -0.015586303824867889 0.0))
    (0.9862465616404102 (0.14100000000000001 -0.015561745202351707 0.0))
    (0.9872468117029258 (0.14100000000000001 -0.015536503222653507 0.0))
    (0.9882470617654414 (0.14100000000000001 -0.015510580655225346 0.0))
    (0.9892473118279571 (0.14100000000000001 -0.015483980344190747 0.0))
    (0.9902475618904727 (0.14100000000000001 -0.015456705208032617 0.0))
    (0.9912478119529884 (0.14100000000000001 -0.015428758239273047 0.0))
    (0.992248062015504 (0.14100000000000001 -0.01540014250414502 0.0))
    (0.9932483120780196 (0.14100000000000001 -0.015370861142255953 0.0))
    (0.9942485621405353 (0.14100000000000001 -0.01534091736624324 0.0))
    (0.9952488122030508 (0.14100000000000001 -0.015310314461421805 0.0))
    (0.9962490622655665 (0.14100000000000001 -0.015279055785423611 0.0))
    (0.9972493123280821 (0.14100000000000001 -0.015247144767829308 0.0))
    (0.9982495623905977 (0.14100000000000001 -0.015214584909791903 0.0))
    (0.9992498124531134 (0.14100000000000001 -0.01518137978365268 0.0))
    (1.000250062515629 (0.14100000000000001 -0.015147533032549246 0.0))
    (1.0012503125781447 (0.14100000000000001 -0.015113048370015782 0.0))
    (1.0022505626406604 (0.14100000000000001 -0.015077929579575648 0.0))
    (1.0032508127031758 (0.14100000000000001 -0.015042180514326278 0.0))
    (1.0042510627656915 (0.14100000000000001 -0.015005805096516374 0.0))
    (1.0052513128282072 (0.14100000000000001 -0.014968807317115628 0.0))
    (1.0062515628907227 (0.14100000000000001 -0.014931191235376853 0.0))
    (1.0072518129532384 (0.14100000000000001 -0.014892960978390556 0.0))
    (1.008252063015754 (0.14100000000000001 -0.01485412074063219 0.0))
    (1.0092523130782696 (0.14100000000000001 -0.014814674783501944 0.0))
    (1.0102525631407853 (0.14100000000000001 -0.014774627434857156 0.0))
    (1.011252813203301 (0.14100000000000001 -0.014733983088537517 0.0))
    (1.0122530632658167 (0.14100000000000001 -0.01469274620388301 0.0))
    (1.0132533133283321 (0.14100000000000001 -0.014650921305244608 0.0))
    (1.0142535633908478 (0.14100000000000001 -0.01460851298148787 0.0))
    (1.0152538134533635 (0.14100000000000001 -0.014565525885489547 0.0))
    (1.016254063515879 (0.14100000000000001 -0.014521964733626998 0.0))
    (1.0172543135783947 (0.14100000000000001 -0.014477834305260772 0.0))
    (1.0182545636409104 (0.14100000000000001 -0.014433139442210231 0.0))
    (1.0192548137034259 (0.14100000000000001 -0.014387885048222322 0.0))
    (1.0202550637659416 (0.14100000000000001 -0.014342076088433544 0.0))
    (1.0212553138284572 (0.14100000000000001 -0.01429571758882522 0.0))
    (1.022255563890973 (0.14100000000000001 -0.014248814635672027 0.0))
    (1.0232558139534884 (0.14100000000000001 -0.014201372374984013 0.0))
    (1.024256064016004 (0.14100000000000001 -0.014153396011941903 0.0))
    (1.0252563140785198 (0.14100000000000001 -0.01410489081032609 0.0))
    (1.0262565641410353 (0.14100000000000001 -0.014055862091939098 0.0))
    (1.027256814203551 (0.14100000000000001 -0.014006315236021635 0.0))
    (1.0282570642660667 (0.14100000000000001 -0.013956255678662495 0.0))
    (1.0292573143285824 (0.14100000000000001 -0.013905688912202058 0.0))
    (1.0302575643910978 (0.14100000000000001 -0.013854620484629723 0.0))
    (1.0312578144536135 (0.14100000000000001 -0.013803055998975203 0.0))
    (1.0322580645161292 (0.14100000000000001 -0.013751001112693777 0.0))
    (1.0332583145786447 (0.14100000000000001 -0.013698461537045575 0.0))
    (1.0342585646411604 (0.14100000000000001 -0.013645443036468969 0.0))
    (1.035258814703676 (0.14100000000000001 -0.013591951427948114 0.0))
    (1.0362590647661916 (0.14100000000000001 -0.013537992580374731 0.0))
    (1.0372593148287073 (0.14100000000000001 -0.013483572413904198 0.0))
    (1.038259564891223 (0.14100000000000001 -0.013428696899306005 0.0))
    (1.0392598149537386 (0.14100000000000001 -0.013373372057308694 0.0))
    (1.0402600650162541 (0.14100000000000001 -0.013317603957939255 0.0))
    (1.0412603150787698 (0.14100000000000001 -0.01326139871985712 0.0))
    (1.0422605651412855 (0.14100000000000001 -0.013204762509682949 0.0))
    (1.043260815203801 (0.14100000000000001 -0.013147701541321954 0.0))
    (1.0442610652663167 (0.14100000000000001 -0.013090222075282138 0.0))
    (1.0452613153288324 (0.14100000000000001 -0.013032330417987507 0.0))
    (1.0462615653913478 (0.14100000000000001 -0.012974032921086062 0.0))
    (1.0472618154538635 (0.14100000000000001 -0.012915335980752918 0.0))
    (1.0482620655163792 (0.14100000000000001 -0.012856246036988636 0.0))
    (1.049262315578895 (0.14100000000000001 -0.01279676957291254 0.0))
    (1.0502625656414104 (0.14100000000000001 -0.012736913114051507 0.0))
    (1.051262815703926 (0.14100000000000001 -0.012676683227623912 0.0))
    (1.0522630657664418 (0.14100000000000001 -0.012616086521819182 0.0))
    (1.0532633158289573 (0.14100000000000001 -0.012555129645072775 0.0))
    (1.054263565891473 (0.14100000000000001 -0.012493819285336645 0.0))
    (1.0552638159539887 (0.14100000000000001 -0.012432162169345555 0.0))
    (1.0562640660165041 (0.14100000000000001 -0.012370165061879056 0.0))
    (1.0572643160790198 (0.14100000000000001 -0.012307834765019178 0.0))
    (1.0582645661415355 (0.14100000000000001 -0.012245178117404233 0.0))
    (1.0592648162040512 (0.14100000000000001 -0.012182201993478487 0.0))
    (1.0602650662665667 (0.14100000000000001 -0.01211891330273789 0.0))
    (1.0612653163290824 (0.14100000000000001 -0.01205531898897198 0.0))
    (1.062265566391598 (0.14100000000000001 -0.011991426029502126 0.0))
    (1.0632658164541136 (0.14100000000000001 -0.011927241434415918 0.0))
    (1.0642660665166292 (0.14100000000000001 -0.011862772245798039 0.0))
    (1.065266316579145 (0.14100000000000001 -0.011798025536957735 0.0))
    (1.0662665666416604 (0.14100000000000001 -0.011733008411652661 0.0))
    (1.0672668167041761 (0.14100000000000001 -0.011667728003309487 0.0))
    (1.0682670667666918 (0.14100000000000001 -0.01160219147424134 0.0))
    (1.0692673168292075 (0.14100000000000001 -0.011536406014861863 0.0))
    (1.070267566891723 (0.14100000000000001 -0.011470378842896424 0.0))
    (1.0712678169542387 (0.14100000000000001 -0.011404117202590092 0.0))
    (1.0722680670167544 (0.14100000000000001 -0.011337628363912923 0.0))
    (1.0732683170792698 (0.14100000000000001 -0.011270919621762335 0.0))
    (1.0742685671417855 (0.14100000000000001 -0.011203998295162628 0.0))
    (1.0752688172043012 (0.14100000000000001 -0.011136871726462085 0.0))
    (1.076269067266817 (0.14100000000000001 -0.011069547280527368 0.0))
    (1.0772693173293324 (0.14100000000000001 -0.011002032343935448 0.0))
    (1.078269567391848 (0.14100000000000001 -0.010934334324163152 0.0))
    (1.0792698174543638 (0.14100000000000001 -0.010866460648774555 0.0))
    (1.0802700675168793 (0.14100000000000001 -0.010798418764605949 0.0))
    (1.081270317579395 (0.14100000000000001 -0.010730216136948804 0.0))
    (1.0822705676419107 (0.14100000000000001 -0.010661860248730816 0.0))
    (1.0832708177044261 (0.14100000000000001 -0.010593358599694794 0.0))
    (1.0842710677669418 (0.14100000000000001 -0.01052471870557583 0.0))
    (1.0852713178294575 (0.14100000000000001 -0.010455948097276794 0.0))
    (1.0862715678919732 (0.14100000000000001 -0.010387054320041954 0.0))
    (1.0872718179544887 (0.14100000000000001 -0.010318044932629255 0.0))
    (1.0882720680170044 (0.14100000000000001 -0.010248927506480867 0.0))
    (1.08927231807952 (0.14100000000000001 -0.010179709624892591 0.0))
    (1.0902725681420355 (0.14100000000000001 -0.010110398882181843 0.0))
    (1.0912728182045512 (0.14100000000000001 -0.010041002882854328 0.0))
    (1.092273068267067 (0.14100000000000001 -0.009971529240769814 0.0))
    (1.0932733183295824 (0.14100000000000001 -0.009901985578306766 0.0))
    (1.094273568392098 (0.14100000000000001 -0.009832379525525943 0.0))
    (1.0952738184546138 (0.14100000000000001 -0.00976271871933336 0.0))
    (1.0962740685171295 (0.14100000000000001 -0.009693010802642392 0.0))
    (1.097274318579645 (0.14100000000000001 -0.009623263423535167 0.0))
    (1.0982745686421607 (0.14100000000000001 -0.009553484234423443 0.0))
    (1.0992748187046764 (0.14100000000000001 -0.009483680891209122 0.0))
    (1.1002750687671918 (0.14100000000000001 -0.009413861052444157 0.0))
    (1.1012753188297075 (0.14100000000000001 -0.009344032378490304 0.0))
    (1.1022755688922232 (0.14100000000000001 -0.009333333333333334 0.0))
    (1.1032758189547387 (0.14100000000000001 -0.009333333333333334 0.0))
    (1.1042760690172544 (0.14100000000000001 -0.009333333333333334 0.0))
    (1.10527631907977 (0.14100000000000001 -0.009333333333333334 0.0))
    (1.1062765691422858 (0.14100000000000001 -0.009333333333333334 0.0))
    (1.1072768192048013 (0.14100000000000001 -0.009333333333333334 0.0))
    (1.108277069267317 (0.14100000000000001 -0.009333333333333334 0.0))
    (1.1092773193298326 (0.14100000000000001 -0.009333333333333334 0.0))
    (1.1102775693923481 (0.14100000000000001 -0.009333333333333334 0.0))
    (1.1112778194548638 (0.14100000000000001 -0.009333333333333334 0.0))
    (1.1122780695173795 (0.14100000000000001 -0.009333333333333334 0.0))
    (1.113278319579895 (0.14100000000000001 -0.009333333333333334 0.0))
    (1.1142785696424107 (0.14100000000000001 -0.009333333333333334 0.0))
    (1.1152788197049264 (0.14100000000000001 -0.009333333333333334 0.0))
    (1.116279069767442 (0.14100000000000001 -0.009333333333333334 0.0))
    (1.1172793198299575 (0.14100000000000001 -0.009333333333333334 0.0))
    (1.1182795698924732 (0.14100000000000001 -0.009333333333333334 0.0))
    (1.119279819954989 (0.14100000000000001 -0.009333333333333334 0.0))
    (1.1202800700175044 (0.14100000000000001 -0.009333333333333334 0.0))
    (1.12128032008002 (0.14100000000000001 -0.009333333333333334 0.0))
    (1.1222805701425358 (0.14100000000000001 -0.009333333333333334 0.0))
    (1.1232808202050515 (0.14100000000000001 -0.009333333333333334 0.0))
    (1.124281070267567 (0.14100000000000001 -0.009333333333333334 0.0))
    (1.1252813203300827 (0.14100000000000001 -0.009333333333333334 0.0))
    (1.1262815703925984 (0.14100000000000001 -0.009333333333333334 0.0))
    (1.1272818204551138 (0.14100000000000001 -0.009333333333333334 0.0))
    (1.1282820705176295 (0.14100000000000001 -0.009333333333333334 0.0))
    (1.1292823205801452 (0.14100000000000001 -0.009333333333333334 0.0))
    (1.1302825706426607 (0.14100000000000001 -0.009333333333333334 0.0))
    (1.1312828207051764 (0.14100000000000001 -0.009333333333333334 0.0))
    (1.132283070767692 (0.14100000000000001 -0.009333333333333334 0.0))
    (1.1332833208302078 (0.14100000000000001 -0.009333333333333334 0.0))
    (1.1342835708927232 (0.14100000000000001 -0.009333333333333334 0.0))
    (1.135283820955239 (0.14100000000000001 -0.009333333333333334 0.0))
    (1.1362840710177546 (0.14100000000000001 -0.009333333333333334 0.0))
    (1.13728432108027 (0.14100000000000001 -0.009333333333333334 0.0))
    (1.1382845711427858 (0.14100000000000001 -0.009333333333333334 0.0))
    (1.1392848212053015 (0.14100000000000001 -0.009333333333333334 0.0))
    (1.140285071267817 (0.14100000000000001 -0.009333333333333334 0.0))
    (1.1412853213303327 (0.14100000000000001 -0.009333333333333334 0.0))
    (1.1422855713928484 (0.14100000000000001 -0.009333333333333334 0.0))
    (1.143285821455364 (0.14100000000000001 -0.009333333333333334 0.0))
    (1.1442860715178795 (0.14100000000000001 -0.009333333333333334 0.0))
    (1.1452863215803952 (0.14100000000000001 -0.009333333333333334 0.0))
    (1.146286571642911 (0.14100000000000001 -0.009333333333333334 0.0))
    (1.1472868217054264 (0.14100000000000001 -0.009333333333333334 0.0))
    (1.148287071767942 (0.14100000000000001 -0.009333333333333334 0.0))
    (1.1492873218304578 (0.14100000000000001 -0.009333333333333334 0.0))
    (1.1502875718929733 (0.14100000000000001 -0.009333333333333334 0.0))
    (1.151287821955489 (0.14100000000000001 -0.009333333333333334 0.0))
    (1.1522880720180046 (0.14100000000000001 -0.009333333333333334 0.0))
    (1.1532883220805203 (0.14100000000000001 -0.009333333333333334 0.0))
    (1.1542885721430358 (0.14100000000000001 -0.009333333333333334 0.0))
    (1.1552888222055515 (0.14100000000000001 -0.009333333333333334 0.0))
    (1.1562890722680672 (0.14100000000000001 -0.009333333333333334 0.0))
    (1.1572893223305827 (0.14100000000000001 -0.009333333333333334 0.0))
    (1.1582895723930984 (0.14100000000000001 -0.009333333333333334 0.0))
    (1.159289822455614 (0.14100000000000001 -0.009333333333333334 0.0))
    (1.1602900725181295 (0.14100000000000001 -0.009333333333333334 0.0))
    (1.1612903225806452 (0.14100000000000001 -0.009333333333333334 0.0))
    (1.162290572643161 (0.14100000000000001 -0.009333333333333334 0.0))
    (1.1632908227056766 (0.14100000000000001 -0.009333333333333334 0.0))
    (1.164291072768192 (0.14100000000000001 -0.009333333333333334 0.0))
    (1.1652913228307078 (0.14100000000000001 -0.009333333333333334 0.0))
    (1.1662915728932235 (0.14100000000000001 -0.009333333333333334 0.0))
    (1.167291822955739 (0.14100000000000001 -0.009333333333333334 0.0))
    (1.1682920730182547 (0.14100000000000001 -0.009333333333333334 0.0))
    (1.1692923230807704 (0.14100000000000001 -0.009333333333333334 0.0))
    (1.170292573143286 (0.14100000000000001 -0.009333333333333334 0.0))
    (1.1712928232058015 (0.14100000000000001 -0.009333333333333334 0.0))
    (1.1722930732683172 (0.14100000000000001 -0.009333333333333334 0.0))
    (1.173293323330833 (0.14100000000000001 -0.009333333333333334 0.0))
    (1.1742935733933484 (0.14100000000000001 -0.009333333333333334 0.0))
    (1.175293823455864 (0.14100000000000001 -0.009333333333333334 0.0))
    (1.1762940735183798 (0.14100000000000001 -0.009333333333333334 0.0))
    (1.1772943235808953 (0.14100000000000001 -0.009333333333333334 0.0))
    (1.178294573643411 (0.14100000000000001 -0.009333333333333334 0.0))
    (1.1792948237059266 (0.14100000000000001 -0.009333333333333334 0.0))
    (1.1802950737684423 (0.14100000000000001 -0.009333333333333334 0.0))
    (1.1812953238309578 (0.14100000000000001 -0.009333333333333334 0.0))
    (1.1822955738934735 (0.14100000000000001 -0.009333333333333334 0.0))
    (1.1832958239559892 (0.14100000000000001 -0.009333333333333334 0.0))
    (1.1842960740185047 (0.14100000000000001 -0.009333333333333334 0.0))
    (1.1852963240810204 (0.14100000000000001 -0.009333333333333334 0.0))
    (1.186296574143536 (0.14100000000000001 -0.009333333333333334 0.0))
    (1.1872968242060515 (0.14100000000000001 -0.009333333333333334 0.0))
    (1.1882970742685672 (0.14100000000000001 -0.009333333333333334 0.0))
    (1.189297324331083 (0.14100000000000001 -0.009333333333333334 0.0))
    (1.1902975743935986 (0.14100000000000001 -0.009333333333333334 0.0))
    (1.191297824456114 (0.14100000000000001 -0.009333333333333334 0.0))
    (1.1922980745186298 (0.14100000000000001 -0.009333333333333334 0.0))
    (1.1932983245811455 (0.14100000000000001 -0.009333333333333334 0.0))
    (1.194298574643661 (0.14100000000000001 -0.009333333333333334 0.0))
    (1.1952988247061767 (0.14100000000000001 -0.009333333333333334 0.0))
    (1.1962990747686923 (0.14100000000000001 -0.009333333333333334 0.0))
    (1.1972993248312078 (0.14100000000000001 -0.009333333333333334 0.0))
    (1.1982995748937235 (0.14100000000000001 -0.009333333333333334 0.0))
    (1.1992998249562392 (0.14100000000000001 -0.009333333333333334 0.0))
    (1.200300075018755 (0.14100000000000001 -0.009333333333333334 0.0))
    (1.2013003250812704 (0.14100000000000001 -0.009333333333333334 0.0))
    (1.202300575143786 (0.14100000000000001 -0.009333333333333334 0.0))
    (1.2033008252063018 (0.14100000000000001 -0.009333333333333334 0.0))
    (1.2043010752688172 (0.14100000000000001 -0.009333333333333334 0.0))
    (1.205301325331333 (0.14100000000000001 -0.009333333333333334 0.0))
    (1.2063015753938486 (0.14100000000000001 -0.009333333333333334 0.0))
    (1.207301825456364 (0.14100000000000001 -0.009333333333333334 0.0))
    (1.2083020755188798 (0.14100000000000001 -0.009333333333333334 0.0))
    (1.2093023255813955 (0.14100000000000001 -0.009333333333333334 0.0))
    (1.2103025756439112 (0.14100000000000001 -0.009333333333333334 0.0))
    (1.2113028257064267 (0.14100000000000001 -0.009333333333333334 0.0))
    (1.2123030757689424 (0.14100000000000001 -0.009333333333333334 0.0))
    (1.213303325831458 (0.14100000000000001 -0.009333333333333334 0.0))
    (1.2143035758939735 (0.14100000000000001 -0.009333333333333334 0.0))
    (1.2153038259564892 (0.14100000000000001 -0.009333333333333334 0.0))
    (1.216304076019005 (0.14100000000000001 -0.009333333333333334 0.0))
    (1.2173043260815206 (0.14100000000000001 -0.009333333333333334 0.0))
    (1.218304576144036 (0.14100000000000001 -0.009333333333333334 0.0))
    (1.2193048262065518 (0.14100000000000001 -0.009333333333333334 0.0))
    (1.2203050762690675 (0.14100000000000001 -0.009333333333333334 0.0))
    (1.221305326331583 (0.14100000000000001 -0.009333333333333334 0.0))
    (1.2223055763940986 (0.14100000000000001 -0.009333333333333334 0.0))
    (1.2233058264566143 (0.14100000000000001 -0.009333333333333334 0.0))
    (1.2243060765191298 (0.14100000000000001 -0.009333333333333334 0.0))
    (1.2253063265816455 (0.14100000000000001 -0.009333333333333334 0.0))
    (1.2263065766441612 (0.14100000000000001 -0.009333333333333334 0.0))
    (1.227306826706677 (0.14100000000000001 -0.009333333333333334 0.0))
    (1.2283070767691924 (0.14100000000000001 -0.009333333333333334 0.0))
    (1.229307326831708 (0.14100000000000001 -0.009333333333333334 0.0))
    (1.2303075768942238 (0.14100000000000001 -0.009333333333333334 0.0))
    (1.2313078269567392 (0.14100000000000001 -0.009333333333333334 0.0))
    (1.232308077019255 (0.14100000000000001 -0.009333333333333334 0.0))
    (1.2333083270817706 (0.14100000000000001 -0.009333333333333334 0.0))
    (1.234308577144286 (0.14100000000000001 -0.009333333333333334 0.0))
    (1.2353088272068018 (0.14100000000000001 -0.009333333333333334 0.0))
    (1.2363090772693175 (0.14100000000000001 -0.009333333333333334 0.0))
    (1.2373093273318332 (0.14100000000000001 -0.009333333333333334 0.0))
    (1.2383095773943487 (0.14100000000000001 -0.009333333333333334 0.0))
    (1.2393098274568644 (0.14100000000000001 -0.009333333333333334 0.0))
    (1.24031007751938 (0.14100000000000001 -0.009333333333333334 0.0))
    (1.2413103275818955 (0.14100000000000001 -0.009333333333333334 0.0))
    (1.2423105776444112 (0.14100000000000001 -0.009333333333333334 0.0))
    (1.243310827706927 (0.14100000000000001 -0.009333333333333334 0.0))
    (1.2443110777694424 (0.14100000000000001 -0.009333333333333334 0.0))
    (1.245311327831958 (0.14100000000000001 -0.009333333333333334 0.0))
    (1.2463115778944738 (0.14100000000000001 -0.009333333333333334 0.0))
    (1.2473118279569895 (0.14100000000000001 -0.009333333333333334 0.0))
    (1.248312078019505 (0.14100000000000001 -0.009333333333333334 0.0))
    (1.2493123280820206 (0.14100000000000001 -0.009333333333333334 0.0))
    (1.2503125781445363 (0.14100000000000001 -0.009333333333333334 0.0))
    (1.2513128282070518 (0.14100000000000001 -0.009333333333333334 0.0))
    (1.2523130782695675 (0.14100000000000001 -0.009333333333333334 0.0))
    (1.2533133283320832 (0.14100000000000001 -0.009333333333333334 0.0))
    (1.2543135783945987 (0.14100000000000001 -0.009333333333333334 0.0))
    (1.2553138284571144 (0.14100000000000001 -0.009333333333333334 0.0))
    (1.25631407851963 (0.14100000000000001 -0.009333333333333334 0.0))
    (1.2573143285821458 (0.14100000000000001 -0.009333333333333334 0.0))
    (1.2583145786446612 (0.14100000000000001 -0.009333333333333334 0.0))
    (1.259314828707177 (0.14100000000000001 -0.009333333333333334 0.0))
    (1.2603150787696926 (0.14100000000000001 -0.009333333333333334 0.0))
    (1.261315328832208 (0.14100000000000001 -0.009333333333333334 0.0))
    (1.2623155788947238 (0.14100000000000001 -0.009333333333333334 0.0))
    (1.2633158289572395 (0.14100000000000001 -0.009333333333333334 0.0))
    (1.2643160790197552 (0.14100000000000001 -0.009333333333333334 0.0))
    (1.2653163290822707 (0.14100000000000001 -0.009333333333333334 0.0))
    (1.2663165791447863 (0.14100000000000001 -0.009333333333333334 0.0))
    (1.267316829207302 (0.14100000000000001 -0.009333333333333334 0.0))
    (1.2683170792698175 (0.14100000000000001 -0.009333333333333334 0.0))
    (1.2693173293323332 (0.14100000000000001 -0.009333333333333334 0.0))
    (1.270317579394849 (0.14100000000000001 -0.009333333333333334 0.0))
    (1.2713178294573644 (0.14100000000000001 -0.009333333333333334 0.0))
    (1.27231807951988 (0.14100000000000001 -0.009333333333333334 0.0))
    (1.2733183295823958 (0.14100000000000001 -0.009333333333333334 0.0))
    (1.2743185796449115 (0.14100000000000001 -0.009333333333333334 0.0))
    (1.275318829707427 (0.14100000000000001 -0.009333333333333334 0.0))
    (1.2763190797699426 (0.14100000000000001 -0.009333333333333334 0.0))
    (1.2773193298324583 (0.14100000000000001 -0.009333333333333334 0.0))
    (1.2783195798949738 (0.14100000000000001 -0.009333333333333334 0.0))
    (1.2793198299574895 (0.14100000000000001 -0.009333333333333334 0.0))
    (1.2803200800200052 (0.14100000000000001 -0.009333333333333334 0.0))
    (1.2813203300825207 (0.14100000000000001 -0.009333333333333334 0.0))
    (1.2823205801450364 (0.14100000000000001 -0.009333333333333334 0.0))
    (1.283320830207552 (0.14100000000000001 -0.009333333333333334 0.0))
    (1.2843210802700677 (0.14100000000000001 -0.009333333333333334 0.0))
    (1.2853213303325832 (0.14100000000000001 -0.009333333333333334 0.0))
    (1.286321580395099 (0.14100000000000001 -0.009333333333333334 0.0))
    (1.2873218304576146 (0.14100000000000001 -0.009333333333333334 0.0))
    (1.28832208052013 (0.14100000000000001 -0.009333333333333334 0.0))
    (1.2893223305826458 (0.14100000000000001 -0.009333333333333334 0.0))
    (1.2903225806451615 (0.14100000000000001 -0.009333333333333334 0.0))
    (1.291322830707677 (0.14100000000000001 -0.009333333333333334 0.0))
    (1.2923230807701926 (0.14100000000000001 -0.009333333333333334 0.0))
    (1.2933233308327083 (0.14100000000000001 -0.009333333333333334 0.0))
    (1.294323580895224 (0.14100000000000001 -0.009333333333333334 0.0))
    (1.2953238309577395 (0.14100000000000001 -0.009333333333333334 0.0))
    (1.2963240810202552 (0.14100000000000001 -0.009333333333333334 0.0))
    (1.297324331082771 (0.14100000000000001 -0.009333333333333334 0.0))
    (1.2983245811452864 (0.14100000000000001 -0.009333333333333334 0.0))
    (1.299324831207802 (0.14100000000000001 -0.009333333333333334 0.0))
    (1.3003250812703178 (0.14100000000000001 -0.009333333333333334 0.0))
    (1.3013253313328332 (0.14100000000000001 -0.009333333333333334 0.0))
    (1.302325581395349 (0.14100000000000001 -0.009333333333333334 0.0))
    (1.3033258314578646 (0.14100000000000001 -0.009333333333333334 0.0))
    (1.3043260815203803 (0.14100000000000001 -0.009333333333333334 0.0))
    (1.3053263315828958 (0.14100000000000001 -0.009333333333333334 0.0))
    (1.3063265816454115 (0.14100000000000001 -0.009333333333333334 0.0))
    (1.3073268317079272 (0.14100000000000001 -0.009333333333333334 0.0))
    (1.3083270817704427 (0.14100000000000001 -0.009333333333333334 0.0))
    (1.3093273318329584 (0.14100000000000001 -0.009333333333333334 0.0))
    (1.310327581895474 (0.14100000000000001 -0.009333333333333334 0.0))
    (1.3113278319579897 (0.14100000000000001 -0.009333333333333334 0.0))
    (1.3123280820205052 (0.14100000000000001 -0.009333333333333334 0.0))
    (1.313328332083021 (0.14100000000000001 -0.009333333333333334 0.0))
    (1.3143285821455366 (0.14100000000000001 -0.009333333333333334 0.0))
    (1.315328832208052 (0.14100000000000001 -0.009333333333333334 0.0))
    (1.3163290822705678 (0.14100000000000001 -0.009333333333333334 0.0))
    (1.3173293323330835 (0.14100000000000001 -0.009333333333333334 0.0))
    (1.318329582395599 (0.14100000000000001 -0.009333333333333334 0.0))
    (1.3193298324581146 (0.14100000000000001 -0.009333333333333334 0.0))
    (1.3203300825206303 (0.14100000000000001 -0.009333333333333334 0.0))
    (1.321330332583146 (0.14100000000000001 -0.009333333333333334 0.0))
    (1.3223305826456615 (0.14100000000000001 -0.009333333333333334 0.0))
    (1.3233308327081772 (0.14100000000000001 -0.009333333333333334 0.0))
    (1.324331082770693 (0.14100000000000001 -0.009333333333333334 0.0))
    (1.3253313328332084 (0.14100000000000001 -0.009333333333333334 0.0))
    (1.326331582895724 (0.14100000000000001 -0.009333333333333334 0.0))
    (1.3273318329582398 (0.14100000000000001 -0.009333333333333334 0.0))
    (1.3283320830207552 (0.14100000000000001 -0.009333333333333334 0.0))
    (1.329332333083271 (0.14100000000000001 -0.009333333333333334 0.0))
    (1.3303325831457866 (0.14100000000000001 -0.009333333333333334 0.0))
    (1.3313328332083023 (0.14100000000000001 -0.009333333333333334 0.0))
    (1.3323330832708178 (0.14100000000000001 -0.009333333333333334 0.0))
    (1.3333333333333335 (0.14100000000000001 -0.009333333333333334 0.0))
    (1.3343335833958492 (0.14100000000000001 -0.009333333333333334 0.0))
    (1.3353338334583646 (0.14100000000000001 -0.009333333333333334 0.0))
    (1.3363340835208803 (0.14100000000000001 -0.009333333333333334 0.0))
    (1.337334333583396 (0.14100000000000001 -0.009333333333333334 0.0))
    (1.3383345836459115 (0.14100000000000001 -0.009333333333333334 0.0))
    (1.3393348337084272 (0.14100000000000001 -0.009333333333333334 0.0))
    (1.340335083770943 (0.14100000000000001 -0.009333333333333334 0.0))
    (1.3413353338334586 (0.14100000000000001 -0.009333333333333334 0.0))
    (1.342335583895974 (0.14100000000000001 -0.009333333333333334 0.0))
    (1.3433358339584898 (0.14100000000000001 -0.009333333333333334 0.0))
    (1.3443360840210055 (0.14100000000000001 -0.009333333333333334 0.0))
    (1.345336334083521 (0.14100000000000001 -0.009333333333333334 0.0))
    (1.3463365841460366 (0.14100000000000001 -0.009333333333333334 0.0))
    (1.3473368342085523 (0.14100000000000001 -0.009333333333333334 0.0))
    (1.3483370842710678 (0.14100000000000001 -0.009333333333333334 0.0))
    (1.3493373343335835 (0.14100000000000001 -0.009333333333333334 0.0))
    (1.3503375843960992 (0.14100000000000001 -0.009333333333333334 0.0))
    (1.3513378344586149 (0.14100000000000001 -0.009333333333333334 0.0))
    (1.3523380845211304 (0.14100000000000001 -0.009333333333333334 0.0))
    (1.353338334583646 (0.14100000000000001 -0.009333333333333334 0.0))
    (1.3543385846461617 (0.14100000000000001 -0.009333333333333334 0.0))
    (1.3553388347086772 (0.14100000000000001 -0.009333333333333334 0.0))
    (1.356339084771193 (0.14100000000000001 -0.009333333333333334 0.0))
    (1.3573393348337086 (0.14100000000000001 -0.009333333333333334 0.0))
    (1.3583395848962243 (0.14100000000000001 -0.009333333333333334 0.0))
    (1.3593398349587398 (0.14100000000000001 -0.009333333333333334 0.0))
    (1.3603400850212555 (0.14100000000000001 -0.009333333333333334 0.0))
    (1.3613403350837712 (0.14100000000000001 -0.009333333333333334 0.0))
    (1.3623405851462866 (0.14100000000000001 -0.009333333333333334 0.0))
    (1.3633408352088023 (0.14100000000000001 -0.009333333333333334 0.0))
    (1.364341085271318 (0.14100000000000001 -0.009333333333333334 0.0))
    (1.3653413353338335 (0.14100000000000001 -0.009333333333333334 0.0))
    (1.3663415853963492 (0.14100000000000001 -0.009333333333333334 0.0))
    (1.367341835458865 (0.14100000000000001 -0.009333333333333334 0.0))
    (1.3683420855213806 (0.14100000000000001 -0.009333333333333334 0.0))
    (1.369342335583896 (0.14100000000000001 -0.009333333333333334 0.0))
    (1.3703425856464118 (0.14100000000000001 -0.009333333333333334 0.0))
    (1.3713428357089275 (0.14100000000000001 -0.009333333333333334 0.0))
    (1.372343085771443 (0.14100000000000001 -0.009333333333333334 0.0))
    (1.3733433358339586 (0.14100000000000001 -0.009333333333333334 0.0))
    (1.3743435858964743 (0.14100000000000001 -0.009333333333333334 0.0))
    (1.3753438359589898 (0.14100000000000001 -0.009333333333333334 0.0))
    (1.3763440860215055 (0.14100000000000001 -0.009333333333333334 0.0))
    (1.3773443360840212 (0.14100000000000001 -0.009333333333333334 0.0))
    (1.3783445861465369 (0.14100000000000001 -0.009333333333333334 0.0))
    (1.3793448362090523 (0.14100000000000001 -0.009333333333333334 0.0))
    (1.380345086271568 (0.14100000000000001 -0.009333333333333334 0.0))
    (1.3813453363340837 (0.14100000000000001 -0.009333333333333334 0.0))
    (1.3823455863965992 (0.14100000000000001 -0.009333333333333334 0.0))
    (1.383345836459115 (0.14100000000000001 -0.009333333333333334 0.0))
    (1.3843460865216306 (0.14100000000000001 -0.009333333333333334 0.0))
    (1.385346336584146 (0.14100000000000001 -0.009333333333333334 0.0))
    (1.3863465866466618 (0.14100000000000001 -0.009333333333333334 0.0))
    (1.3873468367091775 (0.14100000000000001 -0.009333333333333334 0.0))
    (1.3883470867716932 (0.14100000000000001 -0.009333333333333334 0.0))
    (1.3893473368342086 (0.14100000000000001 -0.009333333333333334 0.0))
    (1.3903475868967243 (0.14100000000000001 -0.009333333333333334 0.0))
    (1.39134783695924 (0.14100000000000001 -0.009333333333333334 0.0))
    (1.3923480870217555 (0.14100000000000001 -0.009333333333333334 0.0))
    (1.3933483370842712 (0.14100000000000001 -0.009333333333333334 0.0))
    (1.3943485871467869 (0.14100000000000001 -0.009333333333333334 0.0))
    (1.3953488372093024 (0.14100000000000001 -0.009333333333333334 0.0))
    (1.396349087271818 (0.14100000000000001 -0.009333333333333334 0.0))
    (1.3973493373343338 (0.14100000000000001 -0.009333333333333334 0.0))
    (1.3983495873968494 (0.14100000000000001 -0.009333333333333334 0.0))
    (1.399349837459365 (0.14100000000000001 -0.009333333333333334 0.0))
    (1.4003500875218806 (0.14100000000000001 -0.009333333333333334 0.0))
    (1.4013503375843963 (0.14100000000000001 -0.009333333333333334 0.0))
    (1.4023505876469118 (0.14100000000000001 -0.009397701208269374 0.0))
    (1.4033508377094275 (0.14100000000000001 -0.009467523773070384 0.0))
    (1.4043510877719432 (0.14100000000000001 -0.009537331615017035 0.0))
    (1.4053513378344589 (0.14100000000000001 -0.009607117075063799 0.0))
    (1.4063515878969743 (0.14100000000000001 -0.009676872496620791 0.0))
    (1.40735183795949 (0.14100000000000001 -0.009746590226393828 0.0))
    (1.4083520880220057 (0.14100000000000001 -0.009816262615224131 0.0))
    (1.4093523380845212 (0.14100000000000001 -0.009885882018927546 0.0))
    (1.410352588147037 (0.14100000000000001 -0.009955440799133243 0.0))
    (1.4113528382095526 (0.14100000000000001 -0.010024931324121784 0.0))
    (1.412353088272068 (0.14100000000000001 -0.010094345969662374 0.0))
    (1.4133533383345838 (0.14100000000000001 -0.010163677119849494 0.0))
    (1.4143535883970995 (0.14100000000000001 -0.010232917167938371 0.0))
    (1.4153538384596152 (0.14100000000000001 -0.01030205851717958 0.0))
    (1.4163540885221306 (0.14100000000000001 -0.010371093581652571 0.0))
    (1.4173543385846463 (0.14100000000000001 -0.010440014787097985 0.0))
    (1.418354588647162 (0.14100000000000001 -0.01050881457174856 0.0))
    (1.4193548387096775 (0.14100000000000001 -0.010577485387158895 0.0))
    (1.4203550887721932 (0.14100000000000001 -0.010646019699033615 0.0))
    (1.4213553388347089 (0.14100000000000001 -0.010714409988053928 0.0))
    (1.4223555888972244 (0.14100000000000001 -0.010782648750702699 0.0))
    (1.42335583895974 (0.14100000000000001 -0.010850728500087708 0.0))
    (1.4243560890222557 (0.14100000000000001 -0.010918641766762993 0.0))
    (1.4253563390847714 (0.14100000000000001 -0.010986381099548484 0.0))
    (1.426356589147287 (0.14100000000000001 -0.0110539390663474 0.0))
    (1.4273568392098026 (0.14100000000000001 -0.011121308254961808 0.0))
    (1.4283570892723183 (0.14100000000000001 -0.011188481273905747 0.0))
    (1.4293573393348338 (0.14100000000000001 -0.011255450753216196 0.0))
    (1.4303575893973495 (0.14100000000000001 -0.011322209345261784 0.0))
    (1.4313578394598652 (0.14100000000000001 -0.011388749725548833 0.0))
    (1.4323580895223806 (0.14100000000000001 -0.011455064593524989 0.0))
    (1.4333583395848963 (0.14100000000000001 -0.011521146673380288 0.0))
    (1.434358589647412 (0.14100000000000001 -0.01158698871484535 0.0))
    (1.4353588397099277 (0.14100000000000001 -0.011652583493986853 0.0))
    (1.4363590897724432 (0.14100000000000001 -0.011717923814000159 0.0))
    (1.437359339834959 (0.14100000000000001 -0.011783002505998928 0.0))
    (1.4383595898974746 (0.14100000000000001 -0.011847812429801569 0.0))
    (1.43935983995999 (0.14100000000000001 -0.011912346474714725 0.0))
    (1.4403600900225058 (0.14100000000000001 -0.011976597560313433 0.0))
    (1.4413603400850215 (0.14100000000000001 -0.012040558637217867 0.0))
    (1.442360590147537 (0.14100000000000001 -0.012104222687866855 0.0))
    (1.4433608402100526 (0.14100000000000001 -0.012167582727287832 0.0))
    (1.4443610902725683 (0.14100000000000001 -0.012230631803863096 0.0))
    (1.445361340335084 (0.14100000000000001 -0.012293363000092638 0.0))
    (1.4463615903975995 (0.14100000000000001 -0.012355769433352993 0.0))
    (1.4473618404601152 (0.14100000000000001 -0.012417844256652492 0.0))
    (1.4483620905226309 (0.14100000000000001 -0.012479580659382393 0.0))
    (1.4493623405851463 (0.14100000000000001 -0.012540971868064115 0.0))
    (1.450362590647662 (0.14100000000000001 -0.01260201114709249 0.0))
    (1.4513628407101777 (0.14100000000000001 -0.012662691799474678 0.0))
    (1.4523630907726934 (0.14100000000000001 -0.012723007167564934 0.0))
    (1.453363340835209 (0.14100000000000001 -0.012782950633795117 0.0))
    (1.4543635908977246 (0.14100000000000001 -0.012842515621400744 0.0))
    (1.4553638409602403 (0.14100000000000001 -0.012901695595142473 0.0))
    (1.4563640910227558 (0.14100000000000001 -0.012960484062023225 0.0))
    (1.4573643410852715 (0.14100000000000001 -0.013018874572000563 0.0))
    (1.4583645911477872 (0.14100000000000001 -0.013076860718694273 0.0))
    (1.4593648412103026 (0.14100000000000001 -0.013134436140089346 0.0))
    (1.4603650912728183 (0.14100000000000001 -0.013191594519233988 0.0))
    (1.461365341335334 (0.14100000000000001 -0.013248329584932604 0.0))
    (1.4623655913978497 (0.14100000000000001 -0.013304635112433953 0.0))
    (1.4633658414603652 (0.14100000000000001 -0.013360504924114013 0.0))
    (1.4643660915228809 (0.14100000000000001 -0.01341593289015387 0.0))
    (1.4653663415853966 (0.14100000000000001 -0.013470912929212164 0.0))
    (1.466366591647912 (0.14100000000000001 -0.013525439009092328 0.0))
    (1.4673668417104277 (0.14100000000000001 -0.013579505147404478 0.0))
    (1.4683670917729434 (0.14100000000000001 -0.013633105412221715 0.0))
    (1.469367341835459 (0.14100000000000001 -0.013686233922730945 0.0))
    (1.4703675918979746 (0.14100000000000001 -0.013738884849878175 0.0))
    (1.4713678419604903 (0.14100000000000001 -0.013791052417007978 0.0))
    (1.472368092023006 (0.14100000000000001 -0.013842730900497303 0.0))
    (1.4733683420855215 (0.14100000000000001 -0.01389391463038347 0.0))
    (1.4743685921480372 (0.14100000000000001 -0.013944597990986268 0.0))
    (1.4753688422105529 (0.14100000000000001 -0.013994775421524018 0.0))
    (1.4763690922730683 (0.14100000000000001 -0.014044441416723744 0.0))
    (1.477369342335584 (0.14100000000000001 -0.014093590527425197 0.0))
    (1.4783695923980997 (0.14100000000000001 -0.014142217361178641 0.0))
    (1.4793698424606152 (0.14100000000000001 -0.014190316582836572 0.0))
    (1.480370092523131 (0.14100000000000001 -0.01423788291513903 0.0))
    (1.4813703425856466 (0.14100000000000001 -0.014284911139292613 0.0))
    (1.4823705926481623 (0.14100000000000001 -0.014331396095543052 0.0))
    (1.4833708427106778 (0.14100000000000001 -0.014377332683741303 0.0))
    (1.4843710927731935 (0.14100000000000001 -0.014422715863903184 0.0))
    (1.4853713428357092 (0.14100000000000001 -0.014467540656762264 0.0))
    (1.4863715928982246 (0.14100000000000001 -0.014511802144316185 0.0))
    (1.4873718429607403 (0.14100000000000001 -0.01455549547036631 0.0))
    (1.488372093023256 (0.14100000000000001 -0.014598615841050431 0.0))
    (1.4893723430857715 (0.14100000000000001 -0.014641158525368791 0.0))
    (1.4903725931482872 (0.14100000000000001 -0.014683118855703173 0.0))
    (1.4913728432108029 (0.14100000000000001 -0.014724492228328931 0.0))
    (1.4923730932733186 (0.14100000000000001 -0.014765274103920166 0.0))
    (1.493373343335834 (0.14100000000000001 -0.014805460008047736 0.0))
    (1.4943735933983497 (0.14100000000000001 -0.014845045531670174 0.0))
    (1.4953738434608654 (0.14100000000000001 -0.014884026331617436 0.0))
    (1.496374093523381 (0.14100000000000001 -0.014922398131067407 0.0))
    (1.4973743435858966 (0.14100000000000001 -0.014960156720015147 0.0))
    (1.4983745936484123 (0.14100000000000001 -0.014997297955734797 0.0))
    (1.499374843710928 (0.14100000000000001 -0.015033817763234085 0.0))
    (1.5003750937734435 (0.14100000000000001 -0.015069712135701437 0.0))
    (1.5013753438359592 (0.14100000000000001 -0.015104977134945609 0.0))
    (1.5023755938984749 (0.14100000000000001 -0.015139608891827703 0.0))
    (1.5033758439609903 (0.14100000000000001 -0.015173603606685737 0.0))
    (1.504376094023506 (0.14100000000000001 -0.015206957549751526 0.0))
    (1.5053763440860217 (0.14100000000000001 -0.015239667061559842 0.0))
    (1.5063765941485372 (0.14100000000000001 -0.015271728553349974 0.0))
    (1.507376844211053 (0.14100000000000001 -0.015303138507459468 0.0))
    (1.5083770942735686 (0.14100000000000001 -0.015333893477710022 0.0))
    (1.5093773443360843 (0.14100000000000001 -0.015363990089785652 0.0))
    (1.5103775943985998 (0.14100000000000001 -0.015393425041602852 0.0))
    (1.5113778444611154 (0.14100000000000001 -0.015422195103672936 0.0))
    (1.5123780945236311 (0.14100000000000001 -0.015450297119456335 0.0))
    (1.5133783445861466 (0.14100000000000001 -0.015477728005708905 0.0))
    (1.5143785946486623 (0.14100000000000001 -0.015504484752820263 0.0))
    (1.515378844711178 (0.14100000000000001 -0.015530564425143938 0.0))
    (1.5163790947736935 (0.14100000000000001 -0.01555596416131947 0.0))
    (1.5173793448362092 (0.14100000000000001 -0.015580681174586377 0.0))
    (1.5183795948987249 (0.14100000000000001 -0.015604712753089873 0.0))
    (1.5193798449612406 (0.14100000000000001 -0.015628056260178408 0.0))
    (1.520380095023756 (0.14100000000000001 -0.01565070913469296 0.0))
    (1.5213803450862717 (0.14100000000000001 -0.015672668891248055 0.0))
    (1.5223805951487874 (0.14100000000000001 -0.015693933120504402 0.0))
    (1.523380845211303 (0.14100000000000001 -0.01571449948943328 0.0))
    (1.5243810952738186 (0.14100000000000001 -0.015734365741572498 0.0))
    (1.5253813453363343 (0.14100000000000001 -0.015753529697273956 0.0))
    (1.5263815953988498 (0.14100000000000001 -0.01577198925394279 0.0))
    (1.5273818454613655 (0.14100000000000001 -0.015789742386268093 0.0))
    (1.5283820955238812 (0.14100000000000001 -0.015806787146445053 0.0))
    (1.5293823455863969 (0.14100000000000001 -0.015823121664388734 0.0))
    (1.5303825956489123 (0.14100000000000001 -0.015838744147939197 0.0))
    (1.531382845711428 (0.14100000000000001 -0.015853652883058185 0.0))
    (1.5323830957739437 (0.14100000000000001 -0.01586784623401712 0.0))
    (1.5333833458364592 (0.14100000000000001 -0.015881322643576612 0.0))
    (1.5343835958989749 (0.14100000000000001 -0.015894080633157295 0.0))
    (1.5353838459614906 (0.14100000000000001 -0.015906118803002064 0.0))
    (1.536384096024006 (0.14100000000000001 -0.015917435832329626 0.0))
    (1.5373843460865217 (0.14100000000000001 -0.015928030479479445 0.0))
    (1.5383845961490374 (0.14100000000000001 -0.015937901582047945 0.0))
    (1.5393848462115531 (0.14100000000000001 -0.015947048057016053 0.0))
    (1.5403850962740686 (0.14100000000000001 -0.015955468900868026 0.0))
    (1.5413853463365843 (0.14100000000000001 -0.015963163189701556 0.0))
    (1.5423855963991 (0.14100000000000001 -0.015970130079329126 0.0))
    (1.5433858464616155 (0.14100000000000001 -0.015976368805370636 0.0))
    (1.5443860965241312 (0.14100000000000001 -0.01598187868333728 0.0))
    (1.5453863465866469 (0.14100000000000001 -0.015986659108706624 0.0))
    (1.5463865966491626 (0.14100000000000001 -0.015990709556988947 0.0))
    (1.547386846711678 (0.14100000000000001 -0.01599402958378478 0.0))
    (1.5483870967741937 (0.14100000000000001 -0.015996618824833667 0.0))
    (1.5493873468367094 (0.14100000000000001 -0.015998476996054126 0.0))
    (1.550387596899225 (0.14100000000000001 -0.01599960389357482 0.0))
    (1.5513878469617406 (0.14100000000000001 -0.015999999393756927 0.0))
    (1.5523880970242563 (0.14100000000000001 -0.015999663453207705 0.0))
    (1.5533883470867718 (0.14100000000000001 -0.015998596108785238 0.0))
    (1.5543885971492875 (0.14100000000000001 -0.015996797477594422 0.0))
    (1.5553888472118031 (0.14100000000000001 -0.015994267756974094 0.0))
    (1.5563890972743188 (0.14100000000000001 -0.015991007224475377 0.0))
    (1.5573893473368343 (0.14100000000000001 -0.015987016237831254 0.0))
    (1.55838959739935 (0.14100000000000001 -0.015982295234917284 0.0))
    (1.5593898474618657 (0.14100000000000001 -0.01597684473370359 0.0))
    (1.5603900975243812 (0.14100000000000001 -0.01597066533219802 0.0))
    (1.5613903475868969 (0.14100000000000001 -0.015963757708380526 0.0))
    (1.5623905976494126 (0.14100000000000001 -0.015956122620128788 0.0))
    (1.563390847711928 (0.14100000000000001 -0.01594776090513507 0.0))
    (1.5643910977744437 (0.14100000000000001 -0.01593867348081428 0.0))
    (1.5653913478369594 (0.14100000000000001 -0.015928861344203366 0.0))
    (1.5663915978994751 (0.14100000000000001 -0.015918325571851875 0.0))
    (1.5673918479619906 (0.14100000000000001 -0.015907067319703875 0.0))
    (1.5683920980245063 (0.14100000000000001 -0.0158950878229711 0.0))
    (1.569392348087022 (0.14100000000000001 -0.015882388395997444 0.0))
    (1.5703925981495375 (0.14100000000000001 -0.015868970432114764 0.0))
    (1.5713928482120532 (0.14100000000000001 -0.01585483540348999 0.0))
    (1.5723930982745689 (0.14100000000000001 -0.01583998486096361 0.0))
    (1.5733933483370843 (0.14100000000000001 -0.015824420433879532 0.0))
    (1.5743935983996 (0.14100000000000001 -0.015808143829906293 0.0))
    (1.5753938484621157 (0.14100000000000001 -0.01579115683484972 0.0))
    (1.5763940985246314 (0.14100000000000001 -0.015773461312457007 0.0))
    (1.5773943485871469 (0.14100000000000001 -0.015755059204212205 0.0))
    (1.5783945986496626 (0.14100000000000001 -0.015735952529123215 0.0))
    (1.5793948487121783 (0.14100000000000001 -0.015716143383500296 0.0))
    (1.5803950987746938 (0.14100000000000001 -0.015695633940726032 0.0))
    (1.5813953488372094 (0.14100000000000001 -0.01567442645101691 0.0))
    (1.5823955988997251 (0.14100000000000001 -0.015652523241176407 0.0))
    (1.5833958489622408 (0.14100000000000001 -0.015629926714339704 0.0))
    (1.5843960990247563 (0.14100000000000001 -0.015606639349710065 0.0))
    (1.585396349087272 (0.14100000000000001 -0.015582663702286757 0.0))
    (1.5863965991497877 (0.14100000000000001 -0.015558002402584783 0.0))
    (1.5873968492123032 (0.14100000000000001 -0.015532658156346264 0.0))
    (1.5883970992748189 (0.14100000000000001 -0.015506633744243537 0.0))
    (1.5893973493373346 (0.14100000000000001 -0.015479932021574131 0.0))
    (1.59039759939985 (0.14100000000000001 -0.015452555917947444 0.0))
    (1.5913978494623657 (0.14100000000000001 -0.015424508436963323 0.0))
    (1.5923980995248814 (0.14100000000000001 -0.015395792655882562 0.0))
    (1.5933983495873971 (0.14100000000000001 -0.015366411725289231 0.0))
    (1.5943985996499126 (0.14100000000000001 -0.015336368868745029 0.0))
    (1.5953988497124283 (0.14100000000000001 -0.015305667382435596 0.0))
    (1.596399099774944 (0.14100000000000001 -0.015274310634808877 0.0))
    (1.5973993498374595 (0.14100000000000001 -0.015242302066205561 0.0))
    (1.5983995998999752 (0.14100000000000001 -0.015209645188481573 0.0))
    (1.5993998499624908 (0.14100000000000001 -0.015176343584622822 0.0))
    (1.6004001000250063 (0.14100000000000001 -0.015142400908352078 0.0))
    (1.601400350087522 (0.14100000000000001 -0.015107820883728057 0.0))
    (1.6024006001500377 (0.14100000000000001 -0.015072607304736875 0.0))
    (1.6034008502125534 (0.14100000000000001 -0.015036764034875794 0.0))
    (1.6044011002750689 (0.14100000000000001 -0.015000295006729298 0.0))
    (1.6054013503375846 (0.14100000000000001 -0.014963204221537626 0.0))
    (1.6064016004001003 (0.14100000000000001 -0.014925495748757824 0.0))
    (1.6074018504626157 (0.14100000000000001 -0.014887173725617205 0.0))
    (1.6084021005251314 (0.14100000000000001 -0.014848242356659425 0.0))
    (1.6094023505876471 (0.14100000000000001 -0.014808705913283239 0.0))
    (1.6104026006501626 (0.14100000000000001 -0.014768568733273806 0.0))
    (1.6114028507126783 (0.14100000000000001 -0.014727835220326741 0.0))
    (1.612403100775194 (0.14100000000000001 -0.014686509843565055 0.0))
    (1.6134033508377097 (0.14100000000000001 -0.014644597137048711 0.0))
    (1.6144036009002252 (0.14100000000000001 -0.014602101699277257 0.0))
    (1.6154038509627409 (0.14100000000000001 -0.01455902819268521 0.0))
    (1.6164041010252566 (0.14100000000000001 -0.014515381343130566 0.0))
    (1.617404351087772 (0.14100000000000001 -0.014471165939376326 0.0))
    (1.6184046011502877 (0.14100000000000001 -0.014426386832564992 0.0))
    (1.6194048512128034 (0.14100000000000001 -0.014381048935686406 0.0))
    (1.620405101275319 (0.14100000000000001 -0.014335157223038712 0.0))
    (1.6214053513378346 (0.14100000000000001 -0.014288716729682526 0.0))
    (1.6224056014003503 (0.14100000000000001 -0.01424173255088857 0.0))
    (1.623405851462866 (0.14100000000000001 -0.014194209841578646 0.0))
    (1.6244061015253815 (0.14100000000000001 -0.014146153815760017 0.0))
    (1.6254063515878971 (0.14100000000000001 -0.014097569745953338 0.0))
    (1.6264066016504128 (0.14100000000000001 -0.01404846296261425 0.0))
    (1.6274068517129283 (0.14100000000000001 -0.013998838853548471 0.0))
    (1.628407101775444 (0.14100000000000001 -0.013948702863320665 0.0))
    (1.6294073518379597 (0.14100000000000001 -0.013898060492657162 0.0))
    (1.6304076019004754 (0.14100000000000001 -0.013846917297842345 0.0))
    (1.6314078519629909 (0.14100000000000001 -0.013795278890109121 0.0))
    (1.6324081020255066 (0.14100000000000001 -0.01374315093502319 0.0))
    (1.6334083520880223 (0.14100000000000001 -0.01369053915186151 0.0))
    (1.6344086021505377 (0.14100000000000001 -0.013637449312984804 0.0))
    (1.6354088522130534 (0.14100000000000001 -0.013583887243204161 0.0))
    (1.6364091022755691 (0.14100000000000001 -0.013529858819142041 0.0))
    (1.6374093523380846 (0.14100000000000001 -0.01347536996858751 0.0))
    (1.6384096024006003 (0.14100000000000001 -0.01342042666984579 0.0))
    (1.639409852463116 (0.14100000000000001 -0.013365034951082419 0.0))
    (1.6404101025256317 (0.14100000000000001 -0.013309200889661863 0.0))
    (1.6414103525881472 (0.14100000000000001 -0.013252930611480685 0.0))
    (1.6424106026506629 (0.14100000000000001 -0.013196230290295435 0.0))
    (1.6434108527131785 (0.14100000000000001 -0.013139106147045363 0.0))
    (1.644411102775694 (0.14100000000000001 -0.01308156444916981 0.0))
    (1.6454113528382097 (0.14100000000000001 -0.013023611509920553 0.0))
    (1.6464116029007254 (0.14100000000000001 -0.012965253687669242 0.0))
    (1.6474118529632409 (0.14100000000000001 -0.012906497385209686 0.0))
    (1.6484121030257566 (0.14100000000000001 -0.012847349049055372 0.0))
    (1.6494123530882723 (0.14100000000000001 -0.012787815168732251 0.0))
    (1.650412603150788 (0.14100000000000001 -0.012727902276066648 0.0))
    (1.6514128532133034 (0.14100000000000001 -0.01266761694446869 0.0))
    (1.6524131032758191 (0.14100000000000001 -0.012606965788211008 0.0))
    (1.6534133533383348 (0.14100000000000001 -0.012545955461703114 0.0))
    (1.6544136034008503 (0.14100000000000001 -0.012484592658761331 0.0))
    (1.655413853463366 (0.14100000000000001 -0.012422884111874253 0.0))
    (1.6564141035258817 (0.14100000000000001 -0.012360836591464199 0.0))
    (1.6574143535883972 (0.14100000000000001 -0.012298456905144374 0.0))
    (1.6584146036509129 (0.14100000000000001 -0.012235751896971877 0.0))
    (1.6594148537134286 (0.14100000000000001 -0.012172728446696887 0.0))
    (1.6604151037759443 (0.14100000000000001 -0.012109393469007839 0.0))
    (1.6614153538384597 (0.14100000000000001 -0.012045753912772727 0.0))
    (1.6624156039009754 (0.14100000000000001 -0.011981816760276685 0.0))
    (1.6634158539634911 (0.14100000000000001 -0.01191758902645602 0.0))
    (1.6644161040260066 (0.14100000000000001 -0.011853077758128452 0.0))
    (1.6654163540885223 (0.14100000000000001 -0.011788290033220017 0.0))
    (1.666416604151038 (0.14100000000000001 -0.011723232959988497 0.0))
    (1.6674168542135535 (0.14100000000000001 -0.011657913676243522 0.0))
    (1.6684171042760692 (0.14100000000000001 -0.011592339348563446 0.0))
    (1.6694173543385848 (0.14100000000000001 -0.01152651717150905 0.0))
    (1.6704176044011005 (0.14100000000000001 -0.01146045436683418 0.0))
    (1.671417854463616 (0.14100000000000001 -0.011394158182693456 0.0))
    (1.6724181045261317 (0.14100000000000001 -0.011327635892846912 0.0))
    (1.6734183545886474 (0.14100000000000001 -0.011260894795862066 0.0))
    (1.6744186046511629 (0.14100000000000001 -0.011193942214313133 0.0))
    (1.6754188547136786 (0.14100000000000001 -0.011126785493977522 0.0))
    (1.6764191047761943 (0.14100000000000001 -0.011059432003030029 0.0))
    (1.67741935483871 (0.14100000000000001 -0.010991889131234318 0.0))
    (1.6784196049012254 (0.14100000000000001 -0.010924164289132194 0.0))
    (1.6794198549637411 (0.14100000000000001 -0.010856264907230535 0.0))
    (1.6804201050262568 (0.14100000000000001 -0.010788198435186056 0.0))
    (1.6814203550887723 (0.14100000000000001 -0.010719972340987947 0.0))
    (1.682420605151288 (0.14100000000000001 -0.010651594110138527 0.0))
    (1.6834208552138037 (0.14100000000000001 -0.010583071244831953 0.0))
    (1.6844211052763192 (0.14100000000000001 -0.010514411263131115 0.0))
    (1.6854213553388349 (0.14100000000000001 -0.010445621698142785 0.0))
    (1.6864216054013506 (0.14100000000000001 -0.010376710097191095 0.0))
    (1.6874218554638662 (0.14100000000000001 -0.010307684020989522 0.0))
    (1.6884221055263817 (0.14100000000000001 -0.010238551042811309 0.0))
    (1.6894223555888974 (0.14100000000000001 -0.010169318747658524 0.0))
    (1.6904226056514131 (0.14100000000000001 -0.010099994731429985 0.0))
    (1.6914228557139286 (0.14100000000000001 -0.010030586600087753 0.0))
    (1.6924231057764443 (0.14100000000000001 -0.009961101968822637 0.0))
    (1.69342335583896 (0.14100000000000001 -0.00989154846121879 0.0))
    (1.6944236059014754 (0.14100000000000001 -0.00982193370841718 0.0))
    (1.6954238559639911 (0.14100000000000001 -0.009752265348278319 0.0))
    (1.6964241060265068 (0.14100000000000001 -0.009682551024544383 0.0))
    (1.6974243560890225 (0.14100000000000001 -0.009612798386000432 0.0))
    (1.698424606151538 (0.14100000000000001 -0.00954301508563534 0.0))
    (1.6994248562140537 (0.14100000000000001 -0.009473208779802006 0.0))
    (1.7004251062765694 (0.14100000000000001 -0.009403387127377436 0.0))
    (1.7014253563390849 (0.14100000000000001 -0.009333557788922439 0.0))
    (1.7024256064016006 (0.14100000000000001 -0.009333333333333334 0.0))
    (1.7034258564641163 (0.14100000000000001 -0.009333333333333334 0.0))
    (1.7044261065266317 (0.14100000000000001 -0.009333333333333334 0.0))
    (1.7054263565891474 (0.14100000000000001 -0.009333333333333334 0.0))
    (1.7064266066516631 (0.14100000000000001 -0.009333333333333334 0.0))
    (1.7074268567141788 (0.14100000000000001 -0.009333333333333334 0.0))
    (1.7084271067766943 (0.14100000000000001 -0.009333333333333334 0.0))
    (1.70942735683921 (0.14100000000000001 -0.009333333333333334 0.0))
    (1.7104276069017257 (0.14100000000000001 -0.009333333333333334 0.0))
    (1.7114278569642412 (0.14100000000000001 -0.009333333333333334 0.0))
    (1.7124281070267569 (0.14100000000000001 -0.009333333333333334 0.0))
    (1.7134283570892725 (0.14100000000000001 -0.009333333333333334 0.0))
    (1.714428607151788 (0.14100000000000001 -0.009333333333333334 0.0))
    (1.7154288572143037 (0.14100000000000001 -0.009333333333333334 0.0))
    (1.7164291072768194 (0.14100000000000001 -0.009333333333333334 0.0))
    (1.717429357339335 (0.14100000000000001 -0.009333333333333334 0.0))
    (1.7184296074018506 (0.14100000000000001 -0.009333333333333334 0.0))
    (1.7194298574643663 (0.14100000000000001 -0.009333333333333334 0.0))
    (1.720430107526882 (0.14100000000000001 -0.009333333333333334 0.0))
    (1.7214303575893974 (0.14100000000000001 -0.009333333333333334 0.0))
    (1.7224306076519131 (0.14100000000000001 -0.009333333333333334 0.0))
    (1.7234308577144288 (0.14100000000000001 -0.009333333333333334 0.0))
    (1.7244311077769445 (0.14100000000000001 -0.009333333333333334 0.0))
    (1.72543135783946 (0.14100000000000001 -0.009333333333333334 0.0))
    (1.7264316079019757 (0.14100000000000001 -0.009333333333333334 0.0))
    (1.7274318579644914 (0.14100000000000001 -0.009333333333333334 0.0))
    (1.7284321080270069 (0.14100000000000001 -0.009333333333333334 0.0))
    (1.7294323580895226 (0.14100000000000001 -0.009333333333333334 0.0))
    (1.7304326081520383 (0.14100000000000001 -0.009333333333333334 0.0))
    (1.7314328582145537 (0.14100000000000001 -0.009333333333333334 0.0))
    (1.7324331082770694 (0.14100000000000001 -0.009333333333333334 0.0))
    (1.7334333583395851 (0.14100000000000001 -0.009333333333333334 0.0))
    (1.7344336084021008 (0.14100000000000001 -0.009333333333333334 0.0))
    (1.7354338584646163 (0.14100000000000001 -0.009333333333333334 0.0))
    (1.736434108527132 (0.14100000000000001 -0.009333333333333334 0.0))
    (1.7374343585896477 (0.14100000000000001 -0.009333333333333334 0.0))
    (1.7384346086521631 (0.14100000000000001 -0.009333333333333334 0.0))
    (1.7394348587146788 (0.14100000000000001 -0.009333333333333334 0.0))
    (1.7404351087771945 (0.14100000000000001 -0.009333333333333334 0.0))
    (1.74143535883971 (0.14100000000000001 -0.009333333333333334 0.0))
    (1.7424356089022257 (0.14100000000000001 -0.009333333333333334 0.0))
    (1.7434358589647414 (0.14100000000000001 -0.009333333333333334 0.0))
    (1.744436109027257 (0.14100000000000001 -0.009333333333333334 0.0))
    (1.7454363590897726 (0.14100000000000001 -0.009333333333333334 0.0))
    (1.7464366091522883 (0.14100000000000001 -0.009333333333333334 0.0))
    (1.747436859214804 (0.14100000000000001 -0.009333333333333334 0.0))
    (1.7484371092773194 (0.14100000000000001 -0.009333333333333334 0.0))
    (1.7494373593398351 (0.14100000000000001 -0.009333333333333334 0.0))
    (1.7504376094023508 (0.14100000000000001 -0.009333333333333334 0.0))
    (1.7514378594648663 (0.14100000000000001 -0.009333333333333334 0.0))
    (1.752438109527382 (0.14100000000000001 -0.009333333333333334 0.0))
    (1.7534383595898977 (0.14100000000000001 -0.009333333333333334 0.0))
    (1.7544386096524134 (0.14100000000000001 -0.009333333333333334 0.0))
    (1.7554388597149289 (0.14100000000000001 -0.009333333333333334 0.0))
    (1.7564391097774446 (0.14100000000000001 -0.009333333333333334 0.0))
    (1.7574393598399602 (0.14100000000000001 -0.009333333333333334 0.0))
    (1.7584396099024757 (0.14100000000000001 -0.009333333333333334 0.0))
    (1.7594398599649914 (0.14100000000000001 -0.009333333333333334 0.0))
    (1.760440110027507 (0.14100000000000001 -0.009333333333333334 0.0))
    (1.7614403600900226 (0.14100000000000001 -0.009333333333333334 0.0))
    (1.7624406101525383 (0.14100000000000001 -0.009333333333333334 0.0))
    (1.763440860215054 (0.14100000000000001 -0.009333333333333334 0.0))
    (1.7644411102775697 (0.14100000000000001 -0.009333333333333334 0.0))
    (1.7654413603400851 (0.14100000000000001 -0.009333333333333334 0.0))
    (1.7664416104026008 (0.14100000000000001 -0.009333333333333334 0.0))
    (1.7674418604651165 (0.14100000000000001 -0.009333333333333334 0.0))
    (1.768442110527632 (0.14100000000000001 -0.009333333333333334 0.0))
    (1.7694423605901477 (0.14100000000000001 -0.009333333333333334 0.0))
    (1.7704426106526634 (0.14100000000000001 -0.009333333333333334 0.0))
    (1.771442860715179 (0.14100000000000001 -0.009333333333333334 0.0))
    (1.7724431107776946 (0.14100000000000001 -0.009333333333333334 0.0))
    (1.7734433608402103 (0.14100000000000001 -0.009333333333333334 0.0))
    (1.774443610902726 (0.14100000000000001 -0.009333333333333334 0.0))
    (1.7754438609652414 (0.14100000000000001 -0.009333333333333334 0.0))
    (1.7764441110277571 (0.14100000000000001 -0.009333333333333334 0.0))
    (1.7774443610902728 (0.14100000000000001 -0.009333333333333334 0.0))
    (1.7784446111527883 (0.14100000000000001 -0.009333333333333334 0.0))
    (1.779444861215304 (0.14100000000000001 -0.009333333333333334 0.0))
    (1.7804451112778197 (0.14100000000000001 -0.009333333333333334 0.0))
    (1.7814453613403354 (0.14100000000000001 -0.009333333333333334 0.0))
    (1.7824456114028508 (0.14100000000000001 -0.009333333333333334 0.0))
    (1.7834458614653665 (0.14100000000000001 -0.009333333333333334 0.0))
    (1.7844461115278822 (0.14100000000000001 -0.009333333333333334 0.0))
    (1.7854463615903977 (0.14100000000000001 -0.009333333333333334 0.0))
    (1.7864466116529134 (0.14100000000000001 -0.009333333333333334 0.0))
    (1.787446861715429 (0.14100000000000001 -0.009333333333333334 0.0))
    (1.7884471117779446 (0.14100000000000001 -0.009333333333333334 0.0))
    (1.7894473618404603 (0.14100000000000001 -0.009333333333333334 0.0))
    (1.790447611902976 (0.14100000000000001 -0.009333333333333334 0.0))
    (1.7914478619654917 (0.14100000000000001 -0.009333333333333334 0.0))
    (1.7924481120280071 (0.14100000000000001 -0.009333333333333334 0.0))
    (1.7934483620905228 (0.14100000000000001 -0.009333333333333334 0.0))
    (1.7944486121530385 (0.14100000000000001 -0.009333333333333334 0.0))
    (1.795448862215554 (0.14100000000000001 -0.009333333333333334 0.0))
    (1.7964491122780697 (0.14100000000000001 -0.009333333333333334 0.0))
    (1.7974493623405854 (0.14100000000000001 -0.009333333333333334 0.0))
    (1.7984496124031009 (0.14100000000000001 -0.009333333333333334 0.0))
    (1.7994498624656166 (0.14100000000000001 -0.009333333333333334 0.0))
    (1.8004501125281323 (0.14100000000000001 -0.009333333333333334 0.0))
    (1.801450362590648 (0.14100000000000001 -0.009333333333333334 0.0))
    (1.8024506126531634 (0.14100000000000001 -0.009333333333333334 0.0))
    (1.8034508627156791 (0.14100000000000001 -0.009333333333333334 0.0))
    (1.8044511127781948 (0.14100000000000001 -0.009333333333333334 0.0))
    (1.8054513628407103 (0.14100000000000001 -0.009333333333333334 0.0))
    (1.806451612903226 (0.14100000000000001 -0.009333333333333334 0.0))
    (1.8074518629657417 (0.14100000000000001 -0.009333333333333334 0.0))
    (1.8084521130282571 (0.14100000000000001 -0.009333333333333334 0.0))
    (1.8094523630907728 (0.14100000000000001 -0.009333333333333334 0.0))
    (1.8104526131532885 (0.14100000000000001 -0.009333333333333334 0.0))
    (1.8114528632158042 (0.14100000000000001 -0.009333333333333334 0.0))
    (1.8124531132783197 (0.14100000000000001 -0.009333333333333334 0.0))
    (1.8134533633408354 (0.14100000000000001 -0.009333333333333334 0.0))
    (1.814453613403351 (0.14100000000000001 -0.009333333333333334 0.0))
    (1.8154538634658666 (0.14100000000000001 -0.009333333333333334 0.0))
    (1.8164541135283823 (0.14100000000000001 -0.009333333333333334 0.0))
    (1.817454363590898 (0.14100000000000001 -0.009333333333333334 0.0))
    (1.8184546136534137 (0.14100000000000001 -0.009333333333333334 0.0))
    (1.8194548637159291 (0.14100000000000001 -0.009333333333333334 0.0))
    (1.8204551137784448 (0.14100000000000001 -0.009333333333333334 0.0))
    (1.8214553638409605 (0.14100000000000001 -0.009333333333333334 0.0))
    (1.822455613903476 (0.14100000000000001 -0.009333333333333334 0.0))
    (1.8234558639659917 (0.14100000000000001 -0.009333333333333334 0.0))
    (1.8244561140285074 (0.14100000000000001 -0.009333333333333334 0.0))
    (1.8254563640910229 (0.14100000000000001 -0.009333333333333334 0.0))
    (1.8264566141535385 (0.14100000000000001 -0.009333333333333334 0.0))
    (1.8274568642160542 (0.14100000000000001 -0.009333333333333334 0.0))
    (1.82845711427857 (0.14100000000000001 -0.009333333333333334 0.0))
    (1.8294573643410854 (0.14100000000000001 -0.009333333333333334 0.0))
    (1.830457614403601 (0.14100000000000001 -0.009333333333333334 0.0))
    (1.8314578644661168 (0.14100000000000001 -0.009333333333333334 0.0))
    (1.8324581145286323 (0.14100000000000001 -0.009333333333333334 0.0))
    (1.833458364591148 (0.14100000000000001 -0.009333333333333334 0.0))
    (1.8344586146536637 (0.14100000000000001 -0.009333333333333334 0.0))
    (1.8354588647161791 (0.14100000000000001 -0.009333333333333334 0.0))
    (1.8364591147786948 (0.14100000000000001 -0.009333333333333334 0.0))
    (1.8374593648412105 (0.14100000000000001 -0.009333333333333334 0.0))
    (1.8384596149037262 (0.14100000000000001 -0.009333333333333334 0.0))
    (1.8394598649662417 (0.14100000000000001 -0.009333333333333334 0.0))
    (1.8404601150287574 (0.14100000000000001 -0.009333333333333334 0.0))
    (1.841460365091273 (0.14100000000000001 -0.009333333333333334 0.0))
    (1.8424606151537886 (0.14100000000000001 -0.009333333333333334 0.0))
    (1.8434608652163043 (0.14100000000000001 -0.009333333333333334 0.0))
    (1.84446111527882 (0.14100000000000001 -0.009333333333333334 0.0))
    (1.8454613653413354 (0.14100000000000001 -0.009333333333333334 0.0))
    (1.8464616154038511 (0.14100000000000001 -0.009333333333333334 0.0))
    (1.8474618654663668 (0.14100000000000001 -0.009333333333333334 0.0))
    (1.8484621155288825 (0.14100000000000001 -0.009333333333333334 0.0))
    (1.849462365591398 (0.14100000000000001 -0.009333333333333334 0.0))
    (1.8504626156539137 (0.14100000000000001 -0.009333333333333334 0.0))
    (1.8514628657164294 (0.14100000000000001 -0.009333333333333334 0.0))
    (1.8524631157789448 (0.14100000000000001 -0.009333333333333334 0.0))
    (1.8534633658414605 (0.14100000000000001 -0.009333333333333334 0.0))
    (1.8544636159039762 (0.14100000000000001 -0.009333333333333334 0.0))
    (1.8554638659664917 (0.14100000000000001 -0.009333333333333334 0.0))
    (1.8564641160290074 (0.14100000000000001 -0.009333333333333334 0.0))
    (1.857464366091523 (0.14100000000000001 -0.009333333333333334 0.0))
    (1.8584646161540388 (0.14100000000000001 -0.009333333333333334 0.0))
    (1.8594648662165543 (0.14100000000000001 -0.009333333333333334 0.0))
    (1.86046511627907 (0.14100000000000001 -0.009333333333333334 0.0))
    (1.8614653663415857 (0.14100000000000001 -0.009333333333333334 0.0))
    (1.8624656164041011 (0.14100000000000001 -0.009333333333333334 0.0))
    (1.8634658664666168 (0.14100000000000001 -0.009333333333333334 0.0))
    (1.8644661165291325 (0.14100000000000001 -0.009333333333333334 0.0))
    (1.8654663665916482 (0.14100000000000001 -0.009333333333333334 0.0))
    (1.8664666166541637 (0.14100000000000001 -0.009333333333333334 0.0))
    (1.8674668667166794 (0.14100000000000001 -0.009333333333333334 0.0))
    (1.868467116779195 (0.14100000000000001 -0.009333333333333334 0.0))
    (1.8694673668417106 (0.14100000000000001 -0.009333333333333334 0.0))
    (1.8704676169042262 (0.14100000000000001 -0.009333333333333334 0.0))
    (1.871467866966742 (0.14100000000000001 -0.009333333333333334 0.0))
    (1.8724681170292574 (0.14100000000000001 -0.009333333333333334 0.0))
    (1.8734683670917731 (0.14100000000000001 -0.009333333333333334 0.0))
    (1.8744686171542888 (0.14100000000000001 -0.009333333333333334 0.0))
    (1.8754688672168045 (0.14100000000000001 -0.009333333333333334 0.0))
    (1.87646911727932 (0.14100000000000001 -0.009333333333333334 0.0))
    (1.8774693673418357 (0.14100000000000001 -0.009333333333333334 0.0))
    (1.8784696174043514 (0.14100000000000001 -0.009333333333333334 0.0))
    (1.8794698674668668 (0.14100000000000001 -0.009333333333333334 0.0))
    (1.8804701175293825 (0.14100000000000001 -0.009333333333333334 0.0))
    (1.8814703675918982 (0.14100000000000001 -0.009333333333333334 0.0))
    (1.8824706176544137 (0.14100000000000001 -0.009333333333333334 0.0))
    (1.8834708677169294 (0.14100000000000001 -0.009333333333333334 0.0))
    (1.884471117779445 (0.14100000000000001 -0.009333333333333334 0.0))
    (1.8854713678419608 (0.14100000000000001 -0.009333333333333334 0.0))
    (1.8864716179044763 (0.14100000000000001 -0.009333333333333334 0.0))
    (1.887471867966992 (0.14100000000000001 -0.009333333333333334 0.0))
    (1.8884721180295077 (0.14100000000000001 -0.009333333333333334 0.0))
    (1.8894723680920231 (0.14100000000000001 -0.009333333333333334 0.0))
    (1.8904726181545388 (0.14100000000000001 -0.009333333333333334 0.0))
    (1.8914728682170545 (0.14100000000000001 -0.009333333333333334 0.0))
    (1.89247311827957 (0.14100000000000001 -0.009333333333333334 0.0))
    (1.8934733683420857 (0.14100000000000001 -0.009333333333333334 0.0))
    (1.8944736184046014 (0.14100000000000001 -0.009333333333333334 0.0))
    (1.895473868467117 (0.14100000000000001 -0.009333333333333334 0.0))
    (1.8964741185296325 (0.14100000000000001 -0.009333333333333334 0.0))
    (1.8974743685921482 (0.14100000000000001 -0.009333333333333334 0.0))
    (1.898474618654664 (0.14100000000000001 -0.009333333333333334 0.0))
    (1.8994748687171794 (0.14100000000000001 -0.009333333333333334 0.0))
    (1.900475118779695 (0.14100000000000001 -0.009333333333333334 0.0))
    (1.9014753688422108 (0.14100000000000001 -0.009333333333333334 0.0))
    (1.9024756189047263 (0.14100000000000001 -0.009333333333333334 0.0))
    (1.903475868967242 (0.14100000000000001 -0.009333333333333334 0.0))
    (1.9044761190297577 (0.14100000000000001 -0.009333333333333334 0.0))
    (1.9054763690922734 (0.14100000000000001 -0.009333333333333334 0.0))
    (1.9064766191547888 (0.14100000000000001 -0.009333333333333334 0.0))
    (1.9074768692173045 (0.14100000000000001 -0.009333333333333334 0.0))
    (1.9084771192798202 (0.14100000000000001 -0.009333333333333334 0.0))
    (1.9094773693423357 (0.14100000000000001 -0.009333333333333334 0.0))
    (1.9104776194048514 (0.14100000000000001 -0.009333333333333334 0.0))
    (1.911477869467367 (0.14100000000000001 -0.009333333333333334 0.0))
    (1.9124781195298828 (0.14100000000000001 -0.009333333333333334 0.0))
    (1.9134783695923983 (0.14100000000000001 -0.009333333333333334 0.0))
    (1.914478619654914 (0.14100000000000001 -0.009333333333333334 0.0))
    (1.9154788697174296 (0.14100000000000001 -0.009333333333333334 0.0))
    (1.9164791197799451 (0.14100000000000001 -0.009333333333333334 0.0))
    (1.9174793698424608 (0.14100000000000001 -0.009333333333333334 0.0))
    (1.9184796199049765 (0.14100000000000001 -0.009333333333333334 0.0))
    (1.919479869967492 (0.14100000000000001 -0.009333333333333334 0.0))
    (1.9204801200300077 (0.14100000000000001 -0.009333333333333334 0.0))
    (1.9214803700925234 (0.14100000000000001 -0.009333333333333334 0.0))
    (1.922480620155039 (0.14100000000000001 -0.009333333333333334 0.0))
    (1.9234808702175545 (0.14100000000000001 -0.009333333333333334 0.0))
    (1.9244811202800702 (0.14100000000000001 -0.009333333333333334 0.0))
    (1.925481370342586 (0.14100000000000001 -0.009333333333333334 0.0))
    (1.9264816204051014 (0.14100000000000001 -0.009333333333333334 0.0))
    (1.927481870467617 (0.14100000000000001 -0.009333333333333334 0.0))
    (1.9284821205301328 (0.14100000000000001 -0.009333333333333334 0.0))
    (1.9294823705926483 (0.14100000000000001 -0.009333333333333334 0.0))
    (1.930482620655164 (0.14100000000000001 -0.009333333333333334 0.0))
    (1.9314828707176797 (0.14100000000000001 -0.009333333333333334 0.0))
    (1.9324831207801954 (0.14100000000000001 -0.009333333333333334 0.0))
    (1.9334833708427108 (0.14100000000000001 -0.009333333333333334 0.0))
    (1.9344836209052265 (0.14100000000000001 -0.009333333333333334 0.0))
    (1.9354838709677422 (0.14100000000000001 -0.009333333333333334 0.0))
    (1.9364841210302577 (0.14100000000000001 -0.009333333333333334 0.0))
    (1.9374843710927734 (0.14100000000000001 -0.009333333333333334 0.0))
    (1.938484621155289 (0.14100000000000001 -0.009333333333333334 0.0))
    (1.9394848712178046 (0.14100000000000001 -0.009333333333333334 0.0))
    (1.9404851212803202 (0.14100000000000001 -0.009333333333333334 0.0))
    (1.941485371342836 (0.14100000000000001 -0.009333333333333334 0.0))
    (1.9424856214053516 (0.14100000000000001 -0.009333333333333334 0.0))
    (1.943485871467867 (0.14100000000000001 -0.009333333333333334 0.0))
    (1.9444861215303828 (0.14100000000000001 -0.009333333333333334 0.0))
    (1.9454863715928985 (0.14100000000000001 -0.009333333333333334 0.0))
    (1.946486621655414 (0.14100000000000001 -0.009333333333333334 0.0))
    (1.9474868717179297 (0.14100000000000001 -0.009333333333333334 0.0))
    (1.9484871217804454 (0.14100000000000001 -0.009333333333333334 0.0))
    (1.9494873718429608 (0.14100000000000001 -0.009333333333333334 0.0))
    (1.9504876219054765 (0.14100000000000001 -0.009333333333333334 0.0))
    (1.9514878719679922 (0.14100000000000001 -0.009333333333333334 0.0))
    (1.952488122030508 (0.14100000000000001 -0.009333333333333334 0.0))
    (1.9534883720930234 (0.14100000000000001 -0.009333333333333334 0.0))
    (1.954488622155539 (0.14100000000000001 -0.009333333333333334 0.0))
    (1.9554888722180548 (0.14100000000000001 -0.009333333333333334 0.0))
    (1.9564891222805703 (0.14100000000000001 -0.009333333333333334 0.0))
    (1.957489372343086 (0.14100000000000001 -0.009333333333333334 0.0))
    (1.9584896224056016 (0.14100000000000001 -0.009333333333333334 0.0))
    (1.9594898724681173 (0.14100000000000001 -0.009333333333333334 0.0))
    (1.9604901225306328 (0.14100000000000001 -0.009333333333333334 0.0))
    (1.9614903725931485 (0.14100000000000001 -0.009333333333333334 0.0))
    (1.9624906226556642 (0.14100000000000001 -0.009333333333333334 0.0))
    (1.9634908727181797 (0.14100000000000001 -0.009333333333333334 0.0))
    (1.9644911227806954 (0.14100000000000001 -0.009333333333333334 0.0))
    (1.965491372843211 (0.14100000000000001 -0.009333333333333334 0.0))
    (1.9664916229057265 (0.14100000000000001 -0.009333333333333334 0.0))
    (1.9674918729682422 (0.14100000000000001 -0.009333333333333334 0.0))
    (1.968492123030758 (0.14100000000000001 -0.009333333333333334 0.0))
    (1.9694923730932736 (0.14100000000000001 -0.009333333333333334 0.0))
    (1.970492623155789 (0.14100000000000001 -0.009333333333333334 0.0))
    (1.9714928732183048 (0.14100000000000001 -0.009333333333333334 0.0))
    (1.9724931232808205 (0.14100000000000001 -0.009333333333333334 0.0))
    (1.973493373343336 (0.14100000000000001 -0.009333333333333334 0.0))
    (1.9744936234058517 (0.14100000000000001 -0.009333333333333334 0.0))
    (1.9754938734683674 (0.14100000000000001 -0.009333333333333334 0.0))
    (1.9764941235308828 (0.14100000000000001 -0.009333333333333334 0.0))
    (1.9774943735933985 (0.14100000000000001 -0.009333333333333334 0.0))
    (1.9784946236559142 (0.14100000000000001 -0.009333333333333334 0.0))
    (1.97949487371843 (0.14100000000000001 -0.009333333333333334 0.0))
    (1.9804951237809454 (0.14100000000000001 -0.009333333333333334 0.0))
    (1.981495373843461 (0.14100000000000001 -0.009333333333333334 0.0))
    (1.9824956239059768 (0.14100000000000001 -0.009333333333333334 0.0))
    (1.9834958739684923 (0.14100000000000001 -0.009333333333333334 0.0))
    (1.984496124031008 (0.14100000000000001 -0.009333333333333334 0.0))
    (1.9854963740935236 (0.14100000000000001 -0.009333333333333334 0.0))
    (1.9864966241560391 (0.14100000000000001 -0.009333333333333334 0.0))
    (1.9874968742185548 (0.14100000000000001 -0.009333333333333334 0.0))
    (1.9884971242810705 (0.14100000000000001 -0.009333333333333334 0.0))
    (1.9894973743435862 (0.14100000000000001 -0.009333333333333334 0.0))
    (1.9904976244061017 (0.14100000000000001 -0.009333333333333334 0.0))
    (1.9914978744686174 (0.14100000000000001 -0.009333333333333334 0.0))
    (1.992498124531133 (0.14100000000000001 -0.009333333333333334 0.0))
    (1.9934983745936485 (0.14100000000000001 -0.009333333333333334 0.0))
    (1.9944986246561642 (0.14100000000000001 -0.009333333333333334 0.0))
    (1.99549887471868 (0.14100000000000001 -0.009333333333333334 0.0))
    (1.9964991247811954 (0.14100000000000001 -0.009333333333333334 0.0))
    (1.997499374843711 (0.14100000000000001 -0.009333333333333334 0.0))
    (1.9984996249062268 (0.14100000000000001 -0.009333333333333334 0.0))
    (1.9994998749687425 (0.14100000000000001 -0.009333333333333334 0.0))
    (2.000500125031258 (0.14100000000000001 -0.009333333333333334 0.0))
    (2.0015003750937734 (0.14100000000000001 -0.009338346174352053 0.0))
    (2.0025006251562893 (0.14100000000000001 -0.009408175230424615 0.0))
    (2.003500875218805 (0.14100000000000001 -0.009477996075134616 0.0))
    (2.0045011252813207 (0.14100000000000001 -0.009547801048009948 0.0))
    (2.005501375343836 (0.14100000000000001 -0.009617582490319783 0.0))
    (2.0065016254063517 (0.14100000000000001 -0.009687332745915114 0.0))
    (2.0075018754688676 (0.14100000000000001 -0.009757044162068552 0.0))
    (2.008502125531383 (0.14100000000000001 -0.00982670909031395 0.0))
    (2.0095023755938985 (0.14100000000000001 -0.009896319887285773 0.0))
    (2.0105026256564145 (0.14100000000000001 -0.00996586891555749 0.0))
    (2.01150287571893 (0.14100000000000001 -0.01003534854447952 0.0))
    (2.0125031257814454 (0.14100000000000001 -0.010104751151016653 0.0))
    (2.0135033758439613 (0.14100000000000001 -0.010174069120584203 0.0))
    (2.014503625906477 (0.14100000000000001 -0.010243294847883454 0.0))
    (2.0155038759689923 (0.14100000000000001 -0.010312420737736298 0.0))
    (2.016504126031508 (0.14100000000000001 -0.01038143920591833 0.0))
    (2.0175043760940237 (0.14100000000000001 -0.010450342679990962 0.0))
    (2.018504626156539 (0.14100000000000001 -0.010519123600132463 0.0))
    (2.019504876219055 (0.14100000000000001 -0.01058777441996716 0.0))
    (2.0205051262815705 (0.14100000000000001 -0.010656287607393422 0.0))
    (2.0215053763440864 (0.14100000000000001 -0.010724655645410272 0.0))
    (2.022505626406602 (0.14100000000000001 -0.010792871032941796 0.0))
    (2.0235058764691174 (0.14100000000000001 -0.010860926285660374 0.0))
    (2.0245061265316333 (0.14100000000000001 -0.010928813936807823 0.0))
    (2.025506376594149 (0.14100000000000001 -0.010996526538014417 0.0))
    (2.0265066266566643 (0.14100000000000001 -0.011064056660116294 0.0))
    (2.02750687671918 (0.14100000000000001 -0.011131396893970571 0.0))
    (2.0285071267816956 (0.14100000000000001 -0.011198539851268017 0.0))
    (2.029507376844211 (0.14100000000000001 -0.011265478165343897 0.0))
    (2.030507626906727 (0.14100000000000001 -0.0113322044919862 0.0))
    (2.0315078769692425 (0.14100000000000001 -0.01139871151024122 0.0))
    (2.032508127031758 (0.14100000000000001 -0.01146499192321698 0.0))
    (2.033508377094274 (0.14100000000000001 -0.011531038458883825 0.0))
    (2.0345086271567894 (0.14100000000000001 -0.01159684387087208 0.0))
    (2.035508877219305 (0.14100000000000001 -0.011662400939267285 0.0))
    (2.0365091272818208 (0.14100000000000001 -0.011727702471402347 0.0))
    (2.0375093773443362 (0.14100000000000001 -0.011792741302646483 0.0))
    (2.0385096274068517 (0.14100000000000001 -0.0118575102971915 0.0))
    (2.0395098774693676 (0.14100000000000001 -0.011922002348834709 0.0))
    (2.040510127531883 (0.14100000000000001 -0.011986210381758388 0.0))
    (2.041510377594399 (0.14100000000000001 -0.012050127351306353 0.0))
    (2.0425106276569145 (0.14100000000000001 -0.012113746244756663 0.0))
    (2.04351087771943 (0.14100000000000001 -0.012177060082091252 0.0))
    (2.044511127781946 (0.14100000000000001 -0.012240061916761566 0.0))
    (2.0455113778444614 (0.14100000000000001 -0.012302744836450712 0.0))
    (2.046511627906977 (0.14100000000000001 -0.01236510196383203 0.0))
    (2.0475118779694927 (0.14100000000000001 -0.012427126457323474 0.0))
    (2.048512128032008 (0.14100000000000001 -0.012488811511838227 0.0))
    (2.0495123780945237 (0.14100000000000001 -0.012550150359531529 0.0))
    (2.0505126281570396 (0.14100000000000001 -0.01261113627054303 0.0))
    (2.051512878219555 (0.14100000000000001 -0.01267176255373515 0.0))
    (2.0525131282820706 (0.14100000000000001 -0.01273202255742741 0.0))
    (2.0535133783445865 (0.14100000000000001 -0.012791909670126037 0.0))
    (2.054513628407102 (0.14100000000000001 -0.012851417321249343 0.0))
    (2.0555138784696174 (0.14100000000000001 -0.012910538981848817 0.0))
    (2.0565141285321333 (0.14100000000000001 -0.01296926816532527 0.0))
    (2.057514378594649 (0.14100000000000001 -0.013027598428140517 0.0))
    (2.0585146286571647 (0.14100000000000001 -0.013085523370524545 0.0))
    (2.05951487871968 (0.14100000000000001 -0.013143036637177379 0.0))
    (2.0605151287821957 (0.14100000000000001 -0.013200131917966576 0.0))
    (2.0615153788447116 (0.14100000000000001 -0.013256802948619533 0.0))
    (2.062515628907227 (0.14100000000000001 -0.013313043511410612 0.0))
    (2.0635158789697425 (0.14100000000000001 -0.013368847435843493 0.0))
    (2.0645161290322585 (0.14100000000000001 -0.013424208599328183 0.0))
    (2.065516379094774 (0.14100000000000001 -0.013479120927852585 0.0))
    (2.0665166291572894 (0.14100000000000001 -0.013533578396649093 0.0))
    (2.0675168792198053 (0.14100000000000001 -0.013587575030855599 0.0))
    (2.068517129282321 (0.14100000000000001 -0.013641104906170865 0.0))
    (2.0695173793448363 (0.14100000000000001 -0.013694162149504687 0.0))
    (2.070517629407352 (0.14100000000000001 -0.013746740939622259 0.0))
    (2.0715178794698677 (0.14100000000000001 -0.013798835507782697 0.0))
    (2.072518129532383 (0.14100000000000001 -0.013850440138372128 0.0))
    (2.073518379594899 (0.14100000000000001 -0.013901549169530777 0.0))
    (2.0745186296574145 (0.14100000000000001 -0.013952156993774015 0.0))
    (2.07551887971993 (0.14100000000000001 -0.01400225805860774 0.0))
    (2.076519129782446 (0.14100000000000001 -0.014051846867137577 0.0))
    (2.0775193798449614 (0.14100000000000001 -0.014100917978671825 0.0))
    (2.0785196299074773 (0.14100000000000001 -0.014149466009318571 0.0))
    (2.0795198799699928 (0.14100000000000001 -0.014197485632576225 0.0))
    (2.0805201300325082 (0.14100000000000001 -0.014244971579918105 0.0))
    (2.081520380095024 (0.14100000000000001 -0.014291918641370326 0.0))
    (2.0825206301575396 (0.14100000000000001 -0.014338321666083433 0.0))
    (2.083520880220055 (0.14100000000000001 -0.014384175562897655 0.0))
    (2.084521130282571 (0.14100000000000001 -0.014429475300901363 0.0))
    (2.0855213803450865 (0.14100000000000001 -0.014474215909983035 0.0))
    (2.086521630407602 (0.14100000000000001 -0.0145183924813767 0.0))
    (2.087521880470118 (0.14100000000000001 -0.014562000168200358 0.0))
    (2.0885221305326334 (0.14100000000000001 -0.014605034185987784 0.0))
    (2.089522380595149 (0.14100000000000001 -0.014647489813213569 0.0))
    (2.0905226306576647 (0.14100000000000001 -0.014689362391811041 0.0))
    (2.09152288072018 (0.14100000000000001 -0.01473064732768331 0.0))
    (2.0925231307826957 (0.14100000000000001 -0.014771340091207456 0.0))
    (2.0935233808452116 (0.14100000000000001 -0.014811436217731365 0.0))
    (2.094523630907727 (0.14100000000000001 -0.014850931308063576 0.0))
    (2.095523880970243 (0.14100000000000001 -0.01488982102895609 0.0))
    (2.0965241310327585 (0.14100000000000001 -0.014928101113579593 0.0))
    (2.097524381095274 (0.14100000000000001 -0.014965767361991742 0.0))
    (2.09852463115779 (0.14100000000000001 -0.015002815641597955 0.0))
    (2.0995248812203053 (0.14100000000000001 -0.015039241887604712 0.0))
    (2.100525131282821 (0.14100000000000001 -0.015075042103465653 0.0))
    (2.1015253813453367 (0.14100000000000001 -0.015110212361320041 0.0))
    (2.102525631407852 (0.14100000000000001 -0.015144748802423624 0.0))
    (2.1035258814703677 (0.14100000000000001 -0.015178647637572096 0.0))
    (2.1045261315328836 (0.14100000000000001 -0.015211905147516837 0.0))
    (2.105526381595399 (0.14100000000000001 -0.01524451768337287 0.0))
    (2.1065266316579145 (0.14100000000000001 -0.015276481667019311 0.0))
    (2.1075268817204305 (0.14100000000000001 -0.015307793591491935 0.0))
    (2.108527131782946 (0.14100000000000001 -0.01533845002136786 0.0))
    (2.1095273818454614 (0.14100000000000001 -0.015368447593142567 0.0))
    (2.1105276319079773 (0.14100000000000001 -0.015397783015598878 0.0))
    (2.111527881970493 (0.14100000000000001 -0.015426453070168074 0.0))
    (2.1125281320330083 (0.14100000000000001 -0.015454454611283018 0.0))
    (2.113528382095524 (0.14100000000000001 -0.015481784566723273 0.0))
    (2.1145286321580397 (0.14100000000000001 -0.015508439937952177 0.0))
    (2.1155288822205556 (0.14100000000000001 -0.015534417800445836 0.0))
    (2.116529132283071 (0.14100000000000001 -0.015559715304013958 0.0))
    (2.1175293823455865 (0.14100000000000001 -0.01558432967311264 0.0))
    (2.1185296324081024 (0.14100000000000001 -0.015608258207148812 0.0))
    (2.119529882470618 (0.14100000000000001 -0.01563149828077655 0.0))
    (2.1205301325331334 (0.14100000000000001 -0.015654047344185174 0.0))
    (2.1215303825956493 (0.14100000000000001 -0.015675902923378948 0.0))
    (2.1225306326581648 (0.14100000000000001 -0.015697062620448503 0.0))
    (2.1235308827206802 (0.14100000000000001 -0.015717524113834012 0.0))
    (2.124531132783196 (0.14100000000000001 -0.015737285158579813 0.0))
    (2.1255313828457116 (0.14100000000000001 -0.015756343586580734 0.0))
    (2.126531632908227 (0.14100000000000001 -0.01577469730682003 0.0))
    (2.127531882970743 (0.14100000000000001 -0.01579234430559873 0.0))
    (2.1285321330332585 (0.14100000000000001 -0.015809282646756594 0.0))
    (2.129532383095774 (0.14100000000000001 -0.015825510471884567 0.0))
    (2.13053263315829 (0.14100000000000001 -0.015841026000528648 0.0))
    (2.1315328832208054 (0.14100000000000001 -0.015855827530385228 0.0))
    (2.132533133283321 (0.14100000000000001 -0.01586991343748789 0.0))
    (2.1335333833458368 (0.14100000000000001 -0.01588328217638557 0.0))
    (2.1345336334083522 (0.14100000000000001 -0.01589593228031211 0.0))
    (2.135533883470868 (0.14100000000000001 -0.015907862361347183 0.0))
    (2.1365341335333836 (0.14100000000000001 -0.0159190711105686 0.0))
    (2.137534383595899 (0.14100000000000001 -0.01592955729819589 0.0))
    (2.138534633658415 (0.14100000000000001 -0.015939319773725234 0.0))
    (2.1395348837209305 (0.14100000000000001 -0.015948357466055697 0.0))
    (2.140535133783446 (0.14100000000000001 -0.01595666938360675 0.0))
    (2.141535383845962 (0.14100000000000001 -0.015964254614427048 0.0))
    (2.1425356339084773 (0.14100000000000001 -0.0159711123262945 0.0))
    (2.143535883970993 (0.14100000000000001 -0.015977241766807572 0.0))
    (2.1445361340335087 (0.14100000000000001 -0.015982642263467836 0.0))
    (2.145536384096024 (0.14100000000000001 -0.015987313223753748 0.0))
    (2.1465366341585397 (0.14100000000000001 -0.015991254135185675 0.0))
    (2.1475368842210556 (0.14100000000000001 -0.015994464565382106 0.0))
    (2.148537134283571 (0.14100000000000001 -0.015996944162107098 0.0))
    (2.1495373843460865 (0.14100000000000001 -0.015998692653308916 0.0))
    (2.1505376344086025 (0.14100000000000001 -0.015999709847149893 0.0))
    (2.151537884471118 (0.14100000000000001 -0.015999995632027468 0.0))
    (2.152538134533634 (0.14100000000000001 -0.015999549976586435 0.0))
    (2.1535383845961493 (0.14100000000000001 -0.01599837292972238 0.0))
    (2.154538634658665 (0.14100000000000001 -0.01599646462057631 0.0))
    (2.1555388847211807 (0.14100000000000001 -0.015993825258520507 0.0))
    (2.156539134783696 (0.14100000000000001 -0.01599045513313553 0.0))
    (2.1575393848462117 (0.14100000000000001 -0.015986354614178466 0.0))
    (2.1585396349087276 (0.14100000000000001 -0.015981524151542335 0.0))
    (2.159539884971243 (0.14100000000000001 -0.01597596427520676 0.0))
    (2.1605401350337585 (0.14100000000000001 -0.015969675595179793 0.0))
    (2.1615403850962744 (0.14100000000000001 -0.01596265880143101 0.0))
    (2.16254063515879 (0.14100000000000001 -0.015954914663815788 0.0))
    (2.1635408852213054 (0.14100000000000001 -0.015946444031990862 0.0))
    (2.1645411352838213 (0.14100000000000001 -0.01593724783532108 0.0))
    (2.1655413853463368 (0.14100000000000001 -0.015927327082777467 0.0))
    (2.1665416354088523 (0.14100000000000001 -0.015916682862826492 0.0))
    (2.167541885471368 (0.14100000000000001 -0.015905316343310653 0.0))
    (2.1685421355338836 (0.14100000000000001 -0.01589322877132038 0.0))
    (2.169542385596399 (0.14100000000000001 -0.015880421473057172 0.0))
    (2.170542635658915 (0.14100000000000001 -0.015866895853688077 0.0))
    (2.1715428857214305 (0.14100000000000001 -0.01585265339719159 0.0))
    (2.1725431357839464 (0.14100000000000001 -0.015837695666194758 0.0))
    (2.173543385846462 (0.14100000000000001 -0.015822024301801796 0.0))
    (2.1745436359089774 (0.14100000000000001 -0.015805641023413988 0.0))
    (2.1755438859714933 (0.14100000000000001 -0.015788547628541066 0.0))
    (2.1765441360340088 (0.14100000000000001 -0.015770745992603998 0.0))
    (2.1775443860965242 (0.14100000000000001 -0.015752238068729187 0.0))
    (2.17854463615904 (0.14100000000000001 -0.015733025887534228 0.0))
    (2.1795448862215556 (0.14100000000000001 -0.015713111556905107 0.0))
    (2.180545136284071 (0.14100000000000001 -0.015692497261764894 0.0))
    (2.181545386346587 (0.14100000000000001 -0.015671185263834052 0.0))
    (2.1825456364091025 (0.14100000000000001 -0.015649177901382323 0.0))
    (2.183545886471618 (0.14100000000000001 -0.015626477588972097 0.0))
    (2.184546136534134 (0.14100000000000001 -0.015603086817193565 0.0))
    (2.1855463865966493 (0.14100000000000001 -0.01557900815239147 0.0))
    (2.186546636659165 (0.14100000000000001 -0.015554244236383455 0.0))
    (2.1875468867216807 (0.14100000000000001 -0.01552879778617029 0.0))
    (2.188547136784196 (0.14100000000000001 -0.015502671593637782 0.0))
    (2.189547386846712 (0.14100000000000001 -0.01547586852525036 0.0))
    (2.1905476369092276 (0.14100000000000001 -0.01544839152173671 0.0))
    (2.191547886971743 (0.14100000000000001 -0.015420243597767037 0.0))
    (2.192548137034259 (0.14100000000000001 -0.015391427841622313 0.0))
    (2.1935483870967745 (0.14100000000000001 -0.015361947414855508 0.0))
    (2.19454863715929 (0.14100000000000001 -0.01533180555194466 0.0))
    (2.195548887221806 (0.14100000000000001 -0.015301005559937974 0.0))
    (2.1965491372843213 (0.14100000000000001 -0.015269550818091091 0.0))
    (2.197549387346837 (0.14100000000000001 -0.015237444777496233 0.0))
    (2.1985496374093527 (0.14100000000000001 -0.015204690960703558 0.0))
    (2.199549887471868 (0.14100000000000001 -0.015171292961334782 0.0))
    (2.2005501375343837 (0.14100000000000001 -0.015137254443688804 0.0))
    (2.2015503875968996 (0.14100000000000001 -0.01510257914233966 0.0))
    (2.202550637659415 (0.14100000000000001 -0.015067270861726902 0.0))
    (2.2035508877219305 (0.14100000000000001 -0.01503133347573807 0.0))
    (2.2045511377844464 (0.14100000000000001 -0.01499477092728367 0.0))
    (2.205551387846962 (0.14100000000000001 -0.01495758722786468 0.0))
    (2.2065516379094774 (0.14100000000000001 -0.014919786457132315 0.0))
    (2.2075518879719933 (0.14100000000000001 -0.014881372762440425 0.0))
    (2.208552138034509 (0.14100000000000001 -0.014842350358390571 0.0))
    (2.2095523880970247 (0.14100000000000001 -0.01480272352636948 0.0))
    (2.21055263815954 (0.14100000000000001 -0.014762496614079433 0.0))
    (2.2115528882220556 (0.14100000000000001 -0.014721674035061118 0.0))
    (2.2125531382845716 (0.14100000000000001 -0.014680260268209497 0.0))
    (2.213553388347087 (0.14100000000000001 -0.014638259857282412 0.0))
    (2.2145536384096025 (0.14100000000000001 -0.014595677410401936 0.0))
    (2.2155538884721184 (0.14100000000000001 -0.014552517599548901 0.0))
    (2.216554138534634 (0.14100000000000001 -0.01450878516005033 0.0))
    (2.2175543885971494 (0.14100000000000001 -0.014464484890059739 0.0))
    (2.2185546386596653 (0.14100000000000001 -0.014419621650030854 0.0))
    (2.2195548887221808 (0.14100000000000001 -0.014374200362184333 0.0))
    (2.2205551387846962 (0.14100000000000001 -0.014328226009967584 0.0))
    (2.221555388847212 (0.14100000000000001 -0.014281703637508133 0.0))
    (2.2225556389097276 (0.14100000000000001 -0.014234638349060216 0.0))
    (2.223555888972243 (0.14100000000000001 -0.014187035308444604 0.0))
    (2.224556139034759 (0.14100000000000001 -0.014138899738482199 0.0))
    (2.2255563890972745 (0.14100000000000001 -0.014090236920421002 0.0))
    (2.22655663915979 (0.14100000000000001 -0.014041052193356536 0.0))
    (2.227556889222306 (0.14100000000000001 -0.0139913509536462 0.0))
    (2.2285571392848214 (0.14100000000000001 -0.01394113865431721 0.0))
    (2.2295573893473373 (0.14100000000000001 -0.013890420804468138 0.0))
    (2.2305576394098527 (0.14100000000000001 -0.013839202968664725 0.0))
    (2.231557889472368 (0.14100000000000001 -0.01378749076632917 0.0))
    (2.232558139534884 (0.14100000000000001 -0.013735289871123598 0.0))
    (2.2335583895973996 (0.14100000000000001 -0.013682606010327732 0.0))
    (2.234558639659915 (0.14100000000000001 -0.013629444964210348 0.0))
    (2.235558889722431 (0.14100000000000001 -0.013575812565395088 0.0))
    (2.2365591397849465 (0.14100000000000001 -0.01352171469822069 0.0))
    (2.237559389847462 (0.14100000000000001 -0.013467157298095233 0.0))
    (2.238559639909978 (0.14100000000000001 -0.013412146350844895 0.0))
    (2.2395598899724933 (0.14100000000000001 -0.013356687892057404 0.0))
    (2.240560140035009 (0.14100000000000001 -0.013300788006419664 0.0))
    (2.2415603900975247 (0.14100000000000001 -0.013244452827050163 0.0))
    (2.24256064016004 (0.14100000000000001 -0.013187688534826237 0.0))
    (2.2435608902225557 (0.14100000000000001 -0.013130501357705764 0.0))
    (2.2445611402850716 (0.14100000000000001 -0.013072897570043856 0.0))
    (2.245561390347587 (0.14100000000000001 -0.013014883491904633 0.0))
    (2.246561640410103 (0.14100000000000001 -0.012956465488367595 0.0))
    (2.2475618904726185 (0.14100000000000001 -0.01289764996882947 0.0))
    (2.248562140535134 (0.14100000000000001 -0.012838443386300778 0.0))
    (2.24956239059765 (0.14100000000000001 -0.012778852236698014 0.0))
    (2.2505626406601653 (0.14100000000000001 -0.012718883058130938 0.0))
    (2.251562890722681 (0.14100000000000001 -0.012658542430185063 0.0))
    (2.2525631407851967 (0.14100000000000001 -0.012597836973199945 0.0))
    (2.253563390847712 (0.14100000000000001 -0.012536773347542832 0.0))
    (2.2545636409102277 (0.14100000000000001 -0.012475358252877721 0.0))
    (2.2555638909727436 (0.14100000000000001 -0.012413598427430488 0.0))
    (2.256564141035259 (0.14100000000000001 -0.012351500647249596 0.0))
    (2.2575643910977745 (0.14100000000000001 -0.012289071725462465 0.0))
    (2.2585646411602904 (0.14100000000000001 -0.012226318511528146 0.0))
    (2.259564891222806 (0.14100000000000001 -0.012163247890485836 0.0))
    (2.2605651412853214 (0.14100000000000001 -0.012099866782199275 0.0))
    (2.2615653913478373 (0.14100000000000001 -0.012036182140597727 0.0))
    (2.2625656414103528 (0.14100000000000001 -0.011972200952913015 0.0))
    (2.2635658914728682 (0.14100000000000001 -0.01190793023891272 0.0))
    (2.264566141535384 (0.14100000000000001 -0.01184337705013019 0.0))
    (2.2655663915978996 (0.14100000000000001 -0.011778548469090877 0.0))
    (2.2665666416604155 (0.14100000000000001 -0.01171345160853505 0.0))
    (2.267566891722931 (0.14100000000000001 -0.011648093610637717 0.0))
    (2.2685671417854465 (0.14100000000000001 -0.011582481646224798 0.0))
    (2.2695673918479624 (0.14100000000000001 -0.011516622913986366 0.0))
    (2.270567641910478 (0.14100000000000001 -0.011450524639687034 0.0))
    (2.2715678919729934 (0.14100000000000001 -0.011384194075372979 0.0))
    (2.2725681420355093 (0.14100000000000001 -0.011317638498576265 0.0))
    (2.2735683920980247 (0.14100000000000001 -0.011250865211516586 0.0))
    (2.27456864216054 (0.14100000000000001 -0.0111838815402999 0.0))
    (2.275568892223056 (0.14100000000000001 -0.011116694834114624 0.0))
    (2.2765691422855716 (0.14100000000000001 -0.011049312464425524 0.0))
    (2.277569392348087 (0.14100000000000001 -0.010981741824164736 0.0))
    (2.278569642410603 (0.14100000000000001 -0.010913990326920645 0.0))
    (2.2795698924731185 (0.14100000000000001 -0.010846065406124702 0.0))
    (2.280570142535634 (0.14100000000000001 -0.010777974514235643 0.0))
    (2.28157039259815 (0.14100000000000001 -0.010709725121921844 0.0))
    (2.2825706426606653 (0.14100000000000001 -0.010641324717241869 0.0))
    (2.2835708927231813 (0.14100000000000001 -0.010572780804822657 0.0))
    (2.2845711427856967 (0.14100000000000001 -0.010504100905036376 0.0))
    (2.285571392848212 (0.14100000000000001 -0.01043529255317506 0.0))
    (2.286571642910728 (0.14100000000000001 -0.010366363298624079 0.0))
    (2.2875718929732436 (0.14100000000000001 -0.010297320704033842 0.0))
    (2.288572143035759 (0.14100000000000001 -0.01022817234448985 0.0))
    (2.289572393098275 (0.14100000000000001 -0.010158925806681797 0.0))
    (2.2905726431607905 (0.14100000000000001 -0.010089588688071178 0.0))
    (2.291572893223306 (0.14100000000000001 -0.010020168596057531 0.0))
    (2.292573143285822 (0.14100000000000001 -0.009950673147143974 0.0))
    (2.2935733933483373 (0.14100000000000001 -0.009881109966101573 0.0))
    (2.294573643410853 (0.14100000000000001 -0.00981148668513255 0.0))
    (2.2955738934733687 (0.14100000000000001 -0.009741810943033136 0.0))
    (2.296574143535884 (0.14100000000000001 -0.009672090384355455 0.0))
    (2.2975743935983997 (0.14100000000000001 -0.0096023326585686 0.0))
    (2.2985746436609156 (0.14100000000000001 -0.009532545419219562 0.0))
    (2.299574893723431 (0.14100000000000001 -0.009462736323093513 0.0))
    (2.3005751437859465 (0.14100000000000001 -0.00939291302937353 0.0))
    (2.3015753938484624 (0.14100000000000001 -0.009333333333333334 0.0))
    (2.302575643910978 (0.14100000000000001 -0.009333333333333334 0.0))
    (2.303575893973494 (0.14100000000000001 -0.009333333333333334 0.0))
    (2.3045761440360093 (0.14100000000000001 -0.009333333333333334 0.0))
    (2.3055763940985248 (0.14100000000000001 -0.009333333333333334 0.0))
    (2.3065766441610407 (0.14100000000000001 -0.009333333333333334 0.0))
    (2.307576894223556 (0.14100000000000001 -0.009333333333333334 0.0))
    (2.3085771442860716 (0.14100000000000001 -0.009333333333333334 0.0))
    (2.3095773943485876 (0.14100000000000001 -0.009333333333333334 0.0))
    (2.310577644411103 (0.14100000000000001 -0.009333333333333334 0.0))
    (2.3115778944736185 (0.14100000000000001 -0.009333333333333334 0.0))
    (2.3125781445361344 (0.14100000000000001 -0.009333333333333334 0.0))
    (2.31357839459865 (0.14100000000000001 -0.009333333333333334 0.0))
    (2.3145786446611654 (0.14100000000000001 -0.009333333333333334 0.0))
    (2.3155788947236813 (0.14100000000000001 -0.009333333333333334 0.0))
    (2.3165791447861968 (0.14100000000000001 -0.009333333333333334 0.0))
    (2.3175793948487122 (0.14100000000000001 -0.009333333333333334 0.0))
    (2.318579644911228 (0.14100000000000001 -0.009333333333333334 0.0))
    (2.3195798949737436 (0.14100000000000001 -0.009333333333333334 0.0))
    (2.320580145036259 (0.14100000000000001 -0.009333333333333334 0.0))
    (2.321580395098775 (0.14100000000000001 -0.009333333333333334 0.0))
    (2.3225806451612905 (0.14100000000000001 -0.009333333333333334 0.0))
    (2.3235808952238064 (0.14100000000000001 -0.009333333333333334 0.0))
    (2.324581145286322 (0.14100000000000001 -0.009333333333333334 0.0))
    (2.3255813953488373 (0.14100000000000001 -0.009333333333333334 0.0))
    (2.3265816454113533 (0.14100000000000001 -0.009333333333333334 0.0))
    (2.3275818954738687 (0.14100000000000001 -0.009333333333333334 0.0))
    (2.328582145536384 (0.14100000000000001 -0.009333333333333334 0.0))
    (2.3295823955989 (0.14100000000000001 -0.009333333333333334 0.0))
    (2.3305826456614156 (0.14100000000000001 -0.009333333333333334 0.0))
    (2.331582895723931 (0.14100000000000001 -0.009333333333333334 0.0))
    (2.332583145786447 (0.14100000000000001 -0.009333333333333334 0.0))
    (2.3335833958489625 (0.14100000000000001 -0.009333333333333334 0.0))
    (2.334583645911478 (0.14100000000000001 -0.009333333333333334 0.0))
    (2.335583895973994 (0.14100000000000001 -0.009333333333333334 0.0))
    (2.3365841460365093 (0.14100000000000001 -0.009333333333333334 0.0))
    (2.337584396099025 (0.14100000000000001 -0.009333333333333334 0.0))
    (2.3385846461615407 (0.14100000000000001 -0.009333333333333334 0.0))
    (2.339584896224056 (0.14100000000000001 -0.009333333333333334 0.0))
    (2.340585146286572 (0.14100000000000001 -0.009333333333333334 0.0))
    (2.3415853963490876 (0.14100000000000001 -0.009333333333333334 0.0))
    (2.342585646411603 (0.14100000000000001 -0.009333333333333334 0.0))
    (2.343585896474119 (0.14100000000000001 -0.009333333333333334 0.0))
    (2.3445861465366344 (0.14100000000000001 -0.009333333333333334 0.0))
    (2.34558639659915 (0.14100000000000001 -0.009333333333333334 0.0))
    (2.346586646661666 (0.14100000000000001 -0.009333333333333334 0.0))
    (2.3475868967241813 (0.14100000000000001 -0.009333333333333334 0.0))
    (2.3485871467866968 (0.14100000000000001 -0.009333333333333334 0.0))
    (2.3495873968492127 (0.14100000000000001 -0.009333333333333334 0.0))
    (2.350587646911728 (0.14100000000000001 -0.009333333333333334 0.0))
    (2.3515878969742436 (0.14100000000000001 -0.009333333333333334 0.0))
    (2.3525881470367596 (0.14100000000000001 -0.009333333333333334 0.0))
    (2.353588397099275 (0.14100000000000001 -0.009333333333333334 0.0))
    (2.3545886471617905 (0.14100000000000001 -0.009333333333333334 0.0))
    (2.3555888972243064 (0.14100000000000001 -0.009333333333333334 0.0))
    (2.356589147286822 (0.14100000000000001 -0.009333333333333334 0.0))
    (2.3575893973493374 (0.14100000000000001 -0.009333333333333334 0.0))
    (2.3585896474118533 (0.14100000000000001 -0.009333333333333334 0.0))
    (2.3595898974743688 (0.14100000000000001 -0.009333333333333334 0.0))
    (2.3605901475368847 (0.14100000000000001 -0.009333333333333334 0.0))
    (2.3615903975994 (0.14100000000000001 -0.009333333333333334 0.0))
    (2.3625906476619156 (0.14100000000000001 -0.009333333333333334 0.0))
    (2.3635908977244315 (0.14100000000000001 -0.009333333333333334 0.0))
    (2.364591147786947 (0.14100000000000001 -0.009333333333333334 0.0))
    (2.3655913978494625 (0.14100000000000001 -0.009333333333333334 0.0))
    (2.3665916479119784 (0.14100000000000001 -0.009333333333333334 0.0))
    (2.367591897974494 (0.14100000000000001 -0.009333333333333334 0.0))
    (2.3685921480370093 (0.14100000000000001 -0.009333333333333334 0.0))
    (2.3695923980995253 (0.14100000000000001 -0.009333333333333334 0.0))
    (2.3705926481620407 (0.14100000000000001 -0.009333333333333334 0.0))
    (2.371592898224556 (0.14100000000000001 -0.009333333333333334 0.0))
    (2.372593148287072 (0.14100000000000001 -0.009333333333333334 0.0))
    (2.3735933983495876 (0.14100000000000001 -0.009333333333333334 0.0))
    (2.374593648412103 (0.14100000000000001 -0.009333333333333334 0.0))
    (2.375593898474619 (0.14100000000000001 -0.009333333333333334 0.0))
    (2.3765941485371345 (0.14100000000000001 -0.009333333333333334 0.0))
    (2.3775943985996504 (0.14100000000000001 -0.009333333333333334 0.0))
    (2.378594648662166 (0.14100000000000001 -0.009333333333333334 0.0))
    (2.3795948987246813 (0.14100000000000001 -0.009333333333333334 0.0))
    (2.3805951487871972 (0.14100000000000001 -0.009333333333333334 0.0))
    (2.3815953988497127 (0.14100000000000001 -0.009333333333333334 0.0))
    (2.382595648912228 (0.14100000000000001 -0.009333333333333334 0.0))
    (2.383595898974744 (0.14100000000000001 -0.009333333333333334 0.0))
    (2.3845961490372596 (0.14100000000000001 -0.009333333333333334 0.0))
    (2.385596399099775 (0.14100000000000001 -0.009333333333333334 0.0))
    (2.386596649162291 (0.14100000000000001 -0.009333333333333334 0.0))
    (2.3875968992248064 (0.14100000000000001 -0.009333333333333334 0.0))
    (2.388597149287322 (0.14100000000000001 -0.009333333333333334 0.0))
    (2.389597399349838 (0.14100000000000001 -0.009333333333333334 0.0))
    (2.3905976494123533 (0.14100000000000001 -0.009333333333333334 0.0))
    (2.391597899474869 (0.14100000000000001 -0.009333333333333334 0.0))
    (2.3925981495373847 (0.14100000000000001 -0.009333333333333334 0.0))
    (2.3935983995999 (0.14100000000000001 -0.009333333333333334 0.0))
    (2.3945986496624156 (0.14100000000000001 -0.009333333333333334 0.0))
    (2.3955988997249316 (0.14100000000000001 -0.009333333333333334 0.0))
    (2.396599149787447 (0.14100000000000001 -0.009333333333333334 0.0))
    (2.397599399849963 (0.14100000000000001 -0.009333333333333334 0.0))
    (2.3985996499124784 (0.14100000000000001 -0.009333333333333334 0.0))
    (2.399599899974994 (0.14100000000000001 -0.009333333333333334 0.0))
    (2.40060015003751 (0.14100000000000001 -0.009333333333333334 0.0))
    (2.4016004001000253 (0.14100000000000001 -0.009333333333333334 0.0))
    (2.4026006501625408 (0.14100000000000001 -0.009333333333333334 0.0))
    (2.4036009002250567 (0.14100000000000001 -0.009333333333333334 0.0))
    (2.404601150287572 (0.14100000000000001 -0.009333333333333334 0.0))
    (2.4056014003500876 (0.14100000000000001 -0.009333333333333334 0.0))
    (2.4066016504126035 (0.14100000000000001 -0.009333333333333334 0.0))
    (2.407601900475119 (0.14100000000000001 -0.009333333333333334 0.0))
    (2.4086021505376345 (0.14100000000000001 -0.009333333333333334 0.0))
    (2.4096024006001504 (0.14100000000000001 -0.009333333333333334 0.0))
    (2.410602650662666 (0.14100000000000001 -0.009333333333333334 0.0))
    (2.4116029007251814 (0.14100000000000001 -0.009333333333333334 0.0))
    (2.4126031507876973 (0.14100000000000001 -0.009333333333333334 0.0))
    (2.4136034008502127 (0.14100000000000001 -0.009333333333333334 0.0))
    (2.414603650912728 (0.14100000000000001 -0.009333333333333334 0.0))
    (2.415603900975244 (0.14100000000000001 -0.009333333333333334 0.0))
    (2.4166041510377596 (0.14100000000000001 -0.009333333333333334 0.0))
    (2.4176044011002755 (0.14100000000000001 -0.009333333333333334 0.0))
    (2.418604651162791 (0.14100000000000001 -0.009333333333333334 0.0))
    (2.4196049012253065 (0.14100000000000001 -0.009333333333333334 0.0))
    (2.4206051512878224 (0.14100000000000001 -0.009333333333333334 0.0))
    (2.421605401350338 (0.14100000000000001 -0.009333333333333334 0.0))
    (2.4226056514128533 (0.14100000000000001 -0.009333333333333334 0.0))
    (2.4236059014753693 (0.14100000000000001 -0.009333333333333334 0.0))
    (2.4246061515378847 (0.14100000000000001 -0.009333333333333334 0.0))
    (2.4256064016004 (0.14100000000000001 -0.009333333333333334 0.0))
    (2.426606651662916 (0.14100000000000001 -0.009333333333333334 0.0))
    (2.4276069017254316 (0.14100000000000001 -0.009333333333333334 0.0))
    (2.428607151787947 (0.14100000000000001 -0.009333333333333334 0.0))
    (2.429607401850463 (0.14100000000000001 -0.009333333333333334 0.0))
    (2.4306076519129785 (0.14100000000000001 -0.009333333333333334 0.0))
    (2.431607901975494 (0.14100000000000001 -0.009333333333333334 0.0))
    (2.43260815203801 (0.14100000000000001 -0.009333333333333334 0.0))
    (2.4336084021005253 (0.14100000000000001 -0.009333333333333334 0.0))
    (2.4346086521630412 (0.14100000000000001 -0.009333333333333334 0.0))
    (2.4356089022255567 (0.14100000000000001 -0.009333333333333334 0.0))
    (2.436609152288072 (0.14100000000000001 -0.009333333333333334 0.0))
    (2.437609402350588 (0.14100000000000001 -0.009333333333333334 0.0))
    (2.4386096524131036 (0.14100000000000001 -0.009333333333333334 0.0))
    (2.439609902475619 (0.14100000000000001 -0.009333333333333334 0.0))
    (2.440610152538135 (0.14100000000000001 -0.009333333333333334 0.0))
    (2.4416104026006504 (0.14100000000000001 -0.009333333333333334 0.0))
    (2.442610652663166 (0.14100000000000001 -0.009333333333333334 0.0))
    (2.443610902725682 (0.14100000000000001 -0.009333333333333334 0.0))
    (2.4446111527881973 (0.14100000000000001 -0.009333333333333334 0.0))
    (2.4456114028507128 (0.14100000000000001 -0.009333333333333334 0.0))
    (2.4466116529132287 (0.14100000000000001 -0.009333333333333334 0.0))
    (2.447611902975744 (0.14100000000000001 -0.009333333333333334 0.0))
    (2.4486121530382596 (0.14100000000000001 -0.009333333333333334 0.0))
    (2.4496124031007755 (0.14100000000000001 -0.009333333333333334 0.0))
    (2.450612653163291 (0.14100000000000001 -0.009333333333333334 0.0))
    (2.4516129032258065 (0.14100000000000001 -0.009333333333333334 0.0))
    (2.4526131532883224 (0.14100000000000001 -0.009333333333333334 0.0))
    (2.453613403350838 (0.14100000000000001 -0.009333333333333334 0.0))
    (2.454613653413354 (0.14100000000000001 -0.009333333333333334 0.0))
    (2.4556139034758693 (0.14100000000000001 -0.009333333333333334 0.0))
    (2.4566141535383847 (0.14100000000000001 -0.009333333333333334 0.0))
    (2.4576144036009007 (0.14100000000000001 -0.009333333333333334 0.0))
    (2.458614653663416 (0.14100000000000001 -0.009333333333333334 0.0))
    (2.4596149037259316 (0.14100000000000001 -0.009333333333333334 0.0))
    (2.4606151537884475 (0.14100000000000001 -0.009333333333333334 0.0))
    (2.461615403850963 (0.14100000000000001 -0.009333333333333334 0.0))
    (2.4626156539134785 (0.14100000000000001 -0.009333333333333334 0.0))
    (2.4636159039759944 (0.14100000000000001 -0.009333333333333334 0.0))
    (2.46461615403851 (0.14100000000000001 -0.009333333333333334 0.0))
    (2.4656164041010253 (0.14100000000000001 -0.009333333333333334 0.0))
    (2.4666166541635413 (0.14100000000000001 -0.009333333333333334 0.0))
    (2.4676169042260567 (0.14100000000000001 -0.009333333333333334 0.0))
    (2.468617154288572 (0.14100000000000001 -0.009333333333333334 0.0))
    (2.469617404351088 (0.14100000000000001 -0.009333333333333334 0.0))
    (2.4706176544136036 (0.14100000000000001 -0.009333333333333334 0.0))
    (2.4716179044761195 (0.14100000000000001 -0.009333333333333334 0.0))
    (2.472618154538635 (0.14100000000000001 -0.009333333333333334 0.0))
    (2.4736184046011505 (0.14100000000000001 -0.009333333333333334 0.0))
    (2.4746186546636664 (0.14100000000000001 -0.009333333333333334 0.0))
    (2.475618904726182 (0.14100000000000001 -0.009333333333333334 0.0))
    (2.4766191547886973 (0.14100000000000001 -0.009333333333333334 0.0))
    (2.4776194048512132 (0.14100000000000001 -0.009333333333333334 0.0))
    (2.4786196549137287 (0.14100000000000001 -0.009333333333333334 0.0))
    (2.479619904976244 (0.14100000000000001 -0.009333333333333334 0.0))
    (2.48062015503876 (0.14100000000000001 -0.009333333333333334 0.0))
    (2.4816204051012756 (0.14100000000000001 -0.009333333333333334 0.0))
    (2.482620655163791 (0.14100000000000001 -0.009333333333333334 0.0))
    (2.483620905226307 (0.14100000000000001 -0.009333333333333334 0.0))
    (2.4846211552888224 (0.14100000000000001 -0.009333333333333334 0.0))
    (2.485621405351338 (0.14100000000000001 -0.009333333333333334 0.0))
    (2.486621655413854 (0.14100000000000001 -0.009333333333333334 0.0))
    (2.4876219054763693 (0.14100000000000001 -0.009333333333333334 0.0))
    (2.4886221555388848 (0.14100000000000001 -0.009333333333333334 0.0))
    (2.4896224056014007 (0.14100000000000001 -0.009333333333333334 0.0))
    (2.490622655663916 (0.14100000000000001 -0.009333333333333334 0.0))
    (2.491622905726432 (0.14100000000000001 -0.009333333333333334 0.0))
    (2.4926231557889476 (0.14100000000000001 -0.009333333333333334 0.0))
    (2.493623405851463 (0.14100000000000001 -0.009333333333333334 0.0))
    (2.494623655913979 (0.14100000000000001 -0.009333333333333334 0.0))
    (2.4956239059764944 (0.14100000000000001 -0.009333333333333334 0.0))
    (2.49662415603901 (0.14100000000000001 -0.009333333333333334 0.0))
    (2.497624406101526 (0.14100000000000001 -0.009333333333333334 0.0))
    (2.4986246561640413 (0.14100000000000001 -0.009333333333333334 0.0))
    (2.4996249062265568 (0.14100000000000001 -0.009333333333333334 0.0))
    (2.5006251562890727 (0.14100000000000001 -0.009333333333333334 0.0))
    (2.501625406351588 (0.14100000000000001 -0.009333333333333334 0.0))
    (2.5026256564141036 (0.14100000000000001 -0.009333333333333334 0.0))
    (2.5036259064766195 (0.14100000000000001 -0.009333333333333334 0.0))
    (2.504626156539135 (0.14100000000000001 -0.009333333333333334 0.0))
    (2.5056264066016505 (0.14100000000000001 -0.009333333333333334 0.0))
    (2.5066266566641664 (0.14100000000000001 -0.009333333333333334 0.0))
    (2.507626906726682 (0.14100000000000001 -0.009333333333333334 0.0))
    (2.5086271567891973 (0.14100000000000001 -0.009333333333333334 0.0))
    (2.5096274068517133 (0.14100000000000001 -0.009333333333333334 0.0))
    (2.5106276569142287 (0.14100000000000001 -0.009333333333333334 0.0))
    (2.5116279069767447 (0.14100000000000001 -0.009333333333333334 0.0))
    (2.51262815703926 (0.14100000000000001 -0.009333333333333334 0.0))
    (2.5136284071017756 (0.14100000000000001 -0.009333333333333334 0.0))
    (2.5146286571642915 (0.14100000000000001 -0.009333333333333334 0.0))
    (2.515628907226807 (0.14100000000000001 -0.009333333333333334 0.0))
    (2.5166291572893225 (0.14100000000000001 -0.009333333333333334 0.0))
    (2.5176294073518384 (0.14100000000000001 -0.009333333333333334 0.0))
    (2.518629657414354 (0.14100000000000001 -0.009333333333333334 0.0))
    (2.5196299074768693 (0.14100000000000001 -0.009333333333333334 0.0))
    (2.5206301575393852 (0.14100000000000001 -0.009333333333333334 0.0))
    (2.5216304076019007 (0.14100000000000001 -0.009333333333333334 0.0))
    (2.522630657664416 (0.14100000000000001 -0.009333333333333334 0.0))
    (2.523630907726932 (0.14100000000000001 -0.009333333333333334 0.0))
    (2.5246311577894476 (0.14100000000000001 -0.009333333333333334 0.0))
    (2.525631407851963 (0.14100000000000001 -0.009333333333333334 0.0))
    (2.526631657914479 (0.14100000000000001 -0.009333333333333334 0.0))
    (2.5276319079769944 (0.14100000000000001 -0.009333333333333334 0.0))
    (2.5286321580395104 (0.14100000000000001 -0.009333333333333334 0.0))
    (2.529632408102026 (0.14100000000000001 -0.009333333333333334 0.0))
    (2.5306326581645413 (0.14100000000000001 -0.009333333333333334 0.0))
    (2.531632908227057 (0.14100000000000001 -0.009333333333333334 0.0))
    (2.5326331582895727 (0.14100000000000001 -0.009333333333333334 0.0))
    (2.533633408352088 (0.14100000000000001 -0.009333333333333334 0.0))
    (2.534633658414604 (0.14100000000000001 -0.009333333333333334 0.0))
    (2.5356339084771196 (0.14100000000000001 -0.009333333333333334 0.0))
    (2.536634158539635 (0.14100000000000001 -0.009333333333333334 0.0))
    (2.537634408602151 (0.14100000000000001 -0.009333333333333334 0.0))
    (2.5386346586646664 (0.14100000000000001 -0.009333333333333334 0.0))
    (2.539634908727182 (0.14100000000000001 -0.009333333333333334 0.0))
    (2.540635158789698 (0.14100000000000001 -0.009333333333333334 0.0))
    (2.5416354088522133 (0.14100000000000001 -0.009333333333333334 0.0))
    (2.5426356589147288 (0.14100000000000001 -0.009333333333333334 0.0))
    (2.5436359089772447 (0.14100000000000001 -0.009333333333333334 0.0))
    (2.54463615903976 (0.14100000000000001 -0.009333333333333334 0.0))
    (2.5456364091022756 (0.14100000000000001 -0.009333333333333334 0.0))
    (2.5466366591647915 (0.14100000000000001 -0.009333333333333334 0.0))
    (2.547636909227307 (0.14100000000000001 -0.009333333333333334 0.0))
    (2.548637159289823 (0.14100000000000001 -0.009333333333333334 0.0))
    (2.5496374093523384 (0.14100000000000001 -0.009333333333333334 0.0))
    (2.550637659414854 (0.14100000000000001 -0.009333333333333334 0.0))
    (2.55163790947737 (0.14100000000000001 -0.009333333333333334 0.0))
    (2.5526381595398853 (0.14100000000000001 -0.009333333333333334 0.0))
    (2.5536384096024007 (0.14100000000000001 -0.009333333333333334 0.0))
    (2.5546386596649167 (0.14100000000000001 -0.009333333333333334 0.0))
    (2.555638909727432 (0.14100000000000001 -0.009333333333333334 0.0))
    (2.5566391597899476 (0.14100000000000001 -0.009333333333333334 0.0))
    (2.5576394098524635 (0.14100000000000001 -0.009333333333333334 0.0))
    (2.558639659914979 (0.14100000000000001 -0.009333333333333334 0.0))
    (2.5596399099774945 (0.14100000000000001 -0.009333333333333334 0.0))
    (2.5606401600400104 (0.14100000000000001 -0.009333333333333334 0.0))
    (2.561640410102526 (0.14100000000000001 -0.009333333333333334 0.0))
    (2.5626406601650413 (0.14100000000000001 -0.009333333333333334 0.0))
    (2.5636409102275572 (0.14100000000000001 -0.009333333333333334 0.0))
    (2.5646411602900727 (0.14100000000000001 -0.009333333333333334 0.0))
    (2.5656414103525886 (0.14100000000000001 -0.009333333333333334 0.0))
    (2.566641660415104 (0.14100000000000001 -0.009333333333333334 0.0))
    (2.5676419104776196 (0.14100000000000001 -0.009333333333333334 0.0))
    (2.5686421605401355 (0.14100000000000001 -0.009333333333333334 0.0))
    (2.569642410602651 (0.14100000000000001 -0.009333333333333334 0.0))
    (2.5706426606651664 (0.14100000000000001 -0.009333333333333334 0.0))
    (2.5716429107276824 (0.14100000000000001 -0.009333333333333334 0.0))
    (2.572643160790198 (0.14100000000000001 -0.009333333333333334 0.0))
    (2.5736434108527133 (0.14100000000000001 -0.009333333333333334 0.0))
    (2.5746436609152292 (0.14100000000000001 -0.009333333333333334 0.0))
    (2.5756439109777447 (0.14100000000000001 -0.009333333333333334 0.0))
    (2.57664416104026 (0.14100000000000001 -0.009333333333333334 0.0))
    (2.577644411102776 (0.14100000000000001 -0.009333333333333334 0.0))
    (2.5786446611652916 (0.14100000000000001 -0.009333333333333334 0.0))
    (2.579644911227807 (0.14100000000000001 -0.009333333333333334 0.0))
    (2.580645161290323 (0.14100000000000001 -0.009333333333333334 0.0))
    (2.5816454113528384 (0.14100000000000001 -0.009333333333333334 0.0))
    (2.582645661415354 (0.14100000000000001 -0.009333333333333334 0.0))
    (2.58364591147787 (0.14100000000000001 -0.009333333333333334 0.0))
    (2.5846461615403853 (0.14100000000000001 -0.009333333333333334 0.0))
    (2.585646411602901 (0.14100000000000001 -0.009333333333333334 0.0))
    (2.5866466616654167 (0.14100000000000001 -0.009333333333333334 0.0))
    (2.587646911727932 (0.14100000000000001 -0.009333333333333334 0.0))
    (2.588647161790448 (0.14100000000000001 -0.009333333333333334 0.0))
    (2.5896474118529635 (0.14100000000000001 -0.009333333333333334 0.0))
    (2.590647661915479 (0.14100000000000001 -0.009333333333333334 0.0))
    (2.591647911977995 (0.14100000000000001 -0.009333333333333334 0.0))
    (2.5926481620405104 (0.14100000000000001 -0.009333333333333334 0.0))
    (2.593648412103026 (0.14100000000000001 -0.009333333333333334 0.0))
    (2.594648662165542 (0.14100000000000001 -0.009333333333333334 0.0))
    (2.5956489122280573 (0.14100000000000001 -0.009333333333333334 0.0))
    (2.5966491622905727 (0.14100000000000001 -0.009333333333333334 0.0))
    (2.5976494123530887 (0.14100000000000001 -0.009333333333333334 0.0))
    (2.598649662415604 (0.14100000000000001 -0.009333333333333334 0.0))
    (2.5996499124781196 (0.14100000000000001 -0.009333333333333334 0.0))
    (2.6006501625406355 (0.14100000000000001 -0.009333333333333334 0.0))
    (2.601650412603151 (0.14100000000000001 -0.009348820755054348 0.0))
    (2.6026506626656665 (0.14100000000000001 -0.009418649067822525 0.0))
    (2.6036509127281824 (0.14100000000000001 -0.009488468020079388 0.0))
    (2.604651162790698 (0.14100000000000001 -0.009558269951560347 0.0))
    (2.6056514128532138 (0.14100000000000001 -0.009628047203868428 0.0))
    (2.6066516629157293 (0.14100000000000001 -0.009697792121314195 0.0))
    (2.6076519129782447 (0.14100000000000001 -0.00976749705175594 0.0))
    (2.6086521630407606 (0.14100000000000001 -0.009837154347439241 0.0))
    (2.609652413103276 (0.14100000000000001 -0.00990675636583584 0.0))
    (2.6106526631657916 (0.14100000000000001 -0.009976295470482356 0.0))
    (2.6116529132283075 (0.14100000000000001 -0.01004576403181813 0.0))
    (2.612653163290823 (0.14100000000000001 -0.010115154428022105 0.0))
    (2.6136534133533385 (0.14100000000000001 -0.010184459045849267 0.0))
    (2.6146536634158544 (0.14100000000000001 -0.01025367028146594 0.0))
    (2.61565391347837 (0.14100000000000001 -0.010322780541283844 0.0))
    (2.6166541635408853 (0.14100000000000001 -0.010391782242793446 0.0))
    (2.6176544136034012 (0.14100000000000001 -0.010460667815395869 0.0))
    (2.6186546636659167 (0.14100000000000001 -0.010529429701233321 0.0))
    (2.619654913728432 (0.14100000000000001 -0.010598060356018502 0.0))
    (2.620655163790948 (0.14100000000000001 -0.010666552249862352 0.0))
    (2.6216554138534636 (0.14100000000000001 -0.010734897868099976 0.0))
    (2.6226556639159795 (0.14100000000000001 -0.010803089712115391 0.0))
    (2.623655913978495 (0.14100000000000001 -0.01087112030016401 0.0))
    (2.6246561640410104 (0.14100000000000001 -0.010938982168193761 0.0))
    (2.6256564141035263 (0.14100000000000001 -0.01100666787066381 0.0))
    (2.626656664166042 (0.14100000000000001 -0.011074169981361456 0.0))
    (2.6276569142285573 (0.14100000000000001 -0.011141481094217111 0.0))
    (2.628657164291073 (0.14100000000000001 -0.011208593824116663 0.0))
    (2.6296574143535887 (0.14100000000000001 -0.011275500807711737 0.0))
    (2.630657664416104 (0.14100000000000001 -0.01134219470422778 0.0))
    (2.63165791447862 (0.14100000000000001 -0.011408668196269263 0.0))
    (2.6326581645411355 (0.14100000000000001 -0.011474913990622511 0.0))
    (2.633658414603651 (0.14100000000000001 -0.011540924819056086 0.0))
    (2.634658664666167 (0.14100000000000001 -0.011606693439118038 0.0))
    (2.6356589147286824 (0.14100000000000001 -0.01167221263493051 0.0))
    (2.636659164791198 (0.14100000000000001 -0.011737475217981642 0.0))
    (2.637659414853714 (0.14100000000000001 -0.011802474027914057 0.0))
    (2.6386596649162293 (0.14100000000000001 -0.011867201933310484 0.0))
    (2.6396599149787447 (0.14100000000000001 -0.01193165183247637 0.0))
    (2.6406601650412607 (0.14100000000000001 -0.011995816654218868 0.0))
    (2.641660415103776 (0.14100000000000001 -0.012059689358622649 0.0))
    (2.642660665166292 (0.14100000000000001 -0.01212326293782252 0.0))
    (2.6436609152288075 (0.14100000000000001 -0.012186530416771993 0.0))
    (2.644661165291323 (0.14100000000000001 -0.012249484854008778 0.0))
    (2.645661415353839 (0.14100000000000001 -0.012312119342416364 0.0))
    (2.6466616654163544 (0.14100000000000001 -0.012374427009981665 0.0))
    (2.64766191547887 (0.14100000000000001 -0.01243640102054917 0.0))
    (2.648662165541386 (0.14100000000000001 -0.01249803457457098 0.0))
    (2.6496624156039013 (0.14100000000000001 -0.01255932090985264 0.0))
    (2.6506626656664167 (0.14100000000000001 -0.01262025330229526 0.0))
    (2.6516629157289326 (0.14100000000000001 -0.012680825066633237 0.0))
    (2.652663165791448 (0.14100000000000001 -0.012741029557167566 0.0))
    (2.6536634158539636 (0.14100000000000001 -0.012800860168495156 0.0))
    (2.6546636659164795 (0.14100000000000001 -0.012860310336233558 0.0))
    (2.655663915978995 (0.14100000000000001 -0.01291937353774099 0.0))
    (2.6566641660415105 (0.14100000000000001 -0.01297804329283217 0.0))
    (2.6576644161040264 (0.14100000000000001 -0.013036313164489284 0.0))
    (2.658664666166542 (0.14100000000000001 -0.01309417675956806 0.0))
    (2.6596649162290578 (0.14100000000000001 -0.013151627729499418 0.0))
    (2.6606651662915732 (0.14100000000000001 -0.013208659770985804 0.0))
    (2.6616654163540887 (0.14100000000000001 -0.01326526662669299 0.0))
    (2.6626656664166046 (0.14100000000000001 -0.013321442085936417 0.0))
    (2.66366591647912 (0.14100000000000001 -0.01337717998536262 0.0))
    (2.6646661665416356 (0.14100000000000001 -0.013432474209625615 0.0))
    (2.6656664166041515 (0.14100000000000001 -0.01348731869205767 0.0))
    (2.666666666666667 (0.14100000000000001 -0.013541707415334933 0.0))
    (2.6676669167291824 (0.14100000000000001 -0.013595634412137788 0.0))
    (2.6686671667916984 (0.14100000000000001 -0.0136490937658054 0.0))
    (2.669667416854214 (0.14100000000000001 -0.01370207961098487 0.0))
    (2.6706676669167293 (0.14100000000000001 -0.013754586134274919 0.0))
    (2.671667916979245 (0.14100000000000001 -0.013806607574863555 0.0))
    (2.6726681670417607 (0.14100000000000001 -0.013858138225160126 0.0))
    (2.673668417104276 (0.14100000000000001 -0.013909172431421684 0.0))
    (2.674668667166792 (0.14100000000000001 -0.013959704594373153 0.0))
    (2.6756689172293076 (0.14100000000000001 -0.014009729169821641 0.0))
    (2.676669167291823 (0.14100000000000001 -0.01405924066926489 0.0))
    (2.677669417354339 (0.14100000000000001 -0.014108233660493307 0.0))
    (2.6786696674168544 (0.14100000000000001 -0.014156702768185949 0.0))
    (2.6796699174793703 (0.14100000000000001 -0.014204642674500462 0.0))
    (2.680670167541886 (0.14100000000000001 -0.014252048119656302 0.0))
    (2.6816704176044013 (0.14100000000000001 -0.014298913902511985 0.0))
    (2.682670667666917 (0.14100000000000001 -0.014345234881135677 0.0))
    (2.6836709177294327 (0.14100000000000001 -0.014391005973369338 0.0))
    (2.684671167791948 (0.14100000000000001 -0.014436222157386339 0.0))
    (2.685671417854464 (0.14100000000000001 -0.014480878472242421 0.0))
    (2.6866716679169795 (0.14100000000000001 -0.01452497001842 0.0))
    (2.687671917979495 (0.14100000000000001 -0.014568491958365716 0.0))
    (2.688672168042011 (0.14100000000000001 -0.014611439517021202 0.0))
    (2.6896724181045264 (0.14100000000000001 -0.014653807982346969 0.0))
    (2.690672668167042 (0.14100000000000001 -0.014695592705839408 0.0))
    (2.691672918229558 (0.14100000000000001 -0.014736789103040791 0.0))
    (2.6926731682920733 (0.14100000000000001 -0.014777392654042277 0.0))
    (2.6936734183545887 (0.14100000000000001 -0.014817398903979803 0.0))
    (2.6946736684171047 (0.14100000000000001 -0.014856803463522862 0.0))
    (2.69567391847962 (0.14100000000000001 -0.014895602009356086 0.0))
    (2.6966741685421356 (0.14100000000000001 -0.014933790284653574 0.0))
    (2.6976744186046515 (0.14100000000000001 -0.014971364099545945 0.0))
    (2.698674668667167 (0.14100000000000001 -0.01500831933158003 0.0))
    (2.699674918729683 (0.14100000000000001 -0.015044651926171174 0.0))
    (2.7006751687921984 (0.14100000000000001 -0.015080357897048063 0.0))
    (2.701675418854714 (0.14100000000000001 -0.01511543332669012 0.0))
    (2.7026756689172298 (0.14100000000000001 -0.015149874366757344 0.0))
    (2.7036759189797452 (0.14100000000000001 -0.015183677238512426 0.0))
    (2.7046761690422607 (0.14100000000000001 -0.015216838233235445 0.0))
    (2.7056764191047766 (0.14100000000000001 -0.015249353712630767 0.0))
    (2.706676669167292 (0.14100000000000001 -0.015281220109226133 0.0))
    (2.7076769192298076 (0.14100000000000001 -0.015312433926764159 0.0))
    (2.7086771692923235 (0.14100000000000001 -0.015342991740585935 0.0))
    (2.709677419354839 (0.14100000000000001 -0.015372890198006674 0.0))
    (2.7106776694173544 (0.14100000000000001 -0.01540212601868364 0.0))
    (2.7116779194798704 (0.14100000000000001 -0.015430695994976065 0.0))
    (2.712678169542386 (0.14100000000000001 -0.01545859699229698 0.0))
    (2.7136784196049013 (0.14100000000000001 -0.015485825949457226 0.0))
    (2.714678669667417 (0.14100000000000001 -0.015512379879001309 0.0))
    (2.7156789197299327 (0.14100000000000001 -0.015538255867535088 0.0))
    (2.7166791697924486 (0.14100000000000001 -0.015563451076045516 0.0))
    (2.717679419854964 (0.14100000000000001 -0.015587962740212083 0.0))
    (2.7186796699174796 (0.14100000000000001 -0.01561178817071011 0.0))
    (2.7196799199799955 (0.14100000000000001 -0.015634924753505815 0.0))
    (2.720680170042511 (0.14100000000000001 -0.015657369950143104 0.0))
    (2.7216804201050264 (0.14100000000000001 -0.015679121298022104 0.0))
    (2.7226806701675423 (0.14100000000000001 -0.015700176410669328 0.0))
    (2.723680920230058 (0.14100000000000001 -0.015720532977999503 0.0))
    (2.7246811702925733 (0.14100000000000001 -0.015740188766569067 0.0))
    (2.725681420355089 (0.14100000000000001 -0.015759141619821174 0.0))
    (2.7266816704176047 (0.14100000000000001 -0.015777389458322286 0.0))
    (2.72768192048012 (0.14100000000000001 -0.01579493027999039 0.0))
    (2.728682170542636 (0.14100000000000001 -0.01581176216031459 0.0))
    (2.7296824206051515 (0.14100000000000001 -0.015827883252566285 0.0))
    (2.730682670667667 (0.14100000000000001 -0.015843291788001795 0.0))
    (2.731682920730183 (0.14100000000000001 -0.015857986076056405 0.0))
    (2.7326831707926984 (0.14100000000000001 -0.015871964504529837 0.0))
    (2.733683420855214 (0.14100000000000001 -0.015885225539763168 0.0))
    (2.73468367091773 (0.14100000000000001 -0.01589776772680707 0.0))
    (2.7356839209802453 (0.14100000000000001 -0.015909589689581435 0.0))
    (2.736684171042761 (0.14100000000000001 -0.015920690131026406 0.0))
    (2.7376844211052767 (0.14100000000000001 -0.015931067833244595 0.0))
    (2.738684671167792 (0.14100000000000001 -0.015940721657634795 0.0))
    (2.739684921230308 (0.14100000000000001 -0.015949650545016857 0.0))
    (2.7406851712928235 (0.14100000000000001 -0.0159578535157479 0.0))
    (2.741685421355339 (0.14100000000000001 -0.015965329669829803 0.0))
    (2.742685671417855 (0.14100000000000001 -0.01597207818700796 0.0))
    (2.7436859214803704 (0.14100000000000001 -0.01597809832686124 0.0))
    (2.744686171542886 (0.14100000000000001 -0.015983389428883263 0.0))
    (2.7456864216054018 (0.14100000000000001 -0.015987950912554852 0.0))
    (2.7466866716679172 (0.14100000000000001 -0.01599178227740771 0.0))
    (2.7476869217304327 (0.14100000000000001 -0.01599488310307936 0.0))
    (2.7486871717929486 (0.14100000000000001 -0.015997253049359235 0.0))
    (2.749687421855464 (0.14100000000000001 -0.01599889185622603 0.0))
    (2.7506876719179796 (0.14100000000000001 -0.01599979934387621 0.0))
    (2.7516879219804955 (0.14100000000000001 -0.015999975412743755 0.0))
    (2.752688172043011 (0.14100000000000001 -0.015999420043511074 0.0))
    (2.753688422105527 (0.14100000000000001 -0.015998133297111118 0.0))
    (2.7546886721680424 (0.14100000000000001 -0.015996115314720716 0.0))
    (2.755688922230558 (0.14100000000000001 -0.01599336631774506 0.0))
    (2.7566891722930738 (0.14100000000000001 -0.015989886607793435 0.0))
    (2.7576894223555892 (0.14100000000000001 -0.015985676566646113 0.0))
    (2.7586896724181047 (0.14100000000000001 -0.01598073665621247 0.0))
    (2.7596899224806206 (0.14100000000000001 -0.015975067418480312 0.0))
    (2.760690172543136 (0.14100000000000001 -0.015968669475456408 0.0))
    (2.7616904226056516 (0.14100000000000001 -0.015961543529098232 0.0))
    (2.7626906726681675 (0.14100000000000001 -0.015953690361236974 0.0))
    (2.763690922730683 (0.14100000000000001 -0.015945110833491743 0.0))
    (2.7646911727931984 (0.14100000000000001 -0.015935805887175025 0.0))
    (2.7656914228557143 (0.14100000000000001 -0.01592577654318942 0.0))
    (2.76669167291823 (0.14100000000000001 -0.015915023901915643 0.0))
    (2.7676919229807453 (0.14100000000000001 -0.015903549143091764 0.0))
    (2.768692173043261 (0.14100000000000001 -0.015891353525683796 0.0))
    (2.7696924231057767 (0.14100000000000001 -0.015878438387747565 0.0))
    (2.770692673168292 (0.14100000000000001 -0.01586480514628188 0.0))
    (2.771692923230808 (0.14100000000000001 -0.015850455297073095 0.0))
    (2.7726931732933235 (0.14100000000000001 -0.015835390414530998 0.0))
    (2.7736934233558395 (0.14100000000000001 -0.01581961215151602 0.0))
    (2.774693673418355 (0.14100000000000001 -0.015803122239157974 0.0))
    (2.7756939234808704 (0.14100000000000001 -0.015785922486666056 0.0))
    (2.7766941735433863 (0.14100000000000001 -0.01576801478113035 0.0))
    (2.777694423605902 (0.14100000000000001 -0.015749401087314846 0.0))
    (2.7786946736684173 (0.14100000000000001 -0.015730083447441794 0.0))
    (2.779694923730933 (0.14100000000000001 -0.015710063980967665 0.0))
    (2.7806951737934487 (0.14100000000000001 -0.015689344884350656 0.0))
    (2.781695423855964 (0.14100000000000001 -0.015667928430809656 0.0))
    (2.78269567391848 (0.14100000000000001 -0.015645816970074822 0.0))
    (2.7836959239809955 (0.14100000000000001 -0.015623012928129846 0.0))
    (2.784696174043511 (0.14100000000000001 -0.015599518806945725 0.0))
    (2.785696424106027 (0.14100000000000001 -0.015575337184206249 0.0))
    (2.7866966741685424 (0.14100000000000001 -0.01555047071302525 0.0))
    (2.787696924231058 (0.14100000000000001 -0.015524922121655464 0.0))
    (2.7886971742935738 (0.14100000000000001 -0.015498694213189168 0.0))
    (2.7896974243560893 (0.14100000000000001 -0.015471789865250735 0.0))
    (2.7906976744186047 (0.14100000000000001 -0.015444212029680823 0.0))
    (2.7916979244811206 (0.14100000000000001 -0.01541596373221251 0.0))
    (2.792698174543636 (0.14100000000000001 -0.015387048072139413 0.0))
    (2.793698424606152 (0.14100000000000001 -0.015357468221975534 0.0))
    (2.7946986746686675 (0.14100000000000001 -0.01532722742710728 0.0))
    (2.795698924731183 (0.14100000000000001 -0.015296329005437294 0.0))
    (2.796699174793699 (0.14100000000000001 -0.0152647763470205 0.0))
    (2.7976994248562144 (0.14100000000000001 -0.01523257291369218 0.0))
    (2.79869967491873 (0.14100000000000001 -0.01519972223868805 0.0))
    (2.7996999249812458 (0.14100000000000001 -0.015166227926256695 0.0))
    (2.8007001750437612 (0.14100000000000001 -0.015132093651264143 0.0))
    (2.8017004251062767 (0.14100000000000001 -0.015097323158790558 0.0))
    (2.8027006751687926 (0.14100000000000001 -0.015061920263719454 0.0))
    (2.803700925231308 (0.14100000000000001 -0.01502588885031914 0.0))
    (2.8047011752938236 (0.14100000000000001 -0.014989232871816444 0.0))
    (2.8057014253563395 (0.14100000000000001 -0.014951956349963087 0.0))
    (2.806701675418855 (0.14100000000000001 -0.014914063374594444 0.0))
    (2.8077019254813704 (0.14100000000000001 -0.014875558103180697 0.0))
    (2.8087021755438863 (0.14100000000000001 -0.01483644476037081 0.0))
    (2.809702425606402 (0.14100000000000001 -0.014796727637529025 0.0))
    (2.8107026756689177 (0.14100000000000001 -0.014756411092263891 0.0))
    (2.811702925731433 (0.14100000000000001 -0.014715499547950355 0.0))
    (2.8127031757939487 (0.14100000000000001 -0.014673997493244308 0.0))
    (2.8137034258564646 (0.14100000000000001 -0.014631909481590107 0.0))
    (2.81470367591898 (0.14100000000000001 -0.014589240130721121 0.0))
    (2.8157039259814955 (0.14100000000000001 -0.014545994122152957 0.0))
    (2.8167041760440115 (0.14100000000000001 -0.01450217620066982 0.0))
    (2.817704426106527 (0.14100000000000001 -0.014457791173804075 0.0))
    (2.8187046761690424 (0.14100000000000001 -0.014412843911308638 0.0))
    (2.8197049262315583 (0.14100000000000001 -0.014367339344622698 0.0))
    (2.820705176294074 (0.14100000000000001 -0.014321282466330784 0.0))
    (2.8217054263565893 (0.14100000000000001 -0.014274678329614866 0.0))
    (2.822705676419105 (0.14100000000000001 -0.014227532047699939 0.0))
    (2.8237059264816207 (0.14100000000000001 -0.014179848793293159 0.0))
    (2.824706176544136 (0.14100000000000001 -0.014131633798016172 0.0))
    (2.825706426606652 (0.14100000000000001 -0.014082892351831125 0.0))
    (2.8267066766691675 (0.14100000000000001 -0.014033629802460406 0.0))
    (2.827706926731683 (0.14100000000000001 -0.013983851554799781 0.0))
    (2.828707176794199 (0.14100000000000001 -0.013933563070325374 0.0))
    (2.8297074268567144 (0.14100000000000001 -0.013882769866494619 0.0))
    (2.8307076769192303 (0.14100000000000001 -0.013831477516140712 0.0))
    (2.831707926981746 (0.14100000000000001 -0.013779691646861353 0.0))
    (2.8327081770442613 (0.14100000000000001 -0.013727417940401122 0.0))
    (2.833708427106777 (0.14100000000000001 -0.013674662132028254 0.0))
    (2.8347086771692926 (0.14100000000000001 -0.013621430009905386 0.0))
    (2.835708927231808 (0.14100000000000001 -0.013567727414454347 0.0))
    (2.836709177294324 (0.14100000000000001 -0.013513560237715525 0.0))
    (2.8377094273568395 (0.14100000000000001 -0.013458934422701421 0.0))
    (2.838709677419355 (0.14100000000000001 -0.013403855962744439 0.0))
    (2.839709927481871 (0.14100000000000001 -0.013348330900839481 0.0))
    (2.8407101775443864 (0.14100000000000001 -0.013292365328980942 0.0))
    (2.841710427606902 (0.14100000000000001 -0.013235965387494143 0.0))
    (2.8427106776694178 (0.14100000000000001 -0.013179137264361816 0.0))
    (2.8437109277319332 (0.14100000000000001 -0.013121887194545176 0.0))
    (2.8447111777944487 (0.14100000000000001 -0.013064221459299677 0.0))
    (2.8457114278569646 (0.14100000000000001 -0.013006146385486028 0.0))
    (2.84671167791948 (0.14100000000000001 -0.012947668344876036 0.0))
    (2.847711927981996 (0.14100000000000001 -0.012888793753453327 0.0))
    (2.8487121780445115 (0.14100000000000001 -0.012829529070709675 0.0))
    (2.849712428107027 (0.14100000000000001 -0.012769880798936109 0.0))
    (2.850712678169543 (0.14100000000000001 -0.012709855482509488 0.0))
    (2.8517129282320584 (0.14100000000000001 -0.012649459707174677 0.0))
    (2.852713178294574 (0.14100000000000001 -0.01258870009932179 0.0))
    (2.8537134283570897 (0.14100000000000001 -0.012527583325259172 0.0))
    (2.854713678419605 (0.14100000000000001 -0.012466116090482182 0.0))
    (2.8557139284821207 (0.14100000000000001 -0.012404305138937286 0.0))
    (2.8567141785446366 (0.14100000000000001 -0.012342157252282243 0.0))
    (2.857714428607152 (0.14100000000000001 -0.012279679249142021 0.0))
    (2.8587146786696676 (0.14100000000000001 -0.01221687798436069 0.0))
    (2.8597149287321835 (0.14100000000000001 -0.012153760348249332 0.0))
    (2.860715178794699 (0.14100000000000001 -0.012090333265830065 0.0))
    (2.8617154288572144 (0.14100000000000001 -0.012026603696076254 0.0))
    (2.8627156789197303 (0.14100000000000001 -0.011962578631149003 0.0))
    (2.863715928982246 (0.14100000000000001 -0.011898265095629997 0.0))
    (2.8647161790447613 (0.14100000000000001 -0.011833670145750794 0.0))
    (2.865716429107277 (0.14100000000000001 -0.011768800868618647 0.0))
    (2.8667166791697927 (0.14100000000000001 -0.01170366438143893 0.0))
    (2.8677169292323086 (0.14100000000000001 -0.01163826783073424 0.0))
    (2.868717179294824 (0.14100000000000001 -0.011572618391560433 0.0))
    (2.8697174293573395 (0.14100000000000001 -0.011506723266719164 0.0))
    (2.8707176794198555 (0.14100000000000001 -0.011440589685967836 0.0))
    (2.871717929482371 (0.14100000000000001 -0.011374224905226375 0.0))
    (2.8727181795448864 (0.14100000000000001 -0.011307636205780944 0.0))
    (2.8737184296074023 (0.14100000000000001 -0.011240830893485257 0.0))
    (2.874718679669918 (0.14100000000000001 -0.011173816297959022 0.0))
    (2.8757189297324333 (0.14100000000000001 -0.011106599771783554 0.0))
    (2.876719179794949 (0.14100000000000001 -0.011039188689695284 0.0))
    (2.8777194298574647 (0.14100000000000001 -0.010971590447776606 0.0))
    (2.87871967991998 (0.14100000000000001 -0.01090381246264432 0.0))
    (2.879719929982496 (0.14100000000000001 -0.010835862170635886 0.0))
    (2.8807201800450115 (0.14100000000000001 -0.010767747026993743 0.0))
    (2.881720430107527 (0.14100000000000001 -0.010699474505047145 0.0))
    (2.882720680170043 (0.14100000000000001 -0.010631052095392208 0.0))
    (2.8837209302325584 (0.14100000000000001 -0.010562487305070289 0.0))
    (2.884721180295074 (0.14100000000000001 -0.010493787656744129 0.0))
    (2.8857214303575898 (0.14100000000000001 -0.010424960687872496 0.0))
    (2.8867216804201052 (0.14100000000000001 -0.010356013949883412 0.0))
    (2.887721930482621 (0.14100000000000001 -0.010286955007345411 0.0))
    (2.8887221805451366 (0.14100000000000001 -0.010217791437137698 0.0))
    (2.889722430607652 (0.14100000000000001 -0.010148530827618818 0.0))
    (2.890722680670168 (0.14100000000000001 -0.010079180777794095 0.0))
    (2.8917229307326835 (0.14100000000000001 -0.010009748896481895 0.0))
    (2.892723180795199 (0.14100000000000001 -0.009940242801478818 0.0))
    (2.893723430857715 (0.14100000000000001 -0.009870670118723899 0.0))
    (2.8947236809202304 (0.14100000000000001 -0.009801038481461927 0.0))
    (2.895723930982746 (0.14100000000000001 -0.00973135552940595 0.0))
    (2.8967241810452617 (0.14100000000000001 -0.009661628907899076 0.0))
    (2.897724431107777 (0.14100000000000001 -0.00959186626707565 0.0))
    (2.8987246811702927 (0.14100000000000001 -0.00952207526102193 0.0))
    (2.8997249312328086 (0.14100000000000001 -0.009452263546936256 0.0))
    (2.900725181295324 (0.14100000000000001 -0.009382438784289081 0.0))
    (2.9017254313578396 (0.14100000000000001 -0.009333333333333334 0.0))
    (2.9027256814203555 (0.14100000000000001 -0.009333333333333334 0.0))
    (2.903725931482871 (0.14100000000000001 -0.009333333333333334 0.0))
    (2.904726181545387 (0.14100000000000001 -0.009333333333333334 0.0))
    (2.9057264316079023 (0.14100000000000001 -0.009333333333333334 0.0))
    (2.906726681670418 (0.14100000000000001 -0.009333333333333334 0.0))
    (2.9077269317329337 (0.14100000000000001 -0.009333333333333334 0.0))
    (2.908727181795449 (0.14100000000000001 -0.009333333333333334 0.0))
    (2.9097274318579647 (0.14100000000000001 -0.009333333333333334 0.0))
    (2.9107276819204806 (0.14100000000000001 -0.009333333333333334 0.0))
    (2.911727931982996 (0.14100000000000001 -0.009333333333333334 0.0))
    (2.9127281820455115 (0.14100000000000001 -0.009333333333333334 0.0))
    (2.9137284321080275 (0.14100000000000001 -0.009333333333333334 0.0))
    (2.914728682170543 (0.14100000000000001 -0.009333333333333334 0.0))
    (2.9157289322330584 (0.14100000000000001 -0.009333333333333334 0.0))
    (2.9167291822955743 (0.14100000000000001 -0.009333333333333334 0.0))
    (2.91772943235809 (0.14100000000000001 -0.009333333333333334 0.0))
    (2.9187296824206053 (0.14100000000000001 -0.009333333333333334 0.0))
    (2.919729932483121 (0.14100000000000001 -0.009333333333333334 0.0))
    (2.9207301825456367 (0.14100000000000001 -0.009333333333333334 0.0))
    (2.921730432608152 (0.14100000000000001 -0.009333333333333334 0.0))
    (2.922730682670668 (0.14100000000000001 -0.009333333333333334 0.0))
    (2.9237309327331835 (0.14100000000000001 -0.009333333333333334 0.0))
    (2.9247311827956994 (0.14100000000000001 -0.009333333333333334 0.0))
    (2.925731432858215 (0.14100000000000001 -0.009333333333333334 0.0))
    (2.9267316829207304 (0.14100000000000001 -0.009333333333333334 0.0))
    (2.9277319329832463 (0.14100000000000001 -0.009333333333333334 0.0))
    (2.9287321830457618 (0.14100000000000001 -0.009333333333333334 0.0))
    (2.9297324331082772 (0.14100000000000001 -0.009333333333333334 0.0))
    (2.930732683170793 (0.14100000000000001 -0.009333333333333334 0.0))
    (2.9317329332333086 (0.14100000000000001 -0.009333333333333334 0.0))
    (2.932733183295824 (0.14100000000000001 -0.009333333333333334 0.0))
    (2.93373343335834 (0.14100000000000001 -0.009333333333333334 0.0))
    (2.9347336834208555 (0.14100000000000001 -0.009333333333333334 0.0))
    (2.935733933483371 (0.14100000000000001 -0.009333333333333334 0.0))
    (2.936734183545887 (0.14100000000000001 -0.009333333333333334 0.0))
    (2.9377344336084024 (0.14100000000000001 -0.009333333333333334 0.0))
    (2.938734683670918 (0.14100000000000001 -0.009333333333333334 0.0))
    (2.9397349337334338 (0.14100000000000001 -0.009333333333333334 0.0))
    (2.9407351837959492 (0.14100000000000001 -0.009333333333333334 0.0))
    (2.941735433858465 (0.14100000000000001 -0.009333333333333334 0.0))
    (2.9427356839209806 (0.14100000000000001 -0.009333333333333334 0.0))
    (2.943735933983496 (0.14100000000000001 -0.009333333333333334 0.0))
    (2.944736184046012 (0.14100000000000001 -0.009333333333333334 0.0))
    (2.9457364341085275 (0.14100000000000001 -0.009333333333333334 0.0))
    (2.946736684171043 (0.14100000000000001 -0.009333333333333334 0.0))
    (2.947736934233559 (0.14100000000000001 -0.009333333333333334 0.0))
    (2.9487371842960743 (0.14100000000000001 -0.009333333333333334 0.0))
    (2.94973743435859 (0.14100000000000001 -0.009333333333333334 0.0))
    (2.9507376844211057 (0.14100000000000001 -0.009333333333333334 0.0))
    (2.951737934483621 (0.14100000000000001 -0.009333333333333334 0.0))
    (2.9527381845461367 (0.14100000000000001 -0.009333333333333334 0.0))
    (2.9537384346086526 (0.14100000000000001 -0.009333333333333334 0.0))
    (2.954738684671168 (0.14100000000000001 -0.009333333333333334 0.0))
    (2.9557389347336835 (0.14100000000000001 -0.009333333333333334 0.0))
    (2.9567391847961995 (0.14100000000000001 -0.009333333333333334 0.0))
    (2.957739434858715 (0.14100000000000001 -0.009333333333333334 0.0))
    (2.9587396849212304 (0.14100000000000001 -0.009333333333333334 0.0))
    (2.9597399349837463 (0.14100000000000001 -0.009333333333333334 0.0))
    (2.960740185046262 (0.14100000000000001 -0.009333333333333334 0.0))
    (2.9617404351087777 (0.14100000000000001 -0.009333333333333334 0.0))
    (2.962740685171293 (0.14100000000000001 -0.009333333333333334 0.0))
    (2.9637409352338087 (0.14100000000000001 -0.009333333333333334 0.0))
    (2.9647411852963246 (0.14100000000000001 -0.009333333333333334 0.0))
    (2.96574143535884 (0.14100000000000001 -0.009333333333333334 0.0))
    (2.9667416854213555 (0.14100000000000001 -0.009333333333333334 0.0))
    (2.9677419354838714 (0.14100000000000001 -0.009333333333333334 0.0))
    (2.968742185546387 (0.14100000000000001 -0.009333333333333334 0.0))
    (2.9697424356089024 (0.14100000000000001 -0.009333333333333334 0.0))
    (2.9707426856714183 (0.14100000000000001 -0.009333333333333334 0.0))
    (2.9717429357339338 (0.14100000000000001 -0.009333333333333334 0.0))
    (2.9727431857964493 (0.14100000000000001 -0.009333333333333334 0.0))
    (2.973743435858965 (0.14100000000000001 -0.009333333333333334 0.0))
    (2.9747436859214806 (0.14100000000000001 -0.009333333333333334 0.0))
    (2.975743935983996 (0.14100000000000001 -0.009333333333333334 0.0))
    (2.976744186046512 (0.14100000000000001 -0.009333333333333334 0.0))
    (2.9777444361090275 (0.14100000000000001 -0.009333333333333334 0.0))
    (2.978744686171543 (0.14100000000000001 -0.009333333333333334 0.0))
    (2.979744936234059 (0.14100000000000001 -0.009333333333333334 0.0))
    (2.9807451862965744 (0.14100000000000001 -0.009333333333333334 0.0))
    (2.9817454363590903 (0.14100000000000001 -0.009333333333333334 0.0))
    (2.9827456864216058 (0.14100000000000001 -0.009333333333333334 0.0))
    (2.9837459364841212 (0.14100000000000001 -0.009333333333333334 0.0))
    (2.984746186546637 (0.14100000000000001 -0.009333333333333334 0.0))
    (2.9857464366091526 (0.14100000000000001 -0.009333333333333334 0.0))
    (2.986746686671668 (0.14100000000000001 -0.009333333333333334 0.0))
    (2.987746936734184 (0.14100000000000001 -0.009333333333333334 0.0))
    (2.9887471867966995 (0.14100000000000001 -0.009333333333333334 0.0))
    (2.989747436859215 (0.14100000000000001 -0.009333333333333334 0.0))
    (2.990747686921731 (0.14100000000000001 -0.009333333333333334 0.0))
    (2.9917479369842463 (0.14100000000000001 -0.009333333333333334 0.0))
    (2.992748187046762 (0.14100000000000001 -0.009333333333333334 0.0))
    (2.9937484371092777 (0.14100000000000001 -0.009333333333333334 0.0))
    (2.994748687171793 (0.14100000000000001 -0.009333333333333334 0.0))
    (2.9957489372343087 (0.14100000000000001 -0.009333333333333334 0.0))
    (2.9967491872968246 (0.14100000000000001 -0.009333333333333334 0.0))
    (2.99774943735934 (0.14100000000000001 -0.009333333333333334 0.0))
    (2.998749687421856 (0.14100000000000001 -0.009333333333333334 0.0))
    (2.9997499374843715 (0.14100000000000001 -0.009333333333333334 0.0))
    (3.000750187546887 (0.14100000000000001 -0.009333333333333334 0.0))
    (3.001750437609403 (0.14100000000000001 -0.009333333333333334 0.0))
    (3.0027506876719183 (0.14100000000000001 -0.009333333333333334 0.0))
    (3.003750937734434 (0.14100000000000001 -0.009333333333333334 0.0))
    (3.0047511877969497 (0.14100000000000001 -0.009333333333333334 0.0))
    (3.005751437859465 (0.14100000000000001 -0.009333333333333334 0.0))
    (3.0067516879219807 (0.14100000000000001 -0.009333333333333334 0.0))
    (3.0077519379844966 (0.14100000000000001 -0.009333333333333334 0.0))
    (3.008752188047012 (0.14100000000000001 -0.009333333333333334 0.0))
    (3.0097524381095275 (0.14100000000000001 -0.009333333333333334 0.0))
    (3.0107526881720434 (0.14100000000000001 -0.009333333333333334 0.0))
    (3.011752938234559 (0.14100000000000001 -0.009333333333333334 0.0))
    (3.0127531882970744 (0.14100000000000001 -0.009333333333333334 0.0))
    (3.0137534383595903 (0.14100000000000001 -0.009333333333333334 0.0))
    (3.014753688422106 (0.14100000000000001 -0.009333333333333334 0.0))
    (3.0157539384846213 (0.14100000000000001 -0.009333333333333334 0.0))
    (3.016754188547137 (0.14100000000000001 -0.009333333333333334 0.0))
    (3.0177544386096526 (0.14100000000000001 -0.009333333333333334 0.0))
    (3.0187546886721686 (0.14100000000000001 -0.009333333333333334 0.0))
    (3.019754938734684 (0.14100000000000001 -0.009333333333333334 0.0))
    (3.0207551887971995 (0.14100000000000001 -0.009333333333333334 0.0))
    (3.0217554388597154 (0.14100000000000001 -0.009333333333333334 0.0))
    (3.022755688922231 (0.14100000000000001 -0.009333333333333334 0.0))
    (3.0237559389847464 (0.14100000000000001 -0.009333333333333334 0.0))
    (3.0247561890472623 (0.14100000000000001 -0.009333333333333334 0.0))
    (3.0257564391097778 (0.14100000000000001 -0.009333333333333334 0.0))
    (3.0267566891722932 (0.14100000000000001 -0.009333333333333334 0.0))
    (3.027756939234809 (0.14100000000000001 -0.009333333333333334 0.0))
    (3.0287571892973246 (0.14100000000000001 -0.009333333333333334 0.0))
    (3.02975743935984 (0.14100000000000001 -0.009333333333333334 0.0))
    (3.030757689422356 (0.14100000000000001 -0.009333333333333334 0.0))
    (3.0317579394848715 (0.14100000000000001 -0.009333333333333334 0.0))
    (3.032758189547387 (0.14100000000000001 -0.009333333333333334 0.0))
    (3.033758439609903 (0.14100000000000001 -0.009333333333333334 0.0))
    (3.0347586896724184 (0.14100000000000001 -0.009333333333333334 0.0))
    (3.0357589397349343 (0.14100000000000001 -0.009333333333333334 0.0))
    (3.0367591897974497 (0.14100000000000001 -0.009333333333333334 0.0))
    (3.037759439859965 (0.14100000000000001 -0.009333333333333334 0.0))
    (3.038759689922481 (0.14100000000000001 -0.009333333333333334 0.0))
    (3.0397599399849966 (0.14100000000000001 -0.009333333333333334 0.0))
    (3.040760190047512 (0.14100000000000001 -0.009333333333333334 0.0))
    (3.041760440110028 (0.14100000000000001 -0.009333333333333334 0.0))
    (3.0427606901725435 (0.14100000000000001 -0.009333333333333334 0.0))
    (3.043760940235059 (0.14100000000000001 -0.009333333333333334 0.0))
    (3.044761190297575 (0.14100000000000001 -0.009333333333333334 0.0))
    (3.0457614403600903 (0.14100000000000001 -0.009333333333333334 0.0))
    (3.046761690422606 (0.14100000000000001 -0.009333333333333334 0.0))
    (3.0477619404851217 (0.14100000000000001 -0.009333333333333334 0.0))
    (3.048762190547637 (0.14100000000000001 -0.009333333333333334 0.0))
    (3.0497624406101527 (0.14100000000000001 -0.009333333333333334 0.0))
    (3.0507626906726686 (0.14100000000000001 -0.009333333333333334 0.0))
    (3.051762940735184 (0.14100000000000001 -0.009333333333333334 0.0))
    (3.0527631907976995 (0.14100000000000001 -0.009333333333333334 0.0))
    (3.0537634408602155 (0.14100000000000001 -0.009333333333333334 0.0))
    (3.054763690922731 (0.14100000000000001 -0.009333333333333334 0.0))
    (3.055763940985247 (0.14100000000000001 -0.009333333333333334 0.0))
    (3.0567641910477623 (0.14100000000000001 -0.009333333333333334 0.0))
    (3.057764441110278 (0.14100000000000001 -0.009333333333333334 0.0))
    (3.0587646911727937 (0.14100000000000001 -0.009333333333333334 0.0))
    (3.059764941235309 (0.14100000000000001 -0.009333333333333334 0.0))
    (3.0607651912978247 (0.14100000000000001 -0.009333333333333334 0.0))
    (3.0617654413603406 (0.14100000000000001 -0.009333333333333334 0.0))
    (3.062765691422856 (0.14100000000000001 -0.009333333333333334 0.0))
    (3.0637659414853715 (0.14100000000000001 -0.009333333333333334 0.0))
    (3.0647661915478874 (0.14100000000000001 -0.009333333333333334 0.0))
    (3.065766441610403 (0.14100000000000001 -0.009333333333333334 0.0))
    (3.0667666916729184 (0.14100000000000001 -0.009333333333333334 0.0))
    (3.0677669417354343 (0.14100000000000001 -0.009333333333333334 0.0))
    (3.0687671917979498 (0.14100000000000001 -0.009333333333333334 0.0))
    (3.0697674418604652 (0.14100000000000001 -0.009333333333333334 0.0))
    (3.070767691922981 (0.14100000000000001 -0.009333333333333334 0.0))
    (3.0717679419854966 (0.14100000000000001 -0.009333333333333334 0.0))
    (3.072768192048012 (0.14100000000000001 -0.009333333333333334 0.0))
    (3.073768442110528 (0.14100000000000001 -0.009333333333333334 0.0))
    (3.0747686921730435 (0.14100000000000001 -0.009333333333333334 0.0))
    (3.0757689422355594 (0.14100000000000001 -0.009333333333333334 0.0))
    (3.076769192298075 (0.14100000000000001 -0.009333333333333334 0.0))
    (3.0777694423605904 (0.14100000000000001 -0.009333333333333334 0.0))
    (3.0787696924231063 (0.14100000000000001 -0.009333333333333334 0.0))
    (3.0797699424856217 (0.14100000000000001 -0.009333333333333334 0.0))
    (3.080770192548137 (0.14100000000000001 -0.009333333333333334 0.0))
    (3.081770442610653 (0.14100000000000001 -0.009333333333333334 0.0))
    (3.0827706926731686 (0.14100000000000001 -0.009333333333333334 0.0))
    (3.083770942735684 (0.14100000000000001 -0.009333333333333334 0.0))
    (3.0847711927982 (0.14100000000000001 -0.009333333333333334 0.0))
    (3.0857714428607155 (0.14100000000000001 -0.009333333333333334 0.0))
    (3.086771692923231 (0.14100000000000001 -0.009333333333333334 0.0))
    (3.087771942985747 (0.14100000000000001 -0.009333333333333334 0.0))
    (3.0887721930482623 (0.14100000000000001 -0.009333333333333334 0.0))
    (3.089772443110778 (0.14100000000000001 -0.009333333333333334 0.0))
    (3.0907726931732937 (0.14100000000000001 -0.009333333333333334 0.0))
    (3.091772943235809 (0.14100000000000001 -0.009333333333333334 0.0))
    (3.092773193298325 (0.14100000000000001 -0.009333333333333334 0.0))
    (3.0937734433608406 (0.14100000000000001 -0.009333333333333334 0.0))
    (3.094773693423356 (0.14100000000000001 -0.009333333333333334 0.0))
    (3.095773943485872 (0.14100000000000001 -0.009333333333333334 0.0))
    (3.0967741935483875 (0.14100000000000001 -0.009333333333333334 0.0))
    (3.097774443610903 (0.14100000000000001 -0.009333333333333334 0.0))
    (3.098774693673419 (0.14100000000000001 -0.009333333333333334 0.0))
    (3.0997749437359343 (0.14100000000000001 -0.009333333333333334 0.0))
    (3.10077519379845 (0.14100000000000001 -0.009333333333333334 0.0))
    (3.1017754438609657 (0.14100000000000001 -0.009333333333333334 0.0))
    (3.102775693923481 (0.14100000000000001 -0.009333333333333334 0.0))
    (3.1037759439859967 (0.14100000000000001 -0.009333333333333334 0.0))
    (3.1047761940485126 (0.14100000000000001 -0.009333333333333334 0.0))
    (3.105776444111028 (0.14100000000000001 -0.009333333333333334 0.0))
    (3.1067766941735435 (0.14100000000000001 -0.009333333333333334 0.0))
    (3.1077769442360594 (0.14100000000000001 -0.009333333333333334 0.0))
    (3.108777194298575 (0.14100000000000001 -0.009333333333333334 0.0))
    (3.1097774443610904 (0.14100000000000001 -0.009333333333333334 0.0))
    (3.1107776944236063 (0.14100000000000001 -0.009333333333333334 0.0))
    (3.1117779444861218 (0.14100000000000001 -0.009333333333333334 0.0))
    (3.1127781945486377 (0.14100000000000001 -0.009333333333333334 0.0))
    (3.113778444611153 (0.14100000000000001 -0.009333333333333334 0.0))
    (3.1147786946736686 (0.14100000000000001 -0.009333333333333334 0.0))
    (3.1157789447361846 (0.14100000000000001 -0.009333333333333334 0.0))
    (3.1167791947987 (0.14100000000000001 -0.009333333333333334 0.0))
    (3.1177794448612155 (0.14100000000000001 -0.009333333333333334 0.0))
    (3.1187796949237314 (0.14100000000000001 -0.009333333333333334 0.0))
    (3.119779944986247 (0.14100000000000001 -0.009333333333333334 0.0))
    (3.1207801950487624 (0.14100000000000001 -0.009333333333333334 0.0))
    (3.1217804451112783 (0.14100000000000001 -0.009333333333333334 0.0))
    (3.1227806951737938 (0.14100000000000001 -0.009333333333333334 0.0))
    (3.1237809452363092 (0.14100000000000001 -0.009333333333333334 0.0))
    (3.124781195298825 (0.14100000000000001 -0.009333333333333334 0.0))
    (3.1257814453613406 (0.14100000000000001 -0.009333333333333334 0.0))
    (3.126781695423856 (0.14100000000000001 -0.009333333333333334 0.0))
    (3.127781945486372 (0.14100000000000001 -0.009333333333333334 0.0))
    (3.1287821955488875 (0.14100000000000001 -0.009333333333333334 0.0))
    (3.1297824456114034 (0.14100000000000001 -0.009333333333333334 0.0))
    (3.130782695673919 (0.14100000000000001 -0.009333333333333334 0.0))
    (3.1317829457364343 (0.14100000000000001 -0.009333333333333334 0.0))
    (3.1327831957989503 (0.14100000000000001 -0.009333333333333334 0.0))
    (3.1337834458614657 (0.14100000000000001 -0.009333333333333334 0.0))
    (3.134783695923981 (0.14100000000000001 -0.009333333333333334 0.0))
    (3.135783945986497 (0.14100000000000001 -0.009333333333333334 0.0))
    (3.1367841960490126 (0.14100000000000001 -0.009333333333333334 0.0))
    (3.137784446111528 (0.14100000000000001 -0.009333333333333334 0.0))
    (3.138784696174044 (0.14100000000000001 -0.009333333333333334 0.0))
    (3.1397849462365595 (0.14100000000000001 -0.009333333333333334 0.0))
    (3.140785196299075 (0.14100000000000001 -0.009333333333333334 0.0))
    (3.141785446361591 (0.14100000000000001 -0.009333333333333334 0.0))
    (3.1427856964241063 (0.14100000000000001 -0.009333333333333334 0.0))
    (3.143785946486622 (0.14100000000000001 -0.009333333333333334 0.0))
    (3.1447861965491377 (0.14100000000000001 -0.009333333333333334 0.0))
    (3.145786446611653 (0.14100000000000001 -0.009333333333333334 0.0))
    (3.1467866966741687 (0.14100000000000001 -0.009333333333333334 0.0))
    (3.1477869467366846 (0.14100000000000001 -0.009333333333333334 0.0))
    (3.1487871967992 (0.14100000000000001 -0.009333333333333334 0.0))
    (3.149787446861716 (0.14100000000000001 -0.009333333333333334 0.0))
    (3.1507876969242314 (0.14100000000000001 -0.009333333333333334 0.0))
    (3.151787946986747 (0.14100000000000001 -0.009333333333333334 0.0))
    (3.152788197049263 (0.14100000000000001 -0.009333333333333334 0.0))
    (3.1537884471117783 (0.14100000000000001 -0.009333333333333334 0.0))
    (3.1547886971742938 (0.14100000000000001 -0.009333333333333334 0.0))
    (3.1557889472368097 (0.14100000000000001 -0.009333333333333334 0.0))
    (3.156789197299325 (0.14100000000000001 -0.009333333333333334 0.0))
    (3.1577894473618406 (0.14100000000000001 -0.009333333333333334 0.0))
    (3.1587896974243566 (0.14100000000000001 -0.009333333333333334 0.0))
    (3.159789947486872 (0.14100000000000001 -0.009333333333333334 0.0))
    (3.1607901975493875 (0.14100000000000001 -0.009333333333333334 0.0))
    (3.1617904476119034 (0.14100000000000001 -0.009333333333333334 0.0))
    (3.162790697674419 (0.14100000000000001 -0.009333333333333334 0.0))
    (3.1637909477369344 (0.14100000000000001 -0.009333333333333334 0.0))
    (3.1647911977994503 (0.14100000000000001 -0.009333333333333334 0.0))
    (3.1657914478619658 (0.14100000000000001 -0.009333333333333334 0.0))
    (3.1667916979244817 (0.14100000000000001 -0.009333333333333334 0.0))
    (3.167791947986997 (0.14100000000000001 -0.009333333333333334 0.0))
    (3.1687921980495126 (0.14100000000000001 -0.009333333333333334 0.0))
    (3.1697924481120285 (0.14100000000000001 -0.009333333333333334 0.0))
    (3.170792698174544 (0.14100000000000001 -0.009333333333333334 0.0))
    (3.1717929482370595 (0.14100000000000001 -0.009333333333333334 0.0))
    (3.1727931982995754 (0.14100000000000001 -0.009333333333333334 0.0))
    (3.173793448362091 (0.14100000000000001 -0.009333333333333334 0.0))
    (3.1747936984246063 (0.14100000000000001 -0.009333333333333334 0.0))
    (3.1757939484871223 (0.14100000000000001 -0.009333333333333334 0.0))
    (3.1767941985496377 (0.14100000000000001 -0.009333333333333334 0.0))
    (3.177794448612153 (0.14100000000000001 -0.009333333333333334 0.0))
    (3.178794698674669 (0.14100000000000001 -0.009333333333333334 0.0))
    (3.1797949487371846 (0.14100000000000001 -0.009333333333333334 0.0))
    (3.1807951987997 (0.14100000000000001 -0.009333333333333334 0.0))
    (3.181795448862216 (0.14100000000000001 -0.009333333333333334 0.0))
    (3.1827956989247315 (0.14100000000000001 -0.009333333333333334 0.0))
    (3.183795948987247 (0.14100000000000001 -0.009333333333333334 0.0))
    (3.184796199049763 (0.14100000000000001 -0.009333333333333334 0.0))
    (3.1857964491122783 (0.14100000000000001 -0.009333333333333334 0.0))
    (3.1867966991747942 (0.14100000000000001 -0.009333333333333334 0.0))
    (3.1877969492373097 (0.14100000000000001 -0.009333333333333334 0.0))
    (3.188797199299825 (0.14100000000000001 -0.009333333333333334 0.0))
    (3.189797449362341 (0.14100000000000001 -0.009333333333333334 0.0))
    (3.1907976994248566 (0.14100000000000001 -0.009333333333333334 0.0))
    (3.191797949487372 (0.14100000000000001 -0.009333333333333334 0.0))
    (3.192798199549888 (0.14100000000000001 -0.009333333333333334 0.0))
    (3.1937984496124034 (0.14100000000000001 -0.009333333333333334 0.0))
    (3.194798699674919 (0.14100000000000001 -0.009333333333333334 0.0))
    (3.195798949737435 (0.14100000000000001 -0.009333333333333334 0.0))
    (3.1967991997999503 (0.14100000000000001 -0.009333333333333334 0.0))
    (3.197799449862466 (0.14100000000000001 -0.009333333333333334 0.0))
    (3.1987996999249817 (0.14100000000000001 -0.009333333333333334 0.0))
    (3.199799949987497 (0.14100000000000001 -0.009333333333333334 0.0))
    (3.2008002000500126 (0.14100000000000001 -0.009333333333333334 0.0))
    (3.2018004501125286 (0.14100000000000001 -0.009359295297523856 0.0))
    (3.202800700175044 (0.14100000000000001 -0.00942912269460707 0.0))
    (3.2038009502375595 (0.14100000000000001 -0.009498939582053232 0.0))
    (3.2048012003000754 (0.14100000000000001 -0.00956873829982444 0.0))
    (3.205801450362591 (0.14100000000000001 -0.009638511189876147 0.0))
    (3.206801700425107 (0.14100000000000001 -0.009708250596997646 0.0))
    (3.2078019504876223 (0.14100000000000001 -0.009777948869651729 0.0))
    (3.2088022005501378 (0.14100000000000001 -0.009847598360814442 0.0))
    (3.2098024506126537 (0.14100000000000001 -0.009917191428813879 0.0))
    (3.210802700675169 (0.14100000000000001 -0.00998672043816859 0.0))
    (3.2118029507376846 (0.14100000000000001 -0.010056177760425535 0.0))
    (3.2128032008002005 (0.14100000000000001 -0.010125555774996832 0.0))
    (3.213803450862716 (0.14100000000000001 -0.010194846869995862 0.0))
    (3.2148037009252315 (0.14100000000000001 -0.010264043443072624 0.0))
    (3.2158039509877474 (0.14100000000000001 -0.010333137902247626 0.0))
    (3.216804201050263 (0.14100000000000001 -0.010402122666744843 0.0))
    (3.2178044511127784 (0.14100000000000001 -0.01047099016782367 0.0))
    (3.2188047011752943 (0.14100000000000001 -0.010539732849609115 0.0))
    (3.2198049512378097 (0.14100000000000001 -0.010608343169920808 0.0))
    (3.220805201300325 (0.14100000000000001 -0.010676813601100702 0.0))
    (3.221805451362841 (0.14100000000000001 -0.01074513663083878 0.0))
    (3.2228057014253566 (0.14100000000000001 -0.01081330476299726 0.0))
    (3.2238059514878725 (0.14100000000000001 -0.010881310518433291 0.0))
    (3.224806201550388 (0.14100000000000001 -0.010949146435819202 0.0))
    (3.2258064516129035 (0.14100000000000001 -0.011016805072461361 0.0))
    (3.2268067016754194 (0.14100000000000001 -0.011084279005116764 0.0))
    (3.227806951737935 (0.14100000000000001 -0.011151560830807268 0.0))
    (3.2288072018004503 (0.14100000000000001 -0.011218643167632061 0.0))
    (3.2298074518629662 (0.14100000000000001 -0.011285518655577446 0.0))
    (3.2308077019254817 (0.14100000000000001 -0.011352179957324383 0.0))
    (3.231807951987997 (0.14100000000000001 -0.011418619759053514 0.0))
    (3.232808202050513 (0.14100000000000001 -0.011484830771247598 0.0))
    (3.2338084521130286 (0.14100000000000001 -0.0115508057294913 0.0))
    (3.234808702175544 (0.14100000000000001 -0.011616537395268205 0.0))
    (3.23580895223806 (0.14100000000000001 -0.011682018556755002 0.0))
    (3.2368092023005754 (0.14100000000000001 -0.011747242029612744 0.0))
    (3.237809452363091 (0.14100000000000001 -0.011812200657775074 0.0))
    (3.238809702425607 (0.14100000000000001 -0.011876887314233373 0.0))
    (3.2398099524881223 (0.14100000000000001 -0.011941294901818698 0.0))
    (3.240810202550638 (0.14100000000000001 -0.012005416353980463 0.0))
    (3.2418104526131537 (0.14100000000000001 -0.012069244635561745 0.0))
    (3.242810702675669 (0.14100000000000001 -0.01213277274357117 0.0))
    (3.243810952738185 (0.14100000000000001 -0.01219599370795125 0.0))
    (3.2448112028007006 (0.14100000000000001 -0.012258900592343034 0.0))
    (3.245811452863216 (0.14100000000000001 -0.012321486494847326 0.0))
    (3.246811702925732 (0.14100000000000001 -0.012383744548781755 0.0))
    (3.2478119529882474 (0.14100000000000001 -0.012445667923434165 0.0))
    (3.248812203050763 (0.14100000000000001 -0.012507249824812234 0.0))
    (3.249812453113279 (0.14100000000000001 -0.0125684834963887 0.0))
    (3.2508127031757943 (0.14100000000000001 -0.01262936221984268 0.0))
    (3.2518129532383098 (0.14100000000000001 -0.012689879315796869 0.0))
    (3.2528132033008257 (0.14100000000000001 -0.012750028144550386 0.0))
    (3.253813453363341 (0.14100000000000001 -0.012809802106807074 0.0))
    (3.2548137034258566 (0.14100000000000001 -0.012869194644399739 0.0))
    (3.2558139534883725 (0.14100000000000001 -0.012928199241009679 0.0))
    (3.256814203550888 (0.14100000000000001 -0.012986809422881447 0.0))
    (3.2578144536134035 (0.14100000000000001 -0.013045018759533338 0.0))
    (3.2588147036759194 (0.14100000000000001 -0.013102820864462803 0.0))
    (3.259814953738435 (0.14100000000000001 -0.013160209395847184 0.0))
    (3.260815203800951 (0.14100000000000001 -0.013217178057239497 0.0))
    (3.2618154538634663 (0.14100000000000001 -0.013273720598259278 0.0))
    (3.2628157039259817 (0.14100000000000001 -0.013329830815278327 0.0))
    (3.2638159539884977 (0.14100000000000001 -0.013385502552101356 0.0))
    (3.264816204051013 (0.14100000000000001 -0.013440729700641429 0.0))
    (3.2658164541135286 (0.14100000000000001 -0.013495506201590103 0.0))
    (3.2668167041760445 (0.14100000000000001 -0.013549826045082248 0.0))
    (3.26781695423856 (0.14100000000000001 -0.013603683271355412 0.0))
    (3.2688172043010755 (0.14100000000000001 -0.013657071971403714 0.0))
    (3.2698174543635914 (0.14100000000000001 -0.01370998628762615 0.0))
    (3.270817704426107 (0.14100000000000001 -0.013762420414469269 0.0))
    (3.2718179544886223 (0.14100000000000001 -0.013814368599064132 0.0))
    (3.2728182045511383 (0.14100000000000001 -0.013865825141857503 0.0))
    (3.2738184546136537 (0.14100000000000001 -0.013916784397237173 0.0))
    (3.274818704676169 (0.14100000000000001 -0.013967240774151384 0.0))
    (3.275818954738685 (0.14100000000000001 -0.014017188736722246 0.0))
    (3.2768192048012006 (0.14100000000000001 -0.014066622804853119 0.0))
    (3.277819454863716 (0.14100000000000001 -0.01411553755482987 0.0))
    (3.278819704926232 (0.14100000000000001 -0.014163927619915933 0.0))
    (3.2798199549887475 (0.14100000000000001 -0.014211787690941138 0.0))
    (3.2808202050512634 (0.14100000000000001 -0.014259112516884238 0.0))
    (3.281820455113779 (0.14100000000000001 -0.014305896905448869 0.0))
    (3.2828207051762943 (0.14100000000000001 -0.014352135723633551 0.0))
    (3.2838209552388102 (0.14100000000000001 -0.014397823898294575 0.0))
    (3.2848212053013257 (0.14100000000000001 -0.014442956416702608 0.0))
    (3.285821455363841 (0.14100000000000001 -0.014487528327092953 0.0))
    (3.286821705426357 (0.14100000000000001 -0.014531534739208554 0.0))
    (3.2878219554888726 (0.14100000000000001 -0.014574970824836542 0.0))
    (3.288822205551388 (0.14100000000000001 -0.014617831818338239 0.0))
    (3.289822455613904 (0.14100000000000001 -0.014660113017171749 0.0))
    (3.2908227056764194 (0.14100000000000001 -0.014701809782407916 0.0))
    (3.291822955738935 (0.14100000000000001 -0.014742917539239543 0.0))
    (3.292823205801451 (0.14100000000000001 -0.01478343177748306 0.0))
    (3.2938234558639663 (0.14100000000000001 -0.014823348052073372 0.0))
    (3.2948237059264818 (0.14100000000000001 -0.0148626619835518 0.0))
    (3.2958239559889977 (0.14100000000000001 -0.014901369258546333 0.0))
    (3.296824206051513 (0.14100000000000001 -0.014939465630244878 0.0))
    (3.2978244561140286 (0.14100000000000001 -0.014976946918861436 0.0))
    (3.2988247061765446 (0.14100000000000001 -0.015013809012094457 0.0))
    (3.29982495623906 (0.14100000000000001 -0.015050047865578033 0.0))
    (3.300825206301576 (0.14100000000000001 -0.015085659503325882 0.0))
    (3.3018254563640914 (0.14100000000000001 -0.015120640018167215 0.0))
    (3.302825706426607 (0.14100000000000001 -0.015154985572175688 0.0))
    (3.303825956489123 (0.14100000000000001 -0.01518869239709045 0.0))
    (3.3048262065516383 (0.14100000000000001 -0.015221756794729396 0.0))
    (3.3058264566141538 (0.14100000000000001 -0.015254175137395121 0.0))
    (3.3068267066766697 (0.14100000000000001 -0.015285943868272929 0.0))
    (3.307826956739185 (0.14100000000000001 -0.01531705950182087 0.0))
    (3.3088272068017006 (0.14100000000000001 -0.015347518624152375 0.0))
    (3.3098274568642165 (0.14100000000000001 -0.015377317893410793 0.0))
    (3.310827706926732 (0.14100000000000001 -0.015406454040135872 0.0))
    (3.3118279569892475 (0.14100000000000001 -0.01543492386762265 0.0))
    (3.3128282070517634 (0.14100000000000001 -0.015462724252272186 0.0))
    (3.313828457114279 (0.14100000000000001 -0.015489852143934092 0.0))
    (3.3148287071767943 (0.14100000000000001 -0.015516304566241364 0.0))
    (3.3158289572393103 (0.14100000000000001 -0.015542078616936923 0.0))
    (3.3168292073018257 (0.14100000000000001 -0.015567171468191882 0.0))
    (3.3178294573643416 (0.14100000000000001 -0.015591580366915991 0.0))
    (3.318829707426857 (0.14100000000000001 -0.015615302635059593 0.0))
    (3.3198299574893726 (0.14100000000000001 -0.01563833566990748 0.0))
    (3.3208302075518885 (0.14100000000000001 -0.015660676944364443 0.0))
    (3.321830457614404 (0.14100000000000001 -0.015682324007232542 0.0))
    (3.3228307076769195 (0.14100000000000001 -0.015703274483480033 0.0))
    (3.3238309577394354 (0.14100000000000001 -0.015723526074501958 0.0))
    (3.324831207801951 (0.14100000000000001 -0.015743076558372336 0.0))
    (3.3258314578644663 (0.14100000000000001 -0.015761923790087937 0.0))
    (3.3268317079269822 (0.14100000000000001 -0.015780065701803625 0.0))
    (3.3278319579894977 (0.14100000000000001 -0.015797500303059254 0.0))
    (3.328832208052013 (0.14100000000000001 -0.015814225680998016 0.0))
    (3.329832458114529 (0.14100000000000001 -0.01583024000057635 0.0))
    (3.3308327081770446 (0.14100000000000001 -0.015845541504765248 0.0))
    (3.33183295823956 (0.14100000000000001 -0.015860128514743048 0.0))
    (3.332833208302076 (0.14100000000000001 -0.015873999430079618 0.0))
    (3.3338334583645914 (0.14100000000000001 -0.015887152728911946 0.0))
    (3.334833708427107 (0.14100000000000001 -0.015899586968111133 0.0))
    (3.335833958489623 (0.14100000000000001 -0.01591130078344069 0.0))
    (3.3368342085521383 (0.14100000000000001 -0.015922292889706265 0.0))
    (3.337834458614654 (0.14100000000000001 -0.015932562080896603 0.0))
    (3.3388347086771697 (0.14100000000000001 -0.0159421072303159 0.0))
    (3.339834958739685 (0.14100000000000001 -0.015950927290707392 0.0))
    (3.340835208802201 (0.14100000000000001 -0.015959021294368284 0.0))
    (3.3418354588647166 (0.14100000000000001 -0.0159663883532559 0.0))
    (3.342835708927232 (0.14100000000000001 -0.01597302765908513 0.0))
    (3.343835958989748 (0.14100000000000001 -0.015978938483417096 0.0))
    (3.3448362090522634 (0.14100000000000001 -0.015984120177739085 0.0))
    (3.345836459114779 (0.14100000000000001 -0.01598857217353571 0.0))
    (3.346836709177295 (0.14100000000000001 -0.01599229398235126 0.0))
    (3.3478369592398103 (0.14100000000000001 -0.01599528519584332 0.0))
    (3.3488372093023258 (0.14100000000000001 -0.01599754548582755 0.0))
    (3.3498374593648417 (0.14100000000000001 -0.015999074604313705 0.0))
    (3.350837709427357 (0.14100000000000001 -0.015999872383532836 0.0))
    (3.3518379594898726 (0.14100000000000001 -0.0159999387359557 0.0))
    (3.3528382095523885 (0.14100000000000001 -0.015999273654302374 0.0))
    (3.353838459614904 (0.14100000000000001 -0.015997877211543034 0.0))
    (3.35483870967742 (0.14100000000000001 -0.015995749560889956 0.0))
    (3.3558389597399354 (0.14100000000000001 -0.01599289093578072 0.0))
    (3.356839209802451 (0.14100000000000001 -0.015989301649852572 0.0))
    (3.357839459864967 (0.14100000000000001 -0.015984982096908046 0.0))
    (3.3588397099274823 (0.14100000000000001 -0.015979932750871728 0.0))
    (3.3598399599899977 (0.14100000000000001 -0.015974154165738268 0.0))
    (3.3608402100525137 (0.14100000000000001 -0.0159676469755116 0.0))
    (3.361840460115029 (0.14100000000000001 -0.015960411894135402 0.0))
    (3.3628407101775446 (0.14100000000000001 -0.015952449715414714 0.0))
    (3.3638409602400605 (0.14100000000000001 -0.015943761312928885 0.0))
    (3.364841210302576 (0.14100000000000001 -0.015934347639935745 0.0))
    (3.3658414603650915 (0.14100000000000001 -0.015924209729266944 0.0))
    (3.3668417104276074 (0.14100000000000001 -0.0159133486932147 0.0))
    (3.367841960490123 (0.14100000000000001 -0.015901765723409775 0.0))
    (3.3688422105526383 (0.14100000000000001 -0.01588946209069064 0.0))
    (3.3698424606151542 (0.14100000000000001 -0.015876439144964134 0.0))
    (3.3708427106776697 (0.14100000000000001 -0.015862698315057357 0.0))
    (3.371842960740185 (0.14100000000000001 -0.015848241108560826 0.0))
    (3.372843210802701 (0.14100000000000001 -0.01583306911166313 0.0))
    (3.3738434608652166 (0.14100000000000001 -0.015817183988976927 0.0))
    (3.3748437109277325 (0.14100000000000001 -0.0158005874833562 0.0))
    (3.375843960990248 (0.14100000000000001 -0.015783281415705182 0.0))
    (3.3768442110527634 (0.14100000000000001 -0.01576526768477846 0.0))
    (3.3778444611152794 (0.14100000000000001 -0.01574654826697265 0.0))
    (3.378844711177795 (0.14100000000000001 -0.015727125216109684 0.0))
    (3.3798449612403103 (0.14100000000000001 -0.01570700066321133 0.0))
    (3.3808452113028262 (0.14100000000000001 -0.0156861768162654 0.0))
    (3.3818454613653417 (0.14100000000000001 -0.01566465595998362 0.0))
    (3.382845711427857 (0.14100000000000001 -0.015642440455550837 0.0))
    (3.383845961490373 (0.14100000000000001 -0.015619532740365948 0.0))
    (3.3848462115528886 (0.14100000000000001 -0.015595935327774618 0.0))
    (3.385846461615404 (0.14100000000000001 -0.015571650806793392 0.0))
    (3.38684671167792 (0.14100000000000001 -0.01554668184182563 0.0))
    (3.3878469617404354 (0.14100000000000001 -0.015521031172369333 0.0))
    (3.388847211802951 (0.14100000000000001 -0.015494701612716422 0.0))
    (3.389847461865467 (0.14100000000000001 -0.015467696051643958 0.0))
    (3.3908477119279823 (0.14100000000000001 -0.015440017452097367 0.0))
    (3.3918479619904978 (0.14100000000000001 -0.015411668850865194 0.0))
    (3.3928482120530137 (0.14100000000000001 -0.015382653358245901 0.0))
    (3.393848462115529 (0.14100000000000001 -0.01535297415770681 0.0))
    (3.394848712178045 (0.14100000000000001 -0.01532263450553462 0.0))
    (3.3958489622405605 (0.14100000000000001 -0.015291637730478237 0.0))
    (3.396849212303076 (0.14100000000000001 -0.015259987233383544 0.0))
    (3.397849462365592 (0.14100000000000001 -0.01522768648682027 0.0))
    (3.3988497124281074 (0.14100000000000001 -0.01519473903470099 0.0))
    (3.399849962490623 (0.14100000000000001 -0.015161148491892302 0.0))
    (3.400850212553139 (0.14100000000000001 -0.015126918543818221 0.0))
    (3.4018504626156543 (0.14100000000000001 -0.015092052946055829 0.0))
    (3.4028507126781697 (0.14100000000000001 -0.01505655552392322 0.0))
    (3.4038509627406857 (0.14100000000000001 -0.015020430172059809 0.0))
    (3.404851212803201 (0.14100000000000001 -0.014983680853999027 0.0))
    (3.4058514628657166 (0.14100000000000001 -0.01494631160173345 0.0))
    (3.4068517129282325 (0.14100000000000001 -0.014908326515272432 0.0))
    (3.407851962990748 (0.14100000000000001 -0.014869729762192266 0.0))
    (3.4088522130532635 (0.14100000000000001 -0.01483052557717893 0.0))
    (3.4098524631157794 (0.14100000000000001 -0.014790718261563484 0.0))
    (3.410852713178295 (0.14100000000000001 -0.014750312182850125 0.0))
    (3.4118529632408108 (0.14100000000000001 -0.014709311774237028 0.0))
    (3.4128532133033262 (0.14100000000000001 -0.014667721534129924 0.0))
    (3.4138534633658417 (0.14100000000000001 -0.01462554602564858 0.0))
    (3.4148537134283576 (0.14100000000000001 -0.014582789876126129 0.0))
    (3.415853963490873 (0.14100000000000001 -0.01453945777660139 0.0))
    (3.4168542135533886 (0.14100000000000001 -0.014495554481304178 0.0))
    (3.4178544636159045 (0.14100000000000001 -0.014451084807133696 0.0))
    (3.41885471367842 (0.14100000000000001 -0.014406053633130037 0.0))
    (3.4198549637409354 (0.14100000000000001 -0.01436046589993888 0.0))
    (3.4208552138034514 (0.14100000000000001 -0.01431432660926941 0.0))
    (3.421855463865967 (0.14100000000000001 -0.014267640823345567 0.0))
    (3.4228557139284823 (0.14100000000000001 -0.014220413664350628 0.0))
    (3.4238559639909982 (0.14100000000000001 -0.014172650313865217 0.0))
    (3.4248562140535137 (0.14100000000000001 -0.014124356012298818 0.0))
    (3.425856464116029 (0.14100000000000001 -0.014075536058314797 0.0))
    (3.426856714178545 (0.14100000000000001 -0.014026195808249067 0.0))
    (3.4278569642410606 (0.14100000000000001 -0.013976340675522413 0.0))
    (3.428857214303576 (0.14100000000000001 -0.013925976130046543 0.0))
    (3.429857464366092 (0.14100000000000001 -0.013875107697623953 0.0))
    (3.4308577144286074 (0.14100000000000001 -0.013823740959341666 0.0))
    (3.4318579644911233 (0.14100000000000001 -0.013771881550958848 0.0))
    (3.432858214553639 (0.14100000000000001 -0.013719535162288665 0.0))
    (3.4338584646161543 (0.14100000000000001 -0.013666707536573652 0.0))
    (3.43485871467867 (0.14100000000000001 -0.013613404469855914 0.0))
    (3.4358589647411857 (0.14100000000000001 -0.013559631810341172 0.0))
    (3.436859214803701 (0.14100000000000001 -0.013505395457756975 0.0))
    (3.437859464866217 (0.14100000000000001 -0.013450701362705356 0.0))
    (3.4388597149287325 (0.14100000000000001 -0.013395555526010312 0.0))
    (3.439859964991248 (0.14100000000000001 -0.013339963998059059 0.0))
    (3.440860215053764 (0.14100000000000001 -0.013283932878138217 0.0))
    (3.4418604651162794 (0.14100000000000001 -0.013227468313764958 0.0))
    (3.442860715178795 (0.14100000000000001 -0.013170576500012186 0.0))
    (3.443860965241311 (0.14100000000000001 -0.013113263678828833 0.0))
    (3.4448612153038263 (0.14100000000000001 -0.01305553613835536 0.0))
    (3.4458614653663417 (0.14100000000000001 -0.01299740021223351 0.0))
    (3.4468617154288577 (0.14100000000000001 -0.01293886227891139 0.0))
    (3.447861965491373 (0.14100000000000001 -0.012879928760944017 0.0))
    (3.448862215553889 (0.14100000000000001 -0.012820606124288262 0.0))
    (3.4498624656164045 (0.14100000000000001 -0.012760900877593628 0.0))
    (3.45086271567892 (0.14100000000000001 -0.012700819571488109 0.0))
    (3.451862965741436 (0.14100000000000001 -0.01264036879785947 0.0))
    (3.4528632158039514 (0.14100000000000001 -0.012579555189132032 0.0))
    (3.453863465866467 (0.14100000000000001 -0.012518385417538963 0.0))
    (3.454863715928983 (0.14100000000000001 -0.012456866194390246 0.0))
    (3.4558639659914983 (0.14100000000000001 -0.01239500426933633 0.0))
    (3.4568642160540137 (0.14100000000000001 -0.012332806429627589 0.0))
    (3.4578644661165296 (0.14100000000000001 -0.012270279499369645 0.0))
    (3.458864716179045 (0.14100000000000001 -0.012207430338774666 0.0))
    (3.4598649662415606 (0.14100000000000001 -0.012144265843408672 0.0))
    (3.4608652163040765 (0.14100000000000001 -0.012080792943434998 0.0))
    (3.461865466366592 (0.14100000000000001 -0.012017018602853936 0.0))
    (3.4628657164291075 (0.14100000000000001 -0.011952949818738668 0.0))
    (3.4638659664916234 (0.14100000000000001 -0.011888593620467578 0.0))
    (3.464866216554139 (0.14100000000000001 -0.011823957068953018 0.0))
    (3.4658664666166543 (0.14100000000000001 -0.011759047255866613 0.0))
    (3.4668667166791702 (0.14100000000000001 -0.011693871302861179 0.0))
    (3.4678669667416857 (0.14100000000000001 -0.011628436360789376 0.0))
    (3.4688672168042016 (0.14100000000000001 -0.011562749608919145 0.0))
    (3.469867466866717 (0.14100000000000001 -0.011496818254146012 0.0))
    (3.4708677169292326 (0.14100000000000001 -0.011430649530202385 0.0))
    (3.4718679669917485 (0.14100000000000001 -0.011364250696863903 0.0))
    (3.472868217054264 (0.14100000000000001 -0.01129762903915291 0.0))
    (3.4738684671167794 (0.14100000000000001 -0.011230791866539176 0.0))
    (3.4748687171792954 (0.14100000000000001 -0.01116374651213793 0.0))
    (3.475868967241811 (0.14100000000000001 -0.0110965003319053 0.0))
    (3.4768692173043263 (0.14100000000000001 -0.011029060703831245 0.0))
    (3.477869467366842 (0.14100000000000001 -0.010961435027130068 0.0))
    (3.4788697174293577 (0.14100000000000001 -0.010893630721428607 0.0))
    (3.479869967491873 (0.14100000000000001 -0.010825655225952184 0.0))
    (3.480870217554389 (0.14100000000000001 -0.010757515998708393 0.0))
    (3.4818704676169046 (0.14100000000000001 -0.010689220515668845 0.0))
    (3.48287071767942 (0.14100000000000001 -0.010620776269948931 0.0))
    (3.483870967741936 (0.14100000000000001 -0.010552190770985707 0.0))
    (3.4848712178044514 (0.14100000000000001 -0.010483471543713985 0.0))
    (3.485871467866967 (0.14100000000000001 -0.010414626127740726 0.0))
    (3.486871717929483 (0.14100000000000001 -0.01034566207651783 0.0))
    (3.4878719679919983 (0.14100000000000001 -0.010276586956513395 0.0))
    (3.488872218054514 (0.14100000000000001 -0.010207408346381506 0.0))
    (3.4898724681170297 (0.14100000000000001 -0.010138133836130972 0.0))
    (3.490872718179545 (0.14100000000000001 -0.010068771026292112 0.0))
    (3.491872968242061 (0.14100000000000001 -0.009999327527083266 0.0))
    (3.4928732183045765 (0.14100000000000001 -0.009929810957575851 0.0))
    (3.493873468367092 (0.14100000000000001 -0.009860228944857982 0.0))
    (3.494873718429608 (0.14100000000000001 -0.009790589123198095 0.0))
    (3.4958739684921234 (0.14100000000000001 -0.009720899133207339 0.0))
    (3.496874218554639 (0.14100000000000001 -0.009651166621000852 0.0))
    (3.497874468617155 (0.14100000000000001 -0.009581399237359293 0.0))
    (3.4988747186796703 (0.14100000000000001 -0.009511604636889414 0.0))
    (3.4998749687421857 (0.14100000000000001 -0.00944179047718381 0.0))
    (3.5008752188047016 (0.14100000000000001 -0.009371964417981186 0.0))
    (3.501875468867217 (0.14100000000000001 -0.009333333333333334 0.0))
    (3.5028757189297326 (0.14100000000000001 -0.009333333333333334 0.0))
    (3.5038759689922485 (0.14100000000000001 -0.009333333333333334 0.0))
    (3.504876219054764 (0.14100000000000001 -0.009333333333333334 0.0))
    (3.50587646911728 (0.14100000000000001 -0.009333333333333334 0.0))
    (3.5068767191797954 (0.14100000000000001 -0.009333333333333334 0.0))
    (3.507876969242311 (0.14100000000000001 -0.009333333333333334 0.0))
    (3.5088772193048268 (0.14100000000000001 -0.009333333333333334 0.0))
    (3.5098774693673422 (0.14100000000000001 -0.009333333333333334 0.0))
    (3.5108777194298577 (0.14100000000000001 -0.009333333333333334 0.0))
    (3.5118779694923736 (0.14100000000000001 -0.009333333333333334 0.0))
    (3.512878219554889 (0.14100000000000001 -0.009333333333333334 0.0))
    (3.5138784696174046 (0.14100000000000001 -0.009333333333333334 0.0))
    (3.5148787196799205 (0.14100000000000001 -0.009333333333333334 0.0))
    (3.515878969742436 (0.14100000000000001 -0.009333333333333334 0.0))
    (3.5168792198049514 (0.14100000000000001 -0.009333333333333334 0.0))
    (3.5178794698674674 (0.14100000000000001 -0.009333333333333334 0.0))
    (3.518879719929983 (0.14100000000000001 -0.009333333333333334 0.0))
    (3.5198799699924983 (0.14100000000000001 -0.009333333333333334 0.0))
    (3.520880220055014 (0.14100000000000001 -0.009333333333333334 0.0))
    (3.5218804701175297 (0.14100000000000001 -0.009333333333333334 0.0))
    (3.522880720180045 (0.14100000000000001 -0.009333333333333334 0.0))
    (3.523880970242561 (0.14100000000000001 -0.009333333333333334 0.0))
    (3.5248812203050766 (0.14100000000000001 -0.009333333333333334 0.0))
    (3.5258814703675925 (0.14100000000000001 -0.009333333333333334 0.0))
    (3.526881720430108 (0.14100000000000001 -0.009333333333333334 0.0))
    (3.5278819704926234 (0.14100000000000001 -0.009333333333333334 0.0))
    (3.5288822205551393 (0.14100000000000001 -0.009333333333333334 0.0))
    (3.529882470617655 (0.14100000000000001 -0.009333333333333334 0.0))
    (3.5308827206801703 (0.14100000000000001 -0.009333333333333334 0.0))
    (3.531882970742686 (0.14100000000000001 -0.009333333333333334 0.0))
    (3.5328832208052017 (0.14100000000000001 -0.009333333333333334 0.0))
    (3.533883470867717 (0.14100000000000001 -0.009333333333333334 0.0))
    (3.534883720930233 (0.14100000000000001 -0.009333333333333334 0.0))
    (3.5358839709927485 (0.14100000000000001 -0.009333333333333334 0.0))
    (3.536884221055264 (0.14100000000000001 -0.009333333333333334 0.0))
    (3.53788447111778 (0.14100000000000001 -0.009333333333333334 0.0))
    (3.5388847211802954 (0.14100000000000001 -0.009333333333333334 0.0))
    (3.539884971242811 (0.14100000000000001 -0.009333333333333334 0.0))
    (3.540885221305327 (0.14100000000000001 -0.009333333333333334 0.0))
    (3.5418854713678423 (0.14100000000000001 -0.009333333333333334 0.0))
    (3.542885721430358 (0.14100000000000001 -0.009333333333333334 0.0))
    (3.5438859714928737 (0.14100000000000001 -0.009333333333333334 0.0))
    (3.544886221555389 (0.14100000000000001 -0.009333333333333334 0.0))
    (3.545886471617905 (0.14100000000000001 -0.009333333333333334 0.0))
    (3.5468867216804205 (0.14100000000000001 -0.009333333333333334 0.0))
    (3.547886971742936 (0.14100000000000001 -0.009333333333333334 0.0))
    (3.548887221805452 (0.14100000000000001 -0.009333333333333334 0.0))
    (3.5498874718679674 (0.14100000000000001 -0.009333333333333334 0.0))
    (3.550887721930483 (0.14100000000000001 -0.009333333333333334 0.0))
    (3.5518879719929988 (0.14100000000000001 -0.009333333333333334 0.0))
    (3.5528882220555142 (0.14100000000000001 -0.009333333333333334 0.0))
    (3.5538884721180297 (0.14100000000000001 -0.009333333333333334 0.0))
    (3.5548887221805456 (0.14100000000000001 -0.009333333333333334 0.0))
    (3.555888972243061 (0.14100000000000001 -0.009333333333333334 0.0))
    (3.5568892223055766 (0.14100000000000001 -0.009333333333333334 0.0))
    (3.5578894723680925 (0.14100000000000001 -0.009333333333333334 0.0))
    (3.558889722430608 (0.14100000000000001 -0.009333333333333334 0.0))
    (3.5598899724931234 (0.14100000000000001 -0.009333333333333334 0.0))
    (3.5608902225556394 (0.14100000000000001 -0.009333333333333334 0.0))
    (3.561890472618155 (0.14100000000000001 -0.009333333333333334 0.0))
    (3.5628907226806708 (0.14100000000000001 -0.009333333333333334 0.0))
    (3.5638909727431862 (0.14100000000000001 -0.009333333333333334 0.0))
    (3.5648912228057017 (0.14100000000000001 -0.009333333333333334 0.0))
    (3.5658914728682176 (0.14100000000000001 -0.009333333333333334 0.0))
    (3.566891722930733 (0.14100000000000001 -0.009333333333333334 0.0))
    (3.5678919729932486 (0.14100000000000001 -0.009333333333333334 0.0))
    (3.5688922230557645 (0.14100000000000001 -0.009333333333333334 0.0))
    (3.56989247311828 (0.14100000000000001 -0.009333333333333334 0.0))
    (3.5708927231807954 (0.14100000000000001 -0.009333333333333334 0.0))
    (3.5718929732433113 (0.14100000000000001 -0.009333333333333334 0.0))
    (3.572893223305827 (0.14100000000000001 -0.009333333333333334 0.0))
    (3.5738934733683423 (0.14100000000000001 -0.009333333333333334 0.0))
    (3.574893723430858 (0.14100000000000001 -0.009333333333333334 0.0))
    (3.5758939734933737 (0.14100000000000001 -0.009333333333333334 0.0))
    (3.576894223555889 (0.14100000000000001 -0.009333333333333334 0.0))
    (3.577894473618405 (0.14100000000000001 -0.009333333333333334 0.0))
    (3.5788947236809205 (0.14100000000000001 -0.009333333333333334 0.0))
    (3.579894973743436 (0.14100000000000001 -0.009333333333333334 0.0))
    (3.580895223805952 (0.14100000000000001 -0.009333333333333334 0.0))
    (3.5818954738684674 (0.14100000000000001 -0.009333333333333334 0.0))
    (3.5828957239309833 (0.14100000000000001 -0.009333333333333334 0.0))
    (3.583895973993499 (0.14100000000000001 -0.009333333333333334 0.0))
    (3.5848962240560143 (0.14100000000000001 -0.009333333333333334 0.0))
    (3.58589647411853 (0.14100000000000001 -0.009333333333333334 0.0))
    (3.5868967241810457 (0.14100000000000001 -0.009333333333333334 0.0))
    (3.587896974243561 (0.14100000000000001 -0.009333333333333334 0.0))
    (3.588897224306077 (0.14100000000000001 -0.009333333333333334 0.0))
    (3.5898974743685925 (0.14100000000000001 -0.009333333333333334 0.0))
    (3.590897724431108 (0.14100000000000001 -0.009333333333333334 0.0))
    (3.591897974493624 (0.14100000000000001 -0.009333333333333334 0.0))
    (3.5928982245561394 (0.14100000000000001 -0.009333333333333334 0.0))
    (3.593898474618655 (0.14100000000000001 -0.009333333333333334 0.0))
    (3.5948987246811708 (0.14100000000000001 -0.009333333333333334 0.0))
    (3.5958989747436862 (0.14100000000000001 -0.009333333333333334 0.0))
    (3.5968992248062017 (0.14100000000000001 -0.009333333333333334 0.0))
    (3.5978994748687176 (0.14100000000000001 -0.009333333333333334 0.0))
    (3.598899724931233 (0.14100000000000001 -0.009333333333333334 0.0))
    (3.599899974993749 (0.14100000000000001 -0.009333333333333334 0.0))
    (3.6009002250562645 (0.14100000000000001 -0.009333333333333334 0.0))
    (3.60190047511878 (0.14100000000000001 -0.009333333333333334 0.0))
    (3.602900725181296 (0.14100000000000001 -0.009333333333333334 0.0))
    (3.6039009752438114 (0.14100000000000001 -0.009333333333333334 0.0))
    (3.604901225306327 (0.14100000000000001 -0.009333333333333334 0.0))
    (3.6059014753688428 (0.14100000000000001 -0.009333333333333334 0.0))
    (3.6069017254313582 (0.14100000000000001 -0.009333333333333334 0.0))
    (3.6079019754938737 (0.14100000000000001 -0.009333333333333334 0.0))
    (3.6089022255563896 (0.14100000000000001 -0.009333333333333334 0.0))
    (3.609902475618905 (0.14100000000000001 -0.009333333333333334 0.0))
    (3.6109027256814206 (0.14100000000000001 -0.009333333333333334 0.0))
    (3.6119029757439365 (0.14100000000000001 -0.009333333333333334 0.0))
    (3.612903225806452 (0.14100000000000001 -0.009333333333333334 0.0))
    (3.6139034758689674 (0.14100000000000001 -0.009333333333333334 0.0))
    (3.6149037259314833 (0.14100000000000001 -0.009333333333333334 0.0))
    (3.615903975993999 (0.14100000000000001 -0.009333333333333334 0.0))
    (3.6169042260565143 (0.14100000000000001 -0.009333333333333334 0.0))
    (3.61790447611903 (0.14100000000000001 -0.009333333333333334 0.0))
    (3.6189047261815457 (0.14100000000000001 -0.009333333333333334 0.0))
    (3.6199049762440616 (0.14100000000000001 -0.009333333333333334 0.0))
    (3.620905226306577 (0.14100000000000001 -0.009333333333333334 0.0))
    (3.6219054763690925 (0.14100000000000001 -0.009333333333333334 0.0))
    (3.6229057264316085 (0.14100000000000001 -0.009333333333333334 0.0))
    (3.623905976494124 (0.14100000000000001 -0.009333333333333334 0.0))
    (3.6249062265566394 (0.14100000000000001 -0.009333333333333334 0.0))
    (3.6259064766191553 (0.14100000000000001 -0.009333333333333334 0.0))
    (3.626906726681671 (0.14100000000000001 -0.009333333333333334 0.0))
    (3.6279069767441863 (0.14100000000000001 -0.009333333333333334 0.0))
    (3.628907226806702 (0.14100000000000001 -0.009333333333333334 0.0))
    (3.6299074768692177 (0.14100000000000001 -0.009333333333333334 0.0))
    (3.630907726931733 (0.14100000000000001 -0.009333333333333334 0.0))
    (3.631907976994249 (0.14100000000000001 -0.009333333333333334 0.0))
    (3.6329082270567645 (0.14100000000000001 -0.009333333333333334 0.0))
    (3.63390847711928 (0.14100000000000001 -0.009333333333333334 0.0))
    (3.634908727181796 (0.14100000000000001 -0.009333333333333334 0.0))
    (3.6359089772443114 (0.14100000000000001 -0.009333333333333334 0.0))
    (3.6369092273068273 (0.14100000000000001 -0.009333333333333334 0.0))
    (3.637909477369343 (0.14100000000000001 -0.009333333333333334 0.0))
    (3.6389097274318583 (0.14100000000000001 -0.009333333333333334 0.0))
    (3.639909977494374 (0.14100000000000001 -0.009333333333333334 0.0))
    (3.6409102275568896 (0.14100000000000001 -0.009333333333333334 0.0))
    (3.641910477619405 (0.14100000000000001 -0.009333333333333334 0.0))
    (3.642910727681921 (0.14100000000000001 -0.009333333333333334 0.0))
    (3.6439109777444365 (0.14100000000000001 -0.009333333333333334 0.0))
    (3.644911227806952 (0.14100000000000001 -0.009333333333333334 0.0))
    (3.645911477869468 (0.14100000000000001 -0.009333333333333334 0.0))
    (3.6469117279319834 (0.14100000000000001 -0.009333333333333334 0.0))
    (3.647911977994499 (0.14100000000000001 -0.009333333333333334 0.0))
    (3.6489122280570148 (0.14100000000000001 -0.009333333333333334 0.0))
    (3.6499124781195302 (0.14100000000000001 -0.009333333333333334 0.0))
    (3.6509127281820457 (0.14100000000000001 -0.009333333333333334 0.0))
    (3.6519129782445616 (0.14100000000000001 -0.009333333333333334 0.0))
    (3.652913228307077 (0.14100000000000001 -0.009333333333333334 0.0))
    (3.6539134783695926 (0.14100000000000001 -0.009333333333333334 0.0))
    (3.6549137284321085 (0.14100000000000001 -0.009333333333333334 0.0))
    (3.655913978494624 (0.14100000000000001 -0.009333333333333334 0.0))
    (3.65691422855714 (0.14100000000000001 -0.009333333333333334 0.0))
    (3.6579144786196554 (0.14100000000000001 -0.009333333333333334 0.0))
    (3.658914728682171 (0.14100000000000001 -0.009333333333333334 0.0))
    (3.6599149787446867 (0.14100000000000001 -0.009333333333333334 0.0))
    (3.660915228807202 (0.14100000000000001 -0.009333333333333334 0.0))
    (3.6619154788697177 (0.14100000000000001 -0.009333333333333334 0.0))
    (3.6629157289322336 (0.14100000000000001 -0.009333333333333334 0.0))
    (3.663915978994749 (0.14100000000000001 -0.009333333333333334 0.0))
    (3.6649162290572646 (0.14100000000000001 -0.009333333333333334 0.0))
    (3.6659164791197805 (0.14100000000000001 -0.009333333333333334 0.0))
    (3.666916729182296 (0.14100000000000001 -0.009333333333333334 0.0))
    (3.6679169792448114 (0.14100000000000001 -0.009333333333333334 0.0))
    (3.6689172293073273 (0.14100000000000001 -0.009333333333333334 0.0))
    (3.669917479369843 (0.14100000000000001 -0.009333333333333334 0.0))
    (3.6709177294323583 (0.14100000000000001 -0.009333333333333334 0.0))
    (3.671917979494874 (0.14100000000000001 -0.009333333333333334 0.0))
    (3.6729182295573897 (0.14100000000000001 -0.009333333333333334 0.0))
    (3.673918479619905 (0.14100000000000001 -0.009333333333333334 0.0))
    (3.674918729682421 (0.14100000000000001 -0.009333333333333334 0.0))
    (3.6759189797449365 (0.14100000000000001 -0.009333333333333334 0.0))
    (3.6769192298074524 (0.14100000000000001 -0.009333333333333334 0.0))
    (3.677919479869968 (0.14100000000000001 -0.009333333333333334 0.0))
    (3.6789197299324834 (0.14100000000000001 -0.009333333333333334 0.0))
    (3.6799199799949993 (0.14100000000000001 -0.009333333333333334 0.0))
    (3.680920230057515 (0.14100000000000001 -0.009333333333333334 0.0))
    (3.6819204801200303 (0.14100000000000001 -0.009333333333333334 0.0))
    (3.682920730182546 (0.14100000000000001 -0.009333333333333334 0.0))
    (3.6839209802450616 (0.14100000000000001 -0.009333333333333334 0.0))
    (3.684921230307577 (0.14100000000000001 -0.009333333333333334 0.0))
    (3.685921480370093 (0.14100000000000001 -0.009333333333333334 0.0))
    (3.6869217304326085 (0.14100000000000001 -0.009333333333333334 0.0))
    (3.687921980495124 (0.14100000000000001 -0.009333333333333334 0.0))
    (3.68892223055764 (0.14100000000000001 -0.009333333333333334 0.0))
    (3.6899224806201554 (0.14100000000000001 -0.009333333333333334 0.0))
    (3.690922730682671 (0.14100000000000001 -0.009333333333333334 0.0))
    (3.6919229807451868 (0.14100000000000001 -0.009333333333333334 0.0))
    (3.6929232308077022 (0.14100000000000001 -0.009333333333333334 0.0))
    (3.693923480870218 (0.14100000000000001 -0.009333333333333334 0.0))
    (3.6949237309327336 (0.14100000000000001 -0.009333333333333334 0.0))
    (3.695923980995249 (0.14100000000000001 -0.009333333333333334 0.0))
    (3.696924231057765 (0.14100000000000001 -0.009333333333333334 0.0))
    (3.6979244811202805 (0.14100000000000001 -0.009333333333333334 0.0))
    (3.698924731182796 (0.14100000000000001 -0.009333333333333334 0.0))
    (3.699924981245312 (0.14100000000000001 -0.009333333333333334 0.0))
    (3.7009252313078274 (0.14100000000000001 -0.009333333333333334 0.0))
    (3.701925481370343 (0.14100000000000001 -0.009333333333333334 0.0))
    (3.7029257314328587 (0.14100000000000001 -0.009333333333333334 0.0))
    (3.703925981495374 (0.14100000000000001 -0.009333333333333334 0.0))
    (3.7049262315578897 (0.14100000000000001 -0.009333333333333334 0.0))
    (3.7059264816204056 (0.14100000000000001 -0.009333333333333334 0.0))
    (3.706926731682921 (0.14100000000000001 -0.009333333333333334 0.0))
    (3.7079269817454366 (0.14100000000000001 -0.009333333333333334 0.0))
    (3.7089272318079525 (0.14100000000000001 -0.009333333333333334 0.0))
    (3.709927481870468 (0.14100000000000001 -0.009333333333333334 0.0))
    (3.7109277319329834 (0.14100000000000001 -0.009333333333333334 0.0))
    (3.7119279819954993 (0.14100000000000001 -0.009333333333333334 0.0))
    (3.712928232058015 (0.14100000000000001 -0.009333333333333334 0.0))
    (3.7139284821205307 (0.14100000000000001 -0.009333333333333334 0.0))
    (3.714928732183046 (0.14100000000000001 -0.009333333333333334 0.0))
    (3.7159289822455617 (0.14100000000000001 -0.009333333333333334 0.0))
    (3.7169292323080776 (0.14100000000000001 -0.009333333333333334 0.0))
    (3.717929482370593 (0.14100000000000001 -0.009333333333333334 0.0))
    (3.7189297324331085 (0.14100000000000001 -0.009333333333333334 0.0))
    (3.7199299824956245 (0.14100000000000001 -0.009333333333333334 0.0))
    (3.72093023255814 (0.14100000000000001 -0.009333333333333334 0.0))
    (3.7219304826206554 (0.14100000000000001 -0.009333333333333334 0.0))
    (3.7229307326831713 (0.14100000000000001 -0.009333333333333334 0.0))
    (3.723930982745687 (0.14100000000000001 -0.009333333333333334 0.0))
    (3.7249312328082023 (0.14100000000000001 -0.009333333333333334 0.0))
    (3.725931482870718 (0.14100000000000001 -0.009333333333333334 0.0))
    (3.7269317329332337 (0.14100000000000001 -0.009333333333333334 0.0))
    (3.727931982995749 (0.14100000000000001 -0.009333333333333334 0.0))
    (3.728932233058265 (0.14100000000000001 -0.009333333333333334 0.0))
    (3.7299324831207805 (0.14100000000000001 -0.009333333333333334 0.0))
    (3.7309327331832964 (0.14100000000000001 -0.009333333333333334 0.0))
    (3.731932983245812 (0.14100000000000001 -0.009333333333333334 0.0))
    (3.7329332333083274 (0.14100000000000001 -0.009333333333333334 0.0))
    (3.7339334833708433 (0.14100000000000001 -0.009333333333333334 0.0))
    (3.7349337334333588 (0.14100000000000001 -0.009333333333333334 0.0))
    (3.7359339834958742 (0.14100000000000001 -0.009333333333333334 0.0))
    (3.73693423355839 (0.14100000000000001 -0.009333333333333334 0.0))
    (3.7379344836209056 (0.14100000000000001 -0.009333333333333334 0.0))
    (3.738934733683421 (0.14100000000000001 -0.009333333333333334 0.0))
    (3.739934983745937 (0.14100000000000001 -0.009333333333333334 0.0))
    (3.7409352338084525 (0.14100000000000001 -0.009333333333333334 0.0))
    (3.741935483870968 (0.14100000000000001 -0.009333333333333334 0.0))
    (3.742935733933484 (0.14100000000000001 -0.009333333333333334 0.0))
    (3.7439359839959994 (0.14100000000000001 -0.009333333333333334 0.0))
    (3.744936234058515 (0.14100000000000001 -0.009333333333333334 0.0))
    (3.7459364841210308 (0.14100000000000001 -0.009333333333333334 0.0))
    (3.7469367341835462 (0.14100000000000001 -0.009333333333333334 0.0))
    (3.7479369842460617 (0.14100000000000001 -0.009333333333333334 0.0))
    (3.7489372343085776 (0.14100000000000001 -0.009333333333333334 0.0))
    (3.749937484371093 (0.14100000000000001 -0.009333333333333334 0.0))
    (3.750937734433609 (0.14100000000000001 -0.009333333333333334 0.0))
    (3.7519379844961245 (0.14100000000000001 -0.009333333333333334 0.0))
    (3.75293823455864 (0.14100000000000001 -0.009333333333333334 0.0))
    (3.753938484621156 (0.14100000000000001 -0.009333333333333334 0.0))
    (3.7549387346836713 (0.14100000000000001 -0.009333333333333334 0.0))
    (3.755938984746187 (0.14100000000000001 -0.009333333333333334 0.0))
    (3.7569392348087027 (0.14100000000000001 -0.009333333333333334 0.0))
    (3.757939484871218 (0.14100000000000001 -0.009333333333333334 0.0))
    (3.7589397349337337 (0.14100000000000001 -0.009333333333333334 0.0))
    (3.7599399849962496 (0.14100000000000001 -0.009333333333333334 0.0))
    (3.760940235058765 (0.14100000000000001 -0.009333333333333334 0.0))
    (3.7619404851212805 (0.14100000000000001 -0.009333333333333334 0.0))
    (3.7629407351837965 (0.14100000000000001 -0.009333333333333334 0.0))
    (3.763940985246312 (0.14100000000000001 -0.009333333333333334 0.0))
    (3.7649412353088274 (0.14100000000000001 -0.009333333333333334 0.0))
    (3.7659414853713433 (0.14100000000000001 -0.009333333333333334 0.0))
    (3.766941735433859 (0.14100000000000001 -0.009333333333333334 0.0))
    (3.7679419854963743 (0.14100000000000001 -0.009333333333333334 0.0))
    (3.76894223555889 (0.14100000000000001 -0.009333333333333334 0.0))
    (3.7699424856214057 (0.14100000000000001 -0.009333333333333334 0.0))
    (3.7709427356839216 (0.14100000000000001 -0.009333333333333334 0.0))
    (3.771942985746437 (0.14100000000000001 -0.009333333333333334 0.0))
    (3.7729432358089525 (0.14100000000000001 -0.009333333333333334 0.0))
    (3.7739434858714684 (0.14100000000000001 -0.009333333333333334 0.0))
    (3.774943735933984 (0.14100000000000001 -0.009333333333333334 0.0))
    (3.7759439859964994 (0.14100000000000001 -0.009333333333333334 0.0))
    (3.7769442360590153 (0.14100000000000001 -0.009333333333333334 0.0))
    (3.7779444861215308 (0.14100000000000001 -0.009333333333333334 0.0))
    (3.7789447361840462 (0.14100000000000001 -0.009333333333333334 0.0))
    (3.779944986246562 (0.14100000000000001 -0.009333333333333334 0.0))
    (3.7809452363090776 (0.14100000000000001 -0.009333333333333334 0.0))
    (3.781945486371593 (0.14100000000000001 -0.009333333333333334 0.0))
    (3.782945736434109 (0.14100000000000001 -0.009333333333333334 0.0))
    (3.7839459864966245 (0.14100000000000001 -0.009333333333333334 0.0))
    (3.78494623655914 (0.14100000000000001 -0.009333333333333334 0.0))
    (3.785946486621656 (0.14100000000000001 -0.009333333333333334 0.0))
    (3.7869467366841714 (0.14100000000000001 -0.009333333333333334 0.0))
    (3.7879469867466873 (0.14100000000000001 -0.009333333333333334 0.0))
    (3.7889472368092028 (0.14100000000000001 -0.009333333333333334 0.0))
    (3.7899474868717182 (0.14100000000000001 -0.009333333333333334 0.0))
    (3.790947736934234 (0.14100000000000001 -0.009333333333333334 0.0))
    (3.7919479869967496 (0.14100000000000001 -0.009333333333333334 0.0))
    (3.792948237059265 (0.14100000000000001 -0.009333333333333334 0.0))
    (3.793948487121781 (0.14100000000000001 -0.009333333333333334 0.0))
    (3.7949487371842965 (0.14100000000000001 -0.009333333333333334 0.0))
    (3.795948987246812 (0.14100000000000001 -0.009333333333333334 0.0))
    (3.796949237309328 (0.14100000000000001 -0.009333333333333334 0.0))
    (3.7979494873718433 (0.14100000000000001 -0.009333333333333334 0.0))
    (3.798949737434359 (0.14100000000000001 -0.009333333333333334 0.0))
    (3.7999499874968747 (0.14100000000000001 -0.009333333333333334 0.0))
    (3.80095023755939 (0.14100000000000001 -0.009333333333333334 0.0))
    (3.8019504876219057 (0.14100000000000001 -0.009369769775902759 0.0))
    (3.8029507376844216 (0.14100000000000001 -0.009439596084922668 0.0))
    (3.803950987746937 (0.14100000000000001 -0.009509410735205807 0.0))
    (3.8049512378094525 (0.14100000000000001 -0.00957920606695965 0.0))
    (3.8059514878719685 (0.14100000000000001 -0.009648974422511225 0.0))
    (3.806951737934484 (0.14100000000000001 -0.009718708147147285 0.0))
    (3.807951987997 (0.14100000000000001 -0.009788399589954151 0.0))
    (3.8089522380595153 (0.14100000000000001 -0.009858041104657145 0.0))
    (3.809952488122031 (0.14100000000000001 -0.009927625050459507 0.0))
    (3.8109527381845467 (0.14100000000000001 -0.009997143792880707 0.0))
    (3.811952988247062 (0.14100000000000001 -0.010066589704594087 0.0))
    (3.8129532383095777 (0.14100000000000001 -0.010135955166263682 0.0))
    (3.8139534883720936 (0.14100000000000001 -0.0102052325673802 0.0))
    (3.814953738434609 (0.14100000000000001 -0.01027441430709601 0.0))
    (3.8159539884971245 (0.14100000000000001 -0.010343492795059075 0.0))
    (3.8169542385596404 (0.14100000000000001 -0.010412460452245744 0.0))
    (3.817954488622156 (0.14100000000000001 -0.01048130971179229 0.0))
    (3.8189547386846714 (0.14100000000000001 -0.010550033019825109 0.0))
    (3.8199549887471873 (0.14100000000000001 -0.010618622836289515 0.0))
    (3.820955238809703 (0.14100000000000001 -0.010687071635776995 0.0))
    (3.8219554888722183 (0.14100000000000001 -0.010755371908350872 0.0))
    (3.822955738934734 (0.14100000000000001 -0.010823516160370266 0.0))
    (3.8239559889972496 (0.14100000000000001 -0.01089149691531227 0.0))
    (3.8249562390597656 (0.14100000000000001 -0.010959306714592236 0.0))
    (3.825956489122281 (0.14100000000000001 -0.011026938118382113 0.0))
    (3.8269567391847965 (0.14100000000000001 -0.011094383706426706 0.0))
    (3.8279569892473124 (0.14100000000000001 -0.01116163607885781 0.0))
    (3.828957239309828 (0.14100000000000001 -0.011228687857006078 0.0))
    (3.8299574893723434 (0.14100000000000001 -0.011295531684210597 0.0))
    (3.8309577394348593 (0.14100000000000001 -0.011362160226626066 0.0))
    (3.8319579894973748 (0.14100000000000001 -0.011428566174027217 0.0))
    (3.8329582395598902 (0.14100000000000001 -0.011494742240611313 0.0))
    (3.833958489622406 (0.14100000000000001 -0.01156068116579711 0.0))
    (3.8349587396849216 (0.14100000000000001 -0.011626375715021469 0.0))
    (3.835958989747437 (0.14100000000000001 -0.011691818680533499 0.0))
    (3.836959239809953 (0.14100000000000001 -0.011757002882184963 0.0))
    (3.8379594898724685 (0.14100000000000001 -0.01182192116821806 0.0))
    (3.838959739934984 (0.14100000000000001 -0.011886566416050482 0.0))
    (3.8399599899975 (0.14100000000000001 -0.011950931533056479 0.0))
    (3.8409602400600154 (0.14100000000000001 -0.012015009457345044 0.0))
    (3.841960490122531 (0.14100000000000001 -0.012078793158535092 0.0))
    (3.8429607401850467 (0.14100000000000001 -0.012142275638526436 0.0))
    (3.843960990247562 (0.14100000000000001 -0.01220544993226757 0.0))
    (3.844961240310078 (0.14100000000000001 -0.012268309108520295 0.0))
    (3.8459614903725936 (0.14100000000000001 -0.012330846270619578 0.0))
    (3.846961740435109 (0.14100000000000001 -0.012393054557230656 0.0))
    (3.847961990497625 (0.14100000000000001 -0.01245492714310184 0.0))
    (3.8489622405601405 (0.14100000000000001 -0.012516457239812968 0.0))
    (3.849962490622656 (0.14100000000000001 -0.012577638096520582 0.0))
    (3.850962740685172 (0.14100000000000001 -0.012638463000698612 0.0))
    (3.8519629907476873 (0.14100000000000001 -0.012698925278874468 0.0))
    (3.852963240810203 (0.14100000000000001 -0.012759018297361605 0.0))
    (3.8539634908727187 (0.14100000000000001 -0.01281873546298733 0.0))
    (3.854963740935234 (0.14100000000000001 -0.012878070223815838 0.0))
    (3.8559639909977497 (0.14100000000000001 -0.012937016069867404 0.0))
    (3.8569642410602656 (0.14100000000000001 -0.01299556653383265 0.0))
    (3.857964491122781 (0.14100000000000001 -0.013053715191781747 0.0))
    (3.8589647411852965 (0.14100000000000001 -0.013111455663869577 0.0))
    (3.8599649912478124 (0.14100000000000001 -0.013168781615035714 0.0))
    (3.860965241310328 (0.14100000000000001 -0.013225686755699122 0.0))
    (3.8619654913728434 (0.14100000000000001 -0.013282164842448577 0.0))
    (3.8629657414353593 (0.14100000000000001 -0.01333820967872767 0.0))
    (3.863965991497875 (0.14100000000000001 -0.013393815115514324 0.0))
    (3.8649662415603907 (0.14100000000000001 -0.013448975051995816 0.0))
    (3.865966491622906 (0.14100000000000001 -0.013503683436237954 0.0))
    (3.8669667416854216 (0.14100000000000001 -0.013557934265849107 0.0))
    (3.8679669917479376 (0.14100000000000001 -0.013611721588638761 0.0))
    (3.868967241810453 (0.14100000000000001 -0.013665039503270571 0.0))
    (3.8699674918729685 (0.14100000000000001 -0.013717882159909836 0.0))
    (3.8709677419354844 (0.14100000000000001 -0.013770243760865311 0.0))
    (3.871967991998 (0.14100000000000001 -0.013822118561225324 0.0))
    (3.8729682420605154 (0.14100000000000001 -0.01387350086948807 0.0))
    (3.8739684921230313 (0.14100000000000001 -0.013924385048186065 0.0))
    (3.8749687421855468 (0.14100000000000001 -0.01397476551450467 0.0))
    (3.8759689922480622 (0.14100000000000001 -0.014024636740894613 0.0))
    (3.876969242310578 (0.14100000000000001 -0.014073993255678449 0.0))
    (3.8779694923730936 (0.14100000000000001 -0.014122829643650896 0.0))
    (3.878969742435609 (0.14100000000000001 -0.01417114054667297 0.0))
    (3.879969992498125 (0.14100000000000001 -0.01421892066425985 0.0))
    (3.8809702425606405 (0.14100000000000001 -0.014266164754162435 0.0))
    (3.8819704926231564 (0.14100000000000001 -0.014312867632942509 0.0))
    (3.882970742685672 (0.14100000000000001 -0.014359024176541429 0.0))
    (3.8839709927481874 (0.14100000000000001 -0.014404629320842337 0.0))
    (3.8849712428107033 (0.14100000000000001 -0.01444967806222576 0.0))
    (3.8859714928732187 (0.14100000000000001 -0.014494165458118602 0.0))
    (3.886971742935734 (0.14100000000000001 -0.014538086627536403 0.0))
    (3.88797199299825 (0.14100000000000001 -0.014581436751618892 0.0))
    (3.8889722430607656 (0.14100000000000001 -0.01462421107415866 0.0))
    (3.889972493123281 (0.14100000000000001 -0.01466640490212302 0.0))
    (3.890972743185797 (0.14100000000000001 -0.014708013606168892 0.0))
    (3.8919729932483125 (0.14100000000000001 -0.014749032621150727 0.0))
    (3.892973243310828 (0.14100000000000001 -0.01478945744662136 0.0))
    (3.893973493373344 (0.14100000000000001 -0.01482928364732581 0.0))
    (3.8949737434358593 (0.14100000000000001 -0.014868506853687869 0.0))
    (3.895973993498375 (0.14100000000000001 -0.014907122762289535 0.0))
    (3.8969742435608907 (0.14100000000000001 -0.014945127136343161 0.0))
    (3.897974493623406 (0.14100000000000001 -0.014982515806156291 0.0))
    (3.8989747436859217 (0.14100000000000001 -0.015019284669589156 0.0))
    (3.8999749937484376 (0.14100000000000001 -0.015055429692504734 0.0))
    (3.900975243810953 (0.14100000000000001 -0.015090946909211367 0.0))
    (3.901975493873469 (0.14100000000000001 -0.015125832422897879 0.0))
    (3.9029757439359845 (0.14100000000000001 -0.015160082406061001 0.0))
    (3.9039759939985 (0.14100000000000001 -0.015193693100925557 0.0))
    (3.904976244061016 (0.14100000000000001 -0.015226660819856522 0.0))
    (3.9059764941235313 (0.14100000000000001 -0.015258981945763635 0.0))
    (3.906976744186047 (0.14100000000000001 -0.015290652932498447 0.0))
    (3.9079769942485627 (0.14100000000000001 -0.015321670305243182 0.0))
    (3.908977244311078 (0.14100000000000001 -0.015352030660891998 0.0))
    (3.9099774943735937 (0.14100000000000001 -0.015381730668424545 0.0))
    (3.9109777444361096 (0.14100000000000001 -0.01541076706927124 0.0))
    (3.911977994498625 (0.14100000000000001 -0.015439136677670797 0.0))
    (3.9129782445611405 (0.14100000000000001 -0.015466836381019918 0.0))
    (3.9139784946236564 (0.14100000000000001 -0.015493863140214639 0.0))
    (3.914978744686172 (0.14100000000000001 -0.01552021398998376 0.0))
    (3.9159789947486874 (0.14100000000000001 -0.015545886039214342 0.0))
    (3.9169792448112033 (0.14100000000000001 -0.015570876471268764 0.0))
    (3.9179794948737188 (0.14100000000000001 -0.015595182544293741 0.0))
    (3.9189797449362347 (0.14100000000000001 -0.015618801591521321 0.0))
    (3.91997999499875 (0.14100000000000001 -0.015641731021561245 0.0))
    (3.9209802450612656 (0.14100000000000001 -0.01566396831868542 0.0))
    (3.9219804951237816 (0.14100000000000001 -0.01568551104310394 0.0))
    (3.922980745186297 (0.14100000000000001 -0.01570635683123263 0.0))
    (3.9239809952488125 (0.14100000000000001 -0.015726503395952503 0.0))
    (3.9249812453113284 (0.14100000000000001 -0.015745948526860704 0.0))
    (3.925981495373844 (0.14100000000000001 -0.01576469009051287 0.0))
    (3.9269817454363594 (0.14100000000000001 -0.01578272603065737 0.0))
    (3.9279819954988753 (0.14100000000000001 -0.015800054368460867 0.0))
    (3.9289822455613908 (0.14100000000000001 -0.015816673202725347 0.0))
    (3.9299824956239062 (0.14100000000000001 -0.0158325807100968 0.0))
    (3.930982745686422 (0.14100000000000001 -0.015847775145265273 0.0))
    (3.9319829957489376 (0.14100000000000001 -0.015862254841156265 0.0))
    (3.932983245811453 (0.14100000000000001 -0.01587601820911374 0.0))
    (3.933983495873969 (0.14100000000000001 -0.015889063739074387 0.0))
    (3.9349837459364845 (0.14100000000000001 -0.01590138999973326 0.0))
    (3.935983995999 (0.14100000000000001 -0.01591299563870087 0.0))
    (3.936984246061516 (0.14100000000000001 -0.015923879382651565 0.0))
    (3.9379844961240313 (0.14100000000000001 -0.015934040037463168 0.0))
    (3.9389847461865473 (0.14100000000000001 -0.015943476488348065 0.0))
    (3.9399849962490627 (0.14100000000000001 -0.015952187699975487 0.0))
    (3.940985246311578 (0.14100000000000001 -0.01596017271658509 0.0))
    (3.941985496374094 (0.14100000000000001 -0.015967430662091844 0.0))
    (3.9429857464366096 (0.14100000000000001 -0.015973960740182126 0.0))
    (3.943985996499125 (0.14100000000000001 -0.015979762234401104 0.0))
    (3.944986246561641 (0.14100000000000001 -0.01598483450823135 0.0))
    (3.9459864966241565 (0.14100000000000001 -0.01598917700516266 0.0))
    (3.946986746686672 (0.14100000000000001 -0.015992789248753116 0.0))
    (3.947986996749188 (0.14100000000000001 -0.015995670842681376 0.0))
    (3.9489872468117033 (0.14100000000000001 -0.015997821470790128 0.0))
    (3.949987496874219 (0.14100000000000001 -0.015999240897120806 0.0))
    (3.9509877469367347 (0.14100000000000001 -0.01599992896593946 0.0))
    (3.95198799699925 (0.14100000000000001 -0.015999885601753847 0.0))
    (3.9529882470617657 (0.14100000000000001 -0.015999110809321718 0.0))
    (3.9539884971242816 (0.14100000000000001 -0.015997604673650294 0.0))
    (3.954988747186797 (0.14100000000000001 -0.015995367359986936 0.0))
    (3.9559889972493125 (0.14100000000000001 -0.015992399113801018 0.0))
    (3.9569892473118284 (0.14100000000000001 -0.01598870026075699 0.0))
    (3.957989497374344 (0.14100000000000001 -0.01598427120667866 0.0))
    (3.95898974743686 (0.14100000000000001 -0.015979112437504654 0.0))
    (3.9599899974993753 (0.14100000000000001 -0.015973224519235107 0.0))
    (3.9609902475618908 (0.14100000000000001 -0.015966608097869563 0.0))
    (3.9619904976244067 (0.14100000000000001 -0.015959263899336103 0.0))
    (3.962990747686922 (0.14100000000000001 -0.015951192729411694 0.0))
    (3.9639909977494376 (0.14100000000000001 -0.015942395473633776 0.0))
    (3.9649912478119536 (0.14100000000000001 -0.01593287309720312 0.0))
    (3.965991497874469 (0.14100000000000001 -0.01592262664487792 0.0))
    (3.9669917479369845 (0.14100000000000001 -0.01591165724085916 0.0))
    (3.9679919979995004 (0.14100000000000001 -0.01589996608866729 0.0))
    (3.968992248062016 (0.14100000000000001 -0.01588755447101016 0.0))
    (3.9699924981245314 (0.14100000000000001 -0.015874423749642298 0.0))
    (3.9709927481870473 (0.14100000000000001 -0.015860575365215505 0.0))
    (3.9719929982495628 (0.14100000000000001 -0.015846010837120776 0.0))
    (3.9729932483120782 (0.14100000000000001 -0.01583073176332163 0.0))
    (3.973993498374594 (0.14100000000000001 -0.015814739820178746 0.0))
    (3.9749937484371096 (0.14100000000000001 -0.01579803676226607 0.0))
    (3.9759939984996255 (0.14100000000000001 -0.015780624422178306 0.0))
    (3.976994248562141 (0.14100000000000001 -0.015762504710329864 0.0))
    (3.9779944986246565 (0.14100000000000001 -0.01574367961474519 0.0))
    (3.9789947486871724 (0.14100000000000001 -0.015724151200840718 0.0))
    (3.979994998749688 (0.14100000000000001 -0.015703921611198286 0.0))
    (3.9809952488122033 (0.14100000000000001 -0.015682993065329935 0.0))
    (3.9819954988747193 (0.14100000000000001 -0.015661367859434505 0.0))
    (3.9829957489372347 (0.14100000000000001 -0.015639048366145717 0.0))
    (3.98399599899975 (0.14100000000000001 -0.015616037034271727 0.0))
    (3.984996249062266 (0.14100000000000001 -0.01559233638852657 0.0))
    (3.9859964991247816 (0.14100000000000001 -0.015567949029253169 0.0))
    (3.986996749187297 (0.14100000000000001 -0.01554287763213795 0.0))
    (3.987996999249813 (0.14100000000000001 -0.01551712494791727 0.0))
    (3.9889972493123285 (0.14100000000000001 -0.015490693802075762 0.0))
    (3.989997499374844 (0.14100000000000001 -0.015463587094536189 0.0))
    (3.99099774943736 (0.14100000000000001 -0.015435807799341266 0.0))
    (3.9919979994998753 (0.14100000000000001 -0.01540735896432752 0.0))
    (3.992998249562391 (0.14100000000000001 -0.015378243710790745 0.0))
    (3.9939984996249067 (0.14100000000000001 -0.015348465233143519 0.0))
    (3.994998749687422 (0.14100000000000001 -0.015318026798564921 0.0))
    (3.995998999749938 (0.14100000000000001 -0.01528693174664186 0.0))
    (3.9969992498124536 (0.14100000000000001 -0.015255183489002774 0.0))
    (3.997999499874969 (0.14100000000000001 -0.015222785508943302 0.0))
    (3.998999749937485 (0.14100000000000001 -0.015189741361044097 0.0))
    (4.0 (0.14100000000000001 -0.015156054670780869 0.0))
)
